TMDT,F16_F,F16_T
1/1/2021 0:00,0,0.03296703
1/1/2021 0:05,0,0.03296703
1/1/2021 0:10,0,0.03296703
1/1/2021 0:15,0,0.03296703
1/1/2021 0:20,0,0.03296703
1/1/2021 0:25,0,0.03296703
1/1/2021 0:30,0,0.03296703
1/1/2021 0:35,0,0.03296703
1/1/2021 0:40,0,0.03296703
1/1/2021 0:45,0,0.03296703
1/1/2021 0:50,0,0.03296703
1/1/2021 0:55,0,0.03296703
1/1/2021 1:00,0,0.03296703
1/1/2021 1:05,0,0.03296703
1/1/2021 1:10,0,0.03296703
1/1/2021 1:15,0,0.03296703
1/1/2021 1:20,0,0.03296703
1/1/2021 1:25,0,0.03296703
1/1/2021 1:30,0,0.03296703
1/1/2021 1:35,0,0.03296703
1/1/2021 1:40,0,0.03296703
1/1/2021 1:45,0,0.03296703
1/1/2021 1:50,0,0.03296703
1/1/2021 1:55,0,0.03296703
1/1/2021 2:00,0,0.03296703
1/1/2021 2:05,0,0.03296703
1/1/2021 2:10,0,0.03296703
1/1/2021 2:15,0,0.03296703
1/1/2021 2:20,0,0.03296703
1/1/2021 2:25,0,0.03296703
1/1/2021 2:30,0,0.03296703
1/1/2021 2:35,0,0.03296703
1/1/2021 2:40,0,0.03296703
1/1/2021 2:45,0,0.03296703
1/1/2021 2:50,0,0.03296703
1/1/2021 2:55,0,0.03296703
1/1/2021 3:00,0,0.03296703
1/1/2021 3:05,0,0.03296703
1/1/2021 3:10,0,0.03296703
1/1/2021 3:15,0,0.03296703
1/1/2021 3:20,0,0.03296703
1/1/2021 3:25,0,0.03296703
1/1/2021 3:30,0,0.03296703
1/1/2021 3:35,0,0.03296703
1/1/2021 3:40,0,0.03296703
1/1/2021 3:45,0,0.03296703
1/1/2021 3:50,0,0.03296703
1/1/2021 3:55,0,0.03296703
1/1/2021 4:00,0,0.03296703
1/1/2021 4:05,0,0.03296703
1/1/2021 4:10,0,0.03296703
1/1/2021 4:15,0,0.03296703
1/1/2021 4:20,0,0.03296703
1/1/2021 4:25,0,0.03296703
1/1/2021 4:30,0,0.03296703
1/1/2021 4:35,0,0.03296703
1/1/2021 4:40,0,0.03296703
1/1/2021 4:45,0,0.03296703
1/1/2021 4:50,0,0.03296703
1/1/2021 4:55,0,0.03540904
1/1/2021 5:00,0,0.03296703
1/1/2021 5:05,0,0.03296703
1/1/2021 5:10,0,0.03296703
1/1/2021 5:15,0,0.03296703
1/1/2021 5:20,0,0.03296703
1/1/2021 5:25,0,0.03296703
1/1/2021 5:30,0,0.03296703
1/1/2021 5:35,0,0.03296703
1/1/2021 5:40,0,0.03296703
1/1/2021 5:45,0,0.03296703
1/1/2021 5:50,0,0.03296703
1/1/2021 5:55,0,0.03296703
1/1/2021 6:00,0,0.03296703
1/1/2021 6:05,0,0.03296703
1/1/2021 6:10,0,0.03296703
1/1/2021 6:15,0,0.03296703
1/1/2021 6:20,0,0.03296703
1/1/2021 6:25,0,0.03296703
1/1/2021 6:30,0,0.03296703
1/1/2021 6:35,0,0.03296703
1/1/2021 6:40,0,0.03296703
1/1/2021 6:45,0,0.03296703
1/1/2021 6:50,0,0.03296703
1/1/2021 6:55,0,0.03296703
1/1/2021 7:00,0,0.03296703
1/1/2021 7:05,0,0.03296703
1/1/2021 7:10,0,0.03296703
1/1/2021 7:15,0,0.03296703
1/1/2021 7:20,0,0.03296703
1/1/2021 7:25,0,0.03296703
1/1/2021 7:30,0,0.03296703
1/1/2021 7:35,0,0.03296703
1/1/2021 7:40,0,0.03296703
1/1/2021 7:45,0,0.03296703
1/1/2021 7:50,0,0.03296703
1/1/2021 7:55,0,0.03296703
1/1/2021 8:00,0,0.03296703
1/1/2021 8:05,0,0.03174603
1/1/2021 8:10,0,0.03174603
1/1/2021 8:15,0,0.03174603
1/1/2021 8:20,0,0.03174603
1/1/2021 8:25,0,0.03174603
1/1/2021 8:30,0,0.03174603
1/1/2021 8:35,0,0.03174603
1/1/2021 8:40,0,0.03174603
1/1/2021 8:45,0,0.03174603
1/1/2021 8:50,0,0.03174603
1/1/2021 8:55,0,0.03174603
1/1/2021 9:00,0,0.03296703
1/1/2021 9:05,0,0.03296703
1/1/2021 9:10,0,0.03174603
1/1/2021 9:15,0,0.03296703
1/1/2021 9:20,0,0.03174603
1/1/2021 9:25,0,0.03174603
1/1/2021 9:30,0,0.03174603
1/1/2021 9:35,0,0.03174603
1/1/2021 9:40,0,0.03174603
1/1/2021 9:45,0,0.03174603
1/1/2021 9:50,0,0.03296703
1/1/2021 9:55,0,0.03174603
1/1/2021 10:00,0,0.03174603
1/1/2021 10:05,0,0.03174603
1/1/2021 10:10,0,0.03174603
1/1/2021 10:15,0,0.03174603
1/1/2021 10:20,0,0.03174603
1/1/2021 10:25,0,0.03174603
1/1/2021 10:30,0,0.03540904
1/1/2021 10:35,0,0.03296703
1/1/2021 10:40,0,0.03174603
1/1/2021 10:45,0,0.03174603
1/1/2021 10:50,0,0.03174603
1/1/2021 10:55,0,0.03174603
1/1/2021 11:00,0,0.03174603
1/1/2021 11:05,0,0.03174603
1/1/2021 11:10,0,0.03296703
1/1/2021 11:15,0,0.03296703
1/1/2021 11:20,0,0.03174603
1/1/2021 11:25,0,0.03174603
1/1/2021 11:30,0,0.03174603
1/1/2021 11:35,0,0.03174603
1/1/2021 11:40,0,0.03174603
1/1/2021 11:45,0,0.03174603
1/1/2021 11:50,0,0.03174603
1/1/2021 11:55,0,0.03174603
1/1/2021 12:00,0,0.03174603
1/1/2021 12:05,0,0.03174603
1/1/2021 12:10,0,0.03174603
1/1/2021 12:15,0,0.03174603
1/1/2021 12:20,0,0.03174603
1/1/2021 12:25,0,0.03174603
1/1/2021 12:30,0,0.03174603
1/1/2021 12:35,0,0.03174603
1/1/2021 12:40,0,0.03174603
1/1/2021 12:45,0,0.03174603
1/1/2021 12:50,0,0.03174603
1/1/2021 12:55,0,0.03174603
1/1/2021 13:00,0,0.03174603
1/1/2021 13:05,0,0.03174603
1/1/2021 13:10,0,0.03174603
1/1/2021 13:15,0,0.03174603
1/1/2021 13:20,0,0.03174603
1/1/2021 13:25,0,0.03174603
1/1/2021 13:30,0,0.03174603
1/1/2021 13:35,0,0.03174603
1/1/2021 13:40,0,0.03296703
1/1/2021 13:45,0,0.03296703
1/1/2021 13:50,0,0.03296703
1/1/2021 13:55,0,0.03174603
1/1/2021 14:00,0,0.03174603
1/1/2021 14:05,0,0.03174603
1/1/2021 14:10,0,0.03174603
1/1/2021 14:15,0,0.03174603
1/1/2021 14:20,0,0.03174603
1/1/2021 14:25,0,0.03174603
1/1/2021 14:30,0,0.03174603
1/1/2021 14:35,0,0.03174603
1/1/2021 14:40,0,0.03174603
1/1/2021 14:45,0,0.03174603
1/1/2021 14:50,0,0.03174603
1/1/2021 14:55,0,0.03174603
1/1/2021 15:00,0,0.03174603
1/1/2021 15:05,0,0.03174603
1/1/2021 15:10,0,0.03174603
1/1/2021 15:15,0,0.03174603
1/1/2021 15:20,0,0.03174603
1/1/2021 15:25,0,0.03296703
1/1/2021 15:30,0,0.03296703
1/1/2021 15:35,0,0.03296703
1/1/2021 15:40,0,0.03296703
1/1/2021 15:45,0,0.03296703
1/1/2021 15:50,0,0.03296703
1/1/2021 15:55,0,0.03296703
1/1/2021 16:00,0,0.03296703
1/1/2021 16:05,0,0.03296703
1/1/2021 16:10,0,0.03296703
1/1/2021 16:15,0,0.03296703
1/1/2021 16:20,0,0.03296703
1/1/2021 16:25,0,0.03296703
1/1/2021 16:30,0,0.03296703
1/1/2021 16:35,0,0.03296703
1/1/2021 16:40,0,0.03296703
1/1/2021 16:45,0,0.03296703
1/1/2021 16:50,0,0.03296703
1/1/2021 16:55,0,0.03296703
1/1/2021 17:00,0,0.03296703
1/1/2021 17:05,0,0.03296703
1/1/2021 17:10,0,0.03296703
1/1/2021 17:15,0,0.03296703
1/1/2021 17:20,0,0.03296703
1/1/2021 17:25,0,0.03174603
1/1/2021 17:30,0,0.03296703
1/1/2021 17:35,0,0.03296703
1/1/2021 17:40,0,0.03296703
1/1/2021 17:45,0,0.03296703
1/1/2021 17:50,0,0.03296703
1/1/2021 17:55,0,0.03296703
1/1/2021 18:00,0,0.03296703
1/1/2021 18:05,0,0.03296703
1/1/2021 18:10,0,0.03296703
1/1/2021 18:15,0,0.03296703
1/1/2021 18:20,0,0.03296703
1/1/2021 18:25,0,0.03296703
1/1/2021 18:30,0,0.03296703
1/1/2021 18:35,0,0.03296703
1/1/2021 18:40,0,0.03296703
1/1/2021 18:45,0,0.03296703
1/1/2021 18:50,0,0.03296703
1/1/2021 18:55,0,0.03296703
1/1/2021 19:00,0,0.03296703
1/1/2021 19:05,0,0.03296703
1/1/2021 19:10,0,0.03296703
1/1/2021 19:15,0,0.03296703
1/1/2021 19:20,0,0.03296703
1/1/2021 19:25,0,0.03296703
1/1/2021 19:30,0,0.03296703
1/1/2021 19:35,0,0.03296703
1/1/2021 19:40,0,0.03296703
1/1/2021 19:45,0,0.03296703
1/1/2021 19:50,0,0.03296703
1/1/2021 19:55,0,0.03296703
1/1/2021 20:00,0,0.03296703
1/1/2021 20:05,0,0.03296703
1/1/2021 20:10,0,0.03296703
1/1/2021 20:15,0,0.03296703
1/1/2021 20:20,0,0.03296703
1/1/2021 20:25,0,0.03296703
1/1/2021 20:30,0,0.03296703
1/1/2021 20:35,0,0.03296703
1/1/2021 20:40,0,0.03296703
1/1/2021 20:45,0,0.03296703
1/1/2021 20:50,0,0.03296703
1/1/2021 20:55,0,0.03296703
1/1/2021 21:00,0,0.03296703
1/1/2021 21:05,0,0.03296703
1/1/2021 21:10,0,0.03296703
1/1/2021 21:15,0,0.03296703
1/1/2021 21:20,0,0.03296703
1/1/2021 21:25,0,0.03296703
1/1/2021 21:30,0,0.03296703
1/1/2021 21:35,0,0.03296703
1/1/2021 21:40,0,0.03296703
1/1/2021 21:45,0,0.03296703
1/1/2021 21:50,0,0.03296703
1/1/2021 21:55,0,0.03296703
1/1/2021 22:00,0,0.03296703
1/1/2021 22:05,0,0.03296703
1/1/2021 22:10,0,0.03296703
1/1/2021 22:15,0,0.03296703
1/1/2021 22:20,0,0.03296703
1/1/2021 22:25,0,0.03296703
1/1/2021 22:30,0,0.03296703
1/1/2021 22:35,0,0.03296703
1/1/2021 22:40,0,0.03296703
1/1/2021 22:45,0,0.03296703
1/1/2021 22:50,0,0.03296703
1/1/2021 22:55,0,0.03296703
1/1/2021 23:00,0,0.03296703
1/1/2021 23:05,0,0.03296703
1/1/2021 23:10,0,0.03296703
1/1/2021 23:15,0,0.03296703
1/1/2021 23:20,0,0.03296703
1/1/2021 23:25,0,0.03296703
1/1/2021 23:30,0,0.03296703
1/1/2021 23:35,0,0.03296703
1/1/2021 23:40,0,0.03296703
1/1/2021 23:45,0,0.03296703
1/1/2021 23:50,0,0.03296703
1/1/2021 23:55,0,0.03296703
1/2/2021 0:00,0,0.03296703
1/2/2021 0:05,0,0.05128205
1/2/2021 0:10,0,0.03296703
1/2/2021 0:15,0,0.03296703
1/2/2021 0:20,0,0.03296703
1/2/2021 0:25,0,0.03296703
1/2/2021 0:30,0,0.03296703
1/2/2021 0:35,0,0.03296703
1/2/2021 0:40,0,0.03296703
1/2/2021 0:45,0,0.03296703
1/2/2021 0:50,0,0.03296703
1/2/2021 0:55,0,0.03296703
1/2/2021 1:00,0,0.03296703
1/2/2021 1:05,0,0.03296703
1/2/2021 1:10,0,0.03296703
1/2/2021 1:15,0,0.03296703
1/2/2021 1:20,0,0.03296703
1/2/2021 1:25,0,0.03296703
1/2/2021 1:30,0,0.03296703
1/2/2021 1:35,0,0.03296703
1/2/2021 1:40,0,0.03296703
1/2/2021 1:45,0,0.03296703
1/2/2021 1:50,0,0.03296703
1/2/2021 1:55,0,0.03296703
1/2/2021 2:00,0,0.03296703
1/2/2021 2:05,0,0.03296703
1/2/2021 2:10,0,0.03296703
1/2/2021 2:15,0,0.03296703
1/2/2021 2:20,0,0.03296703
1/2/2021 2:25,0,0.03296703
1/2/2021 2:30,0,0.03296703
1/2/2021 2:35,0,0.03296703
1/2/2021 2:40,0,0.03296703
1/2/2021 2:45,0,0.03296703
1/2/2021 2:50,0,0.03296703
1/2/2021 2:55,0,0.03296703
1/2/2021 3:00,0,0.03296703
1/2/2021 3:05,0,0.03296703
1/2/2021 3:10,0,0.03296703
1/2/2021 3:15,0,0.03296703
1/2/2021 3:20,0,0.03296703
1/2/2021 3:25,0,0.03296703
1/2/2021 3:30,0,0.03296703
1/2/2021 3:35,0,0.03296703
1/2/2021 3:40,0,0.03296703
1/2/2021 3:45,0,0.03296703
1/2/2021 3:50,0,0.03296703
1/2/2021 3:55,0,0.03296703
1/2/2021 4:00,0,0.03296703
1/2/2021 4:05,0,0.03296703
1/2/2021 4:10,0,0.03296703
1/2/2021 4:15,0,0.03296703
1/2/2021 4:20,0,0.03296703
1/2/2021 4:25,0,0.03296703
1/2/2021 4:30,0,0.03296703
1/2/2021 4:35,0,0.03296703
1/2/2021 4:40,0,0.03296703
1/2/2021 4:45,0,0.03296703
1/2/2021 4:50,0,0.03296703
1/2/2021 4:55,0,0.03296703
1/2/2021 5:00,0,0.03296703
1/2/2021 5:05,0,0.03296703
1/2/2021 5:10,0,0.03296703
1/2/2021 5:15,0,0.03296703
1/2/2021 5:20,0,0.03296703
1/2/2021 5:25,0,0.03296703
1/2/2021 5:30,0,0.03296703
1/2/2021 5:35,0,0.03296703
1/2/2021 5:40,0,0.03296703
1/2/2021 5:45,0,0.03296703
1/2/2021 5:50,0,0.03296703
1/2/2021 5:55,0,0.03296703
1/2/2021 6:00,0,0.03296703
1/2/2021 6:05,0,0.03296703
1/2/2021 6:10,0,0.03296703
1/2/2021 6:15,0,0.03296703
1/2/2021 6:20,0,0.03296703
1/2/2021 6:25,0,0.03296703
1/2/2021 6:30,0,0.03296703
1/2/2021 6:35,0,0.03296703
1/2/2021 6:40,0,0.03296703
1/2/2021 6:45,0,0.03296703
1/2/2021 6:50,0,0.03296703
1/2/2021 6:55,0,0.03785104
1/2/2021 7:00,0,0.03296703
1/2/2021 7:05,0,0.03296703
1/2/2021 7:10,0,0.03296703
1/2/2021 7:15,0,0.03296703
1/2/2021 7:20,0,0.03296703
1/2/2021 7:25,0,0.03296703
1/2/2021 7:30,0,0.03296703
1/2/2021 7:35,0,0.03296703
1/2/2021 7:40,0,0.03296703
1/2/2021 7:45,0,0.03296703
1/2/2021 7:50,0,0.03296703
1/2/2021 7:55,0,0.03296703
1/2/2021 8:00,0,0.03296703
1/2/2021 8:05,0,0.03296703
1/2/2021 8:10,0,0.03296703
1/2/2021 8:15,0,0.03296703
1/2/2021 8:20,0,0.03296703
1/2/2021 8:25,0,0.03296703
1/2/2021 8:30,0,0.03296703
1/2/2021 8:35,0,0.03296703
1/2/2021 8:40,0,0.03296703
1/2/2021 8:45,0,0.03296703
1/2/2021 8:50,0,0.03296703
1/2/2021 8:55,0,0.03296703
1/2/2021 9:00,0,0.03296703
1/2/2021 9:05,0,0.03296703
1/2/2021 9:10,0,0.03296703
1/2/2021 9:15,0,0.03296703
1/2/2021 9:20,0,0.03296703
1/2/2021 9:25,0,0.03296703
1/2/2021 9:30,0,0.03296703
1/2/2021 9:35,0,0.03296703
1/2/2021 9:40,0,0.03296703
1/2/2021 9:45,0,0.03296703
1/2/2021 9:50,0,0.03296703
1/2/2021 9:55,0,0.03296703
1/2/2021 10:00,0,0.03296703
1/2/2021 10:05,0,0.03296703
1/2/2021 10:10,0,0.03418804
1/2/2021 10:15,0,0.03296703
1/2/2021 10:20,0,0.03296703
1/2/2021 10:25,0,0.03296703
1/2/2021 10:30,0,0.03296703
1/2/2021 10:35,0,0.03296703
1/2/2021 10:40,0,0.03296703
1/2/2021 10:45,0,0.03296703
1/2/2021 10:50,0,0.03296703
1/2/2021 10:55,0,0.06715507
1/2/2021 11:00,0,0.03296703
1/2/2021 11:05,0,0.03296703
1/2/2021 11:10,0,0.03296703
1/2/2021 11:15,0,0.03296703
1/2/2021 11:20,0,0.03296703
1/2/2021 11:25,0,0.03296703
1/2/2021 11:30,0,0.03296703
1/2/2021 11:35,0,0.03296703
1/2/2021 11:40,0,0.03296703
1/2/2021 11:45,0,0.03296703
1/2/2021 11:50,0,0.03296703
1/2/2021 11:55,0,0.03296703
1/2/2021 12:00,0,0.03296703
1/2/2021 12:05,0,0.03296703
1/2/2021 12:10,0,-1
1/2/2021 12:15,0,-1
1/2/2021 12:20,0,-1
1/2/2021 12:25,0,-1
1/2/2021 12:30,0,-1
1/2/2021 12:35,0,-1
1/2/2021 12:40,0,-1
1/2/2021 12:45,0,-1
1/2/2021 12:50,0,-1
1/2/2021 12:55,0,-1
1/2/2021 13:00,0,-1
1/2/2021 13:05,0,-1
1/2/2021 13:10,0,-1
1/2/2021 13:15,0,-1
1/2/2021 13:20,0,-1
1/2/2021 13:25,0,-1
1/2/2021 13:30,0,-1
1/2/2021 13:35,0,-1
1/2/2021 13:40,0,-1
1/2/2021 13:45,0,-1
1/2/2021 13:50,0,-1
1/2/2021 13:55,0,-1
1/2/2021 14:00,0,-1
1/2/2021 14:05,0,-1
1/2/2021 14:10,0,-1
1/2/2021 14:15,0,-1
1/2/2021 14:20,0,-1
1/2/2021 14:25,0,-1
1/2/2021 14:30,0,-1
1/2/2021 14:35,0,-1
1/2/2021 14:40,0,-1
1/2/2021 14:45,0,-1
1/2/2021 14:50,0,-1
1/2/2021 14:55,0,-1
1/2/2021 15:00,0,-1
1/2/2021 15:05,0,-1
1/2/2021 15:10,0,-1
1/2/2021 15:15,0,-1
1/2/2021 15:20,0,-1
1/2/2021 15:25,0,-1
1/2/2021 15:30,0,-1
1/2/2021 15:35,0,-1
1/2/2021 15:40,0,-1
1/2/2021 15:45,0,-1
1/2/2021 15:50,0,-1
1/2/2021 15:55,0,-1
1/2/2021 16:00,0,-1
1/2/2021 16:05,0,-1
1/2/2021 16:10,0,-1
1/2/2021 16:15,0,-1
1/2/2021 16:20,0,-1
1/2/2021 16:25,0,-1
1/2/2021 16:30,0,-1
1/2/2021 16:35,0,-1
1/2/2021 16:40,0,-1
1/2/2021 16:45,0,-1
1/2/2021 16:50,0,-1
1/2/2021 16:55,0,-1
1/2/2021 17:00,0,-1
1/2/2021 17:05,0,-1
1/2/2021 17:10,0,-1
1/2/2021 17:15,0,-1
1/2/2021 17:20,0,-1
1/2/2021 17:25,0,-1
1/2/2021 17:30,0,-1
1/2/2021 17:35,0,-1
1/2/2021 17:40,0,-1
1/2/2021 17:45,0,-1
1/2/2021 17:50,0,-1
1/2/2021 17:55,0,-1
1/2/2021 18:00,0,-1
1/2/2021 18:05,0,-1
1/2/2021 18:10,0,-1
1/2/2021 18:15,0,-1
1/2/2021 18:20,0,-1
1/2/2021 18:25,0,-1
1/2/2021 18:30,0,-1
1/2/2021 18:35,0,-1
1/2/2021 18:40,0,-1
1/2/2021 18:45,0,-1
1/2/2021 18:50,0,-1
1/2/2021 18:55,0,-1
1/2/2021 19:00,0,-1
1/2/2021 19:05,0,-1
1/2/2021 19:10,0,-1
1/2/2021 19:15,0,-1
1/2/2021 19:20,0,-1
1/2/2021 19:25,0,-1
1/2/2021 19:30,0,-1
1/2/2021 19:35,0,-1
1/2/2021 19:40,0,-1
1/2/2021 19:45,0,-1
1/2/2021 19:50,0,-1
1/2/2021 19:55,0,-1
1/2/2021 20:00,0,-1
1/2/2021 20:05,0,-1
1/2/2021 20:10,0,-1
1/2/2021 20:15,0,-1
1/2/2021 20:20,0,-1
1/2/2021 20:25,0,-1
1/2/2021 20:30,0,-1
1/2/2021 20:35,0,-1
1/2/2021 20:40,0,-1
1/2/2021 20:45,0,-1
1/2/2021 20:50,0,-1
1/2/2021 20:55,0,-1
1/2/2021 21:00,0,-1
1/2/2021 21:05,0,-1
1/2/2021 21:10,0,-1
1/2/2021 21:15,0,-1
1/2/2021 21:20,0,-1
1/2/2021 21:25,0,-1
1/2/2021 21:30,0,-1
1/2/2021 21:35,0,-1
1/2/2021 21:40,0,-1
1/2/2021 21:45,0,-1
1/2/2021 21:50,0,-1
1/2/2021 21:55,0,-1
1/2/2021 22:00,0,-1
1/2/2021 22:05,0,-1
1/2/2021 22:10,0,-1
1/2/2021 22:15,0,-1
1/2/2021 22:20,0,-1
1/2/2021 22:25,0,-1
1/2/2021 22:30,0,-1
1/2/2021 22:35,0,-1
1/2/2021 22:40,0,-1
1/2/2021 22:45,0,-1
1/2/2021 22:50,0,-1
1/2/2021 22:55,0,-1
1/2/2021 23:00,0,-1
1/2/2021 23:05,0,-1
1/2/2021 23:10,0,-1
1/2/2021 23:15,0,-1
1/2/2021 23:20,0,-1
1/2/2021 23:25,0,-1
1/2/2021 23:30,0,-1
1/2/2021 23:35,0,-1
1/2/2021 23:40,0,-1
1/2/2021 23:45,0,-1
1/2/2021 23:50,0,-1
1/2/2021 23:55,0,-1
1/3/2021 0:00,0,-1
1/3/2021 0:05,0,-1
1/3/2021 0:10,0,-1
1/3/2021 0:15,0,-1
1/3/2021 0:20,0,-1
1/3/2021 0:25,0,-1
1/3/2021 0:30,0,-1
1/3/2021 0:35,0,-1
1/3/2021 0:40,0,-1
1/3/2021 0:45,0,-1
1/3/2021 0:50,0,-1
1/3/2021 0:55,0,-1
1/3/2021 1:00,0,-1
1/3/2021 1:05,0,-1
1/3/2021 1:10,0,-1
1/3/2021 1:15,0,-1
1/3/2021 1:20,0,-1
1/3/2021 1:25,0,-1
1/3/2021 1:30,0,-1
1/3/2021 1:35,0,-1
1/3/2021 1:40,0,-1
1/3/2021 1:45,0,-1
1/3/2021 1:50,0,-1
1/3/2021 1:55,0,-1
1/3/2021 2:00,0,-1
1/3/2021 2:05,0,-1
1/3/2021 2:10,0,-1
1/3/2021 2:15,0,-1
1/3/2021 2:20,0,-1
1/3/2021 2:25,0,-1
1/3/2021 2:30,0,-1
1/3/2021 2:35,0,-1
1/3/2021 2:40,0,-1
1/3/2021 2:45,0,-1
1/3/2021 2:50,0,-1
1/3/2021 2:55,0,-1
1/3/2021 3:00,0,-1
1/3/2021 3:05,0,-1
1/3/2021 3:10,0,-1
1/3/2021 3:15,0,-1
1/3/2021 3:20,0,-1
1/3/2021 3:25,0,-1
1/3/2021 3:30,0,-1
1/3/2021 3:35,0,-1
1/3/2021 3:40,0,-1
1/3/2021 3:45,0,-1
1/3/2021 3:50,0,-1
1/3/2021 3:55,0,-1
1/3/2021 4:00,0,-1
1/3/2021 4:05,0,-1
1/3/2021 4:10,0,-1
1/3/2021 4:15,0,-1
1/3/2021 4:20,0,-1
1/3/2021 4:25,0,-1
1/3/2021 4:30,0,-1
1/3/2021 4:35,0,-1
1/3/2021 4:40,0,-1
1/3/2021 4:45,0,-1
1/3/2021 4:50,0,-1
1/3/2021 4:55,0,-1
1/3/2021 5:00,0,-1
1/3/2021 5:05,0,-1
1/3/2021 5:10,0,-1
1/3/2021 5:15,0,-1
1/3/2021 5:20,0,-1
1/3/2021 5:25,0,-1
1/3/2021 5:30,0,-1
1/3/2021 5:35,0,-1
1/3/2021 5:40,0,-1
1/3/2021 5:45,0,-1
1/3/2021 5:50,0,-1
1/3/2021 5:55,0,-1
1/3/2021 6:00,0,-1
1/3/2021 6:05,0,-1
1/3/2021 6:10,0,-1
1/3/2021 6:15,0,-1
1/3/2021 6:20,0,-1
1/3/2021 6:25,0,-1
1/3/2021 6:30,0,-1
1/3/2021 6:35,0,-1
1/3/2021 6:40,0,-1
1/3/2021 6:45,0,-1
1/3/2021 6:50,0,-1
1/3/2021 6:55,0,-1
1/3/2021 7:00,0,-1
1/3/2021 7:05,0,-1
1/3/2021 7:10,0,-1
1/3/2021 7:15,0,-1
1/3/2021 7:20,0,-1
1/3/2021 7:25,0,-1
1/3/2021 7:30,0,-1
1/3/2021 7:35,0,-1
1/3/2021 7:40,0,-1
1/3/2021 7:45,0,-1
1/3/2021 7:50,0,-1
1/3/2021 7:55,0,-1
1/3/2021 8:00,0,-1
1/3/2021 8:05,0,-1
1/3/2021 8:10,0,-1
1/3/2021 8:15,0,-1
1/3/2021 8:20,0,-1
1/3/2021 8:25,0,-1
1/3/2021 8:30,0,-1
1/3/2021 8:35,0,-1
1/3/2021 8:40,0,-1
1/3/2021 8:45,0,-1
1/3/2021 8:50,0,-1
1/3/2021 8:55,0,-1
1/3/2021 9:00,0,-1
1/3/2021 9:05,0,-1
1/3/2021 9:10,0,-1
1/3/2021 9:15,0,-1
1/3/2021 9:20,0,-1
1/3/2021 9:25,0,-1
1/3/2021 9:30,0,-1
1/3/2021 9:35,0,-1
1/3/2021 9:40,0,-1
1/3/2021 9:45,0,-1
1/3/2021 9:50,0,-1
1/3/2021 9:55,0,-1
1/3/2021 10:00,0,-1
1/3/2021 10:05,0,-1
1/3/2021 10:10,0,-1
1/3/2021 10:15,0,-1
1/3/2021 10:20,0,-1
1/3/2021 10:25,0,-1
1/3/2021 10:30,0,-1
1/3/2021 10:35,0,-1
1/3/2021 10:40,0,-1
1/3/2021 10:45,0,-1
1/3/2021 10:50,0,-1
1/3/2021 10:55,0,-1
1/3/2021 11:00,0,-1
1/3/2021 11:05,0,-1
1/3/2021 11:10,0,-1
1/3/2021 11:15,0,-1
1/3/2021 11:20,0,-1
1/3/2021 11:25,0,-1
1/3/2021 11:30,0,-1
1/3/2021 11:35,0,-1
1/3/2021 11:40,0,-1
1/3/2021 11:45,0,-1
1/3/2021 11:50,0,-1
1/3/2021 11:55,0,-1
1/3/2021 12:00,0,-1
1/3/2021 12:05,0,-1
1/3/2021 12:10,0,-1
1/3/2021 12:15,0,-1
1/3/2021 12:20,0,-1
1/3/2021 12:25,0,-1
1/3/2021 12:30,0,-1
1/3/2021 12:35,0,-1
1/3/2021 12:40,0,-1
1/3/2021 12:45,0,-1
1/3/2021 12:50,0,-1
1/3/2021 12:55,0,-1
1/3/2021 13:00,0,-1
1/3/2021 13:05,0,-1
1/3/2021 13:10,0,-1
1/3/2021 13:15,0,-1
1/3/2021 13:20,0,-1
1/3/2021 13:25,0,-1
1/3/2021 13:30,0,-1
1/3/2021 13:35,0,-1
1/3/2021 13:40,0,-1
1/3/2021 13:45,0,-1
1/3/2021 13:50,0,-1
1/3/2021 13:55,0,-1
1/3/2021 14:00,0,-1
1/3/2021 14:05,0,-1
1/3/2021 14:10,0,-1
1/3/2021 14:15,0,-1
1/3/2021 14:20,0,-1
1/3/2021 14:25,0,-1
1/3/2021 14:30,0,-1
1/3/2021 14:35,0,-1
1/3/2021 14:40,0,-1
1/3/2021 14:45,0,-1
1/3/2021 14:50,0,-1
1/3/2021 14:55,0,-1
1/3/2021 15:00,0,-1
1/3/2021 15:05,0,-1
1/3/2021 15:10,0,-1
1/3/2021 15:15,0,-1
1/3/2021 15:20,0,-1
1/3/2021 15:25,0,-1
1/3/2021 15:30,0,-1
1/3/2021 15:35,0,-1
1/3/2021 15:40,0,-1
1/3/2021 15:45,0,-1
1/3/2021 15:50,0,-1
1/3/2021 15:55,0,-1
1/3/2021 16:00,0,-1
1/3/2021 16:05,0,-1
1/3/2021 16:10,0,-1
1/3/2021 16:15,0,-1
1/3/2021 16:20,0,-1
1/3/2021 16:25,0,-1
1/3/2021 16:30,0,-1
1/3/2021 16:35,0,-1
1/3/2021 16:40,0,-1
1/3/2021 16:45,0,-1
1/3/2021 16:50,0,-1
1/3/2021 16:55,0,-1
1/3/2021 17:00,0,-1
1/3/2021 17:05,0,-1
1/3/2021 17:10,0,-1
1/3/2021 17:15,0,-1
1/3/2021 17:20,0,-1
1/3/2021 17:25,0,-1
1/3/2021 17:30,0,-1
1/3/2021 17:35,0,-1
1/3/2021 17:40,0,-1
1/3/2021 17:45,0,-1
1/3/2021 17:50,0,-1
1/3/2021 17:55,0,-1
1/3/2021 18:00,0,-1
1/3/2021 18:05,0,-1
1/3/2021 18:10,0,-1
1/3/2021 18:15,0,-1
1/3/2021 18:20,0,-1
1/3/2021 18:25,0,-1
1/3/2021 18:30,0,-1
1/3/2021 18:35,0,-1
1/3/2021 18:40,0,-1
1/3/2021 18:45,0,-1
1/3/2021 18:50,0,-1
1/3/2021 18:55,0,-1
1/3/2021 19:00,0,-1
1/3/2021 19:05,0,-1
1/3/2021 19:10,0,-1
1/3/2021 19:15,0,-1
1/3/2021 19:20,0,-1
1/3/2021 19:25,0,-1
1/3/2021 19:30,0,-1
1/3/2021 19:35,0,-1
1/3/2021 19:40,0,-1
1/3/2021 19:45,0,-1
1/3/2021 19:50,0,-1
1/3/2021 19:55,0,-1
1/3/2021 20:00,0,-1
1/3/2021 20:05,0,-1
1/3/2021 20:10,0,-1
1/3/2021 20:15,0,-1
1/3/2021 20:20,0,-1
1/3/2021 20:25,0,-1
1/3/2021 20:30,0,-1
1/3/2021 20:35,0,-1
1/3/2021 20:40,0,-1
1/3/2021 20:45,0,-1
1/3/2021 20:50,0,-1
1/3/2021 20:55,0,-1
1/3/2021 21:00,0,-1
1/3/2021 21:05,0,-1
1/3/2021 21:10,0,-1
1/3/2021 21:15,0,-1
1/3/2021 21:20,0,-1
1/3/2021 21:25,0,-1
1/3/2021 21:30,0,-1
1/3/2021 21:35,0,-1
1/3/2021 21:40,0,-1
1/3/2021 21:45,0,-1
1/3/2021 21:50,0,-1
1/3/2021 21:55,0,-1
1/3/2021 22:00,0,-1
1/3/2021 22:05,0,-1
1/3/2021 22:10,0,-1
1/3/2021 22:15,0,-1
1/3/2021 22:20,0,-1
1/3/2021 22:25,0,-1
1/3/2021 22:30,0,-1
1/3/2021 22:35,0,-1
1/3/2021 22:40,0,-1
1/3/2021 22:45,0,-1
1/3/2021 22:50,0,-1
1/3/2021 22:55,0,-1
1/3/2021 23:00,0,-1
1/3/2021 23:05,0,-1
1/3/2021 23:10,0,-1
1/3/2021 23:15,0,-1
1/3/2021 23:20,0,-1
1/3/2021 23:25,0,-1
1/3/2021 23:30,0,-1
1/3/2021 23:35,0,-1
1/3/2021 23:40,0,-1
1/3/2021 23:45,0,-1
1/3/2021 23:50,0,-1
1/3/2021 23:55,0,-1
1/4/2021 0:00,0,-1
1/4/2021 0:05,0,-1
1/4/2021 0:10,0,-1
1/4/2021 0:15,0,-1
1/4/2021 0:20,0,-1
1/4/2021 0:25,0,-1
1/4/2021 0:30,0,-1
1/4/2021 0:35,0,-1
1/4/2021 0:40,0,-1
1/4/2021 0:45,0,-1
1/4/2021 0:50,0,-1
1/4/2021 0:55,0,-1
1/4/2021 1:00,0,-1
1/4/2021 1:05,0,-1
1/4/2021 1:10,0,-1
1/4/2021 1:15,0,-1
1/4/2021 1:20,0,-1
1/4/2021 1:25,0,-1
1/4/2021 1:30,0,-1
1/4/2021 1:35,0,-1
1/4/2021 1:40,0,-1
1/4/2021 1:45,0,-1
1/4/2021 1:50,0,-1
1/4/2021 1:55,0,-1
1/4/2021 2:00,0,-1
1/4/2021 2:05,0,-1
1/4/2021 2:10,0,-1
1/4/2021 2:15,0,-1
1/4/2021 2:20,0,-1
1/4/2021 2:25,0,-1
1/4/2021 2:30,0,-1
1/4/2021 2:35,0,-1
1/4/2021 2:40,0,-1
1/4/2021 2:45,0,-1
1/4/2021 2:50,0,-1
1/4/2021 2:55,0,-1
1/4/2021 3:00,0,-1
1/4/2021 3:05,0,-1
1/4/2021 3:10,0,-1
1/4/2021 3:15,0,-1
1/4/2021 3:20,0,-1
1/4/2021 3:25,0,-1
1/4/2021 3:30,0,-1
1/4/2021 3:35,0,-1
1/4/2021 3:40,0,-1
1/4/2021 3:45,0,-1
1/4/2021 3:50,0,-1
1/4/2021 3:55,0,-1
1/4/2021 4:00,0,-1
1/4/2021 4:05,0,-1
1/4/2021 4:10,0,-1
1/4/2021 4:15,0,-1
1/4/2021 4:20,0,-1
1/4/2021 4:25,0,-1
1/4/2021 4:30,0,-1
1/4/2021 4:35,0,-1
1/4/2021 4:40,0,-1
1/4/2021 4:45,0,-1
1/4/2021 4:50,0,-1
1/4/2021 4:55,0,-1
1/4/2021 5:00,0,-1
1/4/2021 5:05,0,-1
1/4/2021 5:10,0,-1
1/4/2021 5:15,0,-1
1/4/2021 5:20,0,-1
1/4/2021 5:25,0,-1
1/4/2021 5:30,0,-1
1/4/2021 5:35,0,-1
1/4/2021 5:40,0,-1
1/4/2021 5:45,0,-1
1/4/2021 5:50,0,-1
1/4/2021 5:55,0,-1
1/4/2021 6:00,0,-1
1/4/2021 6:05,0,-1
1/4/2021 6:10,0,-1
1/4/2021 6:15,0,-1
1/4/2021 6:20,0,-1
1/4/2021 6:25,0,-1
1/4/2021 6:30,0,-1
1/4/2021 6:35,0,-1
1/4/2021 6:40,0,-1
1/4/2021 6:45,0,-1
1/4/2021 6:50,0,-1
1/4/2021 6:55,0,-1
1/4/2021 7:00,0,-1
1/4/2021 7:05,0,-1
1/4/2021 7:10,0,-1
1/4/2021 7:15,0,-1
1/4/2021 7:20,0,-1
1/4/2021 7:25,0,-1
1/4/2021 7:30,0,-1
1/4/2021 7:35,0,-1
1/4/2021 7:40,0,-1
1/4/2021 7:45,0,-1
1/4/2021 7:50,0,-1
1/4/2021 7:55,0,-1
1/4/2021 8:00,0,-1
1/4/2021 8:05,0,-1
1/4/2021 8:10,0,-1
1/4/2021 8:15,0,-1
1/4/2021 8:20,0,-1
1/4/2021 8:25,0,-1
1/4/2021 8:30,0,-1
1/4/2021 8:35,0,-1
1/4/2021 8:40,0,-1
1/4/2021 8:45,0,-1
1/4/2021 8:50,0,-1
1/4/2021 8:55,0,-1
1/4/2021 9:00,0,-1
1/4/2021 9:05,0,-1
1/4/2021 9:10,0,-1
1/4/2021 9:15,0,-1
1/4/2021 9:20,0,-1
1/4/2021 9:25,0,-1
1/4/2021 9:30,0,-1
1/4/2021 9:35,0,-1
1/4/2021 9:40,0,-1
1/4/2021 9:45,0,-1
1/4/2021 9:50,0,-1
1/4/2021 9:55,0,-1
1/4/2021 10:00,0,-1
1/4/2021 10:05,0,-1
1/4/2021 10:10,0,-1
1/4/2021 10:15,0,-1
1/4/2021 10:20,0,-1
1/4/2021 10:25,0,-1
1/4/2021 10:30,0,-1
1/4/2021 10:35,0,-1
1/4/2021 10:40,0,-1
1/4/2021 10:45,0,-1
1/4/2021 10:50,0,-1
1/4/2021 10:55,0,-1
1/4/2021 11:00,0,-1
1/4/2021 11:05,0,-1
1/4/2021 11:10,0,-1
1/4/2021 11:15,0,-1
1/4/2021 11:20,0,-1
1/4/2021 11:25,0,-1
1/4/2021 11:30,0,-1
1/4/2021 11:35,0,-1
1/4/2021 11:40,0,-1
1/4/2021 11:45,0,-1
1/4/2021 11:50,0,-1
1/4/2021 11:55,0,-1
1/4/2021 12:00,0,-1
1/4/2021 12:05,0,-1
1/4/2021 12:10,0,-1
1/4/2021 12:15,0,-1
1/4/2021 12:20,0,-1
1/4/2021 12:25,0,-1
1/4/2021 12:30,0,-1
1/4/2021 12:35,0,-1
1/4/2021 12:40,0,-1
1/4/2021 12:45,0,-1
1/4/2021 12:50,0,-1
1/4/2021 12:55,0,-1
1/4/2021 13:00,0,-1
1/4/2021 13:05,0,-1
1/4/2021 13:10,0,-1
1/4/2021 13:15,0,-1
1/4/2021 13:20,0,-1
1/4/2021 13:25,0,-1
1/4/2021 13:30,0,-1
1/4/2021 13:35,0,-1
1/4/2021 13:40,0,-1
1/4/2021 13:45,0,-1
1/4/2021 13:50,0,-1
1/4/2021 13:55,0,-1
1/4/2021 14:00,0,-1
1/4/2021 14:05,0,-1
1/4/2021 14:10,0,-1
1/4/2021 14:15,0,-1
1/4/2021 14:20,0,-1
1/4/2021 14:25,0,-1
1/4/2021 14:30,0,-1
1/4/2021 14:35,0,-1
1/4/2021 14:40,0,-1
1/4/2021 14:45,0,-1
1/4/2021 14:50,0,-1
1/4/2021 14:55,0,-1
1/4/2021 15:00,0,-1
1/4/2021 15:05,0,-1
1/4/2021 15:10,0,-1
1/4/2021 15:15,0,-1
1/4/2021 15:20,0,-1
1/4/2021 15:25,0,-1
1/4/2021 15:30,0,-1
1/4/2021 15:35,0,-1
1/4/2021 15:40,0,-1
1/4/2021 15:45,0,-1
1/4/2021 15:50,0,-1
1/4/2021 15:55,0,-1
1/4/2021 16:00,0,-1
1/4/2021 16:05,0,-1
1/4/2021 16:10,0,-1
1/4/2021 16:15,0,-1
1/4/2021 16:20,0,-1
1/4/2021 16:25,0,-1
1/4/2021 16:30,0,-1
1/4/2021 16:35,0,-1
1/4/2021 16:40,0,-1
1/4/2021 16:45,0,-1
1/4/2021 16:50,0,-1
1/4/2021 16:55,0,-1
1/4/2021 17:00,0,-1
1/4/2021 17:05,0,-1
1/4/2021 17:10,0,-1
1/4/2021 17:15,0,-1
1/4/2021 17:20,0,-1
1/4/2021 17:25,0,-1
1/4/2021 17:30,0,-1
1/4/2021 17:35,0,-1
1/4/2021 17:40,0,-1
1/4/2021 17:45,0,-1
1/4/2021 17:50,0,-1
1/4/2021 17:55,0,-1
1/4/2021 18:00,0,-1
1/4/2021 18:05,0,-1
1/4/2021 18:10,0,-1
1/4/2021 18:15,0,-1
1/4/2021 18:20,0,-1
1/4/2021 18:25,0,-1
1/4/2021 18:30,0,-1
1/4/2021 18:35,0,-1
1/4/2021 18:40,0,-1
1/4/2021 18:45,0,-1
1/4/2021 18:50,0,-1
1/4/2021 18:55,0,-1
1/4/2021 19:00,0,-1
1/4/2021 19:05,0,-1
1/4/2021 19:10,0,-1
1/4/2021 19:15,0,-1
1/4/2021 19:20,0,-1
1/4/2021 19:25,0,-1
1/4/2021 19:30,0,-1
1/4/2021 19:35,0,-1
1/4/2021 19:40,0,-1
1/4/2021 19:45,0,-1
1/4/2021 19:50,0,-1
1/4/2021 19:55,0,-1
1/4/2021 20:00,0,-1
1/4/2021 20:05,0,-1
1/4/2021 20:10,0,-1
1/4/2021 20:15,0,-1
1/4/2021 20:20,0,-1
1/4/2021 20:25,0,-1
1/4/2021 20:30,0,-1
1/4/2021 20:35,0,-1
1/4/2021 20:40,0,-1
1/4/2021 20:45,0,-1
1/4/2021 20:50,0,-1
1/4/2021 20:55,0,-1
1/4/2021 21:00,0,-1
1/4/2021 21:05,0,-1
1/4/2021 21:10,0,-1
1/4/2021 21:15,0,-1
1/4/2021 21:20,0,-1
1/4/2021 21:25,0,-1
1/4/2021 21:30,0,-1
1/4/2021 21:35,0,-1
1/4/2021 21:40,0,-1
1/4/2021 21:45,0,-1
1/4/2021 21:50,0,-1
1/4/2021 21:55,0,-1
1/4/2021 22:00,0,-1
1/4/2021 22:05,0,-1
1/4/2021 22:10,0,-1
1/4/2021 22:15,0,-1
1/4/2021 22:20,0,-1
1/4/2021 22:25,0,-1
1/4/2021 22:30,0,-1
1/4/2021 22:35,0,-1
1/4/2021 22:40,0,-1
1/4/2021 22:45,0,-1
1/4/2021 22:50,0,-1
1/4/2021 22:55,0,-1
1/4/2021 23:00,0,-1
1/4/2021 23:05,0,-1
1/4/2021 23:10,0,-1
1/4/2021 23:15,0,-1
1/4/2021 23:20,0,-1
1/4/2021 23:25,0,-1
1/4/2021 23:30,0,-1
1/4/2021 23:35,0,-1
1/4/2021 23:40,0,-1
1/4/2021 23:45,0,-1
1/4/2021 23:50,0,-1
1/4/2021 23:55,0,-1
1/5/2021 0:00,0,-1
1/5/2021 0:05,0,-1
1/5/2021 0:10,0,-1
1/5/2021 0:15,0,-1
1/5/2021 0:20,0,-1
1/5/2021 0:25,0,-1
1/5/2021 0:30,0,-1
1/5/2021 0:35,0,-1
1/5/2021 0:40,0,-1
1/5/2021 0:45,0,-1
1/5/2021 0:50,0,-1
1/5/2021 0:55,0,-1
1/5/2021 1:00,0,-1
1/5/2021 1:05,0,-1
1/5/2021 1:10,0,-1
1/5/2021 1:15,0,-1
1/5/2021 1:20,0,-1
1/5/2021 1:25,0,-1
1/5/2021 1:30,0,-1
1/5/2021 1:35,0,-1
1/5/2021 1:40,0,-1
1/5/2021 1:45,0,-1
1/5/2021 1:50,0,-1
1/5/2021 1:55,0,-1
1/5/2021 2:00,0,-1
1/5/2021 2:05,0,-1
1/5/2021 2:10,0,-1
1/5/2021 2:15,0,-1
1/5/2021 2:20,0,-1
1/5/2021 2:25,0,-1
1/5/2021 2:30,0,-1
1/5/2021 2:35,0,-1
1/5/2021 2:40,0,-1
1/5/2021 2:45,0,-1
1/5/2021 2:50,0,-1
1/5/2021 2:55,0,-1
1/5/2021 3:00,0,-1
1/5/2021 3:05,0,-1
1/5/2021 3:10,0,-1
1/5/2021 3:15,0,-1
1/5/2021 3:20,0,-1
1/5/2021 3:25,0,-1
1/5/2021 3:30,0,-1
1/5/2021 3:35,0,-1
1/5/2021 3:40,0,-1
1/5/2021 3:45,0,-1
1/5/2021 3:50,0,-1
1/5/2021 3:55,0,-1
1/5/2021 4:00,0,-1
1/5/2021 4:05,0,-1
1/5/2021 4:10,0,-1
1/5/2021 4:15,0,-1
1/5/2021 4:20,0,-1
1/5/2021 4:25,0,-1
1/5/2021 4:30,0,-1
1/5/2021 4:35,0,-1
1/5/2021 4:40,0,-1
1/5/2021 4:45,0,-1
1/5/2021 4:50,0,-1
1/5/2021 4:55,0,-1
1/5/2021 5:00,0,-1
1/5/2021 5:05,0,-1
1/5/2021 5:10,0,-1
1/5/2021 5:15,0,-1
1/5/2021 5:20,0,-1
1/5/2021 5:25,0,-1
1/5/2021 5:30,0,-1
1/5/2021 5:35,0,-1
1/5/2021 5:40,0,-1
1/5/2021 5:45,0,-1
1/5/2021 5:50,0,-1
1/5/2021 5:55,0,-1
1/5/2021 6:00,0,-1
1/5/2021 6:05,0,-1
1/5/2021 6:10,0,-1
1/5/2021 6:15,0,-1
1/5/2021 6:20,0,-1
1/5/2021 6:25,0,-1
1/5/2021 6:30,0,-1
1/5/2021 6:35,0,-1
1/5/2021 6:40,0,-1
1/5/2021 6:45,0,-1
1/5/2021 6:50,0,-1
1/5/2021 6:55,0,-1
1/5/2021 7:00,0,-1
1/5/2021 7:05,0,-1
1/5/2021 7:10,0,-1
1/5/2021 7:15,0,-1
1/5/2021 7:20,0,-1
1/5/2021 7:25,0,-1
1/5/2021 7:30,0,-1
1/5/2021 7:35,0,-1
1/5/2021 7:40,0,-1
1/5/2021 7:45,0,-1
1/5/2021 7:50,0,-1
1/5/2021 7:55,0,-1
1/5/2021 8:00,0,-1
1/5/2021 8:05,0,-1
1/5/2021 8:10,0,-1
1/5/2021 8:15,0,-1
1/5/2021 8:20,0,-1
1/5/2021 8:25,0,-1
1/5/2021 8:30,0,-1
1/5/2021 8:35,0,-1
1/5/2021 8:40,0,-1
1/5/2021 8:45,0,-1
1/5/2021 8:50,0,-1
1/5/2021 8:55,0,-1
1/5/2021 9:00,0,-1
1/5/2021 9:05,0,-1
1/5/2021 9:10,0,-1
1/5/2021 9:15,0,-1
1/5/2021 9:20,0,-1
1/5/2021 9:25,0,-1
1/5/2021 9:30,0,-1
1/5/2021 9:35,0,-1
1/5/2021 9:40,0,-1
1/5/2021 9:45,0,-1
1/5/2021 9:50,0,-1
1/5/2021 9:55,0,-1
1/5/2021 10:00,0,-1
1/5/2021 10:05,0,-1
1/5/2021 10:10,0,-1
1/5/2021 10:15,0,-1
1/5/2021 10:20,0,-1
1/5/2021 10:25,0,-1
1/5/2021 10:30,0,-1
1/5/2021 10:35,0,-1
1/5/2021 10:40,0,-1
1/5/2021 10:45,0,-1
1/5/2021 10:50,0,-1
1/5/2021 10:55,0,-1
1/5/2021 11:00,0,-1
1/5/2021 11:05,0,-1
1/5/2021 11:10,0,-1
1/5/2021 11:15,0,-1
1/5/2021 11:20,0,-1
1/5/2021 11:25,0,-1
1/5/2021 11:30,0,-1
1/5/2021 11:35,0,-1
1/5/2021 11:40,0,-1
1/5/2021 11:45,0,-1
1/5/2021 11:50,0,-1
1/5/2021 11:55,0,-1
1/5/2021 12:00,0,-1
1/5/2021 12:05,0,-1
1/5/2021 12:10,0,-1
1/5/2021 12:15,0,-1
1/5/2021 12:20,0,-1
1/5/2021 12:25,0,-1
1/5/2021 12:30,0,-1
1/5/2021 12:35,0,-1
1/5/2021 12:40,0,-1
1/5/2021 12:45,0,-1
1/5/2021 12:50,0,-1
1/5/2021 12:55,0,-1
1/5/2021 13:00,0,-1
1/5/2021 13:05,0,-1
1/5/2021 13:10,0,-1
1/5/2021 13:15,0,-1
1/5/2021 13:20,0,-1
1/5/2021 13:25,0,-1
1/5/2021 13:30,0,-1
1/5/2021 13:35,0,-1
1/5/2021 13:40,0,-1
1/5/2021 13:45,0,-1
1/5/2021 13:50,0,-1
1/5/2021 13:55,0,-1
1/5/2021 14:00,0,-1
1/5/2021 14:05,0,-1
1/5/2021 14:10,0,-1
1/5/2021 14:15,0,-1
1/5/2021 14:20,0,-1
1/5/2021 14:25,0,-1
1/5/2021 14:30,0,-1
1/5/2021 14:35,0,-1
1/5/2021 14:40,0,-1
1/5/2021 14:45,0,-1
1/5/2021 14:50,0,-1
1/5/2021 14:55,0,-1
1/5/2021 15:00,0,-1
1/5/2021 15:05,0,-1
1/5/2021 15:10,0,-1
1/5/2021 15:15,0,-1
1/5/2021 15:20,0,-1
1/5/2021 15:25,0,-1
1/5/2021 15:30,0,-1
1/5/2021 15:35,0,-1
1/5/2021 15:40,0,-1
1/5/2021 15:45,0,-1
1/5/2021 15:50,0,-1
1/5/2021 15:55,0,-1
1/5/2021 16:00,0,-1
1/5/2021 16:05,0,-1
1/5/2021 16:10,0,-1
1/5/2021 16:15,0,-1
1/5/2021 16:20,0,-1
1/5/2021 16:25,0,-1
1/5/2021 16:30,0,-1
1/5/2021 16:35,0,-1
1/5/2021 16:40,0,-1
1/5/2021 16:45,0,-1
1/5/2021 16:50,0,-1
1/5/2021 16:55,0,-1
1/5/2021 17:00,0,-1
1/5/2021 17:05,0,-1
1/5/2021 17:10,0,-1
1/5/2021 17:15,0,-1
1/5/2021 17:20,0,-1
1/5/2021 17:25,0,-1
1/5/2021 17:30,0,-1
1/5/2021 17:35,0,-1
1/5/2021 17:40,0,-1
1/5/2021 17:45,0,-1
1/5/2021 17:50,0,-1
1/5/2021 17:55,0,-1
1/5/2021 18:00,0,-1
1/5/2021 18:05,0,-1
1/5/2021 18:10,0,-1
1/5/2021 18:15,0,-1
1/5/2021 18:20,0,-1
1/5/2021 18:25,0,-1
1/5/2021 18:30,0,-1
1/5/2021 18:35,0,-1
1/5/2021 18:40,0,-1
1/5/2021 18:45,0,-1
1/5/2021 18:50,0,-1
1/5/2021 18:55,0,-1
1/5/2021 19:00,0,-1
1/5/2021 19:05,0,-1
1/5/2021 19:10,0,-1
1/5/2021 19:15,0,-1
1/5/2021 19:20,0,-1
1/5/2021 19:25,0,-1
1/5/2021 19:30,0,-1
1/5/2021 19:35,0,-1
1/5/2021 19:40,0,-1
1/5/2021 19:45,0,-1
1/5/2021 19:50,0,-1
1/5/2021 19:55,0,-1
1/5/2021 20:00,0,-1
1/5/2021 20:05,0,-1
1/5/2021 20:10,0,-1
1/5/2021 20:15,0,-1
1/5/2021 20:20,0,-1
1/5/2021 20:25,0,-1
1/5/2021 20:30,0,-1
1/5/2021 20:35,0,-1
1/5/2021 20:40,0,-1
1/5/2021 20:45,0,-1
1/5/2021 20:50,0,-1
1/5/2021 20:55,0,-1
1/5/2021 21:00,0,-1
1/5/2021 21:05,0,-1
1/5/2021 21:10,0,-1
1/5/2021 21:15,0,-1
1/5/2021 21:20,0,-1
1/5/2021 21:25,0,-1
1/5/2021 21:30,0,-1
1/5/2021 21:35,0,-1
1/5/2021 21:40,0,-1
1/5/2021 21:45,0,-1
1/5/2021 21:50,0,-1
1/5/2021 21:55,0,-1
1/5/2021 22:00,0,-1
1/5/2021 22:05,0,-1
1/5/2021 22:10,0,-1
1/5/2021 22:15,0,-1
1/5/2021 22:20,0,-1
1/5/2021 22:25,0,-1
1/5/2021 22:30,0,-1
1/5/2021 22:35,0,-1
1/5/2021 22:40,0,-1
1/5/2021 22:45,0,-1
1/5/2021 22:50,0,-1
1/5/2021 22:55,0,-1
1/5/2021 23:00,0,-1
1/5/2021 23:05,0,-1
1/5/2021 23:10,0,-1
1/5/2021 23:15,0,-1
1/5/2021 23:20,0,-1
1/5/2021 23:25,0,-1
1/5/2021 23:30,0,-1
1/5/2021 23:35,0,-1
1/5/2021 23:40,0,-1
1/5/2021 23:45,0,-1
1/5/2021 23:50,0,-1
1/5/2021 23:55,0,-1
1/6/2021 0:00,0,-1
1/6/2021 0:05,0,-1
1/6/2021 0:10,0,-1
1/6/2021 0:15,0,-1
1/6/2021 0:20,0,-1
1/6/2021 0:25,0,-1
1/6/2021 0:30,0,-1
1/6/2021 0:35,0,-1
1/6/2021 0:40,0,-1
1/6/2021 0:45,0,-1
1/6/2021 0:50,0,-1
1/6/2021 0:55,0,-1
1/6/2021 1:00,0,-1
1/6/2021 1:05,0,-1
1/6/2021 1:10,0,-1
1/6/2021 1:15,0,-1
1/6/2021 1:20,0,-1
1/6/2021 1:25,0,-1
1/6/2021 1:30,0,-1
1/6/2021 1:35,0,-1
1/6/2021 1:40,0,-1
1/6/2021 1:45,0,-1
1/6/2021 1:50,0,-1
1/6/2021 1:55,0,-1
1/6/2021 2:00,0,-1
1/6/2021 2:05,0,-1
1/6/2021 2:10,0,-1
1/6/2021 2:15,0,-1
1/6/2021 2:20,0,-1
1/6/2021 2:25,0,-1
1/6/2021 2:30,0,-1
1/6/2021 2:35,0,-1
1/6/2021 2:40,0,-1
1/6/2021 2:45,0,-1
1/6/2021 2:50,0,-1
1/6/2021 2:55,0,-1
1/6/2021 3:00,0,-1
1/6/2021 3:05,0,-1
1/6/2021 3:10,0,-1
1/6/2021 3:15,0,-1
1/6/2021 3:20,0,-1
1/6/2021 3:25,0,-1
1/6/2021 3:30,0,-1
1/6/2021 3:35,0,-1
1/6/2021 3:40,0,-1
1/6/2021 3:45,0,-1
1/6/2021 3:50,0,-1
1/6/2021 3:55,0,-1
1/6/2021 4:00,0,-1
1/6/2021 4:05,0,-1
1/6/2021 4:10,0,-1
1/6/2021 4:15,0,-1
1/6/2021 4:20,0,-1
1/6/2021 4:25,0,-1
1/6/2021 4:30,0,-1
1/6/2021 4:35,0,-1
1/6/2021 4:40,0,-1
1/6/2021 4:45,0,-1
1/6/2021 4:50,0,-1
1/6/2021 4:55,0,-1
1/6/2021 5:00,0,-1
1/6/2021 5:05,0,-1
1/6/2021 5:10,0,-1
1/6/2021 5:15,0,-1
1/6/2021 5:20,0,-1
1/6/2021 5:25,0,-1
1/6/2021 5:30,0,-1
1/6/2021 5:35,0,-1
1/6/2021 5:40,0,-1
1/6/2021 5:45,0,-1
1/6/2021 5:50,0,-1
1/6/2021 5:55,0,-1
1/6/2021 6:00,0,-1
1/6/2021 6:05,0,-1
1/6/2021 6:10,0,-1
1/6/2021 6:15,0,-1
1/6/2021 6:20,0,-1
1/6/2021 6:25,0,-1
1/6/2021 6:30,0,-1
1/6/2021 6:35,0,-1
1/6/2021 6:40,0,-1
1/6/2021 6:45,0,-1
1/6/2021 6:50,0,-1
1/6/2021 6:55,0,-1
1/6/2021 7:00,0,-1
1/6/2021 7:05,0,-1
1/6/2021 7:10,0,-1
1/6/2021 7:15,0,-1
1/6/2021 7:20,0,-1
1/6/2021 7:25,0,-1
1/6/2021 7:30,0,-1
1/6/2021 7:35,0,-1
1/6/2021 7:40,0,-1
1/6/2021 7:45,0,-1
1/6/2021 7:50,0,-1
1/6/2021 7:55,0,-1
1/6/2021 8:00,0,-1
1/6/2021 8:05,0,-1
1/6/2021 8:10,0,-1
1/6/2021 8:15,0,-1
1/6/2021 8:20,0,-1
1/6/2021 8:25,0,-1
1/6/2021 8:30,0,-1
1/6/2021 8:35,0,-1
1/6/2021 8:40,0,-1
1/6/2021 8:45,0,-1
1/6/2021 8:50,0,-1
1/6/2021 8:55,0,-1
1/6/2021 9:00,0,-1
1/6/2021 9:05,0,-1
1/6/2021 9:10,0,-1
1/6/2021 9:15,0,-1
1/6/2021 9:20,0,-1
1/6/2021 9:25,0,-1
1/6/2021 9:30,0,-1
1/6/2021 9:35,0,-1
1/6/2021 9:40,0,-1
1/6/2021 9:45,0,-1
1/6/2021 9:50,0,-1
1/6/2021 9:55,0,-1
1/6/2021 10:00,0,-1
1/6/2021 10:05,0,-1
1/6/2021 10:10,0,-1
1/6/2021 10:15,0,-1
1/6/2021 10:20,0,-1
1/6/2021 10:25,0,-1
1/6/2021 10:30,0,-1
1/6/2021 10:35,0,-1
1/6/2021 10:40,0,-1
1/6/2021 10:45,0,-1
1/6/2021 10:50,0,-1
1/6/2021 10:55,0,-1
1/6/2021 11:00,0,-1
1/6/2021 11:05,0,-1
1/6/2021 11:10,0,-1
1/6/2021 11:15,0,-1
1/6/2021 11:20,0,-1
1/6/2021 11:25,0,-1
1/6/2021 11:30,0,-1
1/6/2021 11:35,0,-1
1/6/2021 11:40,0,-1
1/6/2021 11:45,0,-1
1/6/2021 11:50,0,-1
1/6/2021 11:55,0,-1
1/6/2021 12:00,0,-1
1/6/2021 12:05,0,-1
1/6/2021 12:10,0,-1
1/6/2021 12:15,0,-1
1/6/2021 12:20,0,-1
1/6/2021 12:25,0,-1
1/6/2021 12:30,0,-1
1/6/2021 12:35,0,-1
1/6/2021 12:40,0,-1
1/6/2021 12:45,0,-1
1/6/2021 12:50,0,-1
1/6/2021 12:55,0,-1
1/6/2021 13:00,0,-1
1/6/2021 13:05,0,-1
1/6/2021 13:10,0,-1
1/6/2021 13:15,0,-1
1/6/2021 13:20,0,-1
1/6/2021 13:25,0,-1
1/6/2021 13:30,0,-1
1/6/2021 13:35,0,-1
1/6/2021 13:40,0,-1
1/6/2021 13:45,0,-1
1/6/2021 13:50,0,-1
1/6/2021 13:55,0,-1
1/6/2021 14:00,0,-1
1/6/2021 14:05,0,-1
1/6/2021 14:10,0,-1
1/6/2021 14:15,0,-1
1/6/2021 14:20,0,-1
1/6/2021 14:25,0,-1
1/6/2021 14:30,0,-1
1/6/2021 14:35,0,-1
1/6/2021 14:40,0,-1
1/6/2021 14:45,0,-1
1/6/2021 14:50,0,-1
1/6/2021 14:55,0,-1
1/6/2021 15:00,0,-1
1/6/2021 15:05,0,-1
1/6/2021 15:10,0,-1
1/6/2021 15:15,0,-1
1/6/2021 15:20,0,-1
1/6/2021 15:25,0,-1
1/6/2021 15:30,0,-1
1/6/2021 15:35,0,-1
1/6/2021 15:40,0,-1
1/6/2021 15:45,0,-1
1/6/2021 15:50,0,-1
1/6/2021 15:55,0,-1
1/6/2021 16:00,0,-1
1/6/2021 16:05,0,-1
1/6/2021 16:10,0,-1
1/6/2021 16:15,0,-1
1/6/2021 16:20,0,-1
1/6/2021 16:25,0,-1
1/6/2021 16:30,0,-1
1/6/2021 16:35,0,-1
1/6/2021 16:40,0,-1
1/6/2021 16:45,0,-1
1/6/2021 16:50,0,-1
1/6/2021 16:55,0,-1
1/6/2021 17:00,0,-1
1/6/2021 17:05,0,-1
1/6/2021 17:10,0,-1
1/6/2021 17:15,0,-1
1/6/2021 17:20,0,-1
1/6/2021 17:25,0,-1
1/6/2021 17:30,0,-1
1/6/2021 17:35,0,-1
1/6/2021 17:40,0,-1
1/6/2021 17:45,0,-1
1/6/2021 17:50,0,-1
1/6/2021 17:55,0,-1
1/6/2021 18:00,0,-1
1/6/2021 18:05,0,-1
1/6/2021 18:10,0,-1
1/6/2021 18:15,0,-1
1/6/2021 18:20,0,-1
1/6/2021 18:25,0,-1
1/6/2021 18:30,0,-1
1/6/2021 18:35,0,-1
1/6/2021 18:40,0,-1
1/6/2021 18:45,0,-1
1/6/2021 18:50,0,-1
1/6/2021 18:55,0,-1
1/6/2021 19:00,0,-1
1/6/2021 19:05,0,-1
1/6/2021 19:10,0,-1
1/6/2021 19:15,0,0.1611722
1/6/2021 19:20,0,0.1294261
1/6/2021 19:25,0,0.09279609
1/6/2021 19:30,0,0.08180708
1/6/2021 19:35,0,0.07570208
1/6/2021 19:40,0,0.06959707
1/6/2021 19:45,0,0.06471307
1/6/2021 19:50,0,0.06105006
1/6/2021 19:55,0,0.05738706
1/6/2021 20:00,0,0.05616606
1/6/2021 20:05,0,0.05372405
1/6/2021 20:10,0,0.05128205
1/6/2021 20:15,0,0.05006105
1/6/2021 20:20,0,0.04761905
1/6/2021 20:25,0,0.04639805
1/6/2021 20:30,0,0.04639805
1/6/2021 20:35,0,0.04517705
1/6/2021 20:40,0,0.04395605
1/6/2021 20:45,0,0.04395605
1/6/2021 20:50,0,0.04273504
1/6/2021 20:55,0,0.04151404
1/6/2021 21:00,0,0.04151404
1/6/2021 21:05,0,0.04151404
1/6/2021 21:10,0,0.04151404
1/6/2021 21:15,0,0.04151404
1/6/2021 21:20,0,0.04029304
1/6/2021 21:25,0,0.04029304
1/6/2021 21:30,0,0.04029304
1/6/2021 21:35,0,0.04029304
1/6/2021 21:40,0,0.04029304
1/6/2021 21:45,0,0.04029304
1/6/2021 21:50,0,0.04029304
1/6/2021 21:55,0,0.03907204
1/6/2021 22:00,0,0.03907204
1/6/2021 22:05,0,0.03907204
1/6/2021 22:10,0,0.03907204
1/6/2021 22:15,0,0.03907204
1/6/2021 22:20,0,0.03907204
1/6/2021 22:25,0,0.03907204
1/6/2021 22:30,0,0.03785104
1/6/2021 22:35,0,0.03785104
1/6/2021 22:40,0,0.03785104
1/6/2021 22:45,0,0.03785104
1/6/2021 22:50,0,0.03785104
1/6/2021 22:55,0,0.03785104
1/6/2021 23:00,0,0.03785104
1/6/2021 23:05,0,0.03785104
1/6/2021 23:10,0,0.03785104
1/6/2021 23:15,0,0.03785104
1/6/2021 23:20,0,0.03785104
1/6/2021 23:25,0,0.03785104
1/6/2021 23:30,0,0.03785104
1/6/2021 23:35,0,0.03785104
1/6/2021 23:40,0,0.03785104
1/6/2021 23:45,0,0.03785104
1/6/2021 23:50,0,0.03785104
1/6/2021 23:55,0,0.03785104
1/7/2021 0:00,0,0.03785104
1/7/2021 0:05,0,0.03785104
1/7/2021 0:10,0,0.03785104
1/7/2021 0:15,0,0.03663004
1/7/2021 0:20,0,0.03663004
1/7/2021 0:25,0,0.03663004
1/7/2021 0:30,0,0.03663004
1/7/2021 0:35,0,0.03663004
1/7/2021 0:40,0,0.03663004
1/7/2021 0:45,0,0.03663004
1/7/2021 0:50,0,0.03663004
1/7/2021 0:55,0,0.03663004
1/7/2021 1:00,0,0.03663004
1/7/2021 1:05,0,0.03663004
1/7/2021 1:10,0,0.03663004
1/7/2021 1:15,0,0.03663004
1/7/2021 1:20,0,0.03663004
1/7/2021 1:25,0,0.03663004
1/7/2021 1:30,0,0.03663004
1/7/2021 1:35,0,0.03663004
1/7/2021 1:40,0,0.03663004
1/7/2021 1:45,0,0.03540904
1/7/2021 1:50,0,0.03540904
1/7/2021 1:55,0,0.03540904
1/7/2021 2:00,0,0.03540904
1/7/2021 2:05,0,0.03540904
1/7/2021 2:10,0,0.03540904
1/7/2021 2:15,0,0.03540904
1/7/2021 2:20,0,0.03540904
1/7/2021 2:25,0,0.03540904
1/7/2021 2:30,0,0.03540904
1/7/2021 2:35,0,0.03540904
1/7/2021 2:40,0,0.03540904
1/7/2021 2:45,0,0.03540904
1/7/2021 2:50,0,0.03540904
1/7/2021 2:55,0,0.03540904
1/7/2021 3:00,0,0.03540904
1/7/2021 3:05,0,0.03540904
1/7/2021 3:10,0,0.03540904
1/7/2021 3:15,0,0.03540904
1/7/2021 3:20,0,0.03540904
1/7/2021 3:25,0,0.03540904
1/7/2021 3:30,0,0.03540904
1/7/2021 3:35,0,0.03540904
1/7/2021 3:40,0,0.03540904
1/7/2021 3:45,0,0.03540904
1/7/2021 3:50,0,0.03540904
1/7/2021 3:55,0,0.03540904
1/7/2021 4:00,0,0.03540904
1/7/2021 4:05,0,0.03540904
1/7/2021 4:10,0,0.03540904
1/7/2021 4:15,0,0.03540904
1/7/2021 4:20,0,0.03540904
1/7/2021 4:25,0,0.03540904
1/7/2021 4:30,0,0.03540904
1/7/2021 4:35,0,0.2344322
1/7/2021 4:40,0,0.1807082
1/7/2021 4:45,0,0.1489622
1/7/2021 4:50,0,0.1416361
1/7/2021 4:55,0,0.1428571
1/7/2021 5:00,0,0.1257631
1/7/2021 5:05,0,0.1098901
1/7/2021 5:10,0,0.1025641
1/7/2021 5:15,0,0.0964591
1/7/2021 5:20,0,0.09157509
1/7/2021 5:25,0,0.08913309
1/7/2021 5:30,0,0.09157509
1/7/2021 5:35,0,0.07814408
1/7/2021 5:40,0,0.07203908
1/7/2021 5:45,0,0.06959707
1/7/2021 5:50,0,0.06959707
1/7/2021 5:55,0,0.07203908
1/7/2021 6:00,0,0.07081807
1/7/2021 6:05,0,0.07326008
1/7/2021 6:10,0,0.06471307
1/7/2021 6:15,0,0.06349207
1/7/2021 6:20,0,0.05982906
1/7/2021 6:25,0,0.06105006
1/7/2021 6:30,0,0.06593407
1/7/2021 6:35,0,0.05860806
1/7/2021 6:40,0,0.05738706
1/7/2021 6:45,0,0.06471307
1/7/2021 6:50,0,0.07692308
1/7/2021 6:55,0,0.05738706
1/7/2021 7:00,0,0.05738706
1/7/2021 7:05,0,0.05494506
1/7/2021 7:10,0,0.05616606
1/7/2021 7:15,0,0.05372405
1/7/2021 7:20,0,0.05738706
1/7/2021 7:25,0,0.05250305
1/7/2021 7:30,0,0.05250305
1/7/2021 7:35,0,0.05128205
1/7/2021 7:40,0,0.05250305
1/7/2021 7:45,0,0.04884005
1/7/2021 7:50,0,0.05494506
1/7/2021 7:55,0,0.04884005
1/7/2021 8:00,0,0.04884005
1/7/2021 8:05,0,0.04884005
1/7/2021 8:10,0,0.05006105
1/7/2021 8:15,0,0.05006105
1/7/2021 8:20,0,0.04884005
1/7/2021 8:25,0,0.04884005
1/7/2021 8:30,0,0.07203908
1/7/2021 8:35,0,0.05128205
1/7/2021 8:40,0,0.04884005
1/7/2021 8:45,0,0.04884005
1/7/2021 8:50,0,0.04884005
1/7/2021 8:55,0,0.04517705
1/7/2021 9:00,0,0.05128205
1/7/2021 9:05,0,0.04884005
1/7/2021 9:10,0,0.04761905
1/7/2021 9:15,0,0.04517705
1/7/2021 9:20,0,0.04884005
1/7/2021 9:25,0,0.04517705
1/7/2021 9:30,0,0.04517705
1/7/2021 9:35,0,0.04517705
1/7/2021 9:40,0,0.04639805
1/7/2021 9:45,0,0.04517705
1/7/2021 9:50,0,0.05372405
1/7/2021 9:55,0,0.04395605
1/7/2021 10:00,0,0.04517705
1/7/2021 10:05,0,0.04639805
1/7/2021 10:10,0,0.04639805
1/7/2021 10:15,0,0.04395605
1/7/2021 10:20,0,0.04395605
1/7/2021 10:25,0,0.04273504
1/7/2021 10:30,0,0.04395605
1/7/2021 10:35,0,0.04395605
1/7/2021 10:40,0,0.04273504
1/7/2021 10:45,0,0.04273504
1/7/2021 10:50,0,0.04395605
1/7/2021 10:55,0,0.04273504
1/7/2021 11:00,0,0.04151404
1/7/2021 11:05,0,0.04151404
1/7/2021 11:10,0,0.04151404
1/7/2021 11:15,0,0.04395605
1/7/2021 11:20,0,0.04395605
1/7/2021 11:25,0,0.04151404
1/7/2021 11:30,0,0.04761905
1/7/2021 11:35,0,0.04395605
1/7/2021 11:40,0,0.04273504
1/7/2021 11:45,0,0.04151404
1/7/2021 11:50,0,0.04395605
1/7/2021 11:55,0,0.04273504
1/7/2021 12:00,0,0.04151404
1/7/2021 12:05,0,0.04029304
1/7/2021 12:10,0,0.04151404
1/7/2021 12:15,0,0.04151404
1/7/2021 12:20,0,0.04151404
1/7/2021 12:25,0,0.04151404
1/7/2021 12:30,0,0.04151404
1/7/2021 12:35,0,0.04029304
1/7/2021 12:40,0,0.04029304
1/7/2021 12:45,0,0.04151404
1/7/2021 12:50,0,0.04151404
1/7/2021 12:55,0,0.04151404
1/7/2021 13:00,0,0.04029304
1/7/2021 13:05,0,0.04029304
1/7/2021 13:10,0,0.04151404
1/7/2021 13:15,0,0.04151404
1/7/2021 13:20,0,0.05982906
1/7/2021 13:25,0,0.04029304
1/7/2021 13:30,0,0.04395605
1/7/2021 13:35,0,0.04151404
1/7/2021 13:40,0,0.04029304
1/7/2021 13:45,0,0.04029304
1/7/2021 13:50,0,0.04029304
1/7/2021 13:55,0,0.04151404
1/7/2021 14:00,0,0.04029304
1/7/2021 14:05,0,0.04029304
1/7/2021 14:10,0,0.04151404
1/7/2021 14:15,0,0.04395605
1/7/2021 14:20,0,0.04029304
1/7/2021 14:25,0,0.04151404
1/7/2021 14:30,0,0.04029304
1/7/2021 14:35,0,0.04395605
1/7/2021 14:40,0,0.04273504
1/7/2021 14:45,0,0.04151404
1/7/2021 14:50,0,0.04029304
1/7/2021 14:55,0,0.04029304
1/7/2021 15:00,0,0.04029304
1/7/2021 15:05,0,0.04029304
1/7/2021 15:10,0,0.04029304
1/7/2021 15:15,0,0.03907204
1/7/2021 15:20,0,0.03907204
1/7/2021 15:25,0,0.04029304
1/7/2021 15:30,0,0.03907204
1/7/2021 15:35,0,0.03907204
1/7/2021 15:40,0,0.04029304
1/7/2021 15:45,0,0.04029304
1/7/2021 15:50,0,0.04029304
1/7/2021 15:55,0,0.04029304
1/7/2021 16:00,0,0.04029304
1/7/2021 16:05,0,0.04029304
1/7/2021 16:10,0,0.04029304
1/7/2021 16:15,0,0.04029304
1/7/2021 16:20,0,0.04029304
1/7/2021 16:25,0,0.04151404
1/7/2021 16:30,0,0.03907204
1/7/2021 16:35,0,0.04029304
1/7/2021 16:40,0,0.04029304
1/7/2021 16:45,0,0.04029304
1/7/2021 16:50,0,0.03907204
1/7/2021 16:55,0,0.04029304
1/7/2021 17:00,0,0.03907204
1/7/2021 17:05,0,0.04029304
1/7/2021 17:10,0,0.04029304
1/7/2021 17:15,0,0.04029304
1/7/2021 17:20,0,0.04029304
1/7/2021 17:25,0,0.04029304
1/7/2021 17:30,0,0.03907204
1/7/2021 17:35,0,0.04029304
1/7/2021 17:40,0,0.03907204
1/7/2021 17:45,0,0.04029304
1/7/2021 17:50,0,0.03907204
1/7/2021 17:55,0,0.04029304
1/7/2021 18:00,0,0.04029304
1/7/2021 18:05,0,0.03907204
1/7/2021 18:10,0,0.04029304
1/7/2021 18:15,0,0.04029304
1/7/2021 18:20,0,0.03907204
1/7/2021 18:25,0,0.04029304
1/7/2021 18:30,0,0.04029304
1/7/2021 18:35,0,0.04029304
1/7/2021 18:40,0,0.04029304
1/7/2021 18:45,0,0.03785104
1/7/2021 18:50,0,0.04029304
1/7/2021 18:55,0,0.03907204
1/7/2021 19:00,0,0.03907204
1/7/2021 19:05,0,0.03907204
1/7/2021 19:10,0,0.03907204
1/7/2021 19:15,0,0.04029304
1/7/2021 19:20,0,0.04029304
1/7/2021 19:25,0,0.03907204
1/7/2021 19:30,0,0.03907204
1/7/2021 19:35,0,0.04029304
1/7/2021 19:40,0,0.03907204
1/7/2021 19:45,0,0.04029304
1/7/2021 19:50,0,0.03907204
1/7/2021 19:55,0,0.03907204
1/7/2021 20:00,0,0.03785104
1/7/2021 20:05,0,0.03907204
1/7/2021 20:10,0,0.03785104
1/7/2021 20:15,0,0.03907204
1/7/2021 20:20,0,0.04029304
1/7/2021 20:25,0,0.04029304
1/7/2021 20:30,0,0.03907204
1/7/2021 20:35,0,0.03907204
1/7/2021 20:40,0,0.03907204
1/7/2021 20:45,0,0.04029304
1/7/2021 20:50,0,0.03907204
1/7/2021 20:55,0,0.04029304
1/7/2021 21:00,0,0.03785104
1/7/2021 21:05,0,0.03907204
1/7/2021 21:10,0,0.03907204
1/7/2021 21:15,0,0.03907204
1/7/2021 21:20,0,0.03785104
1/7/2021 21:25,0,0.03785104
1/7/2021 21:30,0,0.03907204
1/7/2021 21:35,0,0.03907204
1/7/2021 21:40,0,0.03785104
1/7/2021 21:45,0,0.03785104
1/7/2021 21:50,0,0.03785104
1/7/2021 21:55,0,0.03785104
1/7/2021 22:00,0,0.03785104
1/7/2021 22:05,0,0.03907204
1/7/2021 22:10,0,0.04029304
1/7/2021 22:15,0,0.03907204
1/7/2021 22:20,0,0.03907204
1/7/2021 22:25,0,0.03785104
1/7/2021 22:30,0,0.03907204
1/7/2021 22:35,0,0.03907204
1/7/2021 22:40,0,0.03907204
1/7/2021 22:45,0,0.03907204
1/7/2021 22:50,0,0.03785104
1/7/2021 22:55,0,0.04029304
1/7/2021 23:00,0,0.03907204
1/7/2021 23:05,0,0.04029304
1/7/2021 23:10,0,0.03907204
1/7/2021 23:15,0,0.03907204
1/7/2021 23:20,0,0.03907204
1/7/2021 23:25,0,0.03785104
1/7/2021 23:30,0,0.03907204
1/7/2021 23:35,0,0.03785104
1/7/2021 23:40,0,0.03907204
1/7/2021 23:45,0,0.03785104
1/7/2021 23:50,0,0.03907204
1/7/2021 23:55,0,0.03907204
1/8/2021 0:00,0,0.03785104
1/8/2021 0:05,0,0.03785104
1/8/2021 0:10,0,0.03907204
1/8/2021 0:15,0,0.03785104
1/8/2021 0:20,0,0.04273504
1/8/2021 0:25,0,0.03785104
1/8/2021 0:30,0,0.03785104
1/8/2021 0:35,0,0.03785104
1/8/2021 0:40,0,0.04029304
1/8/2021 0:45,0,0.03785104
1/8/2021 0:50,0,0.03785104
1/8/2021 0:55,0,0.03785104
1/8/2021 1:00,0,0.03785104
1/8/2021 1:05,0,0.04029304
1/8/2021 1:10,0,0.03785104
1/8/2021 1:15,0,0.03785104
1/8/2021 1:20,0,0.03785104
1/8/2021 1:25,0,0.03785104
1/8/2021 1:30,0,0.03785104
1/8/2021 1:35,0,0.03785104
1/8/2021 1:40,0,0.03785104
1/8/2021 1:45,0,0.03785104
1/8/2021 1:50,0,0.03907204
1/8/2021 1:55,0,0.03785104
1/8/2021 2:00,0,0.03785104
1/8/2021 2:05,0,0.03907204
1/8/2021 2:10,0,0.03785104
1/8/2021 2:15,0,0.03785104
1/8/2021 2:20,0,0.03907204
1/8/2021 2:25,0,0.03785104
1/8/2021 2:30,0,0.03907204
1/8/2021 2:35,0,0.03907204
1/8/2021 2:40,0,0.03785104
1/8/2021 2:45,0,0.03785104
1/8/2021 2:50,0,0.03785104
1/8/2021 2:55,0,0.04029304
1/8/2021 3:00,0,0.03907204
1/8/2021 3:05,0,0.03907204
1/8/2021 3:10,0,0.03907204
1/8/2021 3:15,0,0.03907204
1/8/2021 3:20,0,0.03907204
1/8/2021 3:25,0,0.03785104
1/8/2021 3:30,0,0.03785104
1/8/2021 3:35,0,0.03785104
1/8/2021 3:40,0,0.03785104
1/8/2021 3:45,0,0.03907204
1/8/2021 3:50,0,0.03785104
1/8/2021 3:55,0,0.04395605
1/8/2021 4:00,0,0.03907204
1/8/2021 4:05,0,0.03785104
1/8/2021 4:10,0,0.03785104
1/8/2021 4:15,0,0.03785104
1/8/2021 4:20,0,0.03785104
1/8/2021 4:25,0,0.04029304
1/8/2021 4:30,0,0.04029304
1/8/2021 4:35,0,0.03785104
1/8/2021 4:40,0,0.03785104
1/8/2021 4:45,0,0.03785104
1/8/2021 4:50,0,0.04151404
1/8/2021 4:55,0,0.04151404
1/8/2021 5:00,0,0.03785104
1/8/2021 5:05,0,0.03907204
1/8/2021 5:10,0,0.04029304
1/8/2021 5:15,0,0.03785104
1/8/2021 5:20,0,0.03785104
1/8/2021 5:25,0,0.03785104
1/8/2021 5:30,0,0.03785104
1/8/2021 5:35,0,0.03785104
1/8/2021 5:40,0,0.03785104
1/8/2021 5:45,0,0.03907204
1/8/2021 5:50,0,0.03785104
1/8/2021 5:55,0,0.03785104
1/8/2021 6:00,0,0.03907204
1/8/2021 6:05,0,0.03785104
1/8/2021 6:10,0,0.03785104
1/8/2021 6:15,0,0.03785104
1/8/2021 6:20,0,0.03785104
1/8/2021 6:25,0,0.03785104
1/8/2021 6:30,0,0.03785104
1/8/2021 6:35,0,0.04273504
1/8/2021 6:40,0,0.03785104
1/8/2021 6:45,0,0.03785104
1/8/2021 6:50,0,0.03785104
1/8/2021 6:55,0,0.03907204
1/8/2021 7:00,0,0.03785104
1/8/2021 7:05,0,0.03785104
1/8/2021 7:10,0,0.03785104
1/8/2021 7:15,0,0.04029304
1/8/2021 7:20,0,0.04151404
1/8/2021 7:25,0,0.03907204
1/8/2021 7:30,0,0.08913309
1/8/2021 7:35,0,0.03785104
1/8/2021 7:40,0,0.03785104
1/8/2021 7:45,0,0.03785104
1/8/2021 7:50,0,0.03785104
1/8/2021 7:55,0,0.03785104
1/8/2021 8:00,0,0.03785104
1/8/2021 8:05,0,0.03907204
1/8/2021 8:10,0,0.03785104
1/8/2021 8:15,0,0.03663004
1/8/2021 8:20,0,0.03785104
1/8/2021 8:25,0,0.03785104
1/8/2021 8:30,0,0.03785104
1/8/2021 8:35,0,0.03785104
1/8/2021 8:40,0,0.03785104
1/8/2021 8:45,0,0.03785104
1/8/2021 8:50,0,0.03663004
1/8/2021 8:55,0,0.03663004
1/8/2021 9:00,0,0.03785104
1/8/2021 9:05,0,0.04029304
1/8/2021 9:10,0,0.03785104
1/8/2021 9:15,0,0.03785104
1/8/2021 9:20,0,0.03785104
1/8/2021 9:25,0,0.03663004
1/8/2021 9:30,0,0.03785104
1/8/2021 9:35,0,0.03663004
1/8/2021 9:40,0,0.03663004
1/8/2021 9:45,0,0.04029304
1/8/2021 9:50,0,0.03663004
1/8/2021 9:55,0,0.03663004
1/8/2021 10:00,0,0.03663004
1/8/2021 10:05,0,0.03785104
1/8/2021 10:10,0,0.03663004
1/8/2021 10:15,0,0.03663004
1/8/2021 10:20,0,0.03785104
1/8/2021 10:25,0,0.03785104
1/8/2021 10:30,0,0.03785104
1/8/2021 10:35,0,0.03663004
1/8/2021 10:40,0,0.03785104
1/8/2021 10:45,0,0.03785104
1/8/2021 10:50,0,0.03785104
1/8/2021 10:55,0,0.03785104
1/8/2021 11:00,0,0.03785104
1/8/2021 11:05,0,0.03663004
1/8/2021 11:10,0,0.03785104
1/8/2021 11:15,0,0.03663004
1/8/2021 11:20,0,0.03663004
1/8/2021 11:25,0,0.03785104
1/8/2021 11:30,0,0.03663004
1/8/2021 11:35,0,0.03663004
1/8/2021 11:40,0,0.03663004
1/8/2021 11:45,0,0.03540904
1/8/2021 11:50,0,0.03663004
1/8/2021 11:55,0,0.03663004
1/8/2021 12:00,0,0.03540904
1/8/2021 12:05,0,0.03663004
1/8/2021 12:10,0,0.03663004
1/8/2021 12:15,0,0.03540904
1/8/2021 12:20,0,0.03663004
1/8/2021 12:25,0,0.03663004
1/8/2021 12:30,0,0.03785104
1/8/2021 12:35,0,0.03540904
1/8/2021 12:40,0,0.03663004
1/8/2021 12:45,0,0.03540904
1/8/2021 12:50,0,0.03540904
1/8/2021 12:55,0,0.03663004
1/8/2021 13:00,0,0.03540904
1/8/2021 13:05,0,0.03663004
1/8/2021 13:10,0,0.03663004
1/8/2021 13:15,0,0.03540904
1/8/2021 13:20,0,0.03663004
1/8/2021 13:25,0,0.03540904
1/8/2021 13:30,0,0.03663004
1/8/2021 13:35,0,0.03663004
1/8/2021 13:40,0,0.03785104
1/8/2021 13:45,0,0.03663004
1/8/2021 13:50,0,0.03663004
1/8/2021 13:55,0,0.03907204
1/8/2021 14:00,0,0.03663004
1/8/2021 14:05,0,0.03663004
1/8/2021 14:10,0,0.03663004
1/8/2021 14:15,0,0.03663004
1/8/2021 14:20,0,0.03540904
1/8/2021 14:25,0,0.03540904
1/8/2021 14:30,0,0.03785104
1/8/2021 14:35,0,0.03785104
1/8/2021 14:40,0,0.04273504
1/8/2021 14:45,0,0.03663004
1/8/2021 14:50,0,0.03663004
1/8/2021 14:55,0,0.03663004
1/8/2021 15:00,0,0.03663004
1/8/2021 15:05,0,0.03663004
1/8/2021 15:10,0,0.03540904
1/8/2021 15:15,0,0.03540904
1/8/2021 15:20,0,0.03663004
1/8/2021 15:25,0,0.03663004
1/8/2021 15:30,0,0.03663004
1/8/2021 15:35,0,0.03663004
1/8/2021 15:40,0,0.03663004
1/8/2021 15:45,0,0.03540904
1/8/2021 15:50,0,0.03663004
1/8/2021 15:55,0,0.03540904
1/8/2021 16:00,0,0.03663004
1/8/2021 16:05,0,0.03663004
1/8/2021 16:10,0,0.03540904
1/8/2021 16:15,0,0.03540904
1/8/2021 16:20,0,0.03540904
1/8/2021 16:25,0,0.03663004
1/8/2021 16:30,0,0.03540904
1/8/2021 16:35,0,0.03540904
1/8/2021 16:40,0,0.03540904
1/8/2021 16:45,0,0.03540904
1/8/2021 16:50,0,0.03540904
1/8/2021 16:55,0,0.03540904
1/8/2021 17:00,0,0.03540904
1/8/2021 17:05,0,0.03540904
1/8/2021 17:10,0,0.03540904
1/8/2021 17:15,0,0.03785104
1/8/2021 17:20,0,0.03540904
1/8/2021 17:25,0,0.03540904
1/8/2021 17:30,0,0.03540904
1/8/2021 17:35,0,0.03540904
1/8/2021 17:40,0,0.03540904
1/8/2021 17:45,0,0.03540904
1/8/2021 17:50,0,0.03540904
1/8/2021 17:55,0,0.03540904
1/8/2021 18:00,0,0.03540904
1/8/2021 18:05,0,0.03540904
1/8/2021 18:10,0,0.03540904
1/8/2021 18:15,0,0.03663004
1/8/2021 18:20,0,0.03540904
1/8/2021 18:25,0,0.03663004
1/8/2021 18:30,0,0.03540904
1/8/2021 18:35,0,0.03540904
1/8/2021 18:40,0,0.03540904
1/8/2021 18:45,0,0.03663004
1/8/2021 18:50,0,0.03540904
1/8/2021 18:55,0,0.03540904
1/8/2021 19:00,0,0.03663004
1/8/2021 19:05,0,0.03540904
1/8/2021 19:10,0,0.03540904
1/8/2021 19:15,0,0.03540904
1/8/2021 19:20,0,0.03540904
1/8/2021 19:25,0,0.03540904
1/8/2021 19:30,0,0.03540904
1/8/2021 19:35,0,0.03540904
1/8/2021 19:40,0,0.03540904
1/8/2021 19:45,0,0.03540904
1/8/2021 19:50,0,0.03540904
1/8/2021 19:55,0,0.03663004
1/8/2021 20:00,0,0.03540904
1/8/2021 20:05,0,0.03540904
1/8/2021 20:10,0,0.03540904
1/8/2021 20:15,0,0.03663004
1/8/2021 20:20,0,0.03540904
1/8/2021 20:25,0,0.03540904
1/8/2021 20:30,0,0.03540904
1/8/2021 20:35,0,0.03540904
1/8/2021 20:40,0,0.03540904
1/8/2021 20:45,0,0.03540904
1/8/2021 20:50,0,0.03540904
1/8/2021 20:55,0,0.03663004
1/8/2021 21:00,0,0.03540904
1/8/2021 21:05,0,0.03540904
1/8/2021 21:10,0,0.03540904
1/8/2021 21:15,0,0.03540904
1/8/2021 21:20,0,0.03540904
1/8/2021 21:25,0,0.03540904
1/8/2021 21:30,0,0.03540904
1/8/2021 21:35,0,0.03540904
1/8/2021 21:40,0,0.03540904
1/8/2021 21:45,0,0.03540904
1/8/2021 21:50,0,0.03540904
1/8/2021 21:55,0,0.03540904
1/8/2021 22:00,0,0.03663004
1/8/2021 22:05,0,0.03540904
1/8/2021 22:10,0,0.03663004
1/8/2021 22:15,0,0.03540904
1/8/2021 22:20,0,0.03540904
1/8/2021 22:25,0,0.03540904
1/8/2021 22:30,0,0.03540904
1/8/2021 22:35,0,0.03540904
1/8/2021 22:40,0,0.03540904
1/8/2021 22:45,0,0.03540904
1/8/2021 22:50,0,0.03785104
1/8/2021 22:55,0,0.03540904
1/8/2021 23:00,0,0.03540904
1/8/2021 23:05,0,0.03540904
1/8/2021 23:10,0,0.03540904
1/8/2021 23:15,0,0.03663004
1/8/2021 23:20,0,0.03540904
1/8/2021 23:25,0,0.03540904
1/8/2021 23:30,0,0.03540904
1/8/2021 23:35,0,0.03540904
1/8/2021 23:40,0,0.03540904
1/8/2021 23:45,0,0.03663004
1/8/2021 23:50,0,0.03540904
1/8/2021 23:55,0,0.03663004
1/9/2021 0:00,0,0.03540904
1/9/2021 0:05,0,0.03540904
1/9/2021 0:10,0,0.03785104
1/9/2021 0:15,0,0.03663004
1/9/2021 0:20,0,0.03663004
1/9/2021 0:25,0,0.03540904
1/9/2021 0:30,0,0.03540904
1/9/2021 0:35,0,0.03540904
1/9/2021 0:40,0,0.03540904
1/9/2021 0:45,0,0.03540904
1/9/2021 0:50,0,0.03540904
1/9/2021 0:55,0,0.03540904
1/9/2021 1:00,0,0.03540904
1/9/2021 1:05,0,0.03540904
1/9/2021 1:10,0,0.03540904
1/9/2021 1:15,0,0.03540904
1/9/2021 1:20,0,0.03540904
1/9/2021 1:25,0,0.03663004
1/9/2021 1:30,0,0.03540904
1/9/2021 1:35,0,0.03540904
1/9/2021 1:40,0,0.03540904
1/9/2021 1:45,0,0.03540904
1/9/2021 1:50,0,0.03663004
1/9/2021 1:55,0,0.03540904
1/9/2021 2:00,0,0.03540904
1/9/2021 2:05,0,0.03540904
1/9/2021 2:10,0,0.03540904
1/9/2021 2:15,0,0.03540904
1/9/2021 2:20,0,0.03540904
1/9/2021 2:25,0,0.03540904
1/9/2021 2:30,0,0.03540904
1/9/2021 2:35,0,0.03540904
1/9/2021 2:40,0,0.03663004
1/9/2021 2:45,0,0.03540904
1/9/2021 2:50,0,0.03540904
1/9/2021 2:55,0,0.03540904
1/9/2021 3:00,0,0.03540904
1/9/2021 3:05,0,0.03540904
1/9/2021 3:10,0,0.03540904
1/9/2021 3:15,0,0.03540904
1/9/2021 3:20,0,0.03540904
1/9/2021 3:25,0,0.03540904
1/9/2021 3:30,0,0.03540904
1/9/2021 3:35,0,0.03540904
1/9/2021 3:40,0,0.03663004
1/9/2021 3:45,0,0.03663004
1/9/2021 3:50,0,0.03540904
1/9/2021 3:55,0,0.03663004
1/9/2021 4:00,0,0.03540904
1/9/2021 4:05,0,0.03540904
1/9/2021 4:10,0,0.03540904
1/9/2021 4:15,0,0.03540904
1/9/2021 4:20,0,0.03540904
1/9/2021 4:25,0,0.03540904
1/9/2021 4:30,0,0.03540904
1/9/2021 4:35,0,0.03663004
1/9/2021 4:40,0,0.03540904
1/9/2021 4:45,0,0.03540904
1/9/2021 4:50,0,0.03540904
1/9/2021 4:55,0,0.03540904
1/9/2021 5:00,0,0.03540904
1/9/2021 5:05,0,0.03540904
1/9/2021 5:10,0,0.03540904
1/9/2021 5:15,0,0.03540904
1/9/2021 5:20,0,0.03540904
1/9/2021 5:25,0,0.03540904
1/9/2021 5:30,0,0.03540904
1/9/2021 5:35,0,0.03540904
1/9/2021 5:40,0,0.03540904
1/9/2021 5:45,0,0.03540904
1/9/2021 5:50,0,0.03540904
1/9/2021 5:55,0,0.03540904
1/9/2021 6:00,0,0.03540904
1/9/2021 6:05,0,0.03540904
1/9/2021 6:10,0,0.03540904
1/9/2021 6:15,0,0.03540904
1/9/2021 6:20,0,0.03540904
1/9/2021 6:25,0,0.03540904
1/9/2021 6:30,0,0.03540904
1/9/2021 6:35,0,0.03540904
1/9/2021 6:40,0,0.03540904
1/9/2021 6:45,0,0.03540904
1/9/2021 6:50,0,0.03540904
1/9/2021 6:55,0,0.03540904
1/9/2021 7:00,0,0.03540904
1/9/2021 7:05,0,0.03540904
1/9/2021 7:10,0,0.03540904
1/9/2021 7:15,0,0.03540904
1/9/2021 7:20,0,0.03540904
1/9/2021 7:25,0,0.03540904
1/9/2021 7:30,0,0.03540904
1/9/2021 7:35,0,0.03540904
1/9/2021 7:40,0,0.03540904
1/9/2021 7:45,0,0.03540904
1/9/2021 7:50,0,0.03540904
1/9/2021 7:55,0,0.03540904
1/9/2021 8:00,0,0.03540904
1/9/2021 8:05,0,0.03540904
1/9/2021 8:10,0,0.03540904
1/9/2021 8:15,0,0.03540904
1/9/2021 8:20,0,0.03540904
1/9/2021 8:25,0,0.03540904
1/9/2021 8:30,0,0.03663004
1/9/2021 8:35,0,0.03540904
1/9/2021 8:40,0,0.03663004
1/9/2021 8:45,0,0.03540904
1/9/2021 8:50,0,0.03540904
1/9/2021 8:55,0,0.03540904
1/9/2021 9:00,0,0.03540904
1/9/2021 9:05,0,0.03540904
1/9/2021 9:10,0,0.03540904
1/9/2021 9:15,0,0.03540904
1/9/2021 9:20,0,0.03540904
1/9/2021 9:25,0,0.03540904
1/9/2021 9:30,0,0.03540904
1/9/2021 9:35,0,0.03540904
1/9/2021 9:40,0,0.03540904
1/9/2021 9:45,0,0.03540904
1/9/2021 9:50,0,0.03663004
1/9/2021 9:55,0,0.03540904
1/9/2021 10:00,0,0.03540904
1/9/2021 10:05,0,0.03540904
1/9/2021 10:10,0,0.03540904
1/9/2021 10:15,0,0.03540904
1/9/2021 10:20,0,0.03540904
1/9/2021 10:25,0,0.03663004
1/9/2021 10:30,0,0.03540904
1/9/2021 10:35,0,0.03663004
1/9/2021 10:40,0,0.03540904
1/9/2021 10:45,0,0.03540904
1/9/2021 10:50,0,0.03540904
1/9/2021 10:55,0,0.03540904
1/9/2021 11:00,0,0.03540904
1/9/2021 11:05,0,0.03540904
1/9/2021 11:10,0,0.03540904
1/9/2021 11:15,0,0.03540904
1/9/2021 11:20,0,0.03540904
1/9/2021 11:25,0,0.03540904
1/9/2021 11:30,0,0.03785104
1/9/2021 11:35,0,0.03540904
1/9/2021 11:40,0,0.03540904
1/9/2021 11:45,0,0.03540904
1/9/2021 11:50,0,0.03663004
1/9/2021 11:55,0,0.03540904
1/9/2021 12:00,0,0.03540904
1/9/2021 12:05,0,0.03540904
1/9/2021 12:10,0,0.03540904
1/9/2021 12:15,0,0.03540904
1/9/2021 12:20,0,0.03540904
1/9/2021 12:25,0,0.03540904
1/9/2021 12:30,0,0.03540904
1/9/2021 12:35,0,0.03540904
1/9/2021 12:40,0,0.03540904
1/9/2021 12:45,0,0.03540904
1/9/2021 12:50,0,0.03540904
1/9/2021 12:55,0,0.03540904
1/9/2021 13:00,0,0.03540904
1/9/2021 13:05,0,0.03540904
1/9/2021 13:10,0,0.03540904
1/9/2021 13:15,0,0.03540904
1/9/2021 13:20,0,0.03540904
1/9/2021 13:25,0,0.03540904
1/9/2021 13:30,0,0.03540904
1/9/2021 13:35,0,0.03540904
1/9/2021 13:40,0,0.03540904
1/9/2021 13:45,0,0.03540904
1/9/2021 13:50,0,0.03540904
1/9/2021 13:55,0,0.03540904
1/9/2021 14:00,0,0.03540904
1/9/2021 14:05,0,0.03540904
1/9/2021 14:10,0,0.03663004
1/9/2021 14:15,0,0.03540904
1/9/2021 14:20,0,0.03663004
1/9/2021 14:25,0,0.03540904
1/9/2021 14:30,0,0.03540904
1/9/2021 14:35,0,0.03540904
1/9/2021 14:40,0,0.03663004
1/9/2021 14:45,0,0.03540904
1/9/2021 14:50,0,0.03540904
1/9/2021 14:55,0,0.03540904
1/9/2021 15:00,0,0.03540904
1/9/2021 15:05,0,0.03540904
1/9/2021 15:10,0,0.03540904
1/9/2021 15:15,0,0.03540904
1/9/2021 15:20,0,0.03540904
1/9/2021 15:25,0,0.03540904
1/9/2021 15:30,0,0.03540904
1/9/2021 15:35,0,0.03540904
1/9/2021 15:40,0,0.03540904
1/9/2021 15:45,0,0.03540904
1/9/2021 15:50,0,0.03540904
1/9/2021 15:55,0,0.03663004
1/9/2021 16:00,0,0.03540904
1/9/2021 16:05,0,0.03540904
1/9/2021 16:10,0,0.03663004
1/9/2021 16:15,0,0.03540904
1/9/2021 16:20,0,0.03540904
1/9/2021 16:25,0,0.03540904
1/9/2021 16:30,0,0.03540904
1/9/2021 16:35,0,0.03540904
1/9/2021 16:40,0,0.03540904
1/9/2021 16:45,0,0.03540904
1/9/2021 16:50,0,0.03540904
1/9/2021 16:55,0,0.03540904
1/9/2021 17:00,0,0.03540904
1/9/2021 17:05,0,0.03540904
1/9/2021 17:10,0,0.03540904
1/9/2021 17:15,0,0.03540904
1/9/2021 17:20,0,0.03663004
1/9/2021 17:25,0,0.03540904
1/9/2021 17:30,0,0.03540904
1/9/2021 17:35,0,0.03663004
1/9/2021 17:40,0,0.03540904
1/9/2021 17:45,0,0.03785104
1/9/2021 17:50,0,0.03540904
1/9/2021 17:55,0,0.03540904
1/9/2021 18:00,0,0.03540904
1/9/2021 18:05,0,0.03540904
1/9/2021 18:10,0,0.03540904
1/9/2021 18:15,0,0.03540904
1/9/2021 18:20,0,0.03540904
1/9/2021 18:25,0,0.03540904
1/9/2021 18:30,0,0.03663004
1/9/2021 18:35,0,0.03663004
1/9/2021 18:40,0,0.03540904
1/9/2021 18:45,0,0.03540904
1/9/2021 18:50,0,0.03663004
1/9/2021 18:55,0,0.03540904
1/9/2021 19:00,0,0.03540904
1/9/2021 19:05,0,0.03540904
1/9/2021 19:10,0,0.03540904
1/9/2021 19:15,0,0.03540904
1/9/2021 19:20,0,0.03540904
1/9/2021 19:25,0,0.03663004
1/9/2021 19:30,0,0.03663004
1/9/2021 19:35,0,0.03540904
1/9/2021 19:40,0,0.03540904
1/9/2021 19:45,0,0.03540904
1/9/2021 19:50,0,0.03663004
1/9/2021 19:55,0,0.03663004
1/9/2021 20:00,0,0.03663004
1/9/2021 20:05,0,0.03663004
1/9/2021 20:10,0,0.03663004
1/9/2021 20:15,0,0.03540904
1/9/2021 20:20,0,0.03540904
1/9/2021 20:25,0,0.03663004
1/9/2021 20:30,0,0.03663004
1/9/2021 20:35,0,0.03663004
1/9/2021 20:40,0,0.03663004
1/9/2021 20:45,0,0.03540904
1/9/2021 20:50,0,0.03663004
1/9/2021 20:55,0,0.03540904
1/9/2021 21:00,0,0.03540904
1/9/2021 21:05,0,0.03907204
1/9/2021 21:10,0,0.03663004
1/9/2021 21:15,0,0.03785104
1/9/2021 21:20,0,0.03663004
1/9/2021 21:25,0,0.03540904
1/9/2021 21:30,0,0.03663004
1/9/2021 21:35,0,0.03663004
1/9/2021 21:40,0,0.03663004
1/9/2021 21:45,0,0.03663004
1/9/2021 21:50,0,0.03663004
1/9/2021 21:55,0,0.03663004
1/9/2021 22:00,0,0.03663004
1/9/2021 22:05,0,0.03663004
1/9/2021 22:10,0,0.03663004
1/9/2021 22:15,0,0.03663004
1/9/2021 22:20,0,0.03663004
1/9/2021 22:25,0,0.03663004
1/9/2021 22:30,0,0.03785104
1/9/2021 22:35,0,0.03663004
1/9/2021 22:40,0,0.03663004
1/9/2021 22:45,0,0.03663004
1/9/2021 22:50,0,0.03663004
1/9/2021 22:55,0,0.03785104
1/9/2021 23:00,0,0.03663004
1/9/2021 23:05,0,0.03540904
1/9/2021 23:10,0,0.03663004
1/9/2021 23:15,0,0.03663004
1/9/2021 23:20,0,0.03663004
1/9/2021 23:25,0,0.03663004
1/9/2021 23:30,0,0.03785104
1/9/2021 23:35,0,0.03663004
1/9/2021 23:40,0,0.03785104
1/9/2021 23:45,0,0.03663004
1/9/2021 23:50,0,0.03663004
1/9/2021 23:55,0,0.03663004
1/10/2021 0:00,0,0.03663004
1/10/2021 0:05,0,0.03663004
1/10/2021 0:10,0,0.03663004
1/10/2021 0:15,0,0.03663004
1/10/2021 0:20,0,0.03663004
1/10/2021 0:25,0,0.03785104
1/10/2021 0:30,0,0.03663004
1/10/2021 0:35,0,0.03785104
1/10/2021 0:40,0,0.03663004
1/10/2021 0:45,0,0.03663004
1/10/2021 0:50,0,0.03663004
1/10/2021 0:55,0,0.03663004
1/10/2021 1:00,0,0.03663004
1/10/2021 1:05,0,0.03663004
1/10/2021 1:10,0,0.03663004
1/10/2021 1:15,0,0.03663004
1/10/2021 1:20,0,0.03663004
1/10/2021 1:25,0,0.03785104
1/10/2021 1:30,0,0.03663004
1/10/2021 1:35,0,0.03663004
1/10/2021 1:40,0,0.03663004
1/10/2021 1:45,0,0.03663004
1/10/2021 1:50,0,0.03663004
1/10/2021 1:55,0,-1
1/10/2021 2:00,0,-1
1/10/2021 2:05,0,-1
1/10/2021 2:10,0,-1
1/10/2021 2:15,0,-1
1/10/2021 2:20,0,-1
1/10/2021 2:25,0,-1
1/10/2021 2:30,0,-1
1/10/2021 2:35,0,-1
1/10/2021 2:40,0,-1
1/10/2021 2:45,0,-1
1/10/2021 2:50,0,-1
1/10/2021 2:55,0,-1
1/10/2021 3:00,0,-1
1/10/2021 3:05,0,-1
1/10/2021 3:10,0,-1
1/10/2021 3:15,0,-1
1/10/2021 3:20,0,-1
1/10/2021 3:25,0,-1
1/10/2021 3:30,0,-1
1/10/2021 3:35,0,-1
1/10/2021 3:40,0,-1
1/10/2021 3:45,0,-1
1/10/2021 3:50,0,-1
1/10/2021 3:55,0,-1
1/10/2021 4:00,0,-1
1/10/2021 4:05,0,-1
1/10/2021 4:10,0,-1
1/10/2021 4:15,0,-1
1/10/2021 4:20,0,-1
1/10/2021 4:25,0,-1
1/10/2021 4:30,0,-1
1/10/2021 4:35,0,-1
1/10/2021 4:40,0,-1
1/10/2021 4:45,0,-1
1/10/2021 4:50,0,-1
1/10/2021 4:55,0,-1
1/10/2021 5:00,0,-1
1/10/2021 5:05,0,-1
1/10/2021 5:10,0,-1
1/10/2021 5:15,0,-1
1/10/2021 5:20,0,-1
1/10/2021 5:25,0,-1
1/10/2021 5:30,0,-1
1/10/2021 5:35,0,-1
1/10/2021 5:40,0,-1
1/10/2021 5:45,0,-1
1/10/2021 5:50,0,-1
1/10/2021 5:55,0,-1
1/10/2021 6:00,0,-1
1/10/2021 6:05,0,-1
1/10/2021 6:10,0,-1
1/10/2021 6:15,0,-1
1/10/2021 6:20,0,-1
1/10/2021 6:25,0,-1
1/10/2021 6:30,0,-1
1/10/2021 6:35,0,-1
1/10/2021 6:40,0,-1
1/10/2021 6:45,0,-1
1/10/2021 6:50,0,-1
1/10/2021 6:55,0,-1
1/10/2021 7:00,0,-1
1/10/2021 7:05,0,-1
1/10/2021 7:10,0,-1
1/10/2021 7:15,0,-1
1/10/2021 7:20,0,-1
1/10/2021 7:25,0,-1
1/10/2021 7:30,0,-1
1/10/2021 7:35,0,-1
1/10/2021 7:40,0,-1
1/10/2021 7:45,0,-1
1/10/2021 7:50,0,-1
1/10/2021 7:55,0,-1
1/10/2021 8:00,0,-1
1/10/2021 8:05,0,-1
1/10/2021 8:10,0,-1
1/10/2021 8:15,0,-1
1/10/2021 8:20,0,-1
1/10/2021 8:25,0,-1
1/10/2021 8:30,0,-1
1/10/2021 8:35,0,-1
1/10/2021 8:40,0,-1
1/10/2021 8:45,0,-1
1/10/2021 8:50,0,-1
1/10/2021 8:55,0,-1
1/10/2021 9:00,0,-1
1/10/2021 9:05,0,-1
1/10/2021 9:10,0,-1
1/10/2021 9:15,0,-1
1/10/2021 9:20,0,-1
1/10/2021 9:25,0,-1
1/10/2021 9:30,0,-1
1/10/2021 9:35,0,-1
1/10/2021 9:40,0,-1
1/10/2021 9:45,0,-1
1/10/2021 9:50,0,-1
1/10/2021 9:55,0,-1
1/10/2021 10:00,0,-1
1/10/2021 10:05,0,-1
1/10/2021 10:10,0,-1
1/10/2021 10:15,0,-1
1/10/2021 10:20,0,-1
1/10/2021 10:25,0,-1
1/10/2021 10:30,0,-1
1/10/2021 10:35,0,-1
1/10/2021 10:40,0,-1
1/10/2021 10:45,0,-1
1/10/2021 10:50,0,-1
1/10/2021 10:55,0,-1
1/10/2021 11:00,0,-1
1/10/2021 11:05,0,-1
1/10/2021 11:10,0,-1
1/10/2021 11:15,0,-1
1/10/2021 11:20,0,-1
1/10/2021 11:25,0,-1
1/10/2021 11:30,0,-1
1/10/2021 11:35,0,-1
1/10/2021 11:40,0,-1
1/10/2021 11:45,0,-1
1/10/2021 11:50,0,-1
1/10/2021 11:55,0,-1
1/10/2021 12:00,0,-1
1/10/2021 12:05,0,-1
1/10/2021 12:10,0,-1
1/10/2021 12:15,0,-1
1/10/2021 12:20,0,-1
1/10/2021 12:25,0,-1
1/10/2021 12:30,0,-1
1/10/2021 12:35,0,-1
1/10/2021 12:40,0,-1
1/10/2021 12:45,0,-1
1/10/2021 12:50,0,-1
1/10/2021 12:55,0,-1
1/10/2021 13:00,0,-1
1/10/2021 13:05,0,-1
1/10/2021 13:10,0,-1
1/10/2021 13:15,0,-1
1/10/2021 13:20,0,-1
1/10/2021 13:25,0,-1
1/10/2021 13:30,0,-1
1/10/2021 13:35,0,-1
1/10/2021 13:40,0,-1
1/10/2021 13:45,0,-1
1/10/2021 13:50,0,-1
1/10/2021 13:55,0,-1
1/10/2021 14:00,0,-1
1/10/2021 14:05,0,-1
1/10/2021 14:10,0,-1
1/10/2021 14:15,0,-1
1/10/2021 14:20,0,-1
1/10/2021 14:25,0,-1
1/10/2021 14:30,0,-1
1/10/2021 14:35,0,-1
1/10/2021 14:40,0,-1
1/10/2021 14:45,0,-1
1/10/2021 14:50,0,-1
1/10/2021 14:55,0,-1
1/10/2021 15:00,0,-1
1/10/2021 15:05,0,-1
1/10/2021 15:10,0,-1
1/10/2021 15:15,0,-1
1/10/2021 15:20,0,-1
1/10/2021 15:25,0,-1
1/10/2021 15:30,0,-1
1/10/2021 15:35,0,-1
1/10/2021 15:40,0,-1
1/10/2021 15:45,0,-1
1/10/2021 15:50,0,-1
1/10/2021 15:55,0,-1
1/10/2021 16:00,0,-1
1/10/2021 16:05,0,-1
1/10/2021 16:10,0,-1
1/10/2021 16:15,0,-1
1/10/2021 16:20,0,-1
1/10/2021 16:25,0,-1
1/10/2021 16:30,0,-1
1/10/2021 16:35,0,-1
1/10/2021 16:40,0,-1
1/10/2021 16:45,0,-1
1/10/2021 16:50,0,-1
1/10/2021 16:55,0,-1
1/10/2021 17:00,0,-1
1/10/2021 17:05,0,-1
1/10/2021 17:10,0,-1
1/10/2021 17:15,0,-1
1/10/2021 17:20,0,-1
1/10/2021 17:25,0,-1
1/10/2021 17:30,0,-1
1/10/2021 17:35,0,-1
1/10/2021 17:40,0,-1
1/10/2021 17:45,0,-1
1/10/2021 17:50,0,-1
1/10/2021 17:55,0,-1
1/10/2021 18:00,0,-1
1/10/2021 18:05,0,-1
1/10/2021 18:10,0,-1
1/10/2021 18:15,0,-1
1/10/2021 18:20,0,-1
1/10/2021 18:25,0,-1
1/10/2021 18:30,0,-1
1/10/2021 18:35,0,-1
1/10/2021 18:40,0,-1
1/10/2021 18:45,0,-1
1/10/2021 18:50,0,-1
1/10/2021 18:55,0,-1
1/10/2021 19:00,0,-1
1/10/2021 19:05,0,-1
1/10/2021 19:10,0,-1
1/10/2021 19:15,0,-1
1/10/2021 19:20,0,-1
1/10/2021 19:25,0,-1
1/10/2021 19:30,0,-1
1/10/2021 19:35,0,-1
1/10/2021 19:40,0,-1
1/10/2021 19:45,0,-1
1/10/2021 19:50,0,-1
1/10/2021 19:55,0,-1
1/10/2021 20:00,0,-1
1/10/2021 20:05,0,-1
1/10/2021 20:10,0,-1
1/10/2021 20:15,0,-1
1/10/2021 20:20,0,-1
1/10/2021 20:25,0,-1
1/10/2021 20:30,0,-1
1/10/2021 20:35,0,-1
1/10/2021 20:40,0,-1
1/10/2021 20:45,0,-1
1/10/2021 20:50,0,-1
1/10/2021 20:55,0,-1
1/10/2021 21:00,0,-1
1/10/2021 21:05,0,-1
1/10/2021 21:10,0,-1
1/10/2021 21:15,0,-1
1/10/2021 21:20,0,-1
1/10/2021 21:25,0,-1
1/10/2021 21:30,0,-1
1/10/2021 21:35,0,-1
1/10/2021 21:40,0,-1
1/10/2021 21:45,0,-1
1/10/2021 21:50,0,-1
1/10/2021 21:55,0,-1
1/10/2021 22:00,0,-1
1/10/2021 22:05,0,-1
1/10/2021 22:10,0,-1
1/10/2021 22:15,0,-1
1/10/2021 22:20,0,-1
1/10/2021 22:25,0,-1
1/10/2021 22:30,0,-1
1/10/2021 22:35,0,-1
1/10/2021 22:40,0,-1
1/10/2021 22:45,0,-1
1/10/2021 22:50,0,-1
1/10/2021 22:55,0,-1
1/10/2021 23:00,0,-1
1/10/2021 23:05,0,-1
1/10/2021 23:10,0,-1
1/10/2021 23:15,0,-1
1/10/2021 23:20,0,-1
1/10/2021 23:25,0,-1
1/10/2021 23:30,0,-1
1/10/2021 23:35,0,-1
1/10/2021 23:40,0,-1
1/10/2021 23:45,0,-1
1/10/2021 23:50,0,-1
1/10/2021 23:55,0,-1
1/11/2021 0:00,0,-1
1/11/2021 0:05,0,-1
1/11/2021 0:10,0,-1
1/11/2021 0:15,0,-1
1/11/2021 0:20,0,-1
1/11/2021 0:25,0,-1
1/11/2021 0:30,0,-1
1/11/2021 0:35,0,-1
1/11/2021 0:40,0,-1
1/11/2021 0:45,0,-1
1/11/2021 0:50,0,-1
1/11/2021 0:55,0,-1
1/11/2021 1:00,0,-1
1/11/2021 1:05,0,-1
1/11/2021 1:10,0,-1
1/11/2021 1:15,0,-1
1/11/2021 1:20,0,-1
1/11/2021 1:25,0,-1
1/11/2021 1:30,0,-1
1/11/2021 1:35,0,-1
1/11/2021 1:40,0,-1
1/11/2021 1:45,0,-1
1/11/2021 1:50,0,-1
1/11/2021 1:55,0,-1
1/11/2021 2:00,0,-1
1/11/2021 2:05,0,-1
1/11/2021 2:10,0,-1
1/11/2021 2:15,0,-1
1/11/2021 2:20,0,-1
1/11/2021 2:25,0,-1
1/11/2021 2:30,0,-1
1/11/2021 2:35,0,-1
1/11/2021 2:40,0,-1
1/11/2021 2:45,0,-1
1/11/2021 2:50,0,-1
1/11/2021 2:55,0,-1
1/11/2021 3:00,0,-1
1/11/2021 3:05,0,-1
1/11/2021 3:10,0,-1
1/11/2021 3:15,0,-1
1/11/2021 3:20,0,-1
1/11/2021 3:25,0,-1
1/11/2021 3:30,0,-1
1/11/2021 3:35,0,-1
1/11/2021 3:40,0,-1
1/11/2021 3:45,0,-1
1/11/2021 3:50,0,-1
1/11/2021 3:55,0,-1
1/11/2021 4:00,0,-1
1/11/2021 4:05,0,-1
1/11/2021 4:10,0,-1
1/11/2021 4:15,0,-1
1/11/2021 4:20,0,-1
1/11/2021 4:25,0,-1
1/11/2021 4:30,0,-1
1/11/2021 4:35,0,-1
1/11/2021 4:40,0,-1
1/11/2021 4:45,0,-1
1/11/2021 4:50,0,-1
1/11/2021 4:55,0,-1
1/11/2021 5:00,0,-1
1/11/2021 5:05,0,-1
1/11/2021 5:10,0,-1
1/11/2021 5:15,0,-1
1/11/2021 5:20,0,-1
1/11/2021 5:25,0,-1
1/11/2021 5:30,0,-1
1/11/2021 5:35,0,-1
1/11/2021 5:40,0,-1
1/11/2021 5:45,0,-1
1/11/2021 5:50,0,-1
1/11/2021 5:55,0,-1
1/11/2021 6:00,0,-1
1/11/2021 6:05,0,-1
1/11/2021 6:10,0,-1
1/11/2021 6:15,0,-1
1/11/2021 6:20,0,-1
1/11/2021 6:25,0,-1
1/11/2021 6:30,0,-1
1/11/2021 6:35,0,-1
1/11/2021 6:40,0,-1
1/11/2021 6:45,0,-1
1/11/2021 6:50,0,-1
1/11/2021 6:55,0,-1
1/11/2021 7:00,0,-1
1/11/2021 7:05,0,-1
1/11/2021 7:10,0,-1
1/11/2021 7:15,0,-1
1/11/2021 7:20,0,-1
1/11/2021 7:25,0,-1
1/11/2021 7:30,0,-1
1/11/2021 7:35,0,-1
1/11/2021 7:40,0,0.04639805
1/11/2021 7:45,0,-1
1/11/2021 7:50,0,-1
1/11/2021 7:55,0,-1
1/11/2021 8:00,0,-1
1/11/2021 8:05,0,-1
1/11/2021 8:10,0,-1
1/11/2021 8:15,0,-1
1/11/2021 8:20,0,-1
1/11/2021 8:25,0,-1
1/11/2021 8:30,0,-1
1/11/2021 8:35,0,-1
1/11/2021 8:40,0,-1
1/11/2021 8:45,0,-1
1/11/2021 8:50,0,-1
1/11/2021 8:55,0,-1
1/11/2021 9:00,0,-1
1/11/2021 9:05,0,-1
1/11/2021 9:10,0,-1
1/11/2021 9:15,0,-1
1/11/2021 9:20,0,-1
1/11/2021 9:25,0,-1
1/11/2021 9:30,0,-1
1/11/2021 9:35,0,-1
1/11/2021 9:40,0,-1
1/11/2021 9:45,0,-1
1/11/2021 9:50,0,-1
1/11/2021 9:55,0,-1
1/11/2021 10:00,0,-1
1/11/2021 10:05,0,-1
1/11/2021 10:10,0,-1
1/11/2021 10:15,0,-1
1/11/2021 10:20,0,-1
1/11/2021 10:25,0,-1
1/11/2021 10:30,0,-1
1/11/2021 10:35,0,-1
1/11/2021 10:40,0,-1
1/11/2021 10:45,0,-1
1/11/2021 10:50,0,-1
1/11/2021 10:55,0,-1
1/11/2021 11:00,0,-1
1/11/2021 11:05,0,-1
1/11/2021 11:10,0,-1
1/11/2021 11:15,0,-1
1/11/2021 11:20,0,-1
1/11/2021 11:25,0,-1
1/11/2021 11:30,0,-1
1/11/2021 11:35,0,-1
1/11/2021 11:40,0,-1
1/11/2021 11:45,0,-1
1/11/2021 11:50,0,-1
1/11/2021 11:55,0,-1
1/11/2021 12:00,0,-1
1/11/2021 12:05,0,-1
1/11/2021 12:10,0,-1
1/11/2021 12:15,0,-1
1/11/2021 12:20,0,-1
1/11/2021 12:25,0,-1
1/11/2021 12:30,0,-1
1/11/2021 12:35,0,-1
1/11/2021 12:40,0,-1
1/11/2021 12:45,0,-1
1/11/2021 12:50,0,-1
1/11/2021 12:55,0,-1
1/11/2021 13:00,0,-1
1/11/2021 13:05,0,-1
1/11/2021 13:10,0,-1
1/11/2021 13:15,0,-1
1/11/2021 13:20,0,-1
1/11/2021 13:25,0,-1
1/11/2021 13:30,0,-1
1/11/2021 13:35,0,-1
1/11/2021 13:40,0,-1
1/11/2021 13:45,0,-1
1/11/2021 13:50,0,-1
1/11/2021 13:55,0,-1
1/11/2021 14:00,0,-1
1/11/2021 14:05,0,-1
1/11/2021 14:10,0,-1
1/11/2021 14:15,0,-1
1/11/2021 14:20,0,-1
1/11/2021 14:25,0,-1
1/11/2021 14:30,0,-1
1/11/2021 14:35,0,-1
1/11/2021 14:40,0,-1
1/11/2021 14:45,0,-1
1/11/2021 14:50,0,-1
1/11/2021 14:55,0,-1
1/11/2021 15:00,0,-1
1/11/2021 15:05,0,-1
1/11/2021 15:10,0,-1
1/11/2021 15:15,0,-1
1/11/2021 15:20,0,-1
1/11/2021 15:25,0,-1
1/11/2021 15:30,0,-1
1/11/2021 15:35,0,-1
1/11/2021 15:40,0,-1
1/11/2021 15:45,0,-1
1/11/2021 15:50,0,-1
1/11/2021 15:55,0,-1
1/11/2021 16:00,0,-1
1/11/2021 16:05,0,-1
1/11/2021 16:10,0,-1
1/11/2021 16:15,0,-1
1/11/2021 16:20,0,-1
1/11/2021 16:25,0,-1
1/11/2021 16:30,0,-1
1/11/2021 16:35,0,-1
1/11/2021 16:40,0,-1
1/11/2021 16:45,0,-1
1/11/2021 16:50,0,-1
1/11/2021 16:55,0,-1
1/11/2021 17:00,0,-1
1/11/2021 17:05,0,-1
1/11/2021 17:10,0,-1
1/11/2021 17:15,0,-1
1/11/2021 17:20,0,-1
1/11/2021 17:25,0,-1
1/11/2021 17:30,0,-1
1/11/2021 17:35,0,-1
1/11/2021 17:40,0,-1
1/11/2021 17:45,0,-1
1/11/2021 17:50,0,-1
1/11/2021 17:55,0,-1
1/11/2021 18:00,0,-1
1/11/2021 18:05,0,-1
1/11/2021 18:10,0,-1
1/11/2021 18:15,0,-1
1/11/2021 18:20,0,-1
1/11/2021 18:25,0,-1
1/11/2021 18:30,0,-1
1/11/2021 18:35,0,-1
1/11/2021 18:40,0,-1
1/11/2021 18:45,0,-1
1/11/2021 18:50,0,-1
1/11/2021 18:55,0,-1
1/11/2021 19:00,0,-1
1/11/2021 19:05,0,-1
1/11/2021 19:10,0,-1
1/11/2021 19:15,0,-1
1/11/2021 19:20,0,-1
1/11/2021 19:25,0,-1
1/11/2021 19:30,0,-1
1/11/2021 19:35,0,-1
1/11/2021 19:40,0,-1
1/11/2021 19:45,0,-1
1/11/2021 19:50,0,-1
1/11/2021 19:55,0,-1
1/11/2021 20:00,0,-1
1/11/2021 20:05,0,-1
1/11/2021 20:10,0,-1
1/11/2021 20:15,0,-1
1/11/2021 20:20,0,-1
1/11/2021 20:25,0,-1
1/11/2021 20:30,0,-1
1/11/2021 20:35,0,-1
1/11/2021 20:40,0,-1
1/11/2021 20:45,0,-1
1/11/2021 20:50,0,-1
1/11/2021 20:55,0,-1
1/11/2021 21:00,0,-1
1/11/2021 21:05,0,-1
1/11/2021 21:10,0,-1
1/11/2021 21:15,0,-1
1/11/2021 21:20,0,-1
1/11/2021 21:25,0,-1
1/11/2021 21:30,0,-1
1/11/2021 21:35,0,-1
1/11/2021 21:40,0,-1
1/11/2021 21:45,0,-1
1/11/2021 21:50,0,-1
1/11/2021 21:55,0,-1
1/11/2021 22:00,0,-1
1/11/2021 22:05,0,-1
1/11/2021 22:10,0,-1
1/11/2021 22:15,0,-1
1/11/2021 22:20,0,-1
1/11/2021 22:25,0,-1
1/11/2021 22:30,0,-1
1/11/2021 22:35,0,-1
1/11/2021 22:40,0,-1
1/11/2021 22:45,0,-1
1/11/2021 22:50,0,-1
1/11/2021 22:55,0,-1
1/11/2021 23:00,0,-1
1/11/2021 23:05,0,-1
1/11/2021 23:10,0,-1
1/11/2021 23:15,0,-1
1/11/2021 23:20,0,-1
1/11/2021 23:25,0,-1
1/11/2021 23:30,0,-1
1/11/2021 23:35,0,-1
1/11/2021 23:40,0,-1
1/11/2021 23:45,0,-1
1/11/2021 23:50,0,-1
1/11/2021 23:55,0,-1
1/12/2021 0:00,0,-1
1/12/2021 0:05,0,-1
1/12/2021 0:10,0,-1
1/12/2021 0:15,0,-1
1/12/2021 0:20,0,-1
1/12/2021 0:25,0,-1
1/12/2021 0:30,0,-1
1/12/2021 0:35,0,-1
1/12/2021 0:40,0,-1
1/12/2021 0:45,0,-1
1/12/2021 0:50,0,-1
1/12/2021 0:55,0,-1
1/12/2021 1:00,0,-1
1/12/2021 1:05,0,-1
1/12/2021 1:10,0,-1
1/12/2021 1:15,0,-1
1/12/2021 1:20,0,-1
1/12/2021 1:25,0,-1
1/12/2021 1:30,0,-1
1/12/2021 1:35,0,-1
1/12/2021 1:40,0,-1
1/12/2021 1:45,0,-1
1/12/2021 1:50,0,-1
1/12/2021 1:55,0,-1
1/12/2021 2:00,0,-1
1/12/2021 2:05,0,-1
1/12/2021 2:10,0,-1
1/12/2021 2:15,0,-1
1/12/2021 2:20,0,-1
1/12/2021 2:25,0,-1
1/12/2021 2:30,0,-1
1/12/2021 2:35,0,-1
1/12/2021 2:40,0,-1
1/12/2021 2:45,0,-1
1/12/2021 2:50,0,-1
1/12/2021 2:55,0,-1
1/12/2021 3:00,0,-1
1/12/2021 3:05,0,-1
1/12/2021 3:10,0,-1
1/12/2021 3:15,0,-1
1/12/2021 3:20,0,-1
1/12/2021 3:25,0,-1
1/12/2021 3:30,0,-1
1/12/2021 3:35,0,-1
1/12/2021 3:40,0,-1
1/12/2021 3:45,0,-1
1/12/2021 3:50,0,-1
1/12/2021 3:55,0,-1
1/12/2021 4:00,0,-1
1/12/2021 4:05,0,-1
1/12/2021 4:10,0,-1
1/12/2021 4:15,0,-1
1/12/2021 4:20,0,-1
1/12/2021 4:25,0,-1
1/12/2021 4:30,0,-1
1/12/2021 4:35,0,-1
1/12/2021 4:40,0,-1
1/12/2021 4:45,0,-1
1/12/2021 4:50,0,-1
1/12/2021 4:55,0,-1
1/12/2021 5:00,0,-1
1/12/2021 5:05,0,-1
1/12/2021 5:10,0,-1
1/12/2021 5:15,0,-1
1/12/2021 5:20,0,-1
1/12/2021 5:25,0,-1
1/12/2021 5:30,0,-1
1/12/2021 5:35,0,-1
1/12/2021 5:40,0,-1
1/12/2021 5:45,0,-1
1/12/2021 5:50,0,-1
1/12/2021 5:55,0,-1
1/12/2021 6:00,0,-1
1/12/2021 6:05,0,-1
1/12/2021 6:10,0,-1
1/12/2021 6:15,0,-1
1/12/2021 6:20,0,-1
1/12/2021 6:25,0,-1
1/12/2021 6:30,0,-1
1/12/2021 6:35,0,-1
1/12/2021 6:40,0,-1
1/12/2021 6:45,0,-1
1/12/2021 6:50,0,-1
1/12/2021 6:55,0,-1
1/12/2021 7:00,0,-1
1/12/2021 7:05,0,-1
1/12/2021 7:10,0,-1
1/12/2021 7:15,0,-1
1/12/2021 7:20,0,-1
1/12/2021 7:25,0,-1
1/12/2021 7:30,0,-1
1/12/2021 7:35,0,-1
1/12/2021 7:40,0,-1
1/12/2021 7:45,0,-1
1/12/2021 7:50,0,-1
1/12/2021 7:55,0,-1
1/12/2021 8:00,0,-1
1/12/2021 8:05,0,-1
1/12/2021 8:10,0,-1
1/12/2021 8:15,0,-1
1/12/2021 8:20,0,-1
1/12/2021 8:25,0,-1
1/12/2021 8:30,0,-1
1/12/2021 8:35,0,-1
1/12/2021 8:40,0,-1
1/12/2021 8:45,0,-1
1/12/2021 8:50,0,-1
1/12/2021 8:55,0,-1
1/12/2021 9:00,0,-1
1/12/2021 9:05,0,-1
1/12/2021 9:10,0,-1
1/12/2021 9:15,0,-1
1/12/2021 9:20,0,-1
1/12/2021 9:25,0,-1
1/12/2021 9:30,0,-1
1/12/2021 9:35,0,-1
1/12/2021 9:40,0,-1
1/12/2021 9:45,0,-1
1/12/2021 9:50,0,-1
1/12/2021 9:55,0,-1
1/12/2021 10:00,0,-1
1/12/2021 10:05,0,-1
1/12/2021 10:10,0,-1
1/12/2021 10:15,0,-1
1/12/2021 10:20,0,-1
1/12/2021 10:25,0,-1
1/12/2021 10:30,0,-1
1/12/2021 10:35,0,-1
1/12/2021 10:40,0,-1
1/12/2021 10:45,0,-1
1/12/2021 10:50,0,-1
1/12/2021 10:55,0,-1
1/12/2021 11:00,0,-1
1/12/2021 11:05,0,-1
1/12/2021 11:10,0,-1
1/12/2021 11:15,0,-1
1/12/2021 11:20,0,-1
1/12/2021 11:25,0,-1
1/12/2021 11:30,0,-1
1/12/2021 11:35,0,-1
1/12/2021 11:40,0,-1
1/12/2021 11:45,0,-1
1/12/2021 11:50,0,-1
1/12/2021 11:55,0,-1
1/12/2021 12:00,0,-1
1/12/2021 12:05,0,-1
1/12/2021 12:10,0,-1
1/12/2021 12:15,0,-1
1/12/2021 12:20,0,-1
1/12/2021 12:25,0,-1
1/12/2021 12:30,0,-1
1/12/2021 12:35,0,-1
1/12/2021 12:40,0,-1
1/12/2021 12:45,0,-1
1/12/2021 12:50,0,-1
1/12/2021 12:55,0,-1
1/12/2021 13:00,0,-1
1/12/2021 13:05,0,-1
1/12/2021 13:10,0,-1
1/12/2021 13:15,0,-1
1/12/2021 13:20,0,-1
1/12/2021 13:25,0,-1
1/12/2021 13:30,0,-1
1/12/2021 13:35,0,-1
1/12/2021 13:40,0,-1
1/12/2021 13:45,0,-1
1/12/2021 13:50,0,-1
1/12/2021 13:55,0,-1
1/12/2021 14:00,0,-1
1/12/2021 14:05,0,-1
1/12/2021 14:10,0,-1
1/12/2021 14:15,0,-1
1/12/2021 14:20,0,-1
1/12/2021 14:25,0,-1
1/12/2021 14:30,0,-1
1/12/2021 14:35,0,-1
1/12/2021 14:40,0,-1
1/12/2021 14:45,0,-1
1/12/2021 14:50,0,-1
1/12/2021 14:55,0,-1
1/12/2021 15:00,0,-1
1/12/2021 15:05,0,-1
1/12/2021 15:10,0,-1
1/12/2021 15:15,0,-1
1/12/2021 15:20,0,-1
1/12/2021 15:25,0,-1
1/12/2021 15:30,0,-1
1/12/2021 15:35,0,-1
1/12/2021 15:40,0,-1
1/12/2021 15:45,0,-1
1/12/2021 15:50,0,-1
1/12/2021 15:55,0,-1
1/12/2021 16:00,0,-1
1/12/2021 16:05,0,-1
1/12/2021 16:10,0,-1
1/12/2021 16:15,0,-1
1/12/2021 16:20,0,-1
1/12/2021 16:25,0,-1
1/12/2021 16:30,0,-1
1/12/2021 16:35,0,-1
1/12/2021 16:40,0,-1
1/12/2021 16:45,0,-1
1/12/2021 16:50,0,-1
1/12/2021 16:55,0,-1
1/12/2021 17:00,0,-1
1/12/2021 17:05,0,-1
1/12/2021 17:10,0,-1
1/12/2021 17:15,0,-1
1/12/2021 17:20,0,-1
1/12/2021 17:25,0,-1
1/12/2021 17:30,0,-1
1/12/2021 17:35,0,-1
1/12/2021 17:40,0,-1
1/12/2021 17:45,0,-1
1/12/2021 17:50,0,-1
1/12/2021 17:55,0,-1
1/12/2021 18:00,0,-1
1/12/2021 18:05,0,-1
1/12/2021 18:10,0,-1
1/12/2021 18:15,0,-1
1/12/2021 18:20,0,-1
1/12/2021 18:25,0,-1
1/12/2021 18:30,0,-1
1/12/2021 18:35,0,-1
1/12/2021 18:40,0,-1
1/12/2021 18:45,0,-1
1/12/2021 18:50,0,-1
1/12/2021 18:55,0,-1
1/12/2021 19:00,0,-1
1/12/2021 19:05,0,-1
1/12/2021 19:10,0,-1
1/12/2021 19:15,0,-1
1/12/2021 19:20,0,-1
1/12/2021 19:25,0,-1
1/12/2021 19:30,0,-1
1/12/2021 19:35,0,-1
1/12/2021 19:40,0,-1
1/12/2021 19:45,0,-1
1/12/2021 19:50,0,-1
1/12/2021 19:55,0,-1
1/12/2021 20:00,0,-1
1/12/2021 20:05,0,-1
1/12/2021 20:10,0,-1
1/12/2021 20:15,0,-1
1/12/2021 20:20,0,-1
1/12/2021 20:25,0,-1
1/12/2021 20:30,0,-1
1/12/2021 20:35,0,-1
1/12/2021 20:40,0,-1
1/12/2021 20:45,0,-1
1/12/2021 20:50,0,-1
1/12/2021 20:55,0,-1
1/12/2021 21:00,0,-1
1/12/2021 21:05,0,-1
1/12/2021 21:10,0,-1
1/12/2021 21:15,0,-1
1/12/2021 21:20,0,-1
1/12/2021 21:25,0,-1
1/12/2021 21:30,0,-1
1/12/2021 21:35,0,-1
1/12/2021 21:40,0,-1
1/12/2021 21:45,0,-1
1/12/2021 21:50,0,-1
1/12/2021 21:55,0,-1
1/12/2021 22:00,0,-1
1/12/2021 22:05,0,-1
1/12/2021 22:10,0,-1
1/12/2021 22:15,0,-1
1/12/2021 22:20,0,-1
1/12/2021 22:25,0,-1
1/12/2021 22:30,0,-1
1/12/2021 22:35,0,-1
1/12/2021 22:40,0,-1
1/12/2021 22:45,0,-1
1/12/2021 22:50,0,-1
1/12/2021 22:55,0,-1
1/12/2021 23:00,0,-1
1/12/2021 23:05,0,-1
1/12/2021 23:10,0,-1
1/12/2021 23:15,0,-1
1/12/2021 23:20,0,-1
1/12/2021 23:25,0,-1
1/12/2021 23:30,0,-1
1/12/2021 23:35,0,-1
1/12/2021 23:40,0,-1
1/12/2021 23:45,0,-1
1/12/2021 23:50,0,-1
1/12/2021 23:55,0,-1
1/13/2021 0:00,0,-1
1/13/2021 0:05,0,-1
1/13/2021 0:10,0,-1
1/13/2021 0:15,0,-1
1/13/2021 0:20,0,-1
1/13/2021 0:25,0,-1
1/13/2021 0:30,0,-1
1/13/2021 0:35,0,-1
1/13/2021 0:40,0,-1
1/13/2021 0:45,0,-1
1/13/2021 0:50,0,-1
1/13/2021 0:55,0,-1
1/13/2021 1:00,0,-1
1/13/2021 1:05,0,-1
1/13/2021 1:10,0,-1
1/13/2021 1:15,0,-1
1/13/2021 1:20,0,0.04761905
1/13/2021 1:25,0,0.1367521
1/13/2021 1:30,0,0.1367521
1/13/2021 1:35,0,0.0976801
1/13/2021 1:40,0,0.08302809
1/13/2021 1:45,0,0.07326008
1/13/2021 1:50,0,0.06593407
1/13/2021 1:55,0,0.05982906
1/13/2021 2:00,0,0.05738706
1/13/2021 2:05,0,0.05616606
1/13/2021 2:10,0,0.05372405
1/13/2021 2:15,0,0.05250305
1/13/2021 2:20,0,0.05128205
1/13/2021 2:25,0,0.05006105
1/13/2021 2:30,0,0.04884005
1/13/2021 2:35,0,0.04884005
1/13/2021 2:40,0,0.04761905
1/13/2021 2:45,0,0.04639805
1/13/2021 2:50,0,0.04639805
1/13/2021 2:55,0,0.04639805
1/13/2021 3:00,0,0.04517705
1/13/2021 3:05,0,0.04395605
1/13/2021 3:10,0,0.04395605
1/13/2021 3:15,0,0.04395605
1/13/2021 3:20,0,0.04395605
1/13/2021 3:25,0,0.04395605
1/13/2021 3:30,0,0.04395605
1/13/2021 3:35,0,0.04273504
1/13/2021 3:40,0,0.04273504
1/13/2021 3:45,0,0.04151404
1/13/2021 3:50,0,0.04151404
1/13/2021 3:55,0,0.04151404
1/13/2021 4:00,0,0.04151404
1/13/2021 4:05,0,0.04151404
1/13/2021 4:10,0,0.04151404
1/13/2021 4:15,0,0.04151404
1/13/2021 4:20,0,0.04151404
1/13/2021 4:25,0,0.04151404
1/13/2021 4:30,0,0.04151404
1/13/2021 4:35,0,0.04151404
1/13/2021 4:40,0,0.04029304
1/13/2021 4:45,0,0.04029304
1/13/2021 4:50,0,0.04029304
1/13/2021 4:55,0,0.04029304
1/13/2021 5:00,0,0.04029304
1/13/2021 5:05,0,0.04151404
1/13/2021 5:10,0,0.04029304
1/13/2021 5:15,0,0.04029304
1/13/2021 5:20,0,0.04029304
1/13/2021 5:25,0,0.04029304
1/13/2021 5:30,0,0.04029304
1/13/2021 5:35,0,0.04029304
1/13/2021 5:40,0,0.04029304
1/13/2021 5:45,0,0.04151404
1/13/2021 5:50,0,0.04029304
1/13/2021 5:55,0,0.04029304
1/13/2021 6:00,0,0.04029304
1/13/2021 6:05,0,0.04029304
1/13/2021 6:10,0,0.04029304
1/13/2021 6:15,0,0.03907204
1/13/2021 6:20,0,0.03907204
1/13/2021 6:25,0,0.03907204
1/13/2021 6:30,0,0.04029304
1/13/2021 6:35,0,0.03907204
1/13/2021 6:40,0,0.03907204
1/13/2021 6:45,0,0.03907204
1/13/2021 6:50,0,0.03907204
1/13/2021 6:55,0,0.03907204
1/13/2021 7:00,0,0.03907204
1/13/2021 7:05,0,0.03907204
1/13/2021 7:10,0,0.04029304
1/13/2021 7:15,0,0.03907204
1/13/2021 7:20,0,0.04029304
1/13/2021 7:25,0,0.03785104
1/13/2021 7:30,0,0.03785104
1/13/2021 7:35,0,0.03785104
1/13/2021 7:40,0,0.03785104
1/13/2021 7:45,0,0.03785104
1/13/2021 7:50,0,0.03785104
1/13/2021 7:55,0,0.03907204
1/13/2021 8:00,0,0.03785104
1/13/2021 8:05,0,0.03785104
1/13/2021 8:10,0,0.03785104
1/13/2021 8:15,0,0.03785104
1/13/2021 8:20,0,0.03785104
1/13/2021 8:25,0,0.03785104
1/13/2021 8:30,0,0.03785104
1/13/2021 8:35,0,0.03785104
1/13/2021 8:40,0,0.03785104
1/13/2021 8:45,0,0.03785104
1/13/2021 8:50,0,0.03785104
1/13/2021 8:55,0,0.03785104
1/13/2021 9:00,0,0.03785104
1/13/2021 9:05,0,0.03785104
1/13/2021 9:10,0,0.03785104
1/13/2021 9:15,0,0.03785104
1/13/2021 9:20,0,0.03785104
1/13/2021 9:25,0,0.03785104
1/13/2021 9:30,0,0.03785104
1/13/2021 9:35,0,0.03785104
1/13/2021 9:40,0,0.03785104
1/13/2021 9:45,0,0.03785104
1/13/2021 9:50,0,0.03785104
1/13/2021 9:55,0,0.03785104
1/13/2021 10:00,0,0.03785104
1/13/2021 10:05,0,0.03785104
1/13/2021 10:10,0,0.03785104
1/13/2021 10:15,0,0.03785104
1/13/2021 10:20,0,0.03785104
1/13/2021 10:25,0,0.03785104
1/13/2021 10:30,0,0.03785104
1/13/2021 10:35,0,0.03785104
1/13/2021 10:40,0,0.03785104
1/13/2021 10:45,0,0.03907204
1/13/2021 10:50,0,0.03785104
1/13/2021 10:55,0,0.03663004
1/13/2021 11:00,0,0.03785104
1/13/2021 11:05,0,0.03663004
1/13/2021 11:10,0,0.03785104
1/13/2021 11:15,0,0.03663004
1/13/2021 11:20,0,0.03663004
1/13/2021 11:25,0,0.03663004
1/13/2021 11:30,0,0.03663004
1/13/2021 11:35,0,0.03663004
1/13/2021 11:40,0,0.03785104
1/13/2021 11:45,0,0.03663004
1/13/2021 11:50,0,0.03663004
1/13/2021 11:55,0,0.03663004
1/13/2021 12:00,0,0.03663004
1/13/2021 12:05,0,0.03663004
1/13/2021 12:10,0,0.03663004
1/13/2021 12:15,0,0.03663004
1/13/2021 12:20,0,0.03663004
1/13/2021 12:25,0,0.03663004
1/13/2021 12:30,0,0.03663004
1/13/2021 12:35,0,0.03663004
1/13/2021 12:40,0,0.03663004
1/13/2021 12:45,0,0.03663004
1/13/2021 12:50,0,0.03663004
1/13/2021 12:55,0,0.03663004
1/13/2021 13:00,0,0.03663004
1/13/2021 13:05,0,0.03663004
1/13/2021 13:10,0,0.03663004
1/13/2021 13:15,0,0.03663004
1/13/2021 13:20,0,0.03663004
1/13/2021 13:25,0,0.03663004
1/13/2021 13:30,0,0.03663004
1/13/2021 13:35,0,0.03663004
1/13/2021 13:40,0,0.03663004
1/13/2021 13:45,0,0.03540904
1/13/2021 13:50,0,0.03663004
1/13/2021 13:55,0,0.03663004
1/13/2021 14:00,0,0.03540904
1/13/2021 14:05,0,0.03540904
1/13/2021 14:10,0,0.03540904
1/13/2021 14:15,0,0.03540904
1/13/2021 14:20,0,0.03540904
1/13/2021 14:25,0,0.03540904
1/13/2021 14:30,0,0.03540904
1/13/2021 14:35,0,0.03540904
1/13/2021 14:40,0,0.03540904
1/13/2021 14:45,0,0.03540904
1/13/2021 14:50,0,0.03540904
1/13/2021 14:55,0,0.03540904
1/13/2021 15:00,0,0.03540904
1/13/2021 15:05,0,0.03540904
1/13/2021 15:10,0,0.03540904
1/13/2021 15:15,0,0.03540904
1/13/2021 15:20,0,0.03540904
1/13/2021 15:25,0,0.03540904
1/13/2021 15:30,0,0.03540904
1/13/2021 15:35,0,0.03540904
1/13/2021 15:40,0,0.03540904
1/13/2021 15:45,0,0.03540904
1/13/2021 15:50,0,0.03540904
1/13/2021 15:55,0,0.03540904
1/13/2021 16:00,0,0.03540904
1/13/2021 16:05,0,0.03540904
1/13/2021 16:10,0,0.03540904
1/13/2021 16:15,0,0.03540904
1/13/2021 16:20,0,0.03540904
1/13/2021 16:25,0,0.03540904
1/13/2021 16:30,0,0.03540904
1/13/2021 16:35,0,0.03540904
1/13/2021 16:40,0,0.03540904
1/13/2021 16:45,0,0.03540904
1/13/2021 16:50,0,0.03540904
1/13/2021 16:55,0,0.03540904
1/13/2021 17:00,0,0.03540904
1/13/2021 17:05,0,0.03540904
1/13/2021 17:10,0,0.03540904
1/13/2021 17:15,0,0.03540904
1/13/2021 17:20,0,0.03540904
1/13/2021 17:25,0,0.03540904
1/13/2021 17:30,0,0.03540904
1/13/2021 17:35,0,0.03540904
1/13/2021 17:40,0,0.03540904
1/13/2021 17:45,0,0.03540904
1/13/2021 17:50,0,0.03540904
1/13/2021 17:55,0,0.03540904
1/13/2021 18:00,0,0.03540904
1/13/2021 18:05,0,0.03540904
1/13/2021 18:10,0,0.03540904
1/13/2021 18:15,0,0.03540904
1/13/2021 18:20,0,0.03540904
1/13/2021 18:25,0,0.03540904
1/13/2021 18:30,0,0.03540904
1/13/2021 18:35,0,0.03540904
1/13/2021 18:40,0,0.03540904
1/13/2021 18:45,0,0.03540904
1/13/2021 18:50,0,0.03540904
1/13/2021 18:55,0,0.03540904
1/13/2021 19:00,0,0.03540904
1/13/2021 19:05,0,0.03540904
1/13/2021 19:10,0,0.03540904
1/13/2021 19:15,0,0.03540904
1/13/2021 19:20,0,0.03540904
1/13/2021 19:25,0,0.03540904
1/13/2021 19:30,0,0.03540904
1/13/2021 19:35,0,0.03540904
1/13/2021 19:40,0,0.03540904
1/13/2021 19:45,0,0.03540904
1/13/2021 19:50,0,0.03540904
1/13/2021 19:55,0,0.03540904
1/13/2021 20:00,0,0.03540904
1/13/2021 20:05,0,0.03540904
1/13/2021 20:10,0,0.03540904
1/13/2021 20:15,0,0.03540904
1/13/2021 20:20,0,0.03540904
1/13/2021 20:25,0,0.03540904
1/13/2021 20:30,0,0.03540904
1/13/2021 20:35,0,0.03540904
1/13/2021 20:40,0,0.03540904
1/13/2021 20:45,0,0.03540904
1/13/2021 20:50,0,0.03540904
1/13/2021 20:55,0,0.03540904
1/13/2021 21:00,0,0.03540904
1/13/2021 21:05,0,0.03540904
1/13/2021 21:10,0,0.03540904
1/13/2021 21:15,0,0.03540904
1/13/2021 21:20,0,0.03540904
1/13/2021 21:25,0,0.03540904
1/13/2021 21:30,0,0.03540904
1/13/2021 21:35,0,0.03540904
1/13/2021 21:40,0,0.03540904
1/13/2021 21:45,0,0.03540904
1/13/2021 21:50,0,0.03540904
1/13/2021 21:55,0,0.03540904
1/13/2021 22:00,0,0.03540904
1/13/2021 22:05,0,0.03540904
1/13/2021 22:10,0,0.03540904
1/13/2021 22:15,0,0.03540904
1/13/2021 22:20,0,0.03540904
1/13/2021 22:25,0,0.03540904
1/13/2021 22:30,0,0.03540904
1/13/2021 22:35,0,0.03540904
1/13/2021 22:40,0,0.03540904
1/13/2021 22:45,0,0.03540904
1/13/2021 22:50,0,0.03540904
1/13/2021 22:55,0,0.03540904
1/13/2021 23:00,0,0.03540904
1/13/2021 23:05,0,0.03540904
1/13/2021 23:10,0,0.03540904
1/13/2021 23:15,0,0.03540904
1/13/2021 23:20,0,0.03540904
1/13/2021 23:25,0,0.03540904
1/13/2021 23:30,0,0.03540904
1/13/2021 23:35,0,0.03540904
1/13/2021 23:40,0,0.03540904
1/13/2021 23:45,0,0.03540904
1/13/2021 23:50,0,0.03540904
1/13/2021 23:55,0,0.03540904
1/14/2021 0:00,0,0.03540904
1/14/2021 0:05,0,0.03540904
1/14/2021 0:10,0,0.03540904
1/14/2021 0:15,0,0.03540904
1/14/2021 0:20,0,0.03540904
1/14/2021 0:25,0,0.03540904
1/14/2021 0:30,0,0.03540904
1/14/2021 0:35,0,0.03540904
1/14/2021 0:40,0,0.03540904
1/14/2021 0:45,0,0.03540904
1/14/2021 0:50,0,0.03540904
1/14/2021 0:55,0,0.03540904
1/14/2021 1:00,0,0.03540904
1/14/2021 1:05,0,0.03540904
1/14/2021 1:10,0,0.03540904
1/14/2021 1:15,0,0.03540904
1/14/2021 1:20,0,0.03540904
1/14/2021 1:25,0,0.03540904
1/14/2021 1:30,0,0.03540904
1/14/2021 1:35,0,0.03540904
1/14/2021 1:40,0,0.03540904
1/14/2021 1:45,0,0.03540904
1/14/2021 1:50,0,0.03540904
1/14/2021 1:55,0,0.03540904
1/14/2021 2:00,0,0.03540904
1/14/2021 2:05,0,0.03540904
1/14/2021 2:10,0,0.03540904
1/14/2021 2:15,0,0.03540904
1/14/2021 2:20,0,0.03540904
1/14/2021 2:25,0,0.03540904
1/14/2021 2:30,0,0.03540904
1/14/2021 2:35,0,0.03540904
1/14/2021 2:40,0,0.03540904
1/14/2021 2:45,0,0.03540904
1/14/2021 2:50,0,0.03540904
1/14/2021 2:55,0,0.03540904
1/14/2021 3:00,0,0.03540904
1/14/2021 3:05,0,0.03540904
1/14/2021 3:10,0,0.03540904
1/14/2021 3:15,0,0.03540904
1/14/2021 3:20,0,0.03540904
1/14/2021 3:25,0,0.03540904
1/14/2021 3:30,0,0.03540904
1/14/2021 3:35,0,0.03540904
1/14/2021 3:40,0,0.03540904
1/14/2021 3:45,0,0.03540904
1/14/2021 3:50,0,0.03540904
1/14/2021 3:55,0,0.03540904
1/14/2021 4:00,0,0.03540904
1/14/2021 4:05,0,0.03663004
1/14/2021 4:10,0,0.03540904
1/14/2021 4:15,0,0.03540904
1/14/2021 4:20,0,0.03540904
1/14/2021 4:25,0,0.03540904
1/14/2021 4:30,0,0.03540904
1/14/2021 4:35,0,0.03540904
1/14/2021 4:40,0,0.03540904
1/14/2021 4:45,0,0.03540904
1/14/2021 4:50,0,0.03540904
1/14/2021 4:55,0,0.03540904
1/14/2021 5:00,0,0.03540904
1/14/2021 5:05,0,0.03540904
1/14/2021 5:10,0,0.03540904
1/14/2021 5:15,0,0.03540904
1/14/2021 5:20,0,0.03540904
1/14/2021 5:25,0,0.03540904
1/14/2021 5:30,0,0.03540904
1/14/2021 5:35,0,0.03540904
1/14/2021 5:40,0,0.03540904
1/14/2021 5:45,0,0.03540904
1/14/2021 5:50,0,0.03540904
1/14/2021 5:55,0,0.03540904
1/14/2021 6:00,0,0.03540904
1/14/2021 6:05,0,0.03540904
1/14/2021 6:10,0,0.03540904
1/14/2021 6:15,0,0.03540904
1/14/2021 6:20,0,0.03540904
1/14/2021 6:25,0,0.03540904
1/14/2021 6:30,0,0.03540904
1/14/2021 6:35,0,0.03540904
1/14/2021 6:40,0,0.03540904
1/14/2021 6:45,0,0.03540904
1/14/2021 6:50,0,0.03540904
1/14/2021 6:55,0,0.03540904
1/14/2021 7:00,0,0.03540904
1/14/2021 7:05,0,0.03540904
1/14/2021 7:10,0,0.03540904
1/14/2021 7:15,0,0.03540904
1/14/2021 7:20,0,0.03540904
1/14/2021 7:25,0,0.03540904
1/14/2021 7:30,0,0.03540904
1/14/2021 7:35,0,0.03540904
1/14/2021 7:40,0,0.03540904
1/14/2021 7:45,0,0.03785104
1/14/2021 7:50,0,0.03540904
1/14/2021 7:55,0,0.03540904
1/14/2021 8:00,0,0.03540904
1/14/2021 8:05,0,0.03540904
1/14/2021 8:10,0,0.03540904
1/14/2021 8:15,0,0.03540904
1/14/2021 8:20,0,0.03540904
1/14/2021 8:25,0,0.03540904
1/14/2021 8:30,0,0.03540904
1/14/2021 8:35,0,0.03540904
1/14/2021 8:40,0,0.03540904
1/14/2021 8:45,0,0.03540904
1/14/2021 8:50,0,0.03540904
1/14/2021 8:55,0,0.03540904
1/14/2021 9:00,0,0.03540904
1/14/2021 9:05,0,0.03540904
1/14/2021 9:10,0,0.03540904
1/14/2021 9:15,0,0.03540904
1/14/2021 9:20,0,0.03540904
1/14/2021 9:25,0,0.03540904
1/14/2021 9:30,0,0.03540904
1/14/2021 9:35,0,0.03540904
1/14/2021 9:40,0,0.03540904
1/14/2021 9:45,0,0.03540904
1/14/2021 9:50,0,0.03540904
1/14/2021 9:55,0,0.03540904
1/14/2021 10:00,0,0.03540904
1/14/2021 10:05,0,0.03540904
1/14/2021 10:10,0,0.03540904
1/14/2021 10:15,0,0.03540904
1/14/2021 10:20,0,0.03540904
1/14/2021 10:25,0,0.03540904
1/14/2021 10:30,0,0.03540904
1/14/2021 10:35,0,0.03540904
1/14/2021 10:40,0,0.03540904
1/14/2021 10:45,0,0.03540904
1/14/2021 10:50,0,0.03540904
1/14/2021 10:55,0,0.03540904
1/14/2021 11:00,0,0.03540904
1/14/2021 11:05,0,0.03540904
1/14/2021 11:10,0,0.03785104
1/14/2021 11:15,0,0.03540904
1/14/2021 11:20,0,0.03540904
1/14/2021 11:25,0,0.03540904
1/14/2021 11:30,0,0.03540904
1/14/2021 11:35,0,0.03540904
1/14/2021 11:40,0,0.03540904
1/14/2021 11:45,0,0.03540904
1/14/2021 11:50,0,0.03540904
1/14/2021 11:55,0,0.03540904
1/14/2021 12:00,0,0.03540904
1/14/2021 12:05,0,0.03540904
1/14/2021 12:10,0,0.03540904
1/14/2021 12:15,0,0.03540904
1/14/2021 12:20,0,0.03540904
1/14/2021 12:25,0,0.03540904
1/14/2021 12:30,0,0.03540904
1/14/2021 12:35,0,0.03540904
1/14/2021 12:40,0,0.03540904
1/14/2021 12:45,0,0.03540904
1/14/2021 12:50,0,0.03540904
1/14/2021 12:55,0,0.03540904
1/14/2021 13:00,0,0.03540904
1/14/2021 13:05,0,0.03540904
1/14/2021 13:10,0,0.03540904
1/14/2021 13:15,0,0.03540904
1/14/2021 13:20,0,0.03540904
1/14/2021 13:25,0,0.03540904
1/14/2021 13:30,0,0.03540904
1/14/2021 13:35,0,0.03540904
1/14/2021 13:40,0,0.03540904
1/14/2021 13:45,0,0.03540904
1/14/2021 13:50,0,0.03540904
1/14/2021 13:55,0,0.03540904
1/14/2021 14:00,0,0.03540904
1/14/2021 14:05,0,0.03540904
1/14/2021 14:10,0,0.03540904
1/14/2021 14:15,0,0.03540904
1/14/2021 14:20,0,0.03540904
1/14/2021 14:25,0,0.03540904
1/14/2021 14:30,0,0.03540904
1/14/2021 14:35,0,0.03540904
1/14/2021 14:40,0,0.03540904
1/14/2021 14:45,0,0.03540904
1/14/2021 14:50,0,0.03540904
1/14/2021 14:55,0,0.03540904
1/14/2021 15:00,0,0.03540904
1/14/2021 15:05,0,0.03540904
1/14/2021 15:10,0,0.03540904
1/14/2021 15:15,0,0.03540904
1/14/2021 15:20,0,0.03540904
1/14/2021 15:25,0,0.03540904
1/14/2021 15:30,0,0.03540904
1/14/2021 15:35,0,0.03540904
1/14/2021 15:40,0,0.03540904
1/14/2021 15:45,0,0.03540904
1/14/2021 15:50,0,0.03540904
1/14/2021 15:55,0,0.03540904
1/14/2021 16:00,0,0.03540904
1/14/2021 16:05,0,0.03540904
1/14/2021 16:10,0,0.03540904
1/14/2021 16:15,0,0.03540904
1/14/2021 16:20,0,0.03540904
1/14/2021 16:25,0,0.03540904
1/14/2021 16:30,0,0.03540904
1/14/2021 16:35,0,0.03540904
1/14/2021 16:40,0,0.03540904
1/14/2021 16:45,0,0.03540904
1/14/2021 16:50,0,0.03540904
1/14/2021 16:55,0,0.03540904
1/14/2021 17:00,0,0.03540904
1/14/2021 17:05,0,0.03540904
1/14/2021 17:10,0,0.03540904
1/14/2021 17:15,0,0.03540904
1/14/2021 17:20,0,0.03540904
1/14/2021 17:25,0,0.03540904
1/14/2021 17:30,0,0.03540904
1/14/2021 17:35,0,0.03540904
1/14/2021 17:40,0,0.03540904
1/14/2021 17:45,0,0.03540904
1/14/2021 17:50,0,0.03540904
1/14/2021 17:55,0,0.03540904
1/14/2021 18:00,0,0.03540904
1/14/2021 18:05,0,0.03540904
1/14/2021 18:10,0,0.03540904
1/14/2021 18:15,0,0.03540904
1/14/2021 18:20,0,0.03540904
1/14/2021 18:25,0,0.03540904
1/14/2021 18:30,0,0.03540904
1/14/2021 18:35,0,0.03540904
1/14/2021 18:40,0,0.03540904
1/14/2021 18:45,0,0.03540904
1/14/2021 18:50,0,0.03540904
1/14/2021 18:55,0,0.03540904
1/14/2021 19:00,0,0.03540904
1/14/2021 19:05,0,0.03540904
1/14/2021 19:10,0,0.03540904
1/14/2021 19:15,0,0.03540904
1/14/2021 19:20,0,0.03540904
1/14/2021 19:25,0,0.03540904
1/14/2021 19:30,0,0.03540904
1/14/2021 19:35,0,0.03540904
1/14/2021 19:40,0,0.03540904
1/14/2021 19:45,0,0.03540904
1/14/2021 19:50,0,0.03540904
1/14/2021 19:55,0,0.03540904
1/14/2021 20:00,0,0.03540904
1/14/2021 20:05,0,0.03540904
1/14/2021 20:10,0,0.03540904
1/14/2021 20:15,0,0.03540904
1/14/2021 20:20,0,0.03540904
1/14/2021 20:25,0,0.03540904
1/14/2021 20:30,0,0.03540904
1/14/2021 20:35,0,0.03540904
1/14/2021 20:40,0,0.03540904
1/14/2021 20:45,0,0.03540904
1/14/2021 20:50,0,0.03540904
1/14/2021 20:55,0,0.03540904
1/14/2021 21:00,0,0.03540904
1/14/2021 21:05,0,0.03540904
1/14/2021 21:10,0,0.03540904
1/14/2021 21:15,0,0.03540904
1/14/2021 21:20,0,0.03540904
1/14/2021 21:25,0,0.03540904
1/14/2021 21:30,0,0.03540904
1/14/2021 21:35,0,0.03540904
1/14/2021 21:40,0,0.03540904
1/14/2021 21:45,0,0.03540904
1/14/2021 21:50,0,0.03540904
1/14/2021 21:55,0,0.03540904
1/14/2021 22:00,0,0.03540904
1/14/2021 22:05,0,0.03540904
1/14/2021 22:10,0,0.03540904
1/14/2021 22:15,0,0.03540904
1/14/2021 22:20,0,0.03540904
1/14/2021 22:25,0,0.03540904
1/14/2021 22:30,0,0.03540904
1/14/2021 22:35,0,0.03540904
1/14/2021 22:40,0,0.03540904
1/14/2021 22:45,0,0.03540904
1/14/2021 22:50,0,0.03540904
1/14/2021 22:55,0,0.03540904
1/14/2021 23:00,0,0.03540904
1/14/2021 23:05,0,0.03540904
1/14/2021 23:10,0,0.03540904
1/14/2021 23:15,0,0.03540904
1/14/2021 23:20,0,0.03540904
1/14/2021 23:25,0,0.03540904
1/14/2021 23:30,0,0.03540904
1/14/2021 23:35,0,0.03540904
1/14/2021 23:40,0,0.03540904
1/14/2021 23:45,0,0.03540904
1/14/2021 23:50,0,0.03540904
1/14/2021 23:55,0,0.03540904
1/15/2021 0:00,0,0.03540904
1/15/2021 0:05,0,0.03540904
1/15/2021 0:10,0,0.03540904
1/15/2021 0:15,0,0.03540904
1/15/2021 0:20,0,0.03540904
1/15/2021 0:25,0,0.03540904
1/15/2021 0:30,0,0.03540904
1/15/2021 0:35,0,0.03540904
1/15/2021 0:40,0,0.03540904
1/15/2021 0:45,0,0.03540904
1/15/2021 0:50,0,0.03540904
1/15/2021 0:55,0,0.03540904
1/15/2021 1:00,0,0.03540904
1/15/2021 1:05,0,0.03540904
1/15/2021 1:10,0,0.03540904
1/15/2021 1:15,0,0.03540904
1/15/2021 1:20,0,0.03540904
1/15/2021 1:25,0,0.03540904
1/15/2021 1:30,0,0.03540904
1/15/2021 1:35,0,0.03540904
1/15/2021 1:40,0,0.03418804
1/15/2021 1:45,0,0.03540904
1/15/2021 1:50,0,0.03540904
1/15/2021 1:55,0,0.03540904
1/15/2021 2:00,0,0.03540904
1/15/2021 2:05,0,0.03540904
1/15/2021 2:10,0,0.03540904
1/15/2021 2:15,0,0.03540904
1/15/2021 2:20,0,0.03540904
1/15/2021 2:25,0,0.03540904
1/15/2021 2:30,0,0.03540904
1/15/2021 2:35,0,0.03540904
1/15/2021 2:40,0,0.03540904
1/15/2021 2:45,0,0.03540904
1/15/2021 2:50,0,0.03540904
1/15/2021 2:55,0,0.03540904
1/15/2021 3:00,0,0.03540904
1/15/2021 3:05,0,0.03540904
1/15/2021 3:10,0,0.03663004
1/15/2021 3:15,0,0.03540904
1/15/2021 3:20,0,0.03540904
1/15/2021 3:25,0,0.03540904
1/15/2021 3:30,0,0.03540904
1/15/2021 3:35,0,0.03540904
1/15/2021 3:40,0,0.03540904
1/15/2021 3:45,0,0.03540904
1/15/2021 3:50,0,0.03540904
1/15/2021 3:55,0,0.03540904
1/15/2021 4:00,0,0.03540904
1/15/2021 4:05,0,0.03663004
1/15/2021 4:10,0,0.03540904
1/15/2021 4:15,0,0.03540904
1/15/2021 4:20,0,0.03540904
1/15/2021 4:25,0,0.03540904
1/15/2021 4:30,0,0.03540904
1/15/2021 4:35,0,0.03540904
1/15/2021 4:40,0,0.03540904
1/15/2021 4:45,0,0.03540904
1/15/2021 4:50,0,0.03540904
1/15/2021 4:55,0,0.03540904
1/15/2021 5:00,0,0.03540904
1/15/2021 5:05,0,0.03540904
1/15/2021 5:10,0,0.03540904
1/15/2021 5:15,0,0.03540904
1/15/2021 5:20,0,0.03540904
1/15/2021 5:25,0,0.03540904
1/15/2021 5:30,0,0.03540904
1/15/2021 5:35,0,0.03540904
1/15/2021 5:40,0,0.03540904
1/15/2021 5:45,0,0.03540904
1/15/2021 5:50,0,0.03540904
1/15/2021 5:55,0,0.03540904
1/15/2021 6:00,0,0.03540904
1/15/2021 6:05,0,0.03540904
1/15/2021 6:10,0,0.03540904
1/15/2021 6:15,0,0.03540904
1/15/2021 6:20,0,0.03540904
1/15/2021 6:25,0,0.03540904
1/15/2021 6:30,0,0.03540904
1/15/2021 6:35,0,0.03540904
1/15/2021 6:40,0,0.03540904
1/15/2021 6:45,0,0.03540904
1/15/2021 6:50,0,0.03540904
1/15/2021 6:55,0,0.03540904
1/15/2021 7:00,0,0.03540904
1/15/2021 7:05,0,0.03540904
1/15/2021 7:10,0,0.03540904
1/15/2021 7:15,0,0.03540904
1/15/2021 7:20,0,0.03540904
1/15/2021 7:25,0,0.03540904
1/15/2021 7:30,0,0.03540904
1/15/2021 7:35,0,0.03540904
1/15/2021 7:40,0,0.03540904
1/15/2021 7:45,0,0.03540904
1/15/2021 7:50,0,0.03540904
1/15/2021 7:55,0,0.03540904
1/15/2021 8:00,0,0.03540904
1/15/2021 8:05,0,0.03540904
1/15/2021 8:10,0,0.03540904
1/15/2021 8:15,0,0.03540904
1/15/2021 8:20,0,0.03540904
1/15/2021 8:25,0,0.03540904
1/15/2021 8:30,0,0.03540904
1/15/2021 8:35,0,0.03540904
1/15/2021 8:40,0,0.03540904
1/15/2021 8:45,0,0.03540904
1/15/2021 8:50,0,0.03540904
1/15/2021 8:55,0,0.03540904
1/15/2021 9:00,0,0.03540904
1/15/2021 9:05,0,0.03540904
1/15/2021 9:10,0,0.03540904
1/15/2021 9:15,0,0.03540904
1/15/2021 9:20,0,0.03540904
1/15/2021 9:25,0,0.03540904
1/15/2021 9:30,0,0.03540904
1/15/2021 9:35,0,0.03540904
1/15/2021 9:40,0,0.03540904
1/15/2021 9:45,0,0.03540904
1/15/2021 9:50,0,0.03663004
1/15/2021 9:55,0,0.03540904
1/15/2021 10:00,0,0.03540904
1/15/2021 10:05,0,0.03540904
1/15/2021 10:10,0,0.03540904
1/15/2021 10:15,0,0.03540904
1/15/2021 10:20,0,0.03540904
1/15/2021 10:25,0,0.03540904
1/15/2021 10:30,0,0.03540904
1/15/2021 10:35,0,0.03540904
1/15/2021 10:40,0,0.03540904
1/15/2021 10:45,0,0.03540904
1/15/2021 10:50,0,0.03540904
1/15/2021 10:55,0,0.03540904
1/15/2021 11:00,0,0.03540904
1/15/2021 11:05,0,0.03540904
1/15/2021 11:10,0,0.03540904
1/15/2021 11:15,0,0.03540904
1/15/2021 11:20,0,0.03540904
1/15/2021 11:25,0,0.03540904
1/15/2021 11:30,0,0.03540904
1/15/2021 11:35,0,0.03540904
1/15/2021 11:40,0,0.03540904
1/15/2021 11:45,0,0.03540904
1/15/2021 11:50,0,0.03540904
1/15/2021 11:55,0,0.03540904
1/15/2021 12:00,0,0.03540904
1/15/2021 12:05,0,0.03540904
1/15/2021 12:10,0,0.03540904
1/15/2021 12:15,0,0.03540904
1/15/2021 12:20,0,0.03540904
1/15/2021 12:25,0,0.03540904
1/15/2021 12:30,0,0.03540904
1/15/2021 12:35,0,0.03540904
1/15/2021 12:40,0,0.03540904
1/15/2021 12:45,0,0.03540904
1/15/2021 12:50,0,0.03540904
1/15/2021 12:55,0,0.03540904
1/15/2021 13:00,0,0.03540904
1/15/2021 13:05,0,0.03540904
1/15/2021 13:10,0,0.03540904
1/15/2021 13:15,0,0.03540904
1/15/2021 13:20,0,0.03540904
1/15/2021 13:25,0,0.03540904
1/15/2021 13:30,0,0.03540904
1/15/2021 13:35,0,0.03540904
1/15/2021 13:40,0,0.03540904
1/15/2021 13:45,0,0.03540904
1/15/2021 13:50,0,0.03540904
1/15/2021 13:55,0,0.03540904
1/15/2021 14:00,0,0.03540904
1/15/2021 14:05,0,0.03540904
1/15/2021 14:10,0,0.03540904
1/15/2021 14:15,0,0.03540904
1/15/2021 14:20,0,0.03540904
1/15/2021 14:25,0,0.03540904
1/15/2021 14:30,0,0.03540904
1/15/2021 14:35,0,0.03540904
1/15/2021 14:40,0,0.03540904
1/15/2021 14:45,0,0.03540904
1/15/2021 14:50,0,0.03540904
1/15/2021 14:55,0,0.03540904
1/15/2021 15:00,0,0.03540904
1/15/2021 15:05,0,0.03540904
1/15/2021 15:10,0,0.03540904
1/15/2021 15:15,0,0.03540904
1/15/2021 15:20,0,0.03540904
1/15/2021 15:25,0,0.03540904
1/15/2021 15:30,0,0.03540904
1/15/2021 15:35,0,0.03540904
1/15/2021 15:40,0,0.03540904
1/15/2021 15:45,0,0.03540904
1/15/2021 15:50,0,0.03540904
1/15/2021 15:55,0,0.03540904
1/15/2021 16:00,0,0.03540904
1/15/2021 16:05,0,0.03540904
1/15/2021 16:10,0,0.03540904
1/15/2021 16:15,0,0.03540904
1/15/2021 16:20,0,0.03540904
1/15/2021 16:25,0,0.03540904
1/15/2021 16:30,0,0.03540904
1/15/2021 16:35,0,0.03540904
1/15/2021 16:40,0,0.03540904
1/15/2021 16:45,0,0.03540904
1/15/2021 16:50,0,0.03540904
1/15/2021 16:55,0,0.03540904
1/15/2021 17:00,0,0.03540904
1/15/2021 17:05,0,0.03540904
1/15/2021 17:10,0,0.03540904
1/15/2021 17:15,0,0.03540904
1/15/2021 17:20,0,0.03540904
1/15/2021 17:25,0,0.03540904
1/15/2021 17:30,0,0.03540904
1/15/2021 17:35,0,0.03540904
1/15/2021 17:40,0,0.03540904
1/15/2021 17:45,0,0.03785104
1/15/2021 17:50,0,0.03540904
1/15/2021 17:55,0,0.03540904
1/15/2021 18:00,0,0.03540904
1/15/2021 18:05,0,0.03540904
1/15/2021 18:10,0,0.03540904
1/15/2021 18:15,0,0.03540904
1/15/2021 18:20,0,0.03540904
1/15/2021 18:25,0,0.03540904
1/15/2021 18:30,0,0.03540904
1/15/2021 18:35,0,0.03540904
1/15/2021 18:40,0,0.03540904
1/15/2021 18:45,0,0.03540904
1/15/2021 18:50,0,0.03540904
1/15/2021 18:55,0,0.03540904
1/15/2021 19:00,0,0.03540904
1/15/2021 19:05,0,0.03540904
1/15/2021 19:10,0,0.03540904
1/15/2021 19:15,0,0.03540904
1/15/2021 19:20,0,0.03540904
1/15/2021 19:25,0,0.03540904
1/15/2021 19:30,0,0.03540904
1/15/2021 19:35,0,0.03540904
1/15/2021 19:40,0,0.03540904
1/15/2021 19:45,0,0.03540904
1/15/2021 19:50,0,0.03540904
1/15/2021 19:55,0,0.03540904
1/15/2021 20:00,0,0.03540904
1/15/2021 20:05,0,0.03540904
1/15/2021 20:10,0,0.03540904
1/15/2021 20:15,0,0.03540904
1/15/2021 20:20,0,0.03540904
1/15/2021 20:25,0,0.03540904
1/15/2021 20:30,0,0.03540904
1/15/2021 20:35,0,0.03540904
1/15/2021 20:40,0,0.03540904
1/15/2021 20:45,0,0.03540904
1/15/2021 20:50,0,0.03540904
1/15/2021 20:55,0,0.03540904
1/15/2021 21:00,0,0.03540904
1/15/2021 21:05,0,0.03540904
1/15/2021 21:10,0,0.03540904
1/15/2021 21:15,0,0.03540904
1/15/2021 21:20,0,0.03540904
1/15/2021 21:25,0,0.03540904
1/15/2021 21:30,0,0.03540904
1/15/2021 21:35,0,0.03540904
1/15/2021 21:40,0,0.03540904
1/15/2021 21:45,0,0.03540904
1/15/2021 21:50,0,0.03540904
1/15/2021 21:55,0,0.03540904
1/15/2021 22:00,0,0.03540904
1/15/2021 22:05,0,0.03540904
1/15/2021 22:10,0,0.03540904
1/15/2021 22:15,0,0.03540904
1/15/2021 22:20,0,0.03540904
1/15/2021 22:25,0,0.03540904
1/15/2021 22:30,0,0.03540904
1/15/2021 22:35,0,0.03540904
1/15/2021 22:40,0,0.03540904
1/15/2021 22:45,0,0.03540904
1/15/2021 22:50,0,0.03540904
1/15/2021 22:55,0,0.03540904
1/15/2021 23:00,0,0.03540904
1/15/2021 23:05,0,0.03540904
1/15/2021 23:10,0,0.03540904
1/15/2021 23:15,0,0.03540904
1/15/2021 23:20,0,0.03540904
1/15/2021 23:25,0,0.03540904
1/15/2021 23:30,0,0.03540904
1/15/2021 23:35,0,0.03540904
1/15/2021 23:40,0,0.03540904
1/15/2021 23:45,0,0.03540904
1/15/2021 23:50,0,0.03663004
1/15/2021 23:55,0,0.03540904
1/16/2021 0:00,0,0.03540904
1/16/2021 0:05,0,0.03540904
1/16/2021 0:10,0,0.03540904
1/16/2021 0:15,0,0.03540904
1/16/2021 0:20,0,0.03540904
1/16/2021 0:25,0,0.03540904
1/16/2021 0:30,0,0.03540904
1/16/2021 0:35,0,0.03540904
1/16/2021 0:40,0,0.03540904
1/16/2021 0:45,0,0.03540904
1/16/2021 0:50,0,0.03540904
1/16/2021 0:55,0,0.03540904
1/16/2021 1:00,0,0.03540904
1/16/2021 1:05,0,0.03540904
1/16/2021 1:10,0,0.03540904
1/16/2021 1:15,0,0.03540904
1/16/2021 1:20,0,0.03540904
1/16/2021 1:25,0,0.03663004
1/16/2021 1:30,0,0.03540904
1/16/2021 1:35,0,0.03540904
1/16/2021 1:40,0,0.03540904
1/16/2021 1:45,0,0.03540904
1/16/2021 1:50,0,0.03540904
1/16/2021 1:55,0,0.03663004
1/16/2021 2:00,0,0.03540904
1/16/2021 2:05,0,0.03540904
1/16/2021 2:10,0,0.03540904
1/16/2021 2:15,0,0.03540904
1/16/2021 2:20,0,0.03540904
1/16/2021 2:25,0,0.03540904
1/16/2021 2:30,0,0.03540904
1/16/2021 2:35,0,0.03540904
1/16/2021 2:40,0,0.03540904
1/16/2021 2:45,0,0.03540904
1/16/2021 2:50,0,0.03540904
1/16/2021 2:55,0,0.03540904
1/16/2021 3:00,0,0.03540904
1/16/2021 3:05,0,0.03540904
1/16/2021 3:10,0,-1
1/16/2021 3:15,0,-1
1/16/2021 3:20,0,-1
1/16/2021 3:25,0,-1
1/16/2021 3:30,0,-1
1/16/2021 3:35,0,-1
1/16/2021 3:40,0,-1
1/16/2021 3:45,0,-1
1/16/2021 3:50,0,-1
1/16/2021 3:55,0,-1
1/16/2021 4:00,0,-1
1/16/2021 4:05,0,-1
1/16/2021 4:10,0,-1
1/16/2021 4:15,0,-1
1/16/2021 4:20,0,-1
1/16/2021 4:25,0,-1
1/16/2021 4:30,0,-1
1/16/2021 4:35,0,-1
1/16/2021 4:40,0,-1
1/16/2021 4:45,0,-1
1/16/2021 4:50,0,-1
1/16/2021 4:55,0,-1
1/16/2021 5:00,0,-1
1/16/2021 5:05,0,-1
1/16/2021 5:10,0,-1
1/16/2021 5:15,0,-1
1/16/2021 5:20,0,-1
1/16/2021 5:25,0,-1
1/16/2021 5:30,0,-1
1/16/2021 5:35,0,-1
1/16/2021 5:40,0,-1
1/16/2021 5:45,0,-1
1/16/2021 5:50,0,-1
1/16/2021 5:55,0,-1
1/16/2021 6:00,0,-1
1/16/2021 6:05,0,-1
1/16/2021 6:10,0,-1
1/16/2021 6:15,0,-1
1/16/2021 6:20,0,-1
1/16/2021 6:25,0,-1
1/16/2021 6:30,0,-1
1/16/2021 6:35,0,-1
1/16/2021 6:40,0,-1
1/16/2021 6:45,0,-1
1/16/2021 6:50,0,-1
1/16/2021 6:55,0,-1
1/16/2021 7:00,0,-1
1/16/2021 7:05,0,-1
1/16/2021 7:10,0,-1
1/16/2021 7:15,0,-1
1/16/2021 7:20,0,-1
1/16/2021 7:25,0,-1
1/16/2021 7:30,0,-1
1/16/2021 7:35,0,-1
1/16/2021 7:40,0,-1
1/16/2021 7:45,0,-1
1/16/2021 7:50,0,-1
1/16/2021 7:55,0,-1
1/16/2021 8:00,0,-1
1/16/2021 8:05,0,-1
1/16/2021 8:10,0,-1
1/16/2021 8:15,0,-1
1/16/2021 8:20,0,-1
1/16/2021 8:25,0,-1
1/16/2021 8:30,0,-1
1/16/2021 8:35,0,-1
1/16/2021 8:40,0,-1
1/16/2021 8:45,0,-1
1/16/2021 8:50,0,-1
1/16/2021 8:55,0,-1
1/16/2021 9:00,0,-1
1/16/2021 9:05,0,-1
1/16/2021 9:10,0,-1
1/16/2021 9:15,0,-1
1/16/2021 9:20,0,-1
1/16/2021 9:25,0,-1
1/16/2021 9:30,0,-1
1/16/2021 9:35,0,-1
1/16/2021 9:40,0,-1
1/16/2021 9:45,0,-1
1/16/2021 9:50,0,-1
1/16/2021 9:55,0,-1
1/16/2021 10:00,0,-1
1/16/2021 10:05,0,-1
1/16/2021 10:10,0,-1
1/16/2021 10:15,0,-1
1/16/2021 10:20,0,-1
1/16/2021 10:25,0,-1
1/16/2021 10:30,0,-1
1/16/2021 10:35,0,-1
1/16/2021 10:40,0,-1
1/16/2021 10:45,0,-1
1/16/2021 10:50,0,-1
1/16/2021 10:55,0,-1
1/16/2021 11:00,0,-1
1/16/2021 11:05,0,-1
1/16/2021 11:10,0,-1
1/16/2021 11:15,0,-1
1/16/2021 11:20,0,-1
1/16/2021 11:25,0,-1
1/16/2021 11:30,0,-1
1/16/2021 11:35,0,-1
1/16/2021 11:40,0,-1
1/16/2021 11:45,0,-1
1/16/2021 11:50,0,-1
1/16/2021 11:55,0,-1
1/16/2021 12:00,0,-1
1/16/2021 12:05,0,-1
1/16/2021 12:10,0,-1
1/16/2021 12:15,0,-1
1/16/2021 12:20,0,-1
1/16/2021 12:25,0,-1
1/16/2021 12:30,0,-1
1/16/2021 12:35,0,-1
1/16/2021 12:40,0,-1
1/16/2021 12:45,0,-1
1/16/2021 12:50,0,-1
1/16/2021 12:55,0,-1
1/16/2021 13:00,0,-1
1/16/2021 13:05,0,-1
1/16/2021 13:10,0,-1
1/16/2021 13:15,0,-1
1/16/2021 13:20,0,-1
1/16/2021 13:25,0,-1
1/16/2021 13:30,0,-1
1/16/2021 13:35,0,-1
1/16/2021 13:40,0,-1
1/16/2021 13:45,0,-1
1/16/2021 13:50,0,-1
1/16/2021 13:55,0,-1
1/16/2021 14:00,0,-1
1/16/2021 14:05,0,-1
1/16/2021 14:10,0,-1
1/16/2021 14:15,0,-1
1/16/2021 14:20,0,-1
1/16/2021 14:25,0,-1
1/16/2021 14:30,0,-1
1/16/2021 14:35,0,-1
1/16/2021 14:40,0,-1
1/16/2021 14:45,0,-1
1/16/2021 14:50,0,-1
1/16/2021 14:55,0,-1
1/16/2021 15:00,0,-1
1/16/2021 15:05,0,-1
1/16/2021 15:10,0,-1
1/16/2021 15:15,0,-1
1/16/2021 15:20,0,-1
1/16/2021 15:25,0,-1
1/16/2021 15:30,0,-1
1/16/2021 15:35,0,-1
1/16/2021 15:40,0,-1
1/16/2021 15:45,0,-1
1/16/2021 15:50,0,-1
1/16/2021 15:55,0,-1
1/16/2021 16:00,0,-1
1/16/2021 16:05,0,-1
1/16/2021 16:10,0,-1
1/16/2021 16:15,0,-1
1/16/2021 16:20,0,-1
1/16/2021 16:25,0,-1
1/16/2021 16:30,0,-1
1/16/2021 16:35,0,-1
1/16/2021 16:40,0,-1
1/16/2021 16:45,0,-1
1/16/2021 16:50,0,-1
1/16/2021 16:55,0,-1
1/16/2021 17:00,0,-1
1/16/2021 17:05,0,-1
1/16/2021 17:10,0,-1
1/16/2021 17:15,0,-1
1/16/2021 17:20,0,-1
1/16/2021 17:25,0,-1
1/16/2021 17:30,0,-1
1/16/2021 17:35,0,-1
1/16/2021 17:40,0,-1
1/16/2021 17:45,0,-1
1/16/2021 17:50,0,-1
1/16/2021 17:55,0,-1
1/16/2021 18:00,0,-1
1/16/2021 18:05,0,-1
1/16/2021 18:10,0,-1
1/16/2021 18:15,0,-1
1/16/2021 18:20,0,-1
1/16/2021 18:25,0,-1
1/16/2021 18:30,0,-1
1/16/2021 18:35,0,-1
1/16/2021 18:40,0,-1
1/16/2021 18:45,0,-1
1/16/2021 18:50,0,-1
1/16/2021 18:55,0,-1
1/16/2021 19:00,0,-1
1/16/2021 19:05,0,-1
1/16/2021 19:10,0,-1
1/16/2021 19:15,0,-1
1/16/2021 19:20,0,-1
1/16/2021 19:25,0,-1
1/16/2021 19:30,0,-1
1/16/2021 19:35,0,-1
1/16/2021 19:40,0,-1
1/16/2021 19:45,0,-1
1/16/2021 19:50,0,-1
1/16/2021 19:55,0,-1
1/16/2021 20:00,0,-1
1/16/2021 20:05,0,-1
1/16/2021 20:10,0,-1
1/16/2021 20:15,0,-1
1/16/2021 20:20,0,-1
1/16/2021 20:25,0,-1
1/16/2021 20:30,0,-1
1/16/2021 20:35,0,-1
1/16/2021 20:40,0,-1
1/16/2021 20:45,0,-1
1/16/2021 20:50,0,-1
1/16/2021 20:55,0,-1
1/16/2021 21:00,0,-1
1/16/2021 21:05,0,-1
1/16/2021 21:10,0,-1
1/16/2021 21:15,0,-1
1/16/2021 21:20,0,-1
1/16/2021 21:25,0,-1
1/16/2021 21:30,0,-1
1/16/2021 21:35,0,-1
1/16/2021 21:40,0,-1
1/16/2021 21:45,0,-1
1/16/2021 21:50,0,-1
1/16/2021 21:55,0,-1
1/16/2021 22:00,0,-1
1/16/2021 22:05,0,-1
1/16/2021 22:10,0,-1
1/16/2021 22:15,0,-1
1/16/2021 22:20,0,-1
1/16/2021 22:25,0,-1
1/16/2021 22:30,0,-1
1/16/2021 22:35,0,-1
1/16/2021 22:40,0,-1
1/16/2021 22:45,0,-1
1/16/2021 22:50,0,-1
1/16/2021 22:55,0,-1
1/16/2021 23:00,0,-1
1/16/2021 23:05,0,-1
1/16/2021 23:10,0,-1
1/16/2021 23:15,0,-1
1/16/2021 23:20,0,-1
1/16/2021 23:25,0,-1
1/16/2021 23:30,0,-1
1/16/2021 23:35,0,-1
1/16/2021 23:40,0,-1
1/16/2021 23:45,0,-1
1/16/2021 23:50,0,-1
1/16/2021 23:55,0,-1
1/17/2021 0:00,0,-1
1/17/2021 0:05,0,-1
1/17/2021 0:10,0,-1
1/17/2021 0:15,0,-1
1/17/2021 0:20,0,-1
1/17/2021 0:25,0,-1
1/17/2021 0:30,0,-1
1/17/2021 0:35,0,-1
1/17/2021 0:40,0,-1
1/17/2021 0:45,0,-1
1/17/2021 0:50,0,-1
1/17/2021 0:55,0,-1
1/17/2021 1:00,0,-1
1/17/2021 1:05,0,-1
1/17/2021 1:10,0,-1
1/17/2021 1:15,0,-1
1/17/2021 1:20,0,-1
1/17/2021 1:25,0,-1
1/17/2021 1:30,0,-1
1/17/2021 1:35,0,-1
1/17/2021 1:40,0,-1
1/17/2021 1:45,0,-1
1/17/2021 1:50,0,-1
1/17/2021 1:55,0,-1
1/17/2021 2:00,0,-1
1/17/2021 2:05,0,-1
1/17/2021 2:10,0,-1
1/17/2021 2:15,0,-1
1/17/2021 2:20,0,-1
1/17/2021 2:25,0,-1
1/17/2021 2:30,0,-1
1/17/2021 2:35,0,-1
1/17/2021 2:40,0,-1
1/17/2021 2:45,0,-1
1/17/2021 2:50,0,-1
1/17/2021 2:55,0,-1
1/17/2021 3:00,0,-1
1/17/2021 3:05,0,-1
1/17/2021 3:10,0,-1
1/17/2021 3:15,0,-1
1/17/2021 3:20,0,-1
1/17/2021 3:25,0,-1
1/17/2021 3:30,0,-1
1/17/2021 3:35,0,-1
1/17/2021 3:40,0,-1
1/17/2021 3:45,0,-1
1/17/2021 3:50,0,-1
1/17/2021 3:55,0,-1
1/17/2021 4:00,0,-1
1/17/2021 4:05,0,-1
1/17/2021 4:10,0,-1
1/17/2021 4:15,0,-1
1/17/2021 4:20,0,-1
1/17/2021 4:25,0,-1
1/17/2021 4:30,0,-1
1/17/2021 4:35,0,-1
1/17/2021 4:40,0,-1
1/17/2021 4:45,0,-1
1/17/2021 4:50,0,-1
1/17/2021 4:55,0,-1
1/17/2021 5:00,0,-1
1/17/2021 5:05,0,-1
1/17/2021 5:10,0,-1
1/17/2021 5:15,0,-1
1/17/2021 5:20,0,-1
1/17/2021 5:25,0,-1
1/17/2021 5:30,0,-1
1/17/2021 5:35,0,-1
1/17/2021 5:40,0,-1
1/17/2021 5:45,0,-1
1/17/2021 5:50,0,-1
1/17/2021 5:55,0,-1
1/17/2021 6:00,0,-1
1/17/2021 6:05,0,-1
1/17/2021 6:10,0,-1
1/17/2021 6:15,0,-1
1/17/2021 6:20,0,-1
1/17/2021 6:25,0,-1
1/17/2021 6:30,0,-1
1/17/2021 6:35,0,-1
1/17/2021 6:40,0,-1
1/17/2021 6:45,0,-1
1/17/2021 6:50,0,-1
1/17/2021 6:55,0,-1
1/17/2021 7:00,0,-1
1/17/2021 7:05,0,-1
1/17/2021 7:10,0,-1
1/17/2021 7:15,0,-1
1/17/2021 7:20,0,-1
1/17/2021 7:25,0,-1
1/17/2021 7:30,0,-1
1/17/2021 7:35,0,-1
1/17/2021 7:40,0,-1
1/17/2021 7:45,0,-1
1/17/2021 7:50,0,-1
1/17/2021 7:55,0,-1
1/17/2021 8:00,0,-1
1/17/2021 8:05,0,-1
1/17/2021 8:10,0,-1
1/17/2021 8:15,0,-1
1/17/2021 8:20,0,-1
1/17/2021 8:25,0,-1
1/17/2021 8:30,0,-1
1/17/2021 8:35,0,-1
1/17/2021 8:40,0,-1
1/17/2021 8:45,0,-1
1/17/2021 8:50,0,-1
1/17/2021 8:55,0,-1
1/17/2021 9:00,0,-1
1/17/2021 9:05,0,-1
1/17/2021 9:10,0,-1
1/17/2021 9:15,0,-1
1/17/2021 9:20,0,-1
1/17/2021 9:25,0,-1
1/17/2021 9:30,0,-1
1/17/2021 9:35,0,-1
1/17/2021 9:40,0,-1
1/17/2021 9:45,0,-1
1/17/2021 9:50,0,-1
1/17/2021 9:55,0,-1
1/17/2021 10:00,0,-1
1/17/2021 10:05,0,-1
1/17/2021 10:10,0,-1
1/17/2021 10:15,0,-1
1/17/2021 10:20,0,-1
1/17/2021 10:25,0,-1
1/17/2021 10:30,0,-1
1/17/2021 10:35,0,-1
1/17/2021 10:40,0,-1
1/17/2021 10:45,0,-1
1/17/2021 10:50,0,-1
1/17/2021 10:55,0,-1
1/17/2021 11:00,0,-1
1/17/2021 11:05,0,-1
1/17/2021 11:10,0,-1
1/17/2021 11:15,0,-1
1/17/2021 11:20,0,-1
1/17/2021 11:25,0,-1
1/17/2021 11:30,0,-1
1/17/2021 11:35,0,-1
1/17/2021 11:40,0,-1
1/17/2021 11:45,0,-1
1/17/2021 11:50,0,-1
1/17/2021 11:55,0,-1
1/17/2021 12:00,0,-1
1/17/2021 12:05,0,-1
1/17/2021 12:10,0,-1
1/17/2021 12:15,0,-1
1/17/2021 12:20,0,-1
1/17/2021 12:25,0,-1
1/17/2021 12:30,0,-1
1/17/2021 12:35,0,-1
1/17/2021 12:40,0,-1
1/17/2021 12:45,0,-1
1/17/2021 12:50,0,-1
1/17/2021 12:55,0,-1
1/17/2021 13:00,0,-1
1/17/2021 13:05,0,-1
1/17/2021 13:10,0,-1
1/17/2021 13:15,0,-1
1/17/2021 13:20,0,-1
1/17/2021 13:25,0,-1
1/17/2021 13:30,0,-1
1/17/2021 13:35,0,-1
1/17/2021 13:40,0,-1
1/17/2021 13:45,0,-1
1/17/2021 13:50,0,-1
1/17/2021 13:55,0,-1
1/17/2021 14:00,0,-1
1/17/2021 14:05,0,-1
1/17/2021 14:10,0,-1
1/17/2021 14:15,0,-1
1/17/2021 14:20,0,-1
1/17/2021 14:25,0,-1
1/17/2021 14:30,0,-1
1/17/2021 14:35,0,-1
1/17/2021 14:40,0,-1
1/17/2021 14:45,0,-1
1/17/2021 14:50,0,-1
1/17/2021 14:55,0,-1
1/17/2021 15:00,0,-1
1/17/2021 15:05,0,-1
1/17/2021 15:10,0,-1
1/17/2021 15:15,0,-1
1/17/2021 15:20,0,-1
1/17/2021 15:25,0,-1
1/17/2021 15:30,0,-1
1/17/2021 15:35,0,-1
1/17/2021 15:40,0,-1
1/17/2021 15:45,0,-1
1/17/2021 15:50,0,-1
1/17/2021 15:55,0,-1
1/17/2021 16:00,0,-1
1/17/2021 16:05,0,-1
1/17/2021 16:10,0,-1
1/17/2021 16:15,0,-1
1/17/2021 16:20,0,-1
1/17/2021 16:25,0,-1
1/17/2021 16:30,0,-1
1/17/2021 16:35,0,-1
1/17/2021 16:40,0,-1
1/17/2021 16:45,0,-1
1/17/2021 16:50,0,-1
1/17/2021 16:55,0,-1
1/17/2021 17:00,0,-1
1/17/2021 17:05,0,-1
1/17/2021 17:10,0,-1
1/17/2021 17:15,0,-1
1/17/2021 17:20,0,-1
1/17/2021 17:25,0,-1
1/17/2021 17:30,0,-1
1/17/2021 17:35,0,-1
1/17/2021 17:40,0,-1
1/17/2021 17:45,0,-1
1/17/2021 17:50,0,-1
1/17/2021 17:55,0,-1
1/17/2021 18:00,0,-1
1/17/2021 18:05,0,-1
1/17/2021 18:10,0,-1
1/17/2021 18:15,0,-1
1/17/2021 18:20,0,-1
1/17/2021 18:25,0,-1
1/17/2021 18:30,0,-1
1/17/2021 18:35,0,-1
1/17/2021 18:40,0,-1
1/17/2021 18:45,0,-1
1/17/2021 18:50,0,-1
1/17/2021 18:55,0,-1
1/17/2021 19:00,0,-1
1/17/2021 19:05,0,-1
1/17/2021 19:10,0,-1
1/17/2021 19:15,0,-1
1/17/2021 19:20,0,-1
1/17/2021 19:25,0,-1
1/17/2021 19:30,0,-1
1/17/2021 19:35,0,-1
1/17/2021 19:40,0,-1
1/17/2021 19:45,0,-1
1/17/2021 19:50,0,-1
1/17/2021 19:55,0,-1
1/17/2021 20:00,0,-1
1/17/2021 20:05,0,-1
1/17/2021 20:10,0,-1
1/17/2021 20:15,0,-1
1/17/2021 20:20,0,-1
1/17/2021 20:25,0,-1
1/17/2021 20:30,0,-1
1/17/2021 20:35,0,-1
1/17/2021 20:40,0,-1
1/17/2021 20:45,0,-1
1/17/2021 20:50,0,-1
1/17/2021 20:55,0,-1
1/17/2021 21:00,0,-1
1/17/2021 21:05,0,-1
1/17/2021 21:10,0,-1
1/17/2021 21:15,0,-1
1/17/2021 21:20,0,-1
1/17/2021 21:25,0,-1
1/17/2021 21:30,0,-1
1/17/2021 21:35,0,-1
1/17/2021 21:40,0,-1
1/17/2021 21:45,0,-1
1/17/2021 21:50,0,-1
1/17/2021 21:55,0,-1
1/17/2021 22:00,0,-1
1/17/2021 22:05,0,-1
1/17/2021 22:10,0,-1
1/17/2021 22:15,0,-1
1/17/2021 22:20,0,-1
1/17/2021 22:25,0,-1
1/17/2021 22:30,0,-1
1/17/2021 22:35,0,-1
1/17/2021 22:40,0,-1
1/17/2021 22:45,0,-1
1/17/2021 22:50,0,-1
1/17/2021 22:55,0,-1
1/17/2021 23:00,0,-1
1/17/2021 23:05,0,-1
1/17/2021 23:10,0,-1
1/17/2021 23:15,0,-1
1/17/2021 23:20,0,-1
1/17/2021 23:25,0,-1
1/17/2021 23:30,0,-1
1/17/2021 23:35,0,-1
1/17/2021 23:40,0,-1
1/17/2021 23:45,0,-1
1/17/2021 23:50,0,-1
1/17/2021 23:55,0,-1
1/18/2021 0:00,0,-1
1/18/2021 0:05,0,-1
1/18/2021 0:10,0,-1
1/18/2021 0:15,0,-1
1/18/2021 0:20,0,-1
1/18/2021 0:25,0,-1
1/18/2021 0:30,0,-1
1/18/2021 0:35,0,-1
1/18/2021 0:40,0,-1
1/18/2021 0:45,0,-1
1/18/2021 0:50,0,-1
1/18/2021 0:55,0,-1
1/18/2021 1:00,0,-1
1/18/2021 1:05,0,-1
1/18/2021 1:10,0,-1
1/18/2021 1:15,0,-1
1/18/2021 1:20,0,-1
1/18/2021 1:25,0,-1
1/18/2021 1:30,0,-1
1/18/2021 1:35,0,-1
1/18/2021 1:40,0,-1
1/18/2021 1:45,0,-1
1/18/2021 1:50,0,-1
1/18/2021 1:55,0,-1
1/18/2021 2:00,0,-1
1/18/2021 2:05,0,-1
1/18/2021 2:10,0,-1
1/18/2021 2:15,0,-1
1/18/2021 2:20,0,-1
1/18/2021 2:25,0,0.07448108
1/18/2021 2:30,0,-1
1/18/2021 2:35,0,-1
1/18/2021 2:40,0,-1
1/18/2021 2:45,0,-1
1/18/2021 2:50,0,-1
1/18/2021 2:55,0,-1
1/18/2021 3:00,0,-1
1/18/2021 3:05,0,-1
1/18/2021 3:10,0,-1
1/18/2021 3:15,0,-1
1/18/2021 3:20,0,-1
1/18/2021 3:25,0,-1
1/18/2021 3:30,0,-1
1/18/2021 3:35,0,-1
1/18/2021 3:40,0,-1
1/18/2021 3:45,0,-1
1/18/2021 3:50,0,-1
1/18/2021 3:55,0,-1
1/18/2021 4:00,0,-1
1/18/2021 4:05,0,-1
1/18/2021 4:10,0,-1
1/18/2021 4:15,0,-1
1/18/2021 4:20,0,-1
1/18/2021 4:25,0,-1
1/18/2021 4:30,0,-1
1/18/2021 4:35,0,-1
1/18/2021 4:40,0,-1
1/18/2021 4:45,0,-1
1/18/2021 4:50,0,-1
1/18/2021 4:55,0,-1
1/18/2021 5:00,0,-1
1/18/2021 5:05,0,-1
1/18/2021 5:10,0,-1
1/18/2021 5:15,0,-1
1/18/2021 5:20,0,-1
1/18/2021 5:25,0,-1
1/18/2021 5:30,0,-1
1/18/2021 5:35,0,-1
1/18/2021 5:40,0,-1
1/18/2021 5:45,0,-1
1/18/2021 5:50,0,-1
1/18/2021 5:55,0,-1
1/18/2021 6:00,0,-1
1/18/2021 6:05,0,-1
1/18/2021 6:10,0,-1
1/18/2021 6:15,0,-1
1/18/2021 6:20,0,-1
1/18/2021 6:25,0,-1
1/18/2021 6:30,0,-1
1/18/2021 6:35,0,-1
1/18/2021 6:40,0,-1
1/18/2021 6:45,0,-1
1/18/2021 6:50,0,-1
1/18/2021 6:55,0,-1
1/18/2021 7:00,0,-1
1/18/2021 7:05,0,-1
1/18/2021 7:10,0,-1
1/18/2021 7:15,0,-1
1/18/2021 7:20,0,-1
1/18/2021 7:25,0,-1
1/18/2021 7:30,0,-1
1/18/2021 7:35,0,-1
1/18/2021 7:40,0,-1
1/18/2021 7:45,0,-1
1/18/2021 7:50,0,-1
1/18/2021 7:55,0,-1
1/18/2021 8:00,0,-1
1/18/2021 8:05,0,-1
1/18/2021 8:10,0,-1
1/18/2021 8:15,0,-1
1/18/2021 8:20,0,-1
1/18/2021 8:25,0,-1
1/18/2021 8:30,0,-1
1/18/2021 8:35,0,-1
1/18/2021 8:40,0,-1
1/18/2021 8:45,0,-1
1/18/2021 8:50,0,-1
1/18/2021 8:55,0,-1
1/18/2021 9:00,0,-1
1/18/2021 9:05,0,-1
1/18/2021 9:10,0,-1
1/18/2021 9:15,0,-1
1/18/2021 9:20,0,-1
1/18/2021 9:25,0,-1
1/18/2021 9:30,0,-1
1/18/2021 9:35,0,-1
1/18/2021 9:40,0,-1
1/18/2021 9:45,0,-1
1/18/2021 9:50,0,-1
1/18/2021 9:55,0,-1
1/18/2021 10:00,0,-1
1/18/2021 10:05,0,-1
1/18/2021 10:10,0,-1
1/18/2021 10:15,0,-1
1/18/2021 10:20,0,-1
1/18/2021 10:25,0,-1
1/18/2021 10:30,0,-1
1/18/2021 10:35,0,-1
1/18/2021 10:40,0,-1
1/18/2021 10:45,0,-1
1/18/2021 10:50,0,-1
1/18/2021 10:55,0,-1
1/18/2021 11:00,0,-1
1/18/2021 11:05,0,-1
1/18/2021 11:10,0,-1
1/18/2021 11:15,0,-1
1/18/2021 11:20,0,-1
1/18/2021 11:25,0,-1
1/18/2021 11:30,0,-1
1/18/2021 11:35,0,-1
1/18/2021 11:40,0,-1
1/18/2021 11:45,0,-1
1/18/2021 11:50,0,-1
1/18/2021 11:55,0,-1
1/18/2021 12:00,0,-1
1/18/2021 12:05,0,-1
1/18/2021 12:10,0,-1
1/18/2021 12:15,0,-1
1/18/2021 12:20,0,-1
1/18/2021 12:25,0,-1
1/18/2021 12:30,0,-1
1/18/2021 12:35,0,-1
1/18/2021 12:40,0,-1
1/18/2021 12:45,0,-1
1/18/2021 12:50,0,-1
1/18/2021 12:55,0,-1
1/18/2021 13:00,0,-1
1/18/2021 13:05,0,-1
1/18/2021 13:10,0,-1
1/18/2021 13:15,0,-1
1/18/2021 13:20,0,-1
1/18/2021 13:25,0,-1
1/18/2021 13:30,0,-1
1/18/2021 13:35,0,-1
1/18/2021 13:40,0,-1
1/18/2021 13:45,0,-1
1/18/2021 13:50,0,-1
1/18/2021 13:55,0,-1
1/18/2021 14:00,0,-1
1/18/2021 14:05,0,-1
1/18/2021 14:10,0,-1
1/18/2021 14:15,0,-1
1/18/2021 14:20,0,-1
1/18/2021 14:25,0,-1
1/18/2021 14:30,0,-1
1/18/2021 14:35,0,-1
1/18/2021 14:40,0,-1
1/18/2021 14:45,0,-1
1/18/2021 14:50,0,-1
1/18/2021 14:55,0,-1
1/18/2021 15:00,0,-1
1/18/2021 15:05,0,-1
1/18/2021 15:10,0,-1
1/18/2021 15:15,0,-1
1/18/2021 15:20,0,-1
1/18/2021 15:25,0,-1
1/18/2021 15:30,0,-1
1/18/2021 15:35,0,-1
1/18/2021 15:40,0,-1
1/18/2021 15:45,0,-1
1/18/2021 15:50,0,-1
1/18/2021 15:55,0,-1
1/18/2021 16:00,0,-1
1/18/2021 16:05,0,-1
1/18/2021 16:10,0,-1
1/18/2021 16:15,0,-1
1/18/2021 16:20,0,-1
1/18/2021 16:25,0,-1
1/18/2021 16:30,0,-1
1/18/2021 16:35,0,-1
1/18/2021 16:40,0,-1
1/18/2021 16:45,0,-1
1/18/2021 16:50,0,-1
1/18/2021 16:55,0,-1
1/18/2021 17:00,0,-1
1/18/2021 17:05,0,-1
1/18/2021 17:10,0,-1
1/18/2021 17:15,0,-1
1/18/2021 17:20,0,-1
1/18/2021 17:25,0,-1
1/18/2021 17:30,0,-1
1/18/2021 17:35,0,-1
1/18/2021 17:40,0,-1
1/18/2021 17:45,0,-1
1/18/2021 17:50,0,-1
1/18/2021 17:55,0,-1
1/18/2021 18:00,0,-1
1/18/2021 18:05,0,-1
1/18/2021 18:10,0,-1
1/18/2021 18:15,0,-1
1/18/2021 18:20,0,-1
1/18/2021 18:25,0,-1
1/18/2021 18:30,0,-1
1/18/2021 18:35,0,-1
1/18/2021 18:40,0,-1
1/18/2021 18:45,0,-1
1/18/2021 18:50,0,-1
1/18/2021 18:55,0,-1
1/18/2021 19:00,0,-1
1/18/2021 19:05,0,-1
1/18/2021 19:10,0,-1
1/18/2021 19:15,0,-1
1/18/2021 19:20,0,-1
1/18/2021 19:25,0,-1
1/18/2021 19:30,0,-1
1/18/2021 19:35,0,-1
1/18/2021 19:40,0,-1
1/18/2021 19:45,0,-1
1/18/2021 19:50,0,-1
1/18/2021 19:55,0,-1
1/18/2021 20:00,0,-1
1/18/2021 20:05,0,-1
1/18/2021 20:10,0,-1
1/18/2021 20:15,0,-1
1/18/2021 20:20,0,-1
1/18/2021 20:25,0,-1
1/18/2021 20:30,0,-1
1/18/2021 20:35,0,-1
1/18/2021 20:40,0,-1
1/18/2021 20:45,0,-1
1/18/2021 20:50,0,-1
1/18/2021 20:55,0,-1
1/18/2021 21:00,0,-1
1/18/2021 21:05,0,-1
1/18/2021 21:10,0,-1
1/18/2021 21:15,0,-1
1/18/2021 21:20,0,-1
1/18/2021 21:25,0,-1
1/18/2021 21:30,0,-1
1/18/2021 21:35,0,-1
1/18/2021 21:40,0,-1
1/18/2021 21:45,0,-1
1/18/2021 21:50,0,-1
1/18/2021 21:55,0,-1
1/18/2021 22:00,0,-1
1/18/2021 22:05,0,-1
1/18/2021 22:10,0,-1
1/18/2021 22:15,0,-1
1/18/2021 22:20,0,-1
1/18/2021 22:25,0,-1
1/18/2021 22:30,0,-1
1/18/2021 22:35,0,-1
1/18/2021 22:40,0,-1
1/18/2021 22:45,0,-1
1/18/2021 22:50,0,-1
1/18/2021 22:55,0,-1
1/18/2021 23:00,0,-1
1/18/2021 23:05,0,-1
1/18/2021 23:10,0,-1
1/18/2021 23:15,0,-1
1/18/2021 23:20,0,-1
1/18/2021 23:25,0,-1
1/18/2021 23:30,0,-1
1/18/2021 23:35,0,-1
1/18/2021 23:40,0,-1
1/18/2021 23:45,0,-1
1/18/2021 23:50,0,-1
1/18/2021 23:55,0,-1
1/19/2021 0:00,0,-1
1/19/2021 0:05,0,-1
1/19/2021 0:10,0,-1
1/19/2021 0:15,0,-1
1/19/2021 0:20,0,-1
1/19/2021 0:25,0,-1
1/19/2021 0:30,0,-1
1/19/2021 0:35,0,-1
1/19/2021 0:40,0,-1
1/19/2021 0:45,0,-1
1/19/2021 0:50,0,-1
1/19/2021 0:55,0,-1
1/19/2021 1:00,0,-1
1/19/2021 1:05,0,-1
1/19/2021 1:10,0,-1
1/19/2021 1:15,0,-1
1/19/2021 1:20,0,-1
1/19/2021 1:25,0,-1
1/19/2021 1:30,0,-1
1/19/2021 1:35,0,-1
1/19/2021 1:40,0,-1
1/19/2021 1:45,0,-1
1/19/2021 1:50,0,-1
1/19/2021 1:55,0,-1
1/19/2021 2:00,0,-1
1/19/2021 2:05,0,-1
1/19/2021 2:10,0,-1
1/19/2021 2:15,0,-1
1/19/2021 2:20,0,-1
1/19/2021 2:25,0,-1
1/19/2021 2:30,0,-1
1/19/2021 2:35,0,-1
1/19/2021 2:40,0,-1
1/19/2021 2:45,0,-1
1/19/2021 2:50,0,-1
1/19/2021 2:55,0,-1
1/19/2021 3:00,0,-1
1/19/2021 3:05,0,-1
1/19/2021 3:10,0,-1
1/19/2021 3:15,0,-1
1/19/2021 3:20,0,-1
1/19/2021 3:25,0,-1
1/19/2021 3:30,0,-1
1/19/2021 3:35,0,-1
1/19/2021 3:40,0,-1
1/19/2021 3:45,0,-1
1/19/2021 3:50,0,-1
1/19/2021 3:55,0,-1
1/19/2021 4:00,0,-1
1/19/2021 4:05,0,-1
1/19/2021 4:10,0,-1
1/19/2021 4:15,0,-1
1/19/2021 4:20,0,-1
1/19/2021 4:25,0,-1
1/19/2021 4:30,0,-1
1/19/2021 4:35,0,-1
1/19/2021 4:40,0,-1
1/19/2021 4:45,0,-1
1/19/2021 4:50,0,-1
1/19/2021 4:55,0,-1
1/19/2021 5:00,0,-1
1/19/2021 5:05,0,-1
1/19/2021 5:10,0,-1
1/19/2021 5:15,0,-1
1/19/2021 5:20,0,-1
1/19/2021 5:25,0,-1
1/19/2021 5:30,0,-1
1/19/2021 5:35,0,-1
1/19/2021 5:40,0,-1
1/19/2021 5:45,0,-1
1/19/2021 5:50,0,-1
1/19/2021 5:55,0,-1
1/19/2021 6:00,0,-1
1/19/2021 6:05,0,-1
1/19/2021 6:10,0,-1
1/19/2021 6:15,0,-1
1/19/2021 6:20,0,-1
1/19/2021 6:25,0,-1
1/19/2021 6:30,0,-1
1/19/2021 6:35,0,-1
1/19/2021 6:40,0,-1
1/19/2021 6:45,0,-1
1/19/2021 6:50,0,-1
1/19/2021 6:55,0,-1
1/19/2021 7:00,0,-1
1/19/2021 7:05,0,-1
1/19/2021 7:10,0,-1
1/19/2021 7:15,0,-1
1/19/2021 7:20,0,-1
1/19/2021 7:25,0,-1
1/19/2021 7:30,0,-1
1/19/2021 7:35,0,-1
1/19/2021 7:40,0,-1
1/19/2021 7:45,0,-1
1/19/2021 7:50,0,-1
1/19/2021 7:55,0,-1
1/19/2021 8:00,0,-1
1/19/2021 8:05,0,-1
1/19/2021 8:10,0,-1
1/19/2021 8:15,0,-1
1/19/2021 8:20,0,-1
1/19/2021 8:25,0,-1
1/19/2021 8:30,0,-1
1/19/2021 8:35,0,-1
1/19/2021 8:40,0,-1
1/19/2021 8:45,0,-1
1/19/2021 8:50,0,-1
1/19/2021 8:55,0,-1
1/19/2021 9:00,0,-1
1/19/2021 9:05,0,-1
1/19/2021 9:10,0,-1
1/19/2021 9:15,0,-1
1/19/2021 9:20,0,-1
1/19/2021 9:25,0,-1
1/19/2021 9:30,0,-1
1/19/2021 9:35,0,-1
1/19/2021 9:40,0,-1
1/19/2021 9:45,0,-1
1/19/2021 9:50,0,-1
1/19/2021 9:55,0,-1
1/19/2021 10:00,0,-1
1/19/2021 10:05,0,-1
1/19/2021 10:10,0,-1
1/19/2021 10:15,0,-1
1/19/2021 10:20,0,-1
1/19/2021 10:25,0,-1
1/19/2021 10:30,0,-1
1/19/2021 10:35,0,-1
1/19/2021 10:40,0,-1
1/19/2021 10:45,0,-1
1/19/2021 10:50,0,-1
1/19/2021 10:55,0,-1
1/19/2021 11:00,0,-1
1/19/2021 11:05,0,-1
1/19/2021 11:10,0,-1
1/19/2021 11:15,0,-1
1/19/2021 11:20,0,-1
1/19/2021 11:25,0,-1
1/19/2021 11:30,0,-1
1/19/2021 11:35,0,-1
1/19/2021 11:40,0,-1
1/19/2021 11:45,0,-1
1/19/2021 11:50,0,-1
1/19/2021 11:55,0,-1
1/19/2021 12:00,0,-1
1/19/2021 12:05,0,-1
1/19/2021 12:10,0,-1
1/19/2021 12:15,0,-1
1/19/2021 12:20,0,-1
1/19/2021 12:25,0,-1
1/19/2021 12:30,0,-1
1/19/2021 12:35,0,-1
1/19/2021 12:40,0,-1
1/19/2021 12:45,0,-1
1/19/2021 12:50,0,-1
1/19/2021 12:55,0,-1
1/19/2021 13:00,0,-1
1/19/2021 13:05,0,-1
1/19/2021 13:10,0,-1
1/19/2021 13:15,0,-1
1/19/2021 13:20,0,-1
1/19/2021 13:25,0,-1
1/19/2021 13:30,0,-1
1/19/2021 13:35,0,-1
1/19/2021 13:40,0,-1
1/19/2021 13:45,0,-1
1/19/2021 13:50,0,-1
1/19/2021 13:55,0,-1
1/19/2021 14:00,0,-1
1/19/2021 14:05,0,-1
1/19/2021 14:10,0,-1
1/19/2021 14:15,0,-1
1/19/2021 14:20,0,-1
1/19/2021 14:25,0,-1
1/19/2021 14:30,0,-1
1/19/2021 14:35,0,-1
1/19/2021 14:40,0,-1
1/19/2021 14:45,0,-1
1/19/2021 14:50,0,-1
1/19/2021 14:55,0,-1
1/19/2021 15:00,0,-1
1/19/2021 15:05,0,-1
1/19/2021 15:10,0,-1
1/19/2021 15:15,0,-1
1/19/2021 15:20,0,-1
1/19/2021 15:25,0,-1
1/19/2021 15:30,0,-1
1/19/2021 15:35,0,-1
1/19/2021 15:40,0,-1
1/19/2021 15:45,0,-1
1/19/2021 15:50,0,-1
1/19/2021 15:55,0,-1
1/19/2021 16:00,0,-1
1/19/2021 16:05,0,-1
1/19/2021 16:10,0,-1
1/19/2021 16:15,0,-1
1/19/2021 16:20,0,-1
1/19/2021 16:25,0,-1
1/19/2021 16:30,0,-1
1/19/2021 16:35,0,-1
1/19/2021 16:40,0,-1
1/19/2021 16:45,0,-1
1/19/2021 16:50,0,-1
1/19/2021 16:55,0,-1
1/19/2021 17:00,0,-1
1/19/2021 17:05,0,-1
1/19/2021 17:10,0,-1
1/19/2021 17:15,0,-1
1/19/2021 17:20,0,-1
1/19/2021 17:25,0,-1
1/19/2021 17:30,0,-1
1/19/2021 17:35,0,-1
1/19/2021 17:40,0,-1
1/19/2021 17:45,0,-1
1/19/2021 17:50,0,-1
1/19/2021 17:55,0,-1
1/19/2021 18:00,0,-1
1/19/2021 18:05,0,-1
1/19/2021 18:10,0,-1
1/19/2021 18:15,0,-1
1/19/2021 18:20,0,-1
1/19/2021 18:25,0,-1
1/19/2021 18:30,0,-1
1/19/2021 18:35,0,-1
1/19/2021 18:40,0,-1
1/19/2021 18:45,0,-1
1/19/2021 18:50,0,-1
1/19/2021 18:55,0,-1
1/19/2021 19:00,0,-1
1/19/2021 19:05,0,-1
1/19/2021 19:10,0,-1
1/19/2021 19:15,0,-1
1/19/2021 19:20,0,-1
1/19/2021 19:25,0,-1
1/19/2021 19:30,0,-1
1/19/2021 19:35,0,-1
1/19/2021 19:40,0,-1
1/19/2021 19:45,0,-1
1/19/2021 19:50,0,-1
1/19/2021 19:55,0,-1
1/19/2021 20:00,0,-1
1/19/2021 20:05,0,-1
1/19/2021 20:10,0,-1
1/19/2021 20:15,0,-1
1/19/2021 20:20,0,-1
1/19/2021 20:25,0,-1
1/19/2021 20:30,0,-1
1/19/2021 20:35,0,-1
1/19/2021 20:40,0,-1
1/19/2021 20:45,0,-1
1/19/2021 20:50,0,-1
1/19/2021 20:55,0,-1
1/19/2021 21:00,0,-1
1/19/2021 21:05,0,-1
1/19/2021 21:10,0,-1
1/19/2021 21:15,0,-1
1/19/2021 21:20,0,-1
1/19/2021 21:25,0,-1
1/19/2021 21:30,0,-1
1/19/2021 21:35,0,-1
1/19/2021 21:40,0,-1
1/19/2021 21:45,0,-1
1/19/2021 21:50,0,-1
1/19/2021 21:55,0,-1
1/19/2021 22:00,0,-1
1/19/2021 22:05,0,-1
1/19/2021 22:10,0,-1
1/19/2021 22:15,0,-1
1/19/2021 22:20,0,-1
1/19/2021 22:25,0,-1
1/19/2021 22:30,0,-1
1/19/2021 22:35,0,-1
1/19/2021 22:40,0,-1
1/19/2021 22:45,0,-1
1/19/2021 22:50,0,-1
1/19/2021 22:55,0,-1
1/19/2021 23:00,0,-1
1/19/2021 23:05,0,-1
1/19/2021 23:10,0,-1
1/19/2021 23:15,0,-1
1/19/2021 23:20,0,-1
1/19/2021 23:25,0,-1
1/19/2021 23:30,0,-1
1/19/2021 23:35,0,-1
1/19/2021 23:40,0,-1
1/19/2021 23:45,0,-1
1/19/2021 23:50,0,-1
1/19/2021 23:55,0,-1
1/20/2021 0:00,0,-1
1/20/2021 0:05,0,-1
1/20/2021 0:10,0,-1
1/20/2021 0:15,0,-1
1/20/2021 0:20,0,-1
1/20/2021 0:25,0,-1
1/20/2021 0:30,0,-1
1/20/2021 0:35,0,-1
1/20/2021 0:40,0,-1
1/20/2021 0:45,0,-1
1/20/2021 0:50,0,-1
1/20/2021 0:55,0,-1
1/20/2021 1:00,0,-1
1/20/2021 1:05,0,-1
1/20/2021 1:10,0,-1
1/20/2021 1:15,0,-1
1/20/2021 1:20,0,-1
1/20/2021 1:25,0,-1
1/20/2021 1:30,0,-1
1/20/2021 1:35,0,-1
1/20/2021 1:40,0,-1
1/20/2021 1:45,0,-1
1/20/2021 1:50,0,-1
1/20/2021 1:55,0,-1
1/20/2021 2:00,0,-1
1/20/2021 2:05,0,-1
1/20/2021 2:10,0,-1
1/20/2021 2:15,0,-1
1/20/2021 2:20,0,-1
1/20/2021 2:25,0,-1
1/20/2021 2:30,0,-1
1/20/2021 2:35,0,-1
1/20/2021 2:40,0,-1
1/20/2021 2:45,0,-1
1/20/2021 2:50,0,-1
1/20/2021 2:55,0,-1
1/20/2021 3:00,0,-1
1/20/2021 3:05,0,-1
1/20/2021 3:10,0,-1
1/20/2021 3:15,0,-1
1/20/2021 3:20,0,-1
1/20/2021 3:25,0,-1
1/20/2021 3:30,0,-1
1/20/2021 3:35,0,-1
1/20/2021 3:40,0,-1
1/20/2021 3:45,0,-1
1/20/2021 3:50,0,-1
1/20/2021 3:55,0,-1
1/20/2021 4:00,0,-1
1/20/2021 4:05,0,-1
1/20/2021 4:10,0,-1
1/20/2021 4:15,0,-1
1/20/2021 4:20,0,-1
1/20/2021 4:25,0,-1
1/20/2021 4:30,0,-1
1/20/2021 4:35,0,-1
1/20/2021 4:40,0,-1
1/20/2021 4:45,0,-1
1/20/2021 4:50,0,-1
1/20/2021 4:55,0,-1
1/20/2021 5:00,0,-1
1/20/2021 5:05,0,-1
1/20/2021 5:10,0,-1
1/20/2021 5:15,0,-1
1/20/2021 5:20,0,-1
1/20/2021 5:25,0,-1
1/20/2021 5:30,0,-1
1/20/2021 5:35,0,-1
1/20/2021 5:40,0,-1
1/20/2021 5:45,0,-1
1/20/2021 5:50,0,-1
1/20/2021 5:55,0,-1
1/20/2021 6:00,0,-1
1/20/2021 6:05,0,-1
1/20/2021 6:10,0,-1
1/20/2021 6:15,0,-1
1/20/2021 6:20,0,-1
1/20/2021 6:25,0,-1
1/20/2021 6:30,0,-1
1/20/2021 6:35,0,-1
1/20/2021 6:40,0,-1
1/20/2021 6:45,0,-1
1/20/2021 6:50,0,-1
1/20/2021 6:55,0,-1
1/20/2021 7:00,0,-1
1/20/2021 7:05,0,-1
1/20/2021 7:10,0,-1
1/20/2021 7:15,0,-1
1/20/2021 7:20,0,-1
1/20/2021 7:25,0,-1
1/20/2021 7:30,0,-1
1/20/2021 7:35,0,-1
1/20/2021 7:40,0,-1
1/20/2021 7:45,0,-1
1/20/2021 7:50,0,-1
1/20/2021 7:55,0,-1
1/20/2021 8:00,0,-1
1/20/2021 8:05,0,-1
1/20/2021 8:10,0,-1
1/20/2021 8:15,0,-1
1/20/2021 8:20,0,-1
1/20/2021 8:25,0,-1
1/20/2021 8:30,0,-1
1/20/2021 8:35,0,-1
1/20/2021 8:40,0,-1
1/20/2021 8:45,0,-1
1/20/2021 8:50,0,-1
1/20/2021 8:55,0,-1
1/20/2021 9:00,0,-1
1/20/2021 9:05,0,-1
1/20/2021 9:10,0,-1
1/20/2021 9:15,0,-1
1/20/2021 9:20,0,-1
1/20/2021 9:25,0,-1
1/20/2021 9:30,0,-1
1/20/2021 9:35,0,-1
1/20/2021 9:40,0,-1
1/20/2021 9:45,0,-1
1/20/2021 9:50,0,-1
1/20/2021 9:55,0,-1
1/20/2021 10:00,0,-1
1/20/2021 10:05,0,-1
1/20/2021 10:10,0,-1
1/20/2021 10:15,0,-1
1/20/2021 10:20,0,-1
1/20/2021 10:25,0,-1
1/20/2021 10:30,0,-1
1/20/2021 10:35,0,-1
1/20/2021 10:40,0,-1
1/20/2021 10:45,0,-1
1/20/2021 10:50,0,-1
1/20/2021 10:55,0,-1
1/20/2021 11:00,0,-1
1/20/2021 11:05,0,-1
1/20/2021 11:10,0,-1
1/20/2021 11:15,0,-1
1/20/2021 11:20,0,-1
1/20/2021 11:25,0,-1
1/20/2021 11:30,0,-1
1/20/2021 11:35,0,-1
1/20/2021 11:40,0,-1
1/20/2021 11:45,0,-1
1/20/2021 11:50,0,-1
1/20/2021 11:55,0,-1
1/20/2021 12:00,0,-1
1/20/2021 12:05,0,-1
1/20/2021 12:10,0,-1
1/20/2021 12:15,0,-1
1/20/2021 12:20,0,-1
1/20/2021 12:25,0,-1
1/20/2021 12:30,0,-1
1/20/2021 12:35,0,-1
1/20/2021 12:40,0,-1
1/20/2021 12:45,0,-1
1/20/2021 12:50,0,-1
1/20/2021 12:55,0,-1
1/20/2021 13:00,0,-1
1/20/2021 13:05,0,-1
1/20/2021 13:10,0,-1
1/20/2021 13:15,0,-1
1/20/2021 13:20,0,-1
1/20/2021 13:25,0,-1
1/20/2021 13:30,0,-1
1/20/2021 13:35,0,-1
1/20/2021 13:40,0,-1
1/20/2021 13:45,0,-1
1/20/2021 13:50,0,-1
1/20/2021 13:55,0,-1
1/20/2021 14:00,0,-1
1/20/2021 14:05,0,-1
1/20/2021 14:10,0,-1
1/20/2021 14:15,0,-1
1/20/2021 14:20,0,-1
1/20/2021 14:25,0,-1
1/20/2021 14:30,0,-1
1/20/2021 14:35,0,-1
1/20/2021 14:40,0,-1
1/20/2021 14:45,0,-1
1/20/2021 14:50,0,-1
1/20/2021 14:55,0,-1
1/20/2021 15:00,0,-1
1/20/2021 15:05,0,-1
1/20/2021 15:10,0,-1
1/20/2021 15:15,0,-1
1/20/2021 15:20,0,-1
1/20/2021 15:25,0,-1
1/20/2021 15:30,0,-1
1/20/2021 15:35,0,-1
1/20/2021 15:40,0,-1
1/20/2021 15:45,0,-1
1/20/2021 15:50,0,-1
1/20/2021 15:55,0,-1
1/20/2021 16:00,0,-1
1/20/2021 16:05,0,-1
1/20/2021 16:10,0,-1
1/20/2021 16:15,0,-1
1/20/2021 16:20,0,-1
1/20/2021 16:25,0,-1
1/20/2021 16:30,0,-1
1/20/2021 16:35,0,-1
1/20/2021 16:40,0,-1
1/20/2021 16:45,0,-1
1/20/2021 16:50,0,-1
1/20/2021 16:55,0,-1
1/20/2021 17:00,0,-1
1/20/2021 17:05,0,-1
1/20/2021 17:10,0,-1
1/20/2021 17:15,0,-1
1/20/2021 17:20,0,-1
1/20/2021 17:25,0,-1
1/20/2021 17:30,0,-1
1/20/2021 17:35,0,-1
1/20/2021 17:40,0,-1
1/20/2021 17:45,0,-1
1/20/2021 17:50,0,-1
1/20/2021 17:55,0,-1
1/20/2021 18:00,0,-1
1/20/2021 18:05,0,-1
1/20/2021 18:10,0,-1
1/20/2021 18:15,0,-1
1/20/2021 18:20,0,-1
1/20/2021 18:25,0,-1
1/20/2021 18:30,0,-1
1/20/2021 18:35,0,-1
1/20/2021 18:40,0,-1
1/20/2021 18:45,0,-1
1/20/2021 18:50,0,-1
1/20/2021 18:55,0,-1
1/20/2021 19:00,0,-1
1/20/2021 19:05,0,-1
1/20/2021 19:10,0,-1
1/20/2021 19:15,0,-1
1/20/2021 19:20,0,-1
1/20/2021 19:25,0,-1
1/20/2021 19:30,0,-1
1/20/2021 19:35,0,-1
1/20/2021 19:40,0,-1
1/20/2021 19:45,0,-1
1/20/2021 19:50,0,-1
1/20/2021 19:55,0,-1
1/20/2021 20:00,0,-1
1/20/2021 20:05,0,-1
1/20/2021 20:10,0,-1
1/20/2021 20:15,0,-1
1/20/2021 20:20,0,-1
1/20/2021 20:25,0,-1
1/20/2021 20:30,0,-1
1/20/2021 20:35,0,-1
1/20/2021 20:40,0,-1
1/20/2021 20:45,0,-1
1/20/2021 20:50,0,-1
1/20/2021 20:55,0,-1
1/20/2021 21:00,0,-1
1/20/2021 21:05,0,-1
1/20/2021 21:10,0,-1
1/20/2021 21:15,0,-1
1/20/2021 21:20,0,-1
1/20/2021 21:25,0,-1
1/20/2021 21:30,0,-1
1/20/2021 21:35,0,-1
1/20/2021 21:40,0,-1
1/20/2021 21:45,0,-1
1/20/2021 21:50,0,-1
1/20/2021 21:55,0,-1
1/20/2021 22:00,0,-1
1/20/2021 22:05,0,-1
1/20/2021 22:10,0,-1
1/20/2021 22:15,0,-1
1/20/2021 22:20,0,-1
1/20/2021 22:25,0,-1
1/20/2021 22:30,0,-1
1/20/2021 22:35,0,-1
1/20/2021 22:40,0,-1
1/20/2021 22:45,0,-1
1/20/2021 22:50,0,-1
1/20/2021 22:55,0,-1
1/20/2021 23:00,0,-1
1/20/2021 23:05,0,-1
1/20/2021 23:10,0,-1
1/20/2021 23:15,0,-1
1/20/2021 23:20,0,-1
1/20/2021 23:25,0,-1
1/20/2021 23:30,0,-1
1/20/2021 23:35,0,-1
1/20/2021 23:40,0,-1
1/20/2021 23:45,0,-1
1/20/2021 23:50,0,-1
1/20/2021 23:55,0,-1
1/21/2021 0:00,0,-1
1/21/2021 0:05,0,-1
1/21/2021 0:10,0,-1
1/21/2021 0:15,0,-1
1/21/2021 0:20,0,-1
1/21/2021 0:25,0,-1
1/21/2021 0:30,0,-1
1/21/2021 0:35,0,-1
1/21/2021 0:40,0,-1
1/21/2021 0:45,0,-1
1/21/2021 0:50,0,-1
1/21/2021 0:55,0,-1
1/21/2021 1:00,0,-1
1/21/2021 1:05,0,-1
1/21/2021 1:10,0,-1
1/21/2021 1:15,0,-1
1/21/2021 1:20,0,-1
1/21/2021 1:25,0,-1
1/21/2021 1:30,0,-1
1/21/2021 1:35,0,-1
1/21/2021 1:40,0,-1
1/21/2021 1:45,0,-1
1/21/2021 1:50,0,-1
1/21/2021 1:55,0,-1
1/21/2021 2:00,0,-1
1/21/2021 2:05,0,-1
1/21/2021 2:10,0,-1
1/21/2021 2:15,0,-1
1/21/2021 2:20,0,-1
1/21/2021 2:25,0,-1
1/21/2021 2:30,0,-1
1/21/2021 2:35,0,-1
1/21/2021 2:40,0,-1
1/21/2021 2:45,0,-1
1/21/2021 2:50,0,-1
1/21/2021 2:55,0,-1
1/21/2021 3:00,0,-1
1/21/2021 3:05,0,-1
1/21/2021 3:10,0,-1
1/21/2021 3:15,0,-1
1/21/2021 3:20,0,-1
1/21/2021 3:25,0,-1
1/21/2021 3:30,0,-1
1/21/2021 3:35,0,-1
1/21/2021 3:40,0,-1
1/21/2021 3:45,0,-1
1/21/2021 3:50,0,-1
1/21/2021 3:55,0,-1
1/21/2021 4:00,0,-1
1/21/2021 4:05,0,-1
1/21/2021 4:10,0,-1
1/21/2021 4:15,0,-1
1/21/2021 4:20,0,-1
1/21/2021 4:25,0,-1
1/21/2021 4:30,0,-1
1/21/2021 4:35,0,-1
1/21/2021 4:40,0,-1
1/21/2021 4:45,0,-1
1/21/2021 4:50,0,-1
1/21/2021 4:55,0,-1
1/21/2021 5:00,0,-1
1/21/2021 5:05,0,-1
1/21/2021 5:10,0,-1
1/21/2021 5:15,0,-1
1/21/2021 5:20,0,-1
1/21/2021 5:25,0,-1
1/21/2021 5:30,0,-1
1/21/2021 5:35,0,-1
1/21/2021 5:40,0,-1
1/21/2021 5:45,0,-1
1/21/2021 5:50,0,-1
1/21/2021 5:55,0,-1
1/21/2021 6:00,0,-1
1/21/2021 6:05,0,-1
1/21/2021 6:10,0,-1
1/21/2021 6:15,0,-1
1/21/2021 6:20,0,-1
1/21/2021 6:25,0,-1
1/21/2021 6:30,0,-1
1/21/2021 6:35,0,-1
1/21/2021 6:40,0,-1
1/21/2021 6:45,0,-1
1/21/2021 6:50,0,-1
1/21/2021 6:55,0,-1
1/21/2021 7:00,0,-1
1/21/2021 7:05,0,-1
1/21/2021 7:10,0,-1
1/21/2021 7:15,0,-1
1/21/2021 7:20,0,-1
1/21/2021 7:25,0,-1
1/21/2021 7:30,0,-1
1/21/2021 7:35,0,-1
1/21/2021 7:40,0,-1
1/21/2021 7:45,0,-1
1/21/2021 7:50,0,-1
1/21/2021 7:55,0,-1
1/21/2021 8:00,0,-1
1/21/2021 8:05,0,-1
1/21/2021 8:10,0,-1
1/21/2021 8:15,0,-1
1/21/2021 8:20,0,-1
1/21/2021 8:25,0,-1
1/21/2021 8:30,0,-1
1/21/2021 8:35,0,-1
1/21/2021 8:40,0,-1
1/21/2021 8:45,0,-1
1/21/2021 8:50,0,-1
1/21/2021 8:55,0,-1
1/21/2021 9:00,0,-1
1/21/2021 9:05,0,-1
1/21/2021 9:10,0,-1
1/21/2021 9:15,0,-1
1/21/2021 9:20,0,-1
1/21/2021 9:25,0,-1
1/21/2021 9:30,0,-1
1/21/2021 9:35,0,-1
1/21/2021 9:40,0,-1
1/21/2021 9:45,0,-1
1/21/2021 9:50,0,-1
1/21/2021 9:55,0,-1
1/21/2021 10:00,0,-1
1/21/2021 10:05,0,-1
1/21/2021 10:10,0,-1
1/21/2021 10:15,0,-1
1/21/2021 10:20,0,-1
1/21/2021 10:25,0,-1
1/21/2021 10:30,0,-1
1/21/2021 10:35,0,-1
1/21/2021 10:40,0,-1
1/21/2021 10:45,0,-1
1/21/2021 10:50,0,-1
1/21/2021 10:55,0,-1
1/21/2021 11:00,0,-1
1/21/2021 11:05,0,-1
1/21/2021 11:10,0,-1
1/21/2021 11:15,0,-1
1/21/2021 11:20,0,-1
1/21/2021 11:25,0,-1
1/21/2021 11:30,0,-1
1/21/2021 11:35,0,-1
1/21/2021 11:40,0,-1
1/21/2021 11:45,0,-1
1/21/2021 11:50,0,-1
1/21/2021 11:55,0,-1
1/21/2021 12:00,0,-1
1/21/2021 12:05,0,-1
1/21/2021 12:10,0,-1
1/21/2021 12:15,0,-1
1/21/2021 12:20,0,-1
1/21/2021 12:25,0,-1
1/21/2021 12:30,0,-1
1/21/2021 12:35,0,-1
1/21/2021 12:40,0,-1
1/21/2021 12:45,0,-1
1/21/2021 12:50,0,-1
1/21/2021 12:55,0,-1
1/21/2021 13:00,0,-1
1/21/2021 13:05,0,-1
1/21/2021 13:10,0,-1
1/21/2021 13:15,0,-1
1/21/2021 13:20,0,-1
1/21/2021 13:25,0,-1
1/21/2021 13:30,0,-1
1/21/2021 13:35,0,-1
1/21/2021 13:40,0,-1
1/21/2021 13:45,0,-1
1/21/2021 13:50,0,-1
1/21/2021 13:55,0,-1
1/21/2021 14:00,0,-1
1/21/2021 14:05,0,-1
1/21/2021 14:10,0,-1
1/21/2021 14:15,0,-1
1/21/2021 14:20,0,-1
1/21/2021 14:25,0,-1
1/21/2021 14:30,0,-1
1/21/2021 14:35,0,-1
1/21/2021 14:40,0,-1
1/21/2021 14:45,0,-1
1/21/2021 14:50,0,-1
1/21/2021 14:55,0,-1
1/21/2021 15:00,0,-1
1/21/2021 15:05,0,-1
1/21/2021 15:10,0,-1
1/21/2021 15:15,0,-1
1/21/2021 15:20,0,-1
1/21/2021 15:25,0,-1
1/21/2021 15:30,0,-1
1/21/2021 15:35,0,-1
1/21/2021 15:40,0,-1
1/21/2021 15:45,0,-1
1/21/2021 15:50,0,-1
1/21/2021 15:55,0,-1
1/21/2021 16:00,0,-1
1/21/2021 16:05,0,-1
1/21/2021 16:10,0,-1
1/21/2021 16:15,0,-1
1/21/2021 16:20,0,-1
1/21/2021 16:25,0,-1
1/21/2021 16:30,0,-1
1/21/2021 16:35,0,-1
1/21/2021 16:40,0,-1
1/21/2021 16:45,0,-1
1/21/2021 16:50,0,-1
1/21/2021 16:55,0,-1
1/21/2021 17:00,0,-1
1/21/2021 17:05,0,-1
1/21/2021 17:10,0,-1
1/21/2021 17:15,0,-1
1/21/2021 17:20,0,-1
1/21/2021 17:25,0,-1
1/21/2021 17:30,0,-1
1/21/2021 17:35,0,-1
1/21/2021 17:40,0,-1
1/21/2021 17:45,0,-1
1/21/2021 17:50,0,-1
1/21/2021 17:55,0,-1
1/21/2021 18:00,0,-1
1/21/2021 18:05,0,-1
1/21/2021 18:10,0,-1
1/21/2021 18:15,0,-1
1/21/2021 18:20,0,-1
1/21/2021 18:25,0,-1
1/21/2021 18:30,0,-1
1/21/2021 18:35,0,-1
1/21/2021 18:40,0,-1
1/21/2021 18:45,0,-1
1/21/2021 18:50,0,-1
1/21/2021 18:55,0,-1
1/21/2021 19:00,0,-1
1/21/2021 19:05,0,-1
1/21/2021 19:10,0,-1
1/21/2021 19:15,0,-1
1/21/2021 19:20,0,-1
1/21/2021 19:25,0,-1
1/21/2021 19:30,0,-1
1/21/2021 19:35,0,-1
1/21/2021 19:40,0,-1
1/21/2021 19:45,0,-1
1/21/2021 19:50,0,-1
1/21/2021 19:55,0,-1
1/21/2021 20:00,0,-1
1/21/2021 20:05,0,-1
1/21/2021 20:10,0,-1
1/21/2021 20:15,0,-1
1/21/2021 20:20,0,-1
1/21/2021 20:25,0,-1
1/21/2021 20:30,0,-1
1/21/2021 20:35,0,-1
1/21/2021 20:40,0,-1
1/21/2021 20:45,0,-1
1/21/2021 20:50,0,-1
1/21/2021 20:55,0,-1
1/21/2021 21:00,0,-1
1/21/2021 21:05,0,-1
1/21/2021 21:10,0,-1
1/21/2021 21:15,0,-1
1/21/2021 21:20,0,-1
1/21/2021 21:25,0,-1
1/21/2021 21:30,0,-1
1/21/2021 21:35,0,-1
1/21/2021 21:40,0,-1
1/21/2021 21:45,0,-1
1/21/2021 21:50,0,-1
1/21/2021 21:55,0,-1
1/21/2021 22:00,0,-1
1/21/2021 22:05,0,-1
1/21/2021 22:10,0,-1
1/21/2021 22:15,0,-1
1/21/2021 22:20,0,-1
1/21/2021 22:25,0,-1
1/21/2021 22:30,0,-1
1/21/2021 22:35,0,-1
1/21/2021 22:40,0,-1
1/21/2021 22:45,0,-1
1/21/2021 22:50,0,-1
1/21/2021 22:55,0,-1
1/21/2021 23:00,0,-1
1/21/2021 23:05,0,-1
1/21/2021 23:10,0,-1
1/21/2021 23:15,0,-1
1/21/2021 23:20,0,-1
1/21/2021 23:25,0,-1
1/21/2021 23:30,0,-1
1/21/2021 23:35,0,-1
1/21/2021 23:40,0,-1
1/21/2021 23:45,0,-1
1/21/2021 23:50,0,-1
1/21/2021 23:55,0,-1
1/22/2021 0:00,0,-1
1/22/2021 0:05,0,-1
1/22/2021 0:10,0,-1
1/22/2021 0:15,0,-1
1/22/2021 0:20,0,-1
1/22/2021 0:25,0,-1
1/22/2021 0:30,0,-1
1/22/2021 0:35,0,-1
1/22/2021 0:40,0,-1
1/22/2021 0:45,0,-1
1/22/2021 0:50,0,-1
1/22/2021 0:55,0,-1
1/22/2021 1:00,0,-1
1/22/2021 1:05,0,-1
1/22/2021 1:10,0,-1
1/22/2021 1:15,0,-1
1/22/2021 1:20,0,-1
1/22/2021 1:25,0,-1
1/22/2021 1:30,0,-1
1/22/2021 1:35,0,-1
1/22/2021 1:40,0,-1
1/22/2021 1:45,0,-1
1/22/2021 1:50,0,-1
1/22/2021 1:55,0,-1
1/22/2021 2:00,0,-1
1/22/2021 2:05,0,-1
1/22/2021 2:10,0,-1
1/22/2021 2:15,0,-1
1/22/2021 2:20,0,-1
1/22/2021 2:25,0,-1
1/22/2021 2:30,0,-1
1/22/2021 2:35,0,-1
1/22/2021 2:40,0,-1
1/22/2021 2:45,0,-1
1/22/2021 2:50,0,-1
1/22/2021 2:55,0,-1
1/22/2021 3:00,0,-1
1/22/2021 3:05,0,-1
1/22/2021 3:10,0,-1
1/22/2021 3:15,0,-1
1/22/2021 3:20,0,-1
1/22/2021 3:25,0,-1
1/22/2021 3:30,0,-1
1/22/2021 3:35,0,-1
1/22/2021 3:40,0,-1
1/22/2021 3:45,0,-1
1/22/2021 3:50,0,-1
1/22/2021 3:55,0,-1
1/22/2021 4:00,0,-1
1/22/2021 4:05,0,-1
1/22/2021 4:10,0,-1
1/22/2021 4:15,0,-1
1/22/2021 4:20,0,-1
1/22/2021 4:25,0,-1
1/22/2021 4:30,0,-1
1/22/2021 4:35,0,-1
1/22/2021 4:40,0,-1
1/22/2021 4:45,0,-1
1/22/2021 4:50,0,-1
1/22/2021 4:55,0,-1
1/22/2021 5:00,0,-1
1/22/2021 5:05,0,-1
1/22/2021 5:10,0,-1
1/22/2021 5:15,0,-1
1/22/2021 5:20,0,-1
1/22/2021 5:25,0,-1
1/22/2021 5:30,0,-1
1/22/2021 5:35,0,-1
1/22/2021 5:40,0,-1
1/22/2021 5:45,0,-1
1/22/2021 5:50,0,-1
1/22/2021 5:55,0,-1
1/22/2021 6:00,0,-1
1/22/2021 6:05,0,-1
1/22/2021 6:10,0,-1
1/22/2021 6:15,0,-1
1/22/2021 6:20,0,-1
1/22/2021 6:25,0,-1
1/22/2021 6:30,0,-1
1/22/2021 6:35,0,-1
1/22/2021 6:40,0,-1
1/22/2021 6:45,0,-1
1/22/2021 6:50,0,-1
1/22/2021 6:55,0,-1
1/22/2021 7:00,0,-1
1/22/2021 7:05,0,-1
1/22/2021 7:10,0,-1
1/22/2021 7:15,0,-1
1/22/2021 7:20,0,-1
1/22/2021 7:25,0,-1
1/22/2021 7:30,0,-1
1/22/2021 7:35,0,-1
1/22/2021 7:40,0,-1
1/22/2021 7:45,0,-1
1/22/2021 7:50,0,-1
1/22/2021 7:55,0,-1
1/22/2021 8:00,0,-1
1/22/2021 8:05,0,-1
1/22/2021 8:10,0,-1
1/22/2021 8:15,0,-1
1/22/2021 8:20,0,-1
1/22/2021 8:25,0,-1
1/22/2021 8:30,0,-1
1/22/2021 8:35,0,-1
1/22/2021 8:40,0,-1
1/22/2021 8:45,0,-1
1/22/2021 8:50,0,-1
1/22/2021 8:55,0,-1
1/22/2021 9:00,0,-1
1/22/2021 9:05,0,-1
1/22/2021 9:10,0,-1
1/22/2021 9:15,0,-1
1/22/2021 9:20,0,-1
1/22/2021 9:25,0,-1
1/22/2021 9:30,0,-1
1/22/2021 9:35,0,-1
1/22/2021 9:40,0,-1
1/22/2021 9:45,0,-1
1/22/2021 9:50,0,-1
1/22/2021 9:55,0,-1
1/22/2021 10:00,0,-1
1/22/2021 10:05,0,-1
1/22/2021 10:10,0,-1
1/22/2021 10:15,0,-1
1/22/2021 10:20,0,-1
1/22/2021 10:25,0,-1
1/22/2021 10:30,0,-1
1/22/2021 10:35,0,-1
1/22/2021 10:40,0,-1
1/22/2021 10:45,0,-1
1/22/2021 10:50,0,-1
1/22/2021 10:55,0,-1
1/22/2021 11:00,0,-1
1/22/2021 11:05,0,-1
1/22/2021 11:10,0,-1
1/22/2021 11:15,0,-1
1/22/2021 11:20,0,-1
1/22/2021 11:25,0,-1
1/22/2021 11:30,0,-1
1/22/2021 11:35,0,-1
1/22/2021 11:40,0,-1
1/22/2021 11:45,0,-1
1/22/2021 11:50,0,-1
1/22/2021 11:55,0,-1
1/22/2021 12:00,0,-1
1/22/2021 12:05,0,-1
1/22/2021 12:10,0,-1
1/22/2021 12:15,0,-1
1/22/2021 12:20,0,-1
1/22/2021 12:25,0,-1
1/22/2021 12:30,0,-1
1/22/2021 12:35,0,-1
1/22/2021 12:40,0,-1
1/22/2021 12:45,0,-1
1/22/2021 12:50,0,-1
1/22/2021 12:55,0,-1
1/22/2021 13:00,0,-1
1/22/2021 13:05,0,-1
1/22/2021 13:10,0,-1
1/22/2021 13:15,0,-1
1/22/2021 13:20,0,-1
1/22/2021 13:25,0,-1
1/22/2021 13:30,0,-1
1/22/2021 13:35,0,-1
1/22/2021 13:40,0,-1
1/22/2021 13:45,0,-1
1/22/2021 13:50,0,-1
1/22/2021 13:55,0,-1
1/22/2021 14:00,0,-1
1/22/2021 14:05,0,-1
1/22/2021 14:10,0,-1
1/22/2021 14:15,0,-1
1/22/2021 14:20,0,-1
1/22/2021 14:25,0,-1
1/22/2021 14:30,0,-1
1/22/2021 14:35,0,-1
1/22/2021 14:40,0,-1
1/22/2021 14:45,0,-1
1/22/2021 14:50,0,-1
1/22/2021 14:55,0,-1
1/22/2021 15:00,0,-1
1/22/2021 15:05,0,-1
1/22/2021 15:10,0,-1
1/22/2021 15:15,0,-1
1/22/2021 15:20,0,-1
1/22/2021 15:25,0,-1
1/22/2021 15:30,0,-1
1/22/2021 15:35,0,-1
1/22/2021 15:40,0,-1
1/22/2021 15:45,0,-1
1/22/2021 15:50,0,-1
1/22/2021 15:55,0,-1
1/22/2021 16:00,0,-1
1/22/2021 16:05,0,-1
1/22/2021 16:10,0,-1
1/22/2021 16:15,0,-1
1/22/2021 16:20,0,-1
1/22/2021 16:25,0,-1
1/22/2021 16:30,0,-1
1/22/2021 16:35,0,-1
1/22/2021 16:40,0,-1
1/22/2021 16:45,0,-1
1/22/2021 16:50,0,-1
1/22/2021 16:55,0,-1
1/22/2021 17:00,0,-1
1/22/2021 17:05,0,-1
1/22/2021 17:10,0,-1
1/22/2021 17:15,0,-1
1/22/2021 17:20,0,-1
1/22/2021 17:25,0,-1
1/22/2021 17:30,0,-1
1/22/2021 17:35,0,-1
1/22/2021 17:40,0,-1
1/22/2021 17:45,0,-1
1/22/2021 17:50,0,-1
1/22/2021 17:55,0,-1
1/22/2021 18:00,0,-1
1/22/2021 18:05,0,-1
1/22/2021 18:10,0,-1
1/22/2021 18:15,0,-1
1/22/2021 18:20,0,-1
1/22/2021 18:25,0,-1
1/22/2021 18:30,0,-1
1/22/2021 18:35,0,-1
1/22/2021 18:40,0,-1
1/22/2021 18:45,0,-1
1/22/2021 18:50,0,-1
1/22/2021 18:55,0,-1
1/22/2021 19:00,0,-1
1/22/2021 19:05,0,-1
1/22/2021 19:10,0,-1
1/22/2021 19:15,0,-1
1/22/2021 19:20,0,-1
1/22/2021 19:25,0,-1
1/22/2021 19:30,0,-1
1/22/2021 19:35,0,-1
1/22/2021 19:40,0,-1
1/22/2021 19:45,0,-1
1/22/2021 19:50,0,-1
1/22/2021 19:55,0,-1
1/22/2021 20:00,0,-1
1/22/2021 20:05,0,-1
1/22/2021 20:10,0,-1
1/22/2021 20:15,0,-1
1/22/2021 20:20,0,-1
1/22/2021 20:25,0,-1
1/22/2021 20:30,0,-1
1/22/2021 20:35,0,-1
1/22/2021 20:40,0,-1
1/22/2021 20:45,0,-1
1/22/2021 20:50,0,-1
1/22/2021 20:55,0,-1
1/22/2021 21:00,0,-1
1/22/2021 21:05,0,-1
1/22/2021 21:10,0,-1
1/22/2021 21:15,0,-1
1/22/2021 21:20,0,-1
1/22/2021 21:25,0,-1
1/22/2021 21:30,0,-1
1/22/2021 21:35,0,-1
1/22/2021 21:40,0,-1
1/22/2021 21:45,0,-1
1/22/2021 21:50,0,-1
1/22/2021 21:55,0,-1
1/22/2021 22:00,0,-1
1/22/2021 22:05,0,-1
1/22/2021 22:10,0,-1
1/22/2021 22:15,0,-1
1/22/2021 22:20,0,-1
1/22/2021 22:25,0,-1
1/22/2021 22:30,0,-1
1/22/2021 22:35,0,-1
1/22/2021 22:40,0,-1
1/22/2021 22:45,0,-1
1/22/2021 22:50,0,-1
1/22/2021 22:55,0,-1
1/22/2021 23:00,0,-1
1/22/2021 23:05,0,-1
1/22/2021 23:10,0,-1
1/22/2021 23:15,0,-1
1/22/2021 23:20,0,-1
1/22/2021 23:25,0,-1
1/22/2021 23:30,0,-1
1/22/2021 23:35,0,-1
1/22/2021 23:40,0,-1
1/22/2021 23:45,0,-1
1/22/2021 23:50,0,-1
1/22/2021 23:55,0,-1
1/23/2021 0:00,0,-1
1/23/2021 0:05,0,-1
1/23/2021 0:10,0,-1
1/23/2021 0:15,0,-1
1/23/2021 0:20,0,-1
1/23/2021 0:25,0,-1
1/23/2021 0:30,0,-1
1/23/2021 0:35,0,-1
1/23/2021 0:40,0,-1
1/23/2021 0:45,0,-1
1/23/2021 0:50,0,-1
1/23/2021 0:55,0,-1
1/23/2021 1:00,0,-1
1/23/2021 1:05,0,-1
1/23/2021 1:10,0,-1
1/23/2021 1:15,0,-1
1/23/2021 1:20,0,-1
1/23/2021 1:25,0,-1
1/23/2021 1:30,0,-1
1/23/2021 1:35,0,-1
1/23/2021 1:40,0,-1
1/23/2021 1:45,0,-1
1/23/2021 1:50,0,-1
1/23/2021 1:55,0,-1
1/23/2021 2:00,0,-1
1/23/2021 2:05,0,-1
1/23/2021 2:10,0,-1
1/23/2021 2:15,0,0.04151404
1/23/2021 2:20,0,-1
1/23/2021 2:25,0,-1
1/23/2021 2:30,0,-1
1/23/2021 2:35,0,-1
1/23/2021 2:40,0,-1
1/23/2021 2:45,0,-1
1/23/2021 2:50,0,-1
1/23/2021 2:55,0,-1
1/23/2021 3:00,0,-1
1/23/2021 3:05,0,-1
1/23/2021 3:10,0,-1
1/23/2021 3:15,0,-1
1/23/2021 3:20,0,-1
1/23/2021 3:25,0,-1
1/23/2021 3:30,0,-1
1/23/2021 3:35,0,-1
1/23/2021 3:40,0,-1
1/23/2021 3:45,0,-1
1/23/2021 3:50,0,-1
1/23/2021 3:55,0,-1
1/23/2021 4:00,0,-1
1/23/2021 4:05,0,-1
1/23/2021 4:10,0,-1
1/23/2021 4:15,0,-1
1/23/2021 4:20,0,-1
1/23/2021 4:25,0,-1
1/23/2021 4:30,0,-1
1/23/2021 4:35,0,-1
1/23/2021 4:40,0,-1
1/23/2021 4:45,0,-1
1/23/2021 4:50,0,-1
1/23/2021 4:55,0,-1
1/23/2021 5:00,0,-1
1/23/2021 5:05,0,-1
1/23/2021 5:10,0,-1
1/23/2021 5:15,0,-1
1/23/2021 5:20,0,-1
1/23/2021 5:25,0,-1
1/23/2021 5:30,0,-1
1/23/2021 5:35,0,-1
1/23/2021 5:40,0,-1
1/23/2021 5:45,0,-1
1/23/2021 5:50,0,-1
1/23/2021 5:55,0,-1
1/23/2021 6:00,0,-1
1/23/2021 6:05,0,-1
1/23/2021 6:10,0,-1
1/23/2021 6:15,0,-1
1/23/2021 6:20,0,-1
1/23/2021 6:25,0,-1
1/23/2021 6:30,0,-1
1/23/2021 6:35,0,-1
1/23/2021 6:40,0,-1
1/23/2021 6:45,0,-1
1/23/2021 6:50,0,-1
1/23/2021 6:55,0,-1
1/23/2021 7:00,0,-1
1/23/2021 7:05,0,-1
1/23/2021 7:10,0,-1
1/23/2021 7:15,0,-1
1/23/2021 7:20,0,-1
1/23/2021 7:25,0,-1
1/23/2021 7:30,0,-1
1/23/2021 7:35,0,-1
1/23/2021 7:40,0,-1
1/23/2021 7:45,0,-1
1/23/2021 7:50,0,-1
1/23/2021 7:55,0,-1
1/23/2021 8:00,0,-1
1/23/2021 8:05,0,-1
1/23/2021 8:10,0,-1
1/23/2021 8:15,0,-1
1/23/2021 8:20,0,-1
1/23/2021 8:25,0,-1
1/23/2021 8:30,0,-1
1/23/2021 8:35,0,-1
1/23/2021 8:40,0,-1
1/23/2021 8:45,0,-1
1/23/2021 8:50,0,-1
1/23/2021 8:55,0,-1
1/23/2021 9:00,0,-1
1/23/2021 9:05,0,-1
1/23/2021 9:10,0,-1
1/23/2021 9:15,0,-1
1/23/2021 9:20,0,-1
1/23/2021 9:25,0,-1
1/23/2021 9:30,0,-1
1/23/2021 9:35,0,-1
1/23/2021 9:40,0,-1
1/23/2021 9:45,0,-1
1/23/2021 9:50,0,-1
1/23/2021 9:55,0,-1
1/23/2021 10:00,0,-1
1/23/2021 10:05,0,-1
1/23/2021 10:10,0,-1
1/23/2021 10:15,0,-1
1/23/2021 10:20,0,-1
1/23/2021 10:25,0,-1
1/23/2021 10:30,0,-1
1/23/2021 10:35,0,-1
1/23/2021 10:40,0,-1
1/23/2021 10:45,0,-1
1/23/2021 10:50,0,-1
1/23/2021 10:55,0,-1
1/23/2021 11:00,0,-1
1/23/2021 11:05,0,-1
1/23/2021 11:10,0,-1
1/23/2021 11:15,0,-1
1/23/2021 11:20,0,-1
1/23/2021 11:25,0,-1
1/23/2021 11:30,0,-1
1/23/2021 11:35,0,-1
1/23/2021 11:40,0,-1
1/23/2021 11:45,0,-1
1/23/2021 11:50,0,-1
1/23/2021 11:55,0,-1
1/23/2021 12:00,0,-1
1/23/2021 12:05,0,-1
1/23/2021 12:10,0,-1
1/23/2021 12:15,0,-1
1/23/2021 12:20,0,-1
1/23/2021 12:25,0,-1
1/23/2021 12:30,0,-1
1/23/2021 12:35,0,-1
1/23/2021 12:40,0,-1
1/23/2021 12:45,0,-1
1/23/2021 12:50,0,-1
1/23/2021 12:55,0,-1
1/23/2021 13:00,0,-1
1/23/2021 13:05,0,-1
1/23/2021 13:10,0,-1
1/23/2021 13:15,0,-1
1/23/2021 13:20,0,-1
1/23/2021 13:25,0,-1
1/23/2021 13:30,0,-1
1/23/2021 13:35,0,-1
1/23/2021 13:40,0,-1
1/23/2021 13:45,0,-1
1/23/2021 13:50,0,-1
1/23/2021 13:55,0,-1
1/23/2021 14:00,0,-1
1/23/2021 14:05,0,-1
1/23/2021 14:10,0,-1
1/23/2021 14:15,0,-1
1/23/2021 14:20,0,-1
1/23/2021 14:25,0,-1
1/23/2021 14:30,0,-1
1/23/2021 14:35,0,-1
1/23/2021 14:40,0,-1
1/23/2021 14:45,0,-1
1/23/2021 14:50,0,-1
1/23/2021 14:55,0,-1
1/23/2021 15:00,0,-1
1/23/2021 15:05,0,-1
1/23/2021 15:10,0,-1
1/23/2021 15:15,0,-1
1/23/2021 15:20,0,-1
1/23/2021 15:25,0,-1
1/23/2021 15:30,0,-1
1/23/2021 15:35,0,-1
1/23/2021 15:40,0,-1
1/23/2021 15:45,0,-1
1/23/2021 15:50,0,-1
1/23/2021 15:55,0,-1
1/23/2021 16:00,0,-1
1/23/2021 16:05,0,-1
1/23/2021 16:10,0,-1
1/23/2021 16:15,0,-1
1/23/2021 16:20,0,-1
1/23/2021 16:25,0,-1
1/23/2021 16:30,0,-1
1/23/2021 16:35,0,-1
1/23/2021 16:40,0,-1
1/23/2021 16:45,0,-1
1/23/2021 16:50,0,-1
1/23/2021 16:55,0,-1
1/23/2021 17:00,0,-1
1/23/2021 17:05,0,-1
1/23/2021 17:10,0,-1
1/23/2021 17:15,0,-1
1/23/2021 17:20,0,-1
1/23/2021 17:25,0,-1
1/23/2021 17:30,0,-1
1/23/2021 17:35,0,-1
1/23/2021 17:40,0,-1
1/23/2021 17:45,0,-1
1/23/2021 17:50,0,-1
1/23/2021 17:55,0,-1
1/23/2021 18:00,0,-1
1/23/2021 18:05,0,-1
1/23/2021 18:10,0,-1
1/23/2021 18:15,0,-1
1/23/2021 18:20,0,-1
1/23/2021 18:25,0,-1
1/23/2021 18:30,0,-1
1/23/2021 18:35,0,-1
1/23/2021 18:40,0,-1
1/23/2021 18:45,0,-1
1/23/2021 18:50,0,-1
1/23/2021 18:55,0,-1
1/23/2021 19:00,0,-1
1/23/2021 19:05,0,-1
1/23/2021 19:10,0,-1
1/23/2021 19:15,0,-1
1/23/2021 19:20,0,-1
1/23/2021 19:25,0,-1
1/23/2021 19:30,0,-1
1/23/2021 19:35,0,-1
1/23/2021 19:40,0,-1
1/23/2021 19:45,0,-1
1/23/2021 19:50,0,-1
1/23/2021 19:55,0,-1
1/23/2021 20:00,0,-1
1/23/2021 20:05,0,-1
1/23/2021 20:10,0,-1
1/23/2021 20:15,0,-1
1/23/2021 20:20,0,-1
1/23/2021 20:25,0,-1
1/23/2021 20:30,0,-1
1/23/2021 20:35,0,-1
1/23/2021 20:40,0,-1
1/23/2021 20:45,0,-1
1/23/2021 20:50,0,-1
1/23/2021 20:55,0,-1
1/23/2021 21:00,0,-1
1/23/2021 21:05,0,-1
1/23/2021 21:10,0,-1
1/23/2021 21:15,0,-1
1/23/2021 21:20,0,-1
1/23/2021 21:25,0,-1
1/23/2021 21:30,0,-1
1/23/2021 21:35,0,-1
1/23/2021 21:40,0,-1
1/23/2021 21:45,0,-1
1/23/2021 21:50,0,-1
1/23/2021 21:55,0,-1
1/23/2021 22:00,0,-1
1/23/2021 22:05,0,-1
1/23/2021 22:10,0,-1
1/23/2021 22:15,0,-1
1/23/2021 22:20,0,-1
1/23/2021 22:25,0,-1
1/23/2021 22:30,0,-1
1/23/2021 22:35,0,-1
1/23/2021 22:40,0,-1
1/23/2021 22:45,0,-1
1/23/2021 22:50,0,-1
1/23/2021 22:55,0,-1
1/23/2021 23:00,0,-1
1/23/2021 23:05,0,-1
1/23/2021 23:10,0,-1
1/23/2021 23:15,0,-1
1/23/2021 23:20,0,-1
1/23/2021 23:25,0,-1
1/23/2021 23:30,0,-1
1/23/2021 23:35,0,-1
1/23/2021 23:40,0,-1
1/23/2021 23:45,0,-1
1/23/2021 23:50,0,-1
1/23/2021 23:55,0,-1
1/24/2021 0:00,0,-1
1/24/2021 0:05,0,-1
1/24/2021 0:10,0,-1
1/24/2021 0:15,0,-1
1/24/2021 0:20,0,-1
1/24/2021 0:25,0,-1
1/24/2021 0:30,0,-1
1/24/2021 0:35,0,-1
1/24/2021 0:40,0,-1
1/24/2021 0:45,0,-1
1/24/2021 0:50,0,-1
1/24/2021 0:55,0,-1
1/24/2021 1:00,0,-1
1/24/2021 1:05,0,-1
1/24/2021 1:10,0,-1
1/24/2021 1:15,0,-1
1/24/2021 1:20,0,-1
1/24/2021 1:25,0,-1
1/24/2021 1:30,0,-1
1/24/2021 1:35,0,-1
1/24/2021 1:40,0,-1
1/24/2021 1:45,0,-1
1/24/2021 1:50,0,-1
1/24/2021 1:55,0,-1
1/24/2021 2:00,0,-1
1/24/2021 2:05,0,-1
1/24/2021 2:10,0,-1
1/24/2021 2:15,0,-1
1/24/2021 2:20,0,-1
1/24/2021 2:25,0,-1
1/24/2021 2:30,0,-1
1/24/2021 2:35,0,-1
1/24/2021 2:40,0,-1
1/24/2021 2:45,0,-1
1/24/2021 2:50,0,-1
1/24/2021 2:55,0,-1
1/24/2021 3:00,0,-1
1/24/2021 3:05,0,-1
1/24/2021 3:10,0,-1
1/24/2021 3:15,0,-1
1/24/2021 3:20,0,-1
1/24/2021 3:25,0,-1
1/24/2021 3:30,0,-1
1/24/2021 3:35,0,-1
1/24/2021 3:40,0,-1
1/24/2021 3:45,0,-1
1/24/2021 3:50,0,-1
1/24/2021 3:55,0,-1
1/24/2021 4:00,0,-1
1/24/2021 4:05,0,-1
1/24/2021 4:10,0,-1
1/24/2021 4:15,0,-1
1/24/2021 4:20,0,-1
1/24/2021 4:25,0,-1
1/24/2021 4:30,0,-1
1/24/2021 4:35,0,-1
1/24/2021 4:40,0,-1
1/24/2021 4:45,0,-1
1/24/2021 4:50,0,-1
1/24/2021 4:55,0,-1
1/24/2021 5:00,0,-1
1/24/2021 5:05,0,-1
1/24/2021 5:10,0,-1
1/24/2021 5:15,0,-1
1/24/2021 5:20,0,-1
1/24/2021 5:25,0,-1
1/24/2021 5:30,0,-1
1/24/2021 5:35,0,-1
1/24/2021 5:40,0,-1
1/24/2021 5:45,0,-1
1/24/2021 5:50,0,-1
1/24/2021 5:55,0,-1
1/24/2021 6:00,0,-1
1/24/2021 6:05,0,-1
1/24/2021 6:10,0,-1
1/24/2021 6:15,0,-1
1/24/2021 6:20,0,-1
1/24/2021 6:25,0,-1
1/24/2021 6:30,0,-1
1/24/2021 6:35,0,-1
1/24/2021 6:40,0,-1
1/24/2021 6:45,0,-1
1/24/2021 6:50,0,-1
1/24/2021 6:55,0,-1
1/24/2021 7:00,0,-1
1/24/2021 7:05,0,-1
1/24/2021 7:10,0,-1
1/24/2021 7:15,0,-1
1/24/2021 7:20,0,-1
1/24/2021 7:25,0,-1
1/24/2021 7:30,0,-1
1/24/2021 7:35,0,-1
1/24/2021 7:40,0,-1
1/24/2021 7:45,0,-1
1/24/2021 7:50,0,-1
1/24/2021 7:55,0,-1
1/24/2021 8:00,0,-1
1/24/2021 8:05,0,-1
1/24/2021 8:10,0,-1
1/24/2021 8:15,0,-1
1/24/2021 8:20,0,-1
1/24/2021 8:25,0,-1
1/24/2021 8:30,0,-1
1/24/2021 8:35,0,-1
1/24/2021 8:40,0,-1
1/24/2021 8:45,0,-1
1/24/2021 8:50,0,-1
1/24/2021 8:55,0,-1
1/24/2021 9:00,0,-1
1/24/2021 9:05,0,-1
1/24/2021 9:10,0,-1
1/24/2021 9:15,0,-1
1/24/2021 9:20,0,-1
1/24/2021 9:25,0,-1
1/24/2021 9:30,0,-1
1/24/2021 9:35,0,-1
1/24/2021 9:40,0,-1
1/24/2021 9:45,0,-1
1/24/2021 9:50,0,-1
1/24/2021 9:55,0,-1
1/24/2021 10:00,0,-1
1/24/2021 10:05,0,-1
1/24/2021 10:10,0,-1
1/24/2021 10:15,0,-1
1/24/2021 10:20,0,-1
1/24/2021 10:25,0,-1
1/24/2021 10:30,0,-1
1/24/2021 10:35,0,-1
1/24/2021 10:40,0,-1
1/24/2021 10:45,0,-1
1/24/2021 10:50,0,-1
1/24/2021 10:55,0,-1
1/24/2021 11:00,0,-1
1/24/2021 11:05,0,-1
1/24/2021 11:10,0,-1
1/24/2021 11:15,0,-1
1/24/2021 11:20,0,-1
1/24/2021 11:25,0,-1
1/24/2021 11:30,0,-1
1/24/2021 11:35,0,-1
1/24/2021 11:40,0,-1
1/24/2021 11:45,0,-1
1/24/2021 11:50,0,-1
1/24/2021 11:55,0,-1
1/24/2021 12:00,0,-1
1/24/2021 12:05,0,-1
1/24/2021 12:10,0,-1
1/24/2021 12:15,0,-1
1/24/2021 12:20,0,-1
1/24/2021 12:25,0,-1
1/24/2021 12:30,0,-1
1/24/2021 12:35,0,-1
1/24/2021 12:40,0,-1
1/24/2021 12:45,0,-1
1/24/2021 12:50,0,-1
1/24/2021 12:55,0,-1
1/24/2021 13:00,0,-1
1/24/2021 13:05,0,-1
1/24/2021 13:10,0,-1
1/24/2021 13:15,0,-1
1/24/2021 13:20,0,-1
1/24/2021 13:25,0,-1
1/24/2021 13:30,0,-1
1/24/2021 13:35,0,-1
1/24/2021 13:40,0,-1
1/24/2021 13:45,0,-1
1/24/2021 13:50,0,-1
1/24/2021 13:55,0,-1
1/24/2021 14:00,0,-1
1/24/2021 14:05,0,-1
1/24/2021 14:10,0,-1
1/24/2021 14:15,0,-1
1/24/2021 14:20,0,-1
1/24/2021 14:25,0,-1
1/24/2021 14:30,0,-1
1/24/2021 14:35,0,-1
1/24/2021 14:40,0,-1
1/24/2021 14:45,0,-1
1/24/2021 14:50,0,-1
1/24/2021 14:55,0,-1
1/24/2021 15:00,0,-1
1/24/2021 15:05,0,-1
1/24/2021 15:10,0,-1
1/24/2021 15:15,0,-1
1/24/2021 15:20,0,-1
1/24/2021 15:25,0,-1
1/24/2021 15:30,0,-1
1/24/2021 15:35,0,-1
1/24/2021 15:40,0,-1
1/24/2021 15:45,0,-1
1/24/2021 15:50,0,-1
1/24/2021 15:55,0,-1
1/24/2021 16:00,0,-1
1/24/2021 16:05,0,-1
1/24/2021 16:10,0,-1
1/24/2021 16:15,0,-1
1/24/2021 16:20,0,-1
1/24/2021 16:25,0,-1
1/24/2021 16:30,0,-1
1/24/2021 16:35,0,-1
1/24/2021 16:40,0,-1
1/24/2021 16:45,0,-1
1/24/2021 16:50,0,-1
1/24/2021 16:55,0,-1
1/24/2021 17:00,0,-1
1/24/2021 17:05,0,-1
1/24/2021 17:10,0,-1
1/24/2021 17:15,0,-1
1/24/2021 17:20,0,-1
1/24/2021 17:25,0,-1
1/24/2021 17:30,0,-1
1/24/2021 17:35,0,-1
1/24/2021 17:40,0,-1
1/24/2021 17:45,0,-1
1/24/2021 17:50,0,-1
1/24/2021 17:55,0,-1
1/24/2021 18:00,0,-1
1/24/2021 18:05,0,-1
1/24/2021 18:10,0,-1
1/24/2021 18:15,0,-1
1/24/2021 18:20,0,-1
1/24/2021 18:25,0,-1
1/24/2021 18:30,0,-1
1/24/2021 18:35,0,-1
1/24/2021 18:40,0,-1
1/24/2021 18:45,0,-1
1/24/2021 18:50,0,-1
1/24/2021 18:55,0,-1
1/24/2021 19:00,0,-1
1/24/2021 19:05,0,-1
1/24/2021 19:10,0,-1
1/24/2021 19:15,0,-1
1/24/2021 19:20,0,-1
1/24/2021 19:25,0,-1
1/24/2021 19:30,0,-1
1/24/2021 19:35,0,-1
1/24/2021 19:40,0,-1
1/24/2021 19:45,0,-1
1/24/2021 19:50,0,-1
1/24/2021 19:55,0,-1
1/24/2021 20:00,0,-1
1/24/2021 20:05,0,-1
1/24/2021 20:10,0,-1
1/24/2021 20:15,0,-1
1/24/2021 20:20,0,-1
1/24/2021 20:25,0,-1
1/24/2021 20:30,0,-1
1/24/2021 20:35,0,-1
1/24/2021 20:40,0,-1
1/24/2021 20:45,0,-1
1/24/2021 20:50,0,-1
1/24/2021 20:55,0,-1
1/24/2021 21:00,0,-1
1/24/2021 21:05,0,-1
1/24/2021 21:10,0,-1
1/24/2021 21:15,0,-1
1/24/2021 21:20,0,-1
1/24/2021 21:25,0,-1
1/24/2021 21:30,0,-1
1/24/2021 21:35,0,-1
1/24/2021 21:40,0,-1
1/24/2021 21:45,0,-1
1/24/2021 21:50,0,-1
1/24/2021 21:55,0,-1
1/24/2021 22:00,0,-1
1/24/2021 22:05,0,-1
1/24/2021 22:10,0,-1
1/24/2021 22:15,0,-1
1/24/2021 22:20,0,-1
1/24/2021 22:25,0,-1
1/24/2021 22:30,0,-1
1/24/2021 22:35,0,-1
1/24/2021 22:40,0,-1
1/24/2021 22:45,0,-1
1/24/2021 22:50,0,-1
1/24/2021 22:55,0,-1
1/24/2021 23:00,0,-1
1/24/2021 23:05,0,-1
1/24/2021 23:10,0,-1
1/24/2021 23:15,0,-1
1/24/2021 23:20,0,-1
1/24/2021 23:25,0,-1
1/24/2021 23:30,0,-1
1/24/2021 23:35,0,-1
1/24/2021 23:40,0,-1
1/24/2021 23:45,0,-1
1/24/2021 23:50,0,-1
1/24/2021 23:55,0,-1
1/25/2021 0:00,0,-1
1/25/2021 0:05,0,-1
1/25/2021 0:10,0,-1
1/25/2021 0:15,0,-1
1/25/2021 0:20,0,-1
1/25/2021 0:25,0,-1
1/25/2021 0:30,0,-1
1/25/2021 0:35,0,-1
1/25/2021 0:40,0,-1
1/25/2021 0:45,0,-1
1/25/2021 0:50,0,-1
1/25/2021 0:55,0,-1
1/25/2021 1:00,0,-1
1/25/2021 1:05,0,-1
1/25/2021 1:10,0,-1
1/25/2021 1:15,0,-1
1/25/2021 1:20,0,-1
1/25/2021 1:25,0,-1
1/25/2021 1:30,0,-1
1/25/2021 1:35,0,-1
1/25/2021 1:40,0,-1
1/25/2021 1:45,0,-1
1/25/2021 1:50,0,-1
1/25/2021 1:55,0,-1
1/25/2021 2:00,0,-1
1/25/2021 2:05,0,-1
1/25/2021 2:10,0,-1
1/25/2021 2:15,0,-1
1/25/2021 2:20,0,-1
1/25/2021 2:25,0,-1
1/25/2021 2:30,0,-1
1/25/2021 2:35,0,-1
1/25/2021 2:40,0,-1
1/25/2021 2:45,0,-1
1/25/2021 2:50,0,-1
1/25/2021 2:55,0,-1
1/25/2021 3:00,0,-1
1/25/2021 3:05,0,-1
1/25/2021 3:10,0,-1
1/25/2021 3:15,0,-1
1/25/2021 3:20,0,-1
1/25/2021 3:25,0,-1
1/25/2021 3:30,0,-1
1/25/2021 3:35,0,-1
1/25/2021 3:40,0,-1
1/25/2021 3:45,0,-1
1/25/2021 3:50,0,-1
1/25/2021 3:55,0,-1
1/25/2021 4:00,0,-1
1/25/2021 4:05,0,-1
1/25/2021 4:10,0,-1
1/25/2021 4:15,0,-1
1/25/2021 4:20,0,-1
1/25/2021 4:25,0,-1
1/25/2021 4:30,0,-1
1/25/2021 4:35,0,-1
1/25/2021 4:40,0,-1
1/25/2021 4:45,0,-1
1/25/2021 4:50,0,-1
1/25/2021 4:55,0,-1
1/25/2021 5:00,0,-1
1/25/2021 5:05,0,-1
1/25/2021 5:10,0,-1
1/25/2021 5:15,0,-1
1/25/2021 5:20,0,-1
1/25/2021 5:25,0,-1
1/25/2021 5:30,0,-1
1/25/2021 5:35,0,-1
1/25/2021 5:40,0,-1
1/25/2021 5:45,0,-1
1/25/2021 5:50,0,-1
1/25/2021 5:55,0,-1
1/25/2021 6:00,0,-1
1/25/2021 6:05,0,-1
1/25/2021 6:10,0,-1
1/25/2021 6:15,0,-1
1/25/2021 6:20,0,-1
1/25/2021 6:25,0,-1
1/25/2021 6:30,0,-1
1/25/2021 6:35,0,-1
1/25/2021 6:40,0,-1
1/25/2021 6:45,0,-1
1/25/2021 6:50,0,-1
1/25/2021 6:55,0,-1
1/25/2021 7:00,0,-1
1/25/2021 7:05,0,-1
1/25/2021 7:10,0,-1
1/25/2021 7:15,0,-1
1/25/2021 7:20,0,-1
1/25/2021 7:25,0,-1
1/25/2021 7:30,0,-1
1/25/2021 7:35,0,-1
1/25/2021 7:40,0,-1
1/25/2021 7:45,0,-1
1/25/2021 7:50,0,-1
1/25/2021 7:55,0,-1
1/25/2021 8:00,0,-1
1/25/2021 8:05,0,-1
1/25/2021 8:10,0,-1
1/25/2021 8:15,0,-1
1/25/2021 8:20,0,-1
1/25/2021 8:25,0,-1
1/25/2021 8:30,0,-1
1/25/2021 8:35,0,-1
1/25/2021 8:40,0,-1
1/25/2021 8:45,0,-1
1/25/2021 8:50,0,-1
1/25/2021 8:55,0,-1
1/25/2021 9:00,0,-1
1/25/2021 9:05,0,-1
1/25/2021 9:10,0,-1
1/25/2021 9:15,0,-1
1/25/2021 9:20,0,-1
1/25/2021 9:25,0,-1
1/25/2021 9:30,0,-1
1/25/2021 9:35,0,-1
1/25/2021 9:40,0,-1
1/25/2021 9:45,0,-1
1/25/2021 9:50,0,-1
1/25/2021 9:55,0,-1
1/25/2021 10:00,0,-1
1/25/2021 10:05,0,-1
1/25/2021 10:10,0,-1
1/25/2021 10:15,0,-1
1/25/2021 10:20,0,-1
1/25/2021 10:25,0,-1
1/25/2021 10:30,0,-1
1/25/2021 10:35,0,-1
1/25/2021 10:40,0,-1
1/25/2021 10:45,0,-1
1/25/2021 10:50,0,-1
1/25/2021 10:55,0,-1
1/25/2021 11:00,0,-1
1/25/2021 11:05,0,-1
1/25/2021 11:10,0,-1
1/25/2021 11:15,0,-1
1/25/2021 11:20,0,-1
1/25/2021 11:25,0,-1
1/25/2021 11:30,0,-1
1/25/2021 11:35,0,-1
1/25/2021 11:40,0,-1
1/25/2021 11:45,0,-1
1/25/2021 11:50,0,-1
1/25/2021 11:55,0,-1
1/25/2021 12:00,0,-1
1/25/2021 12:05,0,-1
1/25/2021 12:10,0,-1
1/25/2021 12:15,0,-1
1/25/2021 12:20,0,-1
1/25/2021 12:25,0,-1
1/25/2021 12:30,0,-1
1/25/2021 12:35,0,-1
1/25/2021 12:40,0,-1
1/25/2021 12:45,0,-1
1/25/2021 12:50,0,-1
1/25/2021 12:55,0,-1
1/25/2021 13:00,0,-1
1/25/2021 13:05,0,-1
1/25/2021 13:10,0,-1
1/25/2021 13:15,0,-1
1/25/2021 13:20,0,-1
1/25/2021 13:25,0,-1
1/25/2021 13:30,0,-1
1/25/2021 13:35,0,-1
1/25/2021 13:40,0,-1
1/25/2021 13:45,0,-1
1/25/2021 13:50,0,-1
1/25/2021 13:55,0,-1
1/25/2021 14:00,0,-1
1/25/2021 14:05,0,-1
1/25/2021 14:10,0,-1
1/25/2021 14:15,0,-1
1/25/2021 14:20,0,-1
1/25/2021 14:25,0,-1
1/25/2021 14:30,0,-1
1/25/2021 14:35,0,-1
1/25/2021 14:40,0,-1
1/25/2021 14:45,0,-1
1/25/2021 14:50,0,-1
1/25/2021 14:55,0,-1
1/25/2021 15:00,0,-1
1/25/2021 15:05,0,-1
1/25/2021 15:10,0,-1
1/25/2021 15:15,0,-1
1/25/2021 15:20,0,-1
1/25/2021 15:25,0,-1
1/25/2021 15:30,0,-1
1/25/2021 15:35,0,-1
1/25/2021 15:40,0,-1
1/25/2021 15:45,0,-1
1/25/2021 15:50,0,-1
1/25/2021 15:55,0,-1
1/25/2021 16:00,0,-1
1/25/2021 16:05,0,-1
1/25/2021 16:10,0,-1
1/25/2021 16:15,0,-1
1/25/2021 16:20,0,-1
1/25/2021 16:25,0,-1
1/25/2021 16:30,0,-1
1/25/2021 16:35,0,-1
1/25/2021 16:40,0,-1
1/25/2021 16:45,0,-1
1/25/2021 16:50,0,-1
1/25/2021 16:55,0,-1
1/25/2021 17:00,0,-1
1/25/2021 17:05,0,-1
1/25/2021 17:10,0,-1
1/25/2021 17:15,0,-1
1/25/2021 17:20,0,-1
1/25/2021 17:25,0,-1
1/25/2021 17:30,0,-1
1/25/2021 17:35,0,-1
1/25/2021 17:40,0,-1
1/25/2021 17:45,0,-1
1/25/2021 17:50,0,-1
1/25/2021 17:55,0,-1
1/25/2021 18:00,0,-1
1/25/2021 18:05,0,-1
1/25/2021 18:10,0,-1
1/25/2021 18:15,0,-1
1/25/2021 18:20,0,-1
1/25/2021 18:25,0,-1
1/25/2021 18:30,0,-1
1/25/2021 18:35,0,-1
1/25/2021 18:40,0,-1
1/25/2021 18:45,0,-1
1/25/2021 18:50,0,-1
1/25/2021 18:55,0,-1
1/25/2021 19:00,0,-1
1/25/2021 19:05,0,-1
1/25/2021 19:10,0,-1
1/25/2021 19:15,0,-1
1/25/2021 19:20,0,-1
1/25/2021 19:25,0,-1
1/25/2021 19:30,0,-1
1/25/2021 19:35,0,-1
1/25/2021 19:40,0,-1
1/25/2021 19:45,0,-1
1/25/2021 19:50,0,-1
1/25/2021 19:55,0,-1
1/25/2021 20:00,0,-1
1/25/2021 20:05,0,-1
1/25/2021 20:10,0,-1
1/25/2021 20:15,0,-1
1/25/2021 20:20,0,-1
1/25/2021 20:25,0,-1
1/25/2021 20:30,0,-1
1/25/2021 20:35,0,-1
1/25/2021 20:40,0,-1
1/25/2021 20:45,0,-1
1/25/2021 20:50,0,-1
1/25/2021 20:55,0,-1
1/25/2021 21:00,0,-1
1/25/2021 21:05,0,-1
1/25/2021 21:10,0,-1
1/25/2021 21:15,0,-1
1/25/2021 21:20,0,-1
1/25/2021 21:25,0,-1
1/25/2021 21:30,0,-1
1/25/2021 21:35,0,-1
1/25/2021 21:40,0,-1
1/25/2021 21:45,0,-1
1/25/2021 21:50,0,-1
1/25/2021 21:55,0,-1
1/25/2021 22:00,0,-1
1/25/2021 22:05,0,-1
1/25/2021 22:10,0,-1
1/25/2021 22:15,0,-1
1/25/2021 22:20,0,-1
1/25/2021 22:25,0,-1
1/25/2021 22:30,0,-1
1/25/2021 22:35,0,-1
1/25/2021 22:40,0,-1
1/25/2021 22:45,0,-1
1/25/2021 22:50,0,-1
1/25/2021 22:55,0,-1
1/25/2021 23:00,0,-1
1/25/2021 23:05,0,-1
1/25/2021 23:10,0,-1
1/25/2021 23:15,0,-1
1/25/2021 23:20,0,-1
1/25/2021 23:25,0,-1
1/25/2021 23:30,0,-1
1/25/2021 23:35,0,-1
1/25/2021 23:40,0,-1
1/25/2021 23:45,0,-1
1/25/2021 23:50,0,-1
1/25/2021 23:55,0,-1
1/26/2021 0:00,0,-1
1/26/2021 0:05,0,-1
1/26/2021 0:10,0,-1
1/26/2021 0:15,0,-1
1/26/2021 0:20,0,-1
1/26/2021 0:25,0,-1
1/26/2021 0:30,0,-1
1/26/2021 0:35,0,-1
1/26/2021 0:40,0,-1
1/26/2021 0:45,0,-1
1/26/2021 0:50,0,-1
1/26/2021 0:55,0,-1
1/26/2021 1:00,0,-1
1/26/2021 1:05,0,-1
1/26/2021 1:10,0,-1
1/26/2021 1:15,0,-1
1/26/2021 1:20,0,-1
1/26/2021 1:25,0,-1
1/26/2021 1:30,0,-1
1/26/2021 1:35,0,-1
1/26/2021 1:40,0,-1
1/26/2021 1:45,0,-1
1/26/2021 1:50,0,-1
1/26/2021 1:55,0,-1
1/26/2021 2:00,0,-1
1/26/2021 2:05,0,-1
1/26/2021 2:10,0,-1
1/26/2021 2:15,0,-1
1/26/2021 2:20,0,-1
1/26/2021 2:25,0,-1
1/26/2021 2:30,0,-1
1/26/2021 2:35,0,-1
1/26/2021 2:40,0,-1
1/26/2021 2:45,0,-1
1/26/2021 2:50,0,-1
1/26/2021 2:55,0,-1
1/26/2021 3:00,0,-1
1/26/2021 3:05,0,-1
1/26/2021 3:10,0,-1
1/26/2021 3:15,0,-1
1/26/2021 3:20,0,-1
1/26/2021 3:25,0,-1
1/26/2021 3:30,0,-1
1/26/2021 3:35,0,-1
1/26/2021 3:40,0,-1
1/26/2021 3:45,0,-1
1/26/2021 3:50,0,-1
1/26/2021 3:55,0,-1
1/26/2021 4:00,0,-1
1/26/2021 4:05,0,-1
1/26/2021 4:10,0,-1
1/26/2021 4:15,0,-1
1/26/2021 4:20,0,-1
1/26/2021 4:25,0,-1
1/26/2021 4:30,0,-1
1/26/2021 4:35,0,-1
1/26/2021 4:40,0,-1
1/26/2021 4:45,0,-1
1/26/2021 4:50,0,-1
1/26/2021 4:55,0,-1
1/26/2021 5:00,0,-1
1/26/2021 5:05,0,-1
1/26/2021 5:10,0,-1
1/26/2021 5:15,0,-1
1/26/2021 5:20,0,-1
1/26/2021 5:25,0,-1
1/26/2021 5:30,0,-1
1/26/2021 5:35,0,-1
1/26/2021 5:40,0,-1
1/26/2021 5:45,0,-1
1/26/2021 5:50,0,-1
1/26/2021 5:55,0,-1
1/26/2021 6:00,0,-1
1/26/2021 6:05,0,-1
1/26/2021 6:10,0,-1
1/26/2021 6:15,0,-1
1/26/2021 6:20,0,-1
1/26/2021 6:25,0,-1
1/26/2021 6:30,0,-1
1/26/2021 6:35,0,-1
1/26/2021 6:40,0,-1
1/26/2021 6:45,0,-1
1/26/2021 6:50,0,-1
1/26/2021 6:55,0,-1
1/26/2021 7:00,0,-1
1/26/2021 7:05,0,-1
1/26/2021 7:10,0,-1
1/26/2021 7:15,0,-1
1/26/2021 7:20,0,-1
1/26/2021 7:25,0,-1
1/26/2021 7:30,0,-1
1/26/2021 7:35,0,-1
1/26/2021 7:40,0,-1
1/26/2021 7:45,0,-1
1/26/2021 7:50,0,-1
1/26/2021 7:55,0,-1
1/26/2021 8:00,0,-1
1/26/2021 8:05,0,-1
1/26/2021 8:10,0,-1
1/26/2021 8:15,0,-1
1/26/2021 8:20,0,-1
1/26/2021 8:25,0,-1
1/26/2021 8:30,0,-1
1/26/2021 8:35,0,-1
1/26/2021 8:40,0,-1
1/26/2021 8:45,0,-1
1/26/2021 8:50,0,-1
1/26/2021 8:55,0,-1
1/26/2021 9:00,0,-1
1/26/2021 9:05,0,-1
1/26/2021 9:10,0,-1
1/26/2021 9:15,0,-1
1/26/2021 9:20,0,-1
1/26/2021 9:25,0,-1
1/26/2021 9:30,0,-1
1/26/2021 9:35,0,-1
1/26/2021 9:40,0,-1
1/26/2021 9:45,0,-1
1/26/2021 9:50,0,-1
1/26/2021 9:55,0,-1
1/26/2021 10:00,0,-1
1/26/2021 10:05,0,-1
1/26/2021 10:10,0,-1
1/26/2021 10:15,0,-1
1/26/2021 10:20,0,-1
1/26/2021 10:25,0,-1
1/26/2021 10:30,0,-1
1/26/2021 10:35,0,-1
1/26/2021 10:40,0,-1
1/26/2021 10:45,0,-1
1/26/2021 10:50,0,-1
1/26/2021 10:55,0,-1
1/26/2021 11:00,0,-1
1/26/2021 11:05,0,-1
1/26/2021 11:10,0,-1
1/26/2021 11:15,0,-1
1/26/2021 11:20,0,-1
1/26/2021 11:25,0,-1
1/26/2021 11:30,0,-1
1/26/2021 11:35,0,-1
1/26/2021 11:40,0,-1
1/26/2021 11:45,0,-1
1/26/2021 11:50,0,-1
1/26/2021 11:55,0,-1
1/26/2021 12:00,0,-1
1/26/2021 12:05,0,-1
1/26/2021 12:10,0,-1
1/26/2021 12:15,0,-1
1/26/2021 12:20,0,-1
1/26/2021 12:25,0,-1
1/26/2021 12:30,0,-1
1/26/2021 12:35,0,-1
1/26/2021 12:40,0,-1
1/26/2021 12:45,0,-1
1/26/2021 12:50,0,-1
1/26/2021 12:55,0,-1
1/26/2021 13:00,0,-1
1/26/2021 13:05,0,-1
1/26/2021 13:10,0,-1
1/26/2021 13:15,0,-1
1/26/2021 13:20,0,-1
1/26/2021 13:25,0,-1
1/26/2021 13:30,0,-1
1/26/2021 13:35,0,-1
1/26/2021 13:40,0,-1
1/26/2021 13:45,0,-1
1/26/2021 13:50,0,-1
1/26/2021 13:55,0,-1
1/26/2021 14:00,0,-1
1/26/2021 14:05,0,-1
1/26/2021 14:10,0,-1
1/26/2021 14:15,0,-1
1/26/2021 14:20,0,-1
1/26/2021 14:25,0,-1
1/26/2021 14:30,0,-1
1/26/2021 14:35,0,-1
1/26/2021 14:40,0,-1
1/26/2021 14:45,0,-1
1/26/2021 14:50,0,-1
1/26/2021 14:55,0,-1
1/26/2021 15:00,0,-1
1/26/2021 15:05,0,-1
1/26/2021 15:10,0,-1
1/26/2021 15:15,0,-1
1/26/2021 15:20,0,-1
1/26/2021 15:25,0,-1
1/26/2021 15:30,0,-1
1/26/2021 15:35,0,-1
1/26/2021 15:40,0,-1
1/26/2021 15:45,0,-1
1/26/2021 15:50,0,-1
1/26/2021 15:55,0,-1
1/26/2021 16:00,0,-1
1/26/2021 16:05,0,-1
1/26/2021 16:10,0,-1
1/26/2021 16:15,0,-1
1/26/2021 16:20,0,-1
1/26/2021 16:25,0,-1
1/26/2021 16:30,0,-1
1/26/2021 16:35,0,-1
1/26/2021 16:40,0,-1
1/26/2021 16:45,0,-1
1/26/2021 16:50,0,-1
1/26/2021 16:55,0,-1
1/26/2021 17:00,0,-1
1/26/2021 17:05,0,-1
1/26/2021 17:10,0,-1
1/26/2021 17:15,0,-1
1/26/2021 17:20,0,-1
1/26/2021 17:25,0,-1
1/26/2021 17:30,0,-1
1/26/2021 17:35,0,-1
1/26/2021 17:40,0,-1
1/26/2021 17:45,0,-1
1/26/2021 17:50,0,-1
1/26/2021 17:55,0,-1
1/26/2021 18:00,0,-1
1/26/2021 18:05,0,-1
1/26/2021 18:10,0,-1
1/26/2021 18:15,0,-1
1/26/2021 18:20,0,-1
1/26/2021 18:25,0,-1
1/26/2021 18:30,0,-1
1/26/2021 18:35,0,-1
1/26/2021 18:40,0,-1
1/26/2021 18:45,0,-1
1/26/2021 18:50,0,-1
1/26/2021 18:55,0,-1
1/26/2021 19:00,0,-1
1/26/2021 19:05,0,-1
1/26/2021 19:10,0,-1
1/26/2021 19:15,0,-1
1/26/2021 19:20,0,-1
1/26/2021 19:25,0,-1
1/26/2021 19:30,0,-1
1/26/2021 19:35,0,-1
1/26/2021 19:40,0,-1
1/26/2021 19:45,0,-1
1/26/2021 19:50,0,-1
1/26/2021 19:55,0,-1
1/26/2021 20:00,0,-1
1/26/2021 20:05,0,-1
1/26/2021 20:10,0,-1
1/26/2021 20:15,0,-1
1/26/2021 20:20,0,-1
1/26/2021 20:25,0,-1
1/26/2021 20:30,0,-1
1/26/2021 20:35,0,-1
1/26/2021 20:40,0,-1
1/26/2021 20:45,0,-1
1/26/2021 20:50,0,-1
1/26/2021 20:55,0,-1
1/26/2021 21:00,0,-1
1/26/2021 21:05,0,-1
1/26/2021 21:10,0,-1
1/26/2021 21:15,0,-1
1/26/2021 21:20,0,-1
1/26/2021 21:25,0,-1
1/26/2021 21:30,0,-1
1/26/2021 21:35,0,-1
1/26/2021 21:40,0,-1
1/26/2021 21:45,0,-1
1/26/2021 21:50,0,-1
1/26/2021 21:55,0,-1
1/26/2021 22:00,0,-1
1/26/2021 22:05,0,-1
1/26/2021 22:10,0,-1
1/26/2021 22:15,0,-1
1/26/2021 22:20,0,-1
1/26/2021 22:25,0,-1
1/26/2021 22:30,0,-1
1/26/2021 22:35,0,-1
1/26/2021 22:40,0,-1
1/26/2021 22:45,0,-1
1/26/2021 22:50,0,-1
1/26/2021 22:55,0,-1
1/26/2021 23:00,0,-1
1/26/2021 23:05,0,-1
1/26/2021 23:10,0,-1
1/26/2021 23:15,0,-1
1/26/2021 23:20,0,-1
1/26/2021 23:25,0,-1
1/26/2021 23:30,0,-1
1/26/2021 23:35,0,-1
1/26/2021 23:40,0,-1
1/26/2021 23:45,0,-1
1/26/2021 23:50,0,-1
1/26/2021 23:55,0,-1
1/27/2021 0:00,0,-1
1/27/2021 0:05,0,-1
1/27/2021 0:10,0,-1
1/27/2021 0:15,0,-1
1/27/2021 0:20,0,-1
1/27/2021 0:25,0,-1
1/27/2021 0:30,0,-1
1/27/2021 0:35,0,-1
1/27/2021 0:40,0,-1
1/27/2021 0:45,0,-1
1/27/2021 0:50,0,-1
1/27/2021 0:55,0,-1
1/27/2021 1:00,0,-1
1/27/2021 1:05,0,-1
1/27/2021 1:10,0,-1
1/27/2021 1:15,0,-1
1/27/2021 1:20,0,-1
1/27/2021 1:25,0,-1
1/27/2021 1:30,0,-1
1/27/2021 1:35,0,-1
1/27/2021 1:40,0,-1
1/27/2021 1:45,0,-1
1/27/2021 1:50,0,-1
1/27/2021 1:55,0,-1
1/27/2021 2:00,0,-1
1/27/2021 2:05,0,-1
1/27/2021 2:10,0,-1
1/27/2021 2:15,0,-1
1/27/2021 2:20,0,-1
1/27/2021 2:25,0,-1
1/27/2021 2:30,0,-1
1/27/2021 2:35,0,-1
1/27/2021 2:40,0,-1
1/27/2021 2:45,0,-1
1/27/2021 2:50,0,-1
1/27/2021 2:55,0,-1
1/27/2021 3:00,0,-1
1/27/2021 3:05,0,-1
1/27/2021 3:10,0,-1
1/27/2021 3:15,0,-1
1/27/2021 3:20,0,-1
1/27/2021 3:25,0,-1
1/27/2021 3:30,0,-1
1/27/2021 3:35,0,-1
1/27/2021 3:40,0,-1
1/27/2021 3:45,0,-1
1/27/2021 3:50,0,-1
1/27/2021 3:55,0,-1
1/27/2021 4:00,0,-1
1/27/2021 4:05,0,-1
1/27/2021 4:10,0,-1
1/27/2021 4:15,0,-1
1/27/2021 4:20,0,-1
1/27/2021 4:25,0,-1
1/27/2021 4:30,0,-1
1/27/2021 4:35,0,-1
1/27/2021 4:40,0,-1
1/27/2021 4:45,0,-1
1/27/2021 4:50,0,-1
1/27/2021 4:55,0,-1
1/27/2021 5:00,0,-1
1/27/2021 5:05,0,-1
1/27/2021 5:10,0,-1
1/27/2021 5:15,0,-1
1/27/2021 5:20,0,-1
1/27/2021 5:25,0,-1
1/27/2021 5:30,0,-1
1/27/2021 5:35,0,-1
1/27/2021 5:40,0,-1
1/27/2021 5:45,0,-1
1/27/2021 5:50,0,-1
1/27/2021 5:55,0,-1
1/27/2021 6:00,0,-1
1/27/2021 6:05,0,-1
1/27/2021 6:10,0,-1
1/27/2021 6:15,0,-1
1/27/2021 6:20,0,-1
1/27/2021 6:25,0,-1
1/27/2021 6:30,0,-1
1/27/2021 6:35,0,-1
1/27/2021 6:40,0,-1
1/27/2021 6:45,0,-1
1/27/2021 6:50,0,-1
1/27/2021 6:55,0,-1
1/27/2021 7:00,0,-1
1/27/2021 7:05,0,-1
1/27/2021 7:10,0,-1
1/27/2021 7:15,0,-1
1/27/2021 7:20,0,-1
1/27/2021 7:25,0,-1
1/27/2021 7:30,0,-1
1/27/2021 7:35,0,-1
1/27/2021 7:40,0,-1
1/27/2021 7:45,0,-1
1/27/2021 7:50,0,-1
1/27/2021 7:55,0,-1
1/27/2021 8:00,0,-1
1/27/2021 8:05,0,-1
1/27/2021 8:10,0,-1
1/27/2021 8:15,0,-1
1/27/2021 8:20,0,-1
1/27/2021 8:25,0,-1
1/27/2021 8:30,0,-1
1/27/2021 8:35,0,-1
1/27/2021 8:40,0,-1
1/27/2021 8:45,0,-1
1/27/2021 8:50,0,-1
1/27/2021 8:55,0,-1
1/27/2021 9:00,0,-1
1/27/2021 9:05,0,-1
1/27/2021 9:10,0,-1
1/27/2021 9:15,0,-1
1/27/2021 9:20,0,-1
1/27/2021 9:25,0,-1
1/27/2021 9:30,0,-1
1/27/2021 9:35,0,-1
1/27/2021 9:40,0,-1
1/27/2021 9:45,0,-1
1/27/2021 9:50,0,-1
1/27/2021 9:55,0,-1
1/27/2021 10:00,0,-1
1/27/2021 10:05,0,-1
1/27/2021 10:10,0,-1
1/27/2021 10:15,0,-1
1/27/2021 10:20,0,-1
1/27/2021 10:25,0,-1
1/27/2021 10:30,0,-1
1/27/2021 10:35,0,-1
1/27/2021 10:40,0,-1
1/27/2021 10:45,0,-1
1/27/2021 10:50,0,-1
1/27/2021 10:55,0,-1
1/27/2021 11:00,0,-1
1/27/2021 11:05,0,-1
1/27/2021 11:10,0,-1
1/27/2021 11:15,0,-1
1/27/2021 11:20,0,-1
1/27/2021 11:25,0,-1
1/27/2021 11:30,0,-1
1/27/2021 11:35,0,-1
1/27/2021 11:40,0,-1
1/27/2021 11:45,0,-1
1/27/2021 11:50,0,-1
1/27/2021 11:55,0,-1
1/27/2021 12:00,0,-1
1/27/2021 12:05,0,-1
1/27/2021 12:10,0,-1
1/27/2021 12:15,0,-1
1/27/2021 12:20,0,-1
1/27/2021 12:25,0,-1
1/27/2021 12:30,0,-1
1/27/2021 12:35,0,-1
1/27/2021 12:40,0,-1
1/27/2021 12:45,0,-1
1/27/2021 12:50,0,-1
1/27/2021 12:55,0,-1
1/27/2021 13:00,0,-1
1/27/2021 13:05,0,-1
1/27/2021 13:10,0,-1
1/27/2021 13:15,0,-1
1/27/2021 13:20,0,-1
1/27/2021 13:25,0,-1
1/27/2021 13:30,0,-1
1/27/2021 13:35,0,-1
1/27/2021 13:40,0,-1
1/27/2021 13:45,0,-1
1/27/2021 13:50,0,-1
1/27/2021 13:55,0,-1
1/27/2021 14:00,0,-1
1/27/2021 14:05,0,-1
1/27/2021 14:10,0,-1
1/27/2021 14:15,0,-1
1/27/2021 14:20,0,-1
1/27/2021 14:25,0,-1
1/27/2021 14:30,0,-1
1/27/2021 14:35,0,-1
1/27/2021 14:40,0,-1
1/27/2021 14:45,0,-1
1/27/2021 14:50,0,-1
1/27/2021 14:55,0,-1
1/27/2021 15:00,0,-1
1/27/2021 15:05,0,-1
1/27/2021 15:10,0,-1
1/27/2021 15:15,0,-1
1/27/2021 15:20,0,-1
1/27/2021 15:25,0,-1
1/27/2021 15:30,0,-1
1/27/2021 15:35,0,-1
1/27/2021 15:40,0,-1
1/27/2021 15:45,0,-1
1/27/2021 15:50,0,-1
1/27/2021 15:55,0,-1
1/27/2021 16:00,0,-1
1/27/2021 16:05,0,-1
1/27/2021 16:10,0,-1
1/27/2021 16:15,0,-1
1/27/2021 16:20,0,-1
1/27/2021 16:25,0,-1
1/27/2021 16:30,0,-1
1/27/2021 16:35,0,-1
1/27/2021 16:40,0,-1
1/27/2021 16:45,0,-1
1/27/2021 16:50,0,-1
1/27/2021 16:55,0,-1
1/27/2021 17:00,0,-1
1/27/2021 17:05,0,-1
1/27/2021 17:10,0,-1
1/27/2021 17:15,0,-1
1/27/2021 17:20,0,-1
1/27/2021 17:25,0,-1
1/27/2021 17:30,0,-1
1/27/2021 17:35,0,-1
1/27/2021 17:40,0,-1
1/27/2021 17:45,0,-1
1/27/2021 17:50,0,-1
1/27/2021 17:55,0,-1
1/27/2021 18:00,0,-1
1/27/2021 18:05,0,-1
1/27/2021 18:10,0,-1
1/27/2021 18:15,0,-1
1/27/2021 18:20,0,-1
1/27/2021 18:25,0,-1
1/27/2021 18:30,0,-1
1/27/2021 18:35,0,-1
1/27/2021 18:40,0,-1
1/27/2021 18:45,0,-1
1/27/2021 18:50,0,-1
1/27/2021 18:55,0,-1
1/27/2021 19:00,0,-1
1/27/2021 19:05,0,-1
1/27/2021 19:10,0,-1
1/27/2021 19:15,0,-1
1/27/2021 19:20,0,-1
1/27/2021 19:25,0,-1
1/27/2021 19:30,0,-1
1/27/2021 19:35,0,-1
1/27/2021 19:40,0,-1
1/27/2021 19:45,0,-1
1/27/2021 19:50,0,-1
1/27/2021 19:55,0,-1
1/27/2021 20:00,0,-1
1/27/2021 20:05,0,-1
1/27/2021 20:10,0,-1
1/27/2021 20:15,0,-1
1/27/2021 20:20,0,-1
1/27/2021 20:25,0,-1
1/27/2021 20:30,0,-1
1/27/2021 20:35,0,-1
1/27/2021 20:40,0,-1
1/27/2021 20:45,0,-1
1/27/2021 20:50,0,-1
1/27/2021 20:55,0,-1
1/27/2021 21:00,0,-1
1/27/2021 21:05,0,-1
1/27/2021 21:10,0,-1
1/27/2021 21:15,0,-1
1/27/2021 21:20,0,-1
1/27/2021 21:25,0,-1
1/27/2021 21:30,0,-1
1/27/2021 21:35,0,-1
1/27/2021 21:40,0,-1
1/27/2021 21:45,0,-1
1/27/2021 21:50,0,-1
1/27/2021 21:55,0,-1
1/27/2021 22:00,0,-1
1/27/2021 22:05,0,-1
1/27/2021 22:10,0,-1
1/27/2021 22:15,0,-1
1/27/2021 22:20,0,-1
1/27/2021 22:25,0,-1
1/27/2021 22:30,0,-1
1/27/2021 22:35,0,-1
1/27/2021 22:40,0,-1
1/27/2021 22:45,0,-1
1/27/2021 22:50,0,-1
1/27/2021 22:55,0,-1
1/27/2021 23:00,0,-1
1/27/2021 23:05,0,-1
1/27/2021 23:10,0,-1
1/27/2021 23:15,0,-1
1/27/2021 23:20,0,-1
1/27/2021 23:25,0,-1
1/27/2021 23:30,0,-1
1/27/2021 23:35,0,-1
1/27/2021 23:40,0,-1
1/27/2021 23:45,0,-1
1/27/2021 23:50,0,-1
1/27/2021 23:55,0,-1
1/28/2021 0:00,0,-1
1/28/2021 0:05,0,-1
1/28/2021 0:10,0,-1
1/28/2021 0:15,0,-1
1/28/2021 0:20,0,-1
1/28/2021 0:25,0,-1
1/28/2021 0:30,0,-1
1/28/2021 0:35,0,-1
1/28/2021 0:40,0,-1
1/28/2021 0:45,0,-1
1/28/2021 0:50,0,-1
1/28/2021 0:55,0,-1
1/28/2021 1:00,0,-1
1/28/2021 1:05,0,-1
1/28/2021 1:10,0,-1
1/28/2021 1:15,0,-1
1/28/2021 1:20,0,-1
1/28/2021 1:25,0,-1
1/28/2021 1:30,0,-1
1/28/2021 1:35,0,-1
1/28/2021 1:40,0,-1
1/28/2021 1:45,0,-1
1/28/2021 1:50,0,-1
1/28/2021 1:55,0,-1
1/28/2021 2:00,0,-1
1/28/2021 2:05,0,-1
1/28/2021 2:10,0,-1
1/28/2021 2:15,0,-1
1/28/2021 2:20,0,-1
1/28/2021 2:25,0,-1
1/28/2021 2:30,0,-1
1/28/2021 2:35,0,-1
1/28/2021 2:40,0,-1
1/28/2021 2:45,0,-1
1/28/2021 2:50,0,-1
1/28/2021 2:55,0,-1
1/28/2021 3:00,0,-1
1/28/2021 3:05,0,-1
1/28/2021 3:10,0,-1
1/28/2021 3:15,0,-1
1/28/2021 3:20,0,-1
1/28/2021 3:25,0,-1
1/28/2021 3:30,0,-1
1/28/2021 3:35,0,-1
1/28/2021 3:40,0,-1
1/28/2021 3:45,0,-1
1/28/2021 3:50,0,-1
1/28/2021 3:55,0,-1
1/28/2021 4:00,0,-1
1/28/2021 4:05,0,-1
1/28/2021 4:10,0,-1
1/28/2021 4:15,0,-1
1/28/2021 4:20,0,-1
1/28/2021 4:25,0,-1
1/28/2021 4:30,0,-1
1/28/2021 4:35,0,-1
1/28/2021 4:40,0,-1
1/28/2021 4:45,0,-1
1/28/2021 4:50,0,-1
1/28/2021 4:55,0,-1
1/28/2021 5:00,0,-1
1/28/2021 5:05,0,-1
1/28/2021 5:10,0,-1
1/28/2021 5:15,0,-1
1/28/2021 5:20,0,-1
1/28/2021 5:25,0,-1
1/28/2021 5:30,0,-1
1/28/2021 5:35,0,-1
1/28/2021 5:40,0,-1
1/28/2021 5:45,0,-1
1/28/2021 5:50,0,-1
1/28/2021 5:55,0,-1
1/28/2021 6:00,0,-1
1/28/2021 6:05,0,-1
1/28/2021 6:10,0,-1
1/28/2021 6:15,0,-1
1/28/2021 6:20,0,-1
1/28/2021 6:25,0,-1
1/28/2021 6:30,0,-1
1/28/2021 6:35,0,-1
1/28/2021 6:40,0,-1
1/28/2021 6:45,0,-1
1/28/2021 6:50,0,-1
1/28/2021 6:55,0,-1
1/28/2021 7:00,0,-1
1/28/2021 7:05,0,-1
1/28/2021 7:10,0,-1
1/28/2021 7:15,0,-1
1/28/2021 7:20,0,-1
1/28/2021 7:25,0,-1
1/28/2021 7:30,0,-1
1/28/2021 7:35,0,-1
1/28/2021 7:40,0,-1
1/28/2021 7:45,0,-1
1/28/2021 7:50,0,-1
1/28/2021 7:55,0,-1
1/28/2021 8:00,0,-1
1/28/2021 8:05,0,-1
1/28/2021 8:10,0,-1
1/28/2021 8:15,0,-1
1/28/2021 8:20,0,-1
1/28/2021 8:25,0,-1
1/28/2021 8:30,0,-1
1/28/2021 8:35,0,-1
1/28/2021 8:40,0,-1
1/28/2021 8:45,0,-1
1/28/2021 8:50,0,-1
1/28/2021 8:55,,
1/28/2021 9:00,0,-1
1/28/2021 9:05,0,-1
1/28/2021 9:10,0,-1
1/28/2021 9:15,0,-1
1/28/2021 9:20,0,-1
1/28/2021 9:25,0,-1
1/28/2021 9:30,0,-1
1/28/2021 9:35,0,-1
1/28/2021 9:40,0,-1
1/28/2021 9:45,0,-1
1/28/2021 9:50,0,-1
1/28/2021 9:55,0,-1
1/28/2021 10:00,0,-1
1/28/2021 10:05,0,-1
1/28/2021 10:10,0,-1
1/28/2021 10:15,0,-1
1/28/2021 10:20,0,-1
1/28/2021 10:25,0,-1
1/28/2021 10:30,0,-1
1/28/2021 10:35,0,-1
1/28/2021 10:40,0,-1
1/28/2021 10:45,0,-1
1/28/2021 10:50,0,-1
1/28/2021 10:55,0,-1
1/28/2021 11:00,0,-1
1/28/2021 11:05,0,-1
1/28/2021 11:10,0,-1
1/28/2021 11:15,0,-1
1/28/2021 11:20,0,-1
1/28/2021 11:25,0,-1
1/28/2021 11:30,0,-1
1/28/2021 11:35,0,-1
1/28/2021 11:40,0,-1
1/28/2021 11:45,0,-1
1/28/2021 11:50,0,-1
1/28/2021 11:55,0,-1
1/28/2021 12:00,0,-1
1/28/2021 12:05,0,-1
1/28/2021 12:10,0,-1
1/28/2021 12:15,0,-1
1/28/2021 12:20,0,-1
1/28/2021 12:25,0,-1
1/28/2021 12:30,0,-1
1/28/2021 12:35,0,-1
1/28/2021 12:40,0,-1
1/28/2021 12:45,0,-1
1/28/2021 12:50,0,-1
1/28/2021 12:55,0,-1
1/28/2021 13:00,0,-1
1/28/2021 13:05,0,-1
1/28/2021 13:10,0,-1
1/28/2021 13:15,0,-1
1/28/2021 13:20,0,-1
1/28/2021 13:25,0,-1
1/28/2021 13:30,0,-1
1/28/2021 13:35,0,-1
1/28/2021 13:40,0,-1
1/28/2021 13:45,0,-1
1/28/2021 13:50,0,-1
1/28/2021 13:55,0,-1
1/28/2021 14:00,0,-1
1/28/2021 14:05,0,-1
1/28/2021 14:10,0,-1
1/28/2021 14:15,0,-1
1/28/2021 14:20,0,-1
1/28/2021 14:25,0,-1
1/28/2021 14:30,0,-1
1/28/2021 14:35,0,-1
1/28/2021 14:40,0,-1
1/28/2021 14:45,0,-1
1/28/2021 14:50,0,-1
1/28/2021 14:55,0,-1
1/28/2021 15:00,0,-1
1/28/2021 15:05,0,-1
1/28/2021 15:10,0,-1
1/28/2021 15:15,0,-1
1/28/2021 15:20,0,-1
1/28/2021 15:25,0,-1
1/28/2021 15:30,0,-1
1/28/2021 15:35,0,-1
1/28/2021 15:40,0,-1
1/28/2021 15:45,0,-1
1/28/2021 15:50,0,-1
1/28/2021 15:55,0,-1
1/28/2021 16:00,0,-1
1/28/2021 16:05,0,-1
1/28/2021 16:10,0,-1
1/28/2021 16:15,0,-1
1/28/2021 16:20,0,-1
1/28/2021 16:25,0,-1
1/28/2021 16:30,0,-1
1/28/2021 16:35,0,-1
1/28/2021 16:40,0,-1
1/28/2021 16:45,0,-1
1/28/2021 16:50,0,-1
1/28/2021 16:55,0,-1
1/28/2021 17:00,0,-1
1/28/2021 17:05,0,-1
1/28/2021 17:10,0,-1
1/28/2021 17:15,0,-1
1/28/2021 17:20,0,-1
1/28/2021 17:25,0,-1
1/28/2021 17:30,0,-1
1/28/2021 17:35,0,-1
1/28/2021 17:40,0,-1
1/28/2021 17:45,0,-1
1/28/2021 17:50,0,-1
1/28/2021 17:55,0,-1
1/28/2021 18:00,0,-1
1/28/2021 18:05,0,-1
1/28/2021 18:10,0,-1
1/28/2021 18:15,0,-1
1/28/2021 18:20,0,-1
1/28/2021 18:25,0,-1
1/28/2021 18:30,0,-1
1/28/2021 18:35,0,-1
1/28/2021 18:40,0,-1
1/28/2021 18:45,0,-1
1/28/2021 18:50,0,-1
1/28/2021 18:55,0,-1
1/28/2021 19:00,0,-1
1/28/2021 19:05,0,-1
1/28/2021 19:10,0,-1
1/28/2021 19:15,0,-1
1/28/2021 19:20,0,-1
1/28/2021 19:25,0,-1
1/28/2021 19:30,0,-1
1/28/2021 19:35,0,-1
1/28/2021 19:40,0,-1
1/28/2021 19:45,0,-1
1/28/2021 19:50,0,-1
1/28/2021 19:55,0,-1
1/28/2021 20:00,0,-1
1/28/2021 20:05,0,-1
1/28/2021 20:10,0,-1
1/28/2021 20:15,0,-1
1/28/2021 20:20,0,-1
1/28/2021 20:25,0,-1
1/28/2021 20:30,0,-1
1/28/2021 20:35,0,-1
1/28/2021 20:40,0,-1
1/28/2021 20:45,0,-1
1/28/2021 20:50,0,-1
1/28/2021 20:55,0,-1
1/28/2021 21:00,0,-1
1/28/2021 21:05,0,-1
1/28/2021 21:10,0,-1
1/28/2021 21:15,0,-1
1/28/2021 21:20,0,-1
1/28/2021 21:25,0,-1
1/28/2021 21:30,0,-1
1/28/2021 21:35,0,-1
1/28/2021 21:40,0,-1
1/28/2021 21:45,0,-1
1/28/2021 21:50,0,-1
1/28/2021 21:55,0,-1
1/28/2021 22:00,0,-1
1/28/2021 22:05,0,-1
1/28/2021 22:10,0,-1
1/28/2021 22:15,0,-1
1/28/2021 22:20,0,-1
1/28/2021 22:25,0,-1
1/28/2021 22:30,0,-1
1/28/2021 22:35,0,-1
1/28/2021 22:40,0,-1
1/28/2021 22:45,0,-1
1/28/2021 22:50,0,-1
1/28/2021 22:55,0,-1
1/28/2021 23:00,0,-1
1/28/2021 23:05,0,-1
1/28/2021 23:10,0,-1
1/28/2021 23:15,0,-1
1/28/2021 23:20,0,-1
1/28/2021 23:25,0,-1
1/28/2021 23:30,0,-1
1/28/2021 23:35,0,-1
1/28/2021 23:40,0,-1
1/28/2021 23:45,0,-1
1/28/2021 23:50,0,-1
1/28/2021 23:55,0,-1
1/29/2021 0:00,0,-1
1/29/2021 0:05,0,-1
1/29/2021 0:10,0,-1
1/29/2021 0:15,0,-1
1/29/2021 0:20,0,-1
1/29/2021 0:25,0,-1
1/29/2021 0:30,0,-1
1/29/2021 0:35,0,-1
1/29/2021 0:40,0,-1
1/29/2021 0:45,0,-1
1/29/2021 0:50,0,-1
1/29/2021 0:55,0,-1
1/29/2021 1:00,0,-1
1/29/2021 1:05,0,-1
1/29/2021 1:10,0,-1
1/29/2021 1:15,0,-1
1/29/2021 1:20,0,-1
1/29/2021 1:25,0,-1
1/29/2021 1:30,0,-1
1/29/2021 1:35,0,-1
1/29/2021 1:40,0,-1
1/29/2021 1:45,0,-1
1/29/2021 1:50,0,-1
1/29/2021 1:55,0,-1
1/29/2021 2:00,0,-1
1/29/2021 2:05,0,-1
1/29/2021 2:10,0,-1
1/29/2021 2:15,0,-1
1/29/2021 2:20,0,-1
1/29/2021 2:25,0,-1
1/29/2021 2:30,0,-1
1/29/2021 2:35,0,-1
1/29/2021 2:40,0,-1
1/29/2021 2:45,0,-1
1/29/2021 2:50,0,-1
1/29/2021 2:55,0,-1
1/29/2021 3:00,0,-1
1/29/2021 3:05,0,-1
1/29/2021 3:10,0,-1
1/29/2021 3:15,0,-1
1/29/2021 3:20,0,-1
1/29/2021 3:25,0,-1
1/29/2021 3:30,0,-1
1/29/2021 3:35,0,-1
1/29/2021 3:40,0,-1
1/29/2021 3:45,0,-1
1/29/2021 3:50,0,-1
1/29/2021 3:55,0,-1
1/29/2021 4:00,0,-1
1/29/2021 4:05,0,-1
1/29/2021 4:10,0,-1
1/29/2021 4:15,0,-1
1/29/2021 4:20,0,-1
1/29/2021 4:25,0,-1
1/29/2021 4:30,0,-1
1/29/2021 4:35,0,-1
1/29/2021 4:40,0,-1
1/29/2021 4:45,0,-1
1/29/2021 4:50,0,-1
1/29/2021 4:55,0,-1
1/29/2021 5:00,0,-1
1/29/2021 5:05,0,-1
1/29/2021 5:10,0,-1
1/29/2021 5:15,0,-1
1/29/2021 5:20,0,-1
1/29/2021 5:25,0,-1
1/29/2021 5:30,0,-1
1/29/2021 5:35,0,-1
1/29/2021 5:40,0,-1
1/29/2021 5:45,0,-1
1/29/2021 5:50,0,-1
1/29/2021 5:55,0,-1
1/29/2021 6:00,0,-1
1/29/2021 6:05,0,-1
1/29/2021 6:10,0,-1
1/29/2021 6:15,0,-1
1/29/2021 6:20,0,-1
1/29/2021 6:25,0,-1
1/29/2021 6:30,0,-1
1/29/2021 6:35,0,-1
1/29/2021 6:40,0,-1
1/29/2021 6:45,0,-1
1/29/2021 6:50,0,-1
1/29/2021 6:55,0,-1
1/29/2021 7:00,0,-1
1/29/2021 7:05,0,-1
1/29/2021 7:10,0,-1
1/29/2021 7:15,0,-1
1/29/2021 7:20,0,-1
1/29/2021 7:25,0,-1
1/29/2021 7:30,0,-1
1/29/2021 7:35,0,-1
1/29/2021 7:40,0,-1
1/29/2021 7:45,0,-1
1/29/2021 7:50,0,-1
1/29/2021 7:55,0,-1
1/29/2021 8:00,0,-1
1/29/2021 8:05,0,-1
1/29/2021 8:10,0,-1
1/29/2021 8:15,0,-1
1/29/2021 8:20,0,-1
1/29/2021 8:25,0,-1
1/29/2021 8:30,0,-1
1/29/2021 8:35,0,-1
1/29/2021 8:40,0,-1
1/29/2021 8:45,0,-1
1/29/2021 8:50,0,-1
1/29/2021 8:55,0,-1
1/29/2021 9:00,0,-1
1/29/2021 9:05,0,-1
1/29/2021 9:10,0,-1
1/29/2021 9:15,0,-1
1/29/2021 9:20,0,-1
1/29/2021 9:25,0,-1
1/29/2021 9:30,0,-1
1/29/2021 9:35,0,-1
1/29/2021 9:40,0,-1
1/29/2021 9:45,0,-1
1/29/2021 9:50,0,-1
1/29/2021 9:55,0,-1
1/29/2021 10:00,0,-1
1/29/2021 10:05,0,-1
1/29/2021 10:10,0,-1
1/29/2021 10:15,0,-1
1/29/2021 10:20,0,-1
1/29/2021 10:25,0,-1
1/29/2021 10:30,0,-1
1/29/2021 10:35,0,-1
1/29/2021 10:40,0,-1
1/29/2021 10:45,0,-1
1/29/2021 10:50,0,-1
1/29/2021 10:55,0,-1
1/29/2021 11:00,0,-1
1/29/2021 11:05,0,-1
1/29/2021 11:10,0,-1
1/29/2021 11:15,0,-1
1/29/2021 11:20,0,-1
1/29/2021 11:25,0,-1
1/29/2021 11:30,0,-1
1/29/2021 11:35,0,-1
1/29/2021 11:40,0,-1
1/29/2021 11:45,0,-1
1/29/2021 11:50,0,-1
1/29/2021 11:55,0,-1
1/29/2021 12:00,0,-1
1/29/2021 12:05,0,-1
1/29/2021 12:10,0,-1
1/29/2021 12:15,0,-1
1/29/2021 12:20,0,-1
1/29/2021 12:25,0,-1
1/29/2021 12:30,0,-1
1/29/2021 12:35,0,-1
1/29/2021 12:40,,
1/29/2021 12:45,0,-1
1/29/2021 12:50,0,-1
1/29/2021 12:55,0,-1
1/29/2021 13:00,0,-1
1/29/2021 13:05,0,-1
1/29/2021 13:10,0,-1
1/29/2021 13:15,0,-1
1/29/2021 13:20,0,-1
1/29/2021 13:25,0,-1
1/29/2021 13:30,0,-1
1/29/2021 13:35,0,-1
1/29/2021 13:40,0,-1
1/29/2021 13:45,0,-1
1/29/2021 13:50,0,-1
1/29/2021 13:55,0,-1
1/29/2021 14:00,0,-1
1/29/2021 14:05,0,-1
1/29/2021 14:10,0,-1
1/29/2021 14:15,0,-1
1/29/2021 14:20,0,-1
1/29/2021 14:25,0,-1
1/29/2021 14:30,0,-1
1/29/2021 14:35,0,-1
1/29/2021 14:40,0,-1
1/29/2021 14:45,0,-1
1/29/2021 14:50,0,-1
1/29/2021 14:55,0,-1
1/29/2021 15:00,0,-1
1/29/2021 15:05,0,-1
1/29/2021 15:10,0,-1
1/29/2021 15:15,0,-1
1/29/2021 15:20,0,-1
1/29/2021 15:25,0,-1
1/29/2021 15:30,0,-1
1/29/2021 15:35,0,-1
1/29/2021 15:40,0,-1
1/29/2021 15:45,0,-1
1/29/2021 15:50,0,-1
1/29/2021 15:55,0,-1
1/29/2021 16:00,0,-1
1/29/2021 16:05,0,-1
1/29/2021 16:10,0,-1
1/29/2021 16:15,0,-1
1/29/2021 16:20,0,-1
1/29/2021 16:25,0,-1
1/29/2021 16:30,0,-1
1/29/2021 16:35,0,-1
1/29/2021 16:40,0,-1
1/29/2021 16:45,0,-1
1/29/2021 16:50,0,-1
1/29/2021 16:55,0,-1
1/29/2021 17:00,0,-1
1/29/2021 17:05,0,-1
1/29/2021 17:10,0,-1
1/29/2021 17:15,0,-1
1/29/2021 17:20,0,-1
1/29/2021 17:25,0,-1
1/29/2021 17:30,0,-1
1/29/2021 17:35,0,-1
1/29/2021 17:40,0,-1
1/29/2021 17:45,0,-1
1/29/2021 17:50,0,-1
1/29/2021 17:55,0,-1
1/29/2021 18:00,0,-1
1/29/2021 18:05,0,-1
1/29/2021 18:10,0,-1
1/29/2021 18:15,0,-1
1/29/2021 18:20,0,-1
1/29/2021 18:25,0,-1
1/29/2021 18:30,0,-1
1/29/2021 18:35,0,-1
1/29/2021 18:40,0,-1
1/29/2021 18:45,0,-1
1/29/2021 18:50,0,-1
1/29/2021 18:55,0,-1
1/29/2021 19:00,0,-1
1/29/2021 19:05,0,-1
1/29/2021 19:10,0,-1
1/29/2021 19:15,0,-1
1/29/2021 19:20,0,-1
1/29/2021 19:25,0,-1
1/29/2021 19:30,0,-1
1/29/2021 19:35,0,-1
1/29/2021 19:40,0,-1
1/29/2021 19:45,0,-1
1/29/2021 19:50,0,-1
1/29/2021 19:55,0,-1
1/29/2021 20:00,0,-1
1/29/2021 20:05,0,-1
1/29/2021 20:10,0,-1
1/29/2021 20:15,0,-1
1/29/2021 20:20,0,-1
1/29/2021 20:25,0,-1
1/29/2021 20:30,0,-1
1/29/2021 20:35,0,-1
1/29/2021 20:40,0,-1
1/29/2021 20:45,0,-1
1/29/2021 20:50,0,-1
1/29/2021 20:55,0,-1
1/29/2021 21:00,0,-1
1/29/2021 21:05,0,-1
1/29/2021 21:10,0,-1
1/29/2021 21:15,0,-1
1/29/2021 21:20,0,-1
1/29/2021 21:25,0,-1
1/29/2021 21:30,0,-1
1/29/2021 21:35,0,-1
1/29/2021 21:40,0,-1
1/29/2021 21:45,0,-1
1/29/2021 21:50,0,-1
1/29/2021 21:55,0,-1
1/29/2021 22:00,0,-1
1/29/2021 22:05,0,-1
1/29/2021 22:10,0,-1
1/29/2021 22:15,0,-1
1/29/2021 22:20,0,-1
1/29/2021 22:25,0,-1
1/29/2021 22:30,0,-1
1/29/2021 22:35,0,-1
1/29/2021 22:40,0,-1
1/29/2021 22:45,0,-1
1/29/2021 22:50,0,-1
1/29/2021 22:55,0,-1
1/29/2021 23:00,0,-1
1/29/2021 23:05,0,-1
1/29/2021 23:10,0,-1
1/29/2021 23:15,0,-1
1/29/2021 23:20,0,-1
1/29/2021 23:25,0,-1
1/29/2021 23:30,0,-1
1/29/2021 23:35,0,-1
1/29/2021 23:40,0,-1
1/29/2021 23:45,0,-1
1/29/2021 23:50,0,-1
1/29/2021 23:55,0,-1
1/30/2021 0:00,0,-1
1/30/2021 0:05,0,-1
1/30/2021 0:10,0,-1
1/30/2021 0:15,0,-1
1/30/2021 0:20,0,-1
1/30/2021 0:25,0,-1
1/30/2021 0:30,0,-1
1/30/2021 0:35,0,-1
1/30/2021 0:40,0,-1
1/30/2021 0:45,0,-1
1/30/2021 0:50,0,-1
1/30/2021 0:55,0,-1
1/30/2021 1:00,0,-1
1/30/2021 1:05,0,-1
1/30/2021 1:10,0,-1
1/30/2021 1:15,0,-1
1/30/2021 1:20,0,-1
1/30/2021 1:25,0,-1
1/30/2021 1:30,0,-1
1/30/2021 1:35,0,-1
1/30/2021 1:40,0,-1
1/30/2021 1:45,0,-1
1/30/2021 1:50,0,-1
1/30/2021 1:55,0,-1
1/30/2021 2:00,0,-1
1/30/2021 2:05,0,-1
1/30/2021 2:10,0,-1
1/30/2021 2:15,0,-1
1/30/2021 2:20,0,-1
1/30/2021 2:25,0,-1
1/30/2021 2:30,0,-1
1/30/2021 2:35,0,-1
1/30/2021 2:40,0,-1
1/30/2021 2:45,0,-1
1/30/2021 2:50,0,-1
1/30/2021 2:55,0,-1
1/30/2021 3:00,0,-1
1/30/2021 3:05,0,-1
1/30/2021 3:10,0,-1
1/30/2021 3:15,0,-1
1/30/2021 3:20,0,-1
1/30/2021 3:25,0,-1
1/30/2021 3:30,0,-1
1/30/2021 3:35,0,-1
1/30/2021 3:40,0,-1
1/30/2021 3:45,0,-1
1/30/2021 3:50,0,-1
1/30/2021 3:55,0,-1
1/30/2021 4:00,0,-1
1/30/2021 4:05,0,-1
1/30/2021 4:10,0,-1
1/30/2021 4:15,0,-1
1/30/2021 4:20,0,-1
1/30/2021 4:25,0,-1
1/30/2021 4:30,0,-1
1/30/2021 4:35,0,-1
1/30/2021 4:40,0,-1
1/30/2021 4:45,0,-1
1/30/2021 4:50,0,-1
1/30/2021 4:55,0,-1
1/30/2021 5:00,0,-1
1/30/2021 5:05,0,-1
1/30/2021 5:10,0,-1
1/30/2021 5:15,0,-1
1/30/2021 5:20,0,-1
1/30/2021 5:25,0,-1
1/30/2021 5:30,0,-1
1/30/2021 5:35,0,-1
1/30/2021 5:40,0,-1
1/30/2021 5:45,0,-1
1/30/2021 5:50,0,-1
1/30/2021 5:55,0,-1
1/30/2021 6:00,0,-1
1/30/2021 6:05,0,-1
1/30/2021 6:10,0,-1
1/30/2021 6:15,0,-1
1/30/2021 6:20,0,-1
1/30/2021 6:25,0,-1
1/30/2021 6:30,0,-1
1/30/2021 6:35,0,-1
1/30/2021 6:40,0,-1
1/30/2021 6:45,0,-1
1/30/2021 6:50,0,-1
1/30/2021 6:55,0,-1
1/30/2021 7:00,0,-1
1/30/2021 7:05,0,-1
1/30/2021 7:10,0,-1
1/30/2021 7:15,0,-1
1/30/2021 7:20,0,-1
1/30/2021 7:25,0,-1
1/30/2021 7:30,0,-1
1/30/2021 7:35,0,-1
1/30/2021 7:40,0,-1
1/30/2021 7:45,0,-1
1/30/2021 7:50,0,-1
1/30/2021 7:55,0,-1
1/30/2021 8:00,0,-1
1/30/2021 8:05,0,-1
1/30/2021 8:10,0,-1
1/30/2021 8:15,0,-1
1/30/2021 8:20,0,-1
1/30/2021 8:25,0,-1
1/30/2021 8:30,0,-1
1/30/2021 8:35,0,-1
1/30/2021 8:40,0,-1
1/30/2021 8:45,0,-1
1/30/2021 8:50,0,-1
1/30/2021 8:55,0,-1
1/30/2021 9:00,0,-1
1/30/2021 9:05,0,-1
1/30/2021 9:10,0,-1
1/30/2021 9:15,0,-1
1/30/2021 9:20,0,-1
1/30/2021 9:25,0,-1
1/30/2021 9:30,0,-1
1/30/2021 9:35,0,-1
1/30/2021 9:40,0,-1
1/30/2021 9:45,0,-1
1/30/2021 9:50,0,-1
1/30/2021 9:55,0,-1
1/30/2021 10:00,0,-1
1/30/2021 10:05,0,-1
1/30/2021 10:10,0,-1
1/30/2021 10:15,0,-1
1/30/2021 10:20,0,-1
1/30/2021 10:25,0,-1
1/30/2021 10:30,0,-1
1/30/2021 10:35,0,-1
1/30/2021 10:40,0,-1
1/30/2021 10:45,0,-1
1/30/2021 10:50,0,-1
1/30/2021 10:55,0,-1
1/30/2021 11:00,0,-1
1/30/2021 11:05,0,-1
1/30/2021 11:10,0,-1
1/30/2021 11:15,0,-1
1/30/2021 11:20,0,-1
1/30/2021 11:25,0,-1
1/30/2021 11:30,0,-1
1/30/2021 11:35,0,-1
1/30/2021 11:40,0,-1
1/30/2021 11:45,0,-1
1/30/2021 11:50,0,-1
1/30/2021 11:55,0,-1
1/30/2021 12:00,0,-1
1/30/2021 12:05,0,-1
1/30/2021 12:10,0,-1
1/30/2021 12:15,0,-1
1/30/2021 12:20,0,-1
1/30/2021 12:25,0,-1
1/30/2021 12:30,0,-1
1/30/2021 12:35,0,-1
1/30/2021 12:40,0,-1
1/30/2021 12:45,0,-1
1/30/2021 12:50,0,-1
1/30/2021 12:55,0,-1
1/30/2021 13:00,0,-1
1/30/2021 13:05,0,-1
1/30/2021 13:10,0,-1
1/30/2021 13:15,0,-1
1/30/2021 13:20,0,-1
1/30/2021 13:25,0,-1
1/30/2021 13:30,0,-1
1/30/2021 13:35,0,-1
1/30/2021 13:40,0,-1
1/30/2021 13:45,0,-1
1/30/2021 13:50,0,-1
1/30/2021 13:55,0,-1
1/30/2021 14:00,0,-1
1/30/2021 14:05,0,-1
1/30/2021 14:10,0,-1
1/30/2021 14:15,0,-1
1/30/2021 14:20,0,-1
1/30/2021 14:25,0,-1
1/30/2021 14:30,0,-1
1/30/2021 14:35,0,-1
1/30/2021 14:40,0,-1
1/30/2021 14:45,0,-1
1/30/2021 14:50,0,-1
1/30/2021 14:55,0,-1
1/30/2021 15:00,0,-1
1/30/2021 15:05,0,-1
1/30/2021 15:10,0,-1
1/30/2021 15:15,0,-1
1/30/2021 15:20,0,-1
1/30/2021 15:25,0,-1
1/30/2021 15:30,0,-1
1/30/2021 15:35,0,-1
1/30/2021 15:40,0,-1
1/30/2021 15:45,0,-1
1/30/2021 15:50,0,-1
1/30/2021 15:55,0,-1
1/30/2021 16:00,0,-1
1/30/2021 16:05,0,-1
1/30/2021 16:10,0,-1
1/30/2021 16:15,0,-1
1/30/2021 16:20,0,-1
1/30/2021 16:25,0,-1
1/30/2021 16:30,0,-1
1/30/2021 16:35,0,-1
1/30/2021 16:40,0,-1
1/30/2021 16:45,0,-1
1/30/2021 16:50,0,-1
1/30/2021 16:55,0,-1
1/30/2021 17:00,0,-1
1/30/2021 17:05,0,-1
1/30/2021 17:10,0,-1
1/30/2021 17:15,0,-1
1/30/2021 17:20,0,-1
1/30/2021 17:25,0,-1
1/30/2021 17:30,0,-1
1/30/2021 17:35,0,-1
1/30/2021 17:40,0,-1
1/30/2021 17:45,0,-1
1/30/2021 17:50,0,-1
1/30/2021 17:55,0,-1
1/30/2021 18:00,0,-1
1/30/2021 18:05,0,-1
1/30/2021 18:10,0,-1
1/30/2021 18:15,0,-1
1/30/2021 18:20,0,-1
1/30/2021 18:25,0,-1
1/30/2021 18:30,0,-1
1/30/2021 18:35,0,-1
1/30/2021 18:40,0,-1
1/30/2021 18:45,0,-1
1/30/2021 18:50,0,-1
1/30/2021 18:55,0,-1
1/30/2021 19:00,0,-1
1/30/2021 19:05,0,-1
1/30/2021 19:10,0,-1
1/30/2021 19:15,0,-1
1/30/2021 19:20,0,-1
1/30/2021 19:25,0,-1
1/30/2021 19:30,0,-1
1/30/2021 19:35,0,-1
1/30/2021 19:40,0,-1
1/30/2021 19:45,0,-1
1/30/2021 19:50,0,-1
1/30/2021 19:55,0,-1
1/30/2021 20:00,0,-1
1/30/2021 20:05,0,-1
1/30/2021 20:10,0,-1
1/30/2021 20:15,0,-1
1/30/2021 20:20,0,-1
1/30/2021 20:25,0,-1
1/30/2021 20:30,0,-1
1/30/2021 20:35,0,-1
1/30/2021 20:40,0,-1
1/30/2021 20:45,0,-1
1/30/2021 20:50,0,-1
1/30/2021 20:55,0,-1
1/30/2021 21:00,0,-1
1/30/2021 21:05,0,-1
1/30/2021 21:10,0,-1
1/30/2021 21:15,0,-1
1/30/2021 21:20,0,-1
1/30/2021 21:25,0,-1
1/30/2021 21:30,0,-1
1/30/2021 21:35,0,-1
1/30/2021 21:40,0,-1
1/30/2021 21:45,0,-1
1/30/2021 21:50,0,-1
1/30/2021 21:55,0,-1
1/30/2021 22:00,0,-1
1/30/2021 22:05,0,-1
1/30/2021 22:10,0,-1
1/30/2021 22:15,0,-1
1/30/2021 22:20,0,-1
1/30/2021 22:25,0,-1
1/30/2021 22:30,0,-1
1/30/2021 22:35,0,-1
1/30/2021 22:40,0,-1
1/30/2021 22:45,0,-1
1/30/2021 22:50,0,-1
1/30/2021 22:55,0,-1
1/30/2021 23:00,0,-1
1/30/2021 23:05,0,-1
1/30/2021 23:10,0,-1
1/30/2021 23:15,0,-1
1/30/2021 23:20,0,-1
1/30/2021 23:25,0,-1
1/30/2021 23:30,0,-1
1/30/2021 23:35,0,-1
1/30/2021 23:40,0,-1
1/30/2021 23:45,0,-1
1/30/2021 23:50,0,-1
1/30/2021 23:55,0,-1
1/31/2021 0:00,0,-1
1/31/2021 0:05,0,-1
1/31/2021 0:10,0,-1
1/31/2021 0:15,0,-1
1/31/2021 0:20,0,-1
1/31/2021 0:25,0,-1
1/31/2021 0:30,0,-1
1/31/2021 0:35,0,-1
1/31/2021 0:40,0,-1
1/31/2021 0:45,0,-1
1/31/2021 0:50,0,-1
1/31/2021 0:55,0,-1
1/31/2021 1:00,0,-1
1/31/2021 1:05,0,-1
1/31/2021 1:10,0,-1
1/31/2021 1:15,0,-1
1/31/2021 1:20,0,-1
1/31/2021 1:25,0,-1
1/31/2021 1:30,0,-1
1/31/2021 1:35,0,-1
1/31/2021 1:40,0,-1
1/31/2021 1:45,0,-1
1/31/2021 1:50,0,-1
1/31/2021 1:55,0,-1
1/31/2021 2:00,0,-1
1/31/2021 2:05,0,-1
1/31/2021 2:10,0,-1
1/31/2021 2:15,0,-1
1/31/2021 2:20,0,-1
1/31/2021 2:25,0,-1
1/31/2021 2:30,0,-1
1/31/2021 2:35,0,-1
1/31/2021 2:40,0,-1
1/31/2021 2:45,0,-1
1/31/2021 2:50,0,-1
1/31/2021 2:55,0,-1
1/31/2021 3:00,0,-1
1/31/2021 3:05,0,-1
1/31/2021 3:10,0,-1
1/31/2021 3:15,0,-1
1/31/2021 3:20,0,-1
1/31/2021 3:25,0,-1
1/31/2021 3:30,0,-1
1/31/2021 3:35,0,-1
1/31/2021 3:40,0,-1
1/31/2021 3:45,0,-1
1/31/2021 3:50,0,-1
1/31/2021 3:55,0,-1
1/31/2021 4:00,0,-1
1/31/2021 4:05,0,-1
1/31/2021 4:10,0,-1
1/31/2021 4:15,0,-1
1/31/2021 4:20,0,-1
1/31/2021 4:25,0,-1
1/31/2021 4:30,0,-1
1/31/2021 4:35,0,-1
1/31/2021 4:40,0,-1
1/31/2021 4:45,0,-1
1/31/2021 4:50,0,-1
1/31/2021 4:55,0,-1
1/31/2021 5:00,0,-1
1/31/2021 5:05,0,-1
1/31/2021 5:10,0,-1
1/31/2021 5:15,0,-1
1/31/2021 5:20,0,-1
1/31/2021 5:25,0,-1
1/31/2021 5:30,0,-1
1/31/2021 5:35,0,-1
1/31/2021 5:40,0,-1
1/31/2021 5:45,0,-1
1/31/2021 5:50,0,-1
1/31/2021 5:55,0,-1
1/31/2021 6:00,0,-1
1/31/2021 6:05,0,-1
1/31/2021 6:10,0,-1
1/31/2021 6:15,0,-1
1/31/2021 6:20,0,-1
1/31/2021 6:25,0,-1
1/31/2021 6:30,0,-1
1/31/2021 6:35,0,-1
1/31/2021 6:40,0,-1
1/31/2021 6:45,0,-1
1/31/2021 6:50,0,-1
1/31/2021 6:55,0,-1
1/31/2021 7:00,0,-1
1/31/2021 7:05,0,-1
1/31/2021 7:10,0,-1
1/31/2021 7:15,0,-1
1/31/2021 7:20,0,-1
1/31/2021 7:25,0,-1
1/31/2021 7:30,0,-1
1/31/2021 7:35,0,-1
1/31/2021 7:40,0,-1
1/31/2021 7:45,0,-1
1/31/2021 7:50,0,-1
1/31/2021 7:55,0,-1
1/31/2021 8:00,0,-1
1/31/2021 8:05,0,-1
1/31/2021 8:10,0,-1
1/31/2021 8:15,0,-1
1/31/2021 8:20,0,-1
1/31/2021 8:25,0,-1
1/31/2021 8:30,0,-1
1/31/2021 8:35,0,-1
1/31/2021 8:40,0,-1
1/31/2021 8:45,0,-1
1/31/2021 8:50,0,-1
1/31/2021 8:55,0,-1
1/31/2021 9:00,0,-1
1/31/2021 9:05,0,-1
1/31/2021 9:10,0,-1
1/31/2021 9:15,0,-1
1/31/2021 9:20,0,-1
1/31/2021 9:25,0,-1
1/31/2021 9:30,0,-1
1/31/2021 9:35,0,-1
1/31/2021 9:40,0,-1
1/31/2021 9:45,0,-1
1/31/2021 9:50,0,-1
1/31/2021 9:55,0,-1
1/31/2021 10:00,0,-1
1/31/2021 10:05,0,-1
1/31/2021 10:10,0,-1
1/31/2021 10:15,0,-1
1/31/2021 10:20,0,-1
1/31/2021 10:25,0,-1
1/31/2021 10:30,0,-1
1/31/2021 10:35,0,-1
1/31/2021 10:40,0,-1
1/31/2021 10:45,0,-1
1/31/2021 10:50,0,-1
1/31/2021 10:55,0,-1
1/31/2021 11:00,0,-1
1/31/2021 11:05,0,-1
1/31/2021 11:10,0,-1
1/31/2021 11:15,0,-1
1/31/2021 11:20,0,-1
1/31/2021 11:25,0,-1
1/31/2021 11:30,0,-1
1/31/2021 11:35,0,-1
1/31/2021 11:40,0,-1
1/31/2021 11:45,0,-1
1/31/2021 11:50,0,-1
1/31/2021 11:55,0,-1
1/31/2021 12:00,0,-1
1/31/2021 12:05,0,-1
1/31/2021 12:10,0,-1
1/31/2021 12:15,0,-1
1/31/2021 12:20,0,-1
1/31/2021 12:25,0,-1
1/31/2021 12:30,0,-1
1/31/2021 12:35,0,-1
1/31/2021 12:40,0,-1
1/31/2021 12:45,0,-1
1/31/2021 12:50,0,-1
1/31/2021 12:55,0,-1
1/31/2021 13:00,0,-1
1/31/2021 13:05,0,-1
1/31/2021 13:10,0,-1
1/31/2021 13:15,0,-1
1/31/2021 13:20,0,-1
1/31/2021 13:25,0,-1
1/31/2021 13:30,0,-1
1/31/2021 13:35,0,-1
1/31/2021 13:40,0,-1
1/31/2021 13:45,0,-1
1/31/2021 13:50,0,-1
1/31/2021 13:55,0,-1
1/31/2021 14:00,0,-1
1/31/2021 14:05,0,-1
1/31/2021 14:10,0,-1
1/31/2021 14:15,0,-1
1/31/2021 14:20,0,-1
1/31/2021 14:25,0,-1
1/31/2021 14:30,0,-1
1/31/2021 14:35,0,-1
1/31/2021 14:40,0,-1
1/31/2021 14:45,0,-1
1/31/2021 14:50,0,-1
1/31/2021 14:55,0,-1
1/31/2021 15:00,0,-1
1/31/2021 15:05,0,-1
1/31/2021 15:10,0,-1
1/31/2021 15:15,0,-1
1/31/2021 15:20,0,-1
1/31/2021 15:25,0,-1
1/31/2021 15:30,0,-1
1/31/2021 15:35,0,-1
1/31/2021 15:40,0,-1
1/31/2021 15:45,0,-1
1/31/2021 15:50,0,-1
1/31/2021 15:55,0,-1
1/31/2021 16:00,0,-1
1/31/2021 16:05,0,-1
1/31/2021 16:10,0,-1
1/31/2021 16:15,0,-1
1/31/2021 16:20,0,-1
1/31/2021 16:25,0,-1
1/31/2021 16:30,0,-1
1/31/2021 16:35,0,-1
1/31/2021 16:40,0,-1
1/31/2021 16:45,0,-1
1/31/2021 16:50,0,-1
1/31/2021 16:55,0,-1
1/31/2021 17:00,0,-1
1/31/2021 17:05,0,-1
1/31/2021 17:10,0,-1
1/31/2021 17:15,0,-1
1/31/2021 17:20,0,-1
1/31/2021 17:25,0,-1
1/31/2021 17:30,0,-1
1/31/2021 17:35,0,-1
1/31/2021 17:40,0,-1
1/31/2021 17:45,0,-1
1/31/2021 17:50,0,-1
1/31/2021 17:55,0,-1
1/31/2021 18:00,0,-1
1/31/2021 18:05,0,-1
1/31/2021 18:10,0,-1
1/31/2021 18:15,0,-1
1/31/2021 18:20,0,-1
1/31/2021 18:25,0,-1
1/31/2021 18:30,0,-1
1/31/2021 18:35,0,-1
1/31/2021 18:40,0,-1
1/31/2021 18:45,0,-1
1/31/2021 18:50,0,-1
1/31/2021 18:55,0,-1
1/31/2021 19:00,0,-1
1/31/2021 19:05,0,-1
1/31/2021 19:10,0,-1
1/31/2021 19:15,0,-1
1/31/2021 19:20,0,-1
1/31/2021 19:25,0,-1
1/31/2021 19:30,0,-1
1/31/2021 19:35,0,-1
1/31/2021 19:40,0,-1
1/31/2021 19:45,0,-1
1/31/2021 19:50,0,-1
1/31/2021 19:55,0,-1
1/31/2021 20:00,0,-1
1/31/2021 20:05,0,-1
1/31/2021 20:10,0,-1
1/31/2021 20:15,0,-1
1/31/2021 20:20,0,-1
1/31/2021 20:25,0,-1
1/31/2021 20:30,0,-1
1/31/2021 20:35,0,-1
1/31/2021 20:40,0,-1
1/31/2021 20:45,0,-1
1/31/2021 20:50,0,-1
1/31/2021 20:55,0,-1
1/31/2021 21:00,0,-1
1/31/2021 21:05,0,-1
1/31/2021 21:10,0,-1
1/31/2021 21:15,0,-1
1/31/2021 21:20,0,-1
1/31/2021 21:25,0,-1
1/31/2021 21:30,0,-1
1/31/2021 21:35,0,-1
1/31/2021 21:40,0,-1
1/31/2021 21:45,0,-1
1/31/2021 21:50,0,-1
1/31/2021 21:55,0,-1
1/31/2021 22:00,0,-1
1/31/2021 22:05,0,-1
1/31/2021 22:10,0,-1
1/31/2021 22:15,0,-1
1/31/2021 22:20,0,-1
1/31/2021 22:25,0,-1
1/31/2021 22:30,0,-1
1/31/2021 22:35,0,-1
1/31/2021 22:40,0,-1
1/31/2021 22:45,0,-1
1/31/2021 22:50,0,-1
1/31/2021 22:55,0,-1
1/31/2021 23:00,0,-1
1/31/2021 23:05,0,-1
1/31/2021 23:10,0,-1
1/31/2021 23:15,0,-1
1/31/2021 23:20,0,-1
1/31/2021 23:25,0,-1
1/31/2021 23:30,0,-1
1/31/2021 23:35,0,-1
1/31/2021 23:40,0,-1
1/31/2021 23:45,0,-1
1/31/2021 23:50,0,-1
1/31/2021 23:55,0,-1
2/1/2021 0:00,0,-1
2/1/2021 0:05,0,-1
2/1/2021 0:10,0,-1
2/1/2021 0:15,0,-1
2/1/2021 0:20,0,-1
2/1/2021 0:25,0,-1
2/1/2021 0:30,0,-1
2/1/2021 0:35,0,-1
2/1/2021 0:40,0,-1
2/1/2021 0:45,0,-1
2/1/2021 0:50,0,-1
2/1/2021 0:55,0,-1
2/1/2021 1:00,0,-1
2/1/2021 1:05,0,-1
2/1/2021 1:10,0,-1
2/1/2021 1:15,0,-1
2/1/2021 1:20,0,-1
2/1/2021 1:25,0,-1
2/1/2021 1:30,0,-1
2/1/2021 1:35,0,-1
2/1/2021 1:40,0,-1
2/1/2021 1:45,0,-1
2/1/2021 1:50,0,-1
2/1/2021 1:55,0,-1
2/1/2021 2:00,0,-1
2/1/2021 2:05,0,-1
2/1/2021 2:10,0,-1
2/1/2021 2:15,0,-1
2/1/2021 2:20,0,-1
2/1/2021 2:25,0,-1
2/1/2021 2:30,0,-1
2/1/2021 2:35,0,-1
2/1/2021 2:40,0,-1
2/1/2021 2:45,0,-1
2/1/2021 2:50,0,-1
2/1/2021 2:55,0,-1
2/1/2021 3:00,0,-1
2/1/2021 3:05,0,-1
2/1/2021 3:10,0,-1
2/1/2021 3:15,0,-1
2/1/2021 3:20,0,-1
2/1/2021 3:25,0,-1
2/1/2021 3:30,0,-1
2/1/2021 3:35,0,-1
2/1/2021 3:40,0,-1
2/1/2021 3:45,0,-1
2/1/2021 3:50,0,-1
2/1/2021 3:55,0,-1
2/1/2021 4:00,0,-1
2/1/2021 4:05,0,-1
2/1/2021 4:10,0,-1
2/1/2021 4:15,0,-1
2/1/2021 4:20,0,-1
2/1/2021 4:25,0,-1
2/1/2021 4:30,0,-1
2/1/2021 4:35,0,-1
2/1/2021 4:40,0,-1
2/1/2021 4:45,0,-1
2/1/2021 4:50,0,-1
2/1/2021 4:55,0,-1
2/1/2021 5:00,0,-1
2/1/2021 5:05,0,-1
2/1/2021 5:10,0,-1
2/1/2021 5:15,0,-1
2/1/2021 5:20,0,-1
2/1/2021 5:25,0,-1
2/1/2021 5:30,0,-1
2/1/2021 5:35,0,-1
2/1/2021 5:40,0,-1
2/1/2021 5:45,0,-1
2/1/2021 5:50,0,-1
2/1/2021 5:55,0,-1
2/1/2021 6:00,0,-1
2/1/2021 6:05,0,-1
2/1/2021 6:10,0,-1
2/1/2021 6:15,0,-1
2/1/2021 6:20,0,-1
2/1/2021 6:25,0,-1
2/1/2021 6:30,0,-1
2/1/2021 6:35,0,-1
2/1/2021 6:40,0,-1
2/1/2021 6:45,0,-1
2/1/2021 6:50,0,-1
2/1/2021 6:55,0,-1
2/1/2021 7:00,0,-1
2/1/2021 7:05,0,-1
2/1/2021 7:10,0,-1
2/1/2021 7:15,0,-1
2/1/2021 7:20,0,-1
2/1/2021 7:25,0,-1
2/1/2021 7:30,0,-1
2/1/2021 7:35,0,-1
2/1/2021 7:40,0,-1
2/1/2021 7:45,0,-1
2/1/2021 7:50,0,-1
2/1/2021 7:55,0,-1
2/1/2021 8:00,0,-1
2/1/2021 8:05,0,-1
2/1/2021 8:10,0,-1
2/1/2021 8:15,0,-1
2/1/2021 8:20,0,-1
2/1/2021 8:25,0,-1
2/1/2021 8:30,0,-1
2/1/2021 8:35,0,-1
2/1/2021 8:40,0,-1
2/1/2021 8:45,0,-1
2/1/2021 8:50,0,-1
2/1/2021 8:55,0,-1
2/1/2021 9:00,0,-1
2/1/2021 9:05,0,-1
2/1/2021 9:10,0,-1
2/1/2021 9:15,0,-1
2/1/2021 9:20,0,-1
2/1/2021 9:25,0,-1
2/1/2021 9:30,0,-1
2/1/2021 9:35,0,-1
2/1/2021 9:40,0,-1
2/1/2021 9:45,0,-1
2/1/2021 9:50,0,-1
2/1/2021 9:55,0,-1
2/1/2021 10:00,0,-1
2/1/2021 10:05,0,-1
2/1/2021 10:10,0,-1
2/1/2021 10:15,0,-1
2/1/2021 10:20,0,-1
2/1/2021 10:25,0,-1
2/1/2021 10:30,0,-1
2/1/2021 10:35,0,-1
2/1/2021 10:40,0,-1
2/1/2021 10:45,0,-1
2/1/2021 10:50,0,-1
2/1/2021 10:55,0,-1
2/1/2021 11:00,0,-1
2/1/2021 11:05,0,-1
2/1/2021 11:10,0,-1
2/1/2021 11:15,0,-1
2/1/2021 11:20,0,-1
2/1/2021 11:25,0,-1
2/1/2021 11:30,0,-1
2/1/2021 11:35,0,-1
2/1/2021 11:40,0,-1
2/1/2021 11:45,0,-1
2/1/2021 11:50,0,-1
2/1/2021 11:55,0,-1
2/1/2021 12:00,0,-1
2/1/2021 12:05,0,-1
2/1/2021 12:10,0,-1
2/1/2021 12:15,0,-1
2/1/2021 12:20,0,-1
2/1/2021 12:25,0,-1
2/1/2021 12:30,0,-1
2/1/2021 12:35,0,-1
2/1/2021 12:40,0,-1
2/1/2021 12:45,0,-1
2/1/2021 12:50,0,-1
2/1/2021 12:55,0,-1
2/1/2021 13:00,0,-1
2/1/2021 13:05,0,-1
2/1/2021 13:10,0,-1
2/1/2021 13:15,0,-1
2/1/2021 13:20,0,-1
2/1/2021 13:25,0,-1
2/1/2021 13:30,0,-1
2/1/2021 13:35,0,-1
2/1/2021 13:40,0,-1
2/1/2021 13:45,0,-1
2/1/2021 13:50,0,-1
2/1/2021 13:55,0,-1
2/1/2021 14:00,0,-1
2/1/2021 14:05,0,-1
2/1/2021 14:10,0,-1
2/1/2021 14:15,0,-1
2/1/2021 14:20,0,-1
2/1/2021 14:25,0,-1
2/1/2021 14:30,0,-1
2/1/2021 14:35,0,-1
2/1/2021 14:40,0,-1
2/1/2021 14:45,0,-1
2/1/2021 14:50,0,-1
2/1/2021 14:55,0,-1
2/1/2021 15:00,0,-1
2/1/2021 15:05,0,-1
2/1/2021 15:10,0,-1
2/1/2021 15:15,0,-1
2/1/2021 15:20,0,-1
2/1/2021 15:25,0,-1
2/1/2021 15:30,0,-1
2/1/2021 15:35,0,-1
2/1/2021 15:40,0,-1
2/1/2021 15:45,0,-1
2/1/2021 15:50,0,-1
2/1/2021 15:55,0,-1
2/1/2021 16:00,0,-1
2/1/2021 16:05,0,-1
2/1/2021 16:10,0,-1
2/1/2021 16:15,0,-1
2/1/2021 16:20,0,-1
2/1/2021 16:25,0,-1
2/1/2021 16:30,0,-1
2/1/2021 16:35,0,-1
2/1/2021 16:40,0,-1
2/1/2021 16:45,0,-1
2/1/2021 16:50,0,-1
2/1/2021 16:55,0,-1
2/1/2021 17:00,0,-1
2/1/2021 17:05,0,-1
2/1/2021 17:10,0,-1
2/1/2021 17:15,0,-1
2/1/2021 17:20,0,-1
2/1/2021 17:25,0,-1
2/1/2021 17:30,0,-1
2/1/2021 17:35,0,-1
2/1/2021 17:40,0,-1
2/1/2021 17:45,0,-1
2/1/2021 17:50,0,-1
2/1/2021 17:55,0,-1
2/1/2021 18:00,0,-1
2/1/2021 18:05,0,-1
2/1/2021 18:10,0,-1
2/1/2021 18:15,0,-1
2/1/2021 18:20,0,-1
2/1/2021 18:25,0,-1
2/1/2021 18:30,0,-1
2/1/2021 18:35,0,-1
2/1/2021 18:40,0,-1
2/1/2021 18:45,0,-1
2/1/2021 18:50,0,-1
2/1/2021 18:55,0,-1
2/1/2021 19:00,0,-1
2/1/2021 19:05,0,-1
2/1/2021 19:10,0,-1
2/1/2021 19:15,0,-1
2/1/2021 19:20,0,-1
2/1/2021 19:25,0,-1
2/1/2021 19:30,0,-1
2/1/2021 19:35,0,-1
2/1/2021 19:40,0,-1
2/1/2021 19:45,0,-1
2/1/2021 19:50,0,-1
2/1/2021 19:55,0,-1
2/1/2021 20:00,0,-1
2/1/2021 20:05,0,-1
2/1/2021 20:10,0,-1
2/1/2021 20:15,0,-1
2/1/2021 20:20,0,-1
2/1/2021 20:25,0,-1
2/1/2021 20:30,0,-1
2/1/2021 20:35,0,-1
2/1/2021 20:40,0,-1
2/1/2021 20:45,0,-1
2/1/2021 20:50,0,-1
2/1/2021 20:55,0,-1
2/1/2021 21:00,0,-1
2/1/2021 21:05,0,-1
2/1/2021 21:10,0,-1
2/1/2021 21:15,0,-1
2/1/2021 21:20,0,-1
2/1/2021 21:25,0,-1
2/1/2021 21:30,0,-1
2/1/2021 21:35,0,-1
2/1/2021 21:40,0,-1
2/1/2021 21:45,0,-1
2/1/2021 21:50,0,-1
2/1/2021 21:55,0,-1
2/1/2021 22:00,0,-1
2/1/2021 22:05,0,-1
2/1/2021 22:10,0,-1
2/1/2021 22:15,0,-1
2/1/2021 22:20,0,-1
2/1/2021 22:25,0,-1
2/1/2021 22:30,0,-1
2/1/2021 22:35,0,-1
2/1/2021 22:40,0,-1
2/1/2021 22:45,0,-1
2/1/2021 22:50,0,-1
2/1/2021 22:55,0,-1
2/1/2021 23:00,0,-1
2/1/2021 23:05,0,-1
2/1/2021 23:10,0,-1
2/1/2021 23:15,0,-1
2/1/2021 23:20,0,-1
2/1/2021 23:25,0,-1
2/1/2021 23:30,0,-1
2/1/2021 23:35,0,-1
2/1/2021 23:40,0,-1
2/1/2021 23:45,0,-1
2/1/2021 23:50,0,-1
2/1/2021 23:55,0,-1
2/2/2021 0:00,0,-1
2/2/2021 0:05,0,-1
2/2/2021 0:10,0,-1
2/2/2021 0:15,0,-1
2/2/2021 0:20,0,-1
2/2/2021 0:25,0,-1
2/2/2021 0:30,0,-1
2/2/2021 0:35,0,-1
2/2/2021 0:40,0,-1
2/2/2021 0:45,0,-1
2/2/2021 0:50,0,-1
2/2/2021 0:55,0,-1
2/2/2021 1:00,0,-1
2/2/2021 1:05,0,-1
2/2/2021 1:10,0,-1
2/2/2021 1:15,0,-1
2/2/2021 1:20,0,-1
2/2/2021 1:25,0,-1
2/2/2021 1:30,0,-1
2/2/2021 1:35,0,-1
2/2/2021 1:40,0,-1
2/2/2021 1:45,0,-1
2/2/2021 1:50,0,-1
2/2/2021 1:55,0,-1
2/2/2021 2:00,0,-1
2/2/2021 2:05,0,-1
2/2/2021 2:10,0,-1
2/2/2021 2:15,0,-1
2/2/2021 2:20,0,-1
2/2/2021 2:25,0,-1
2/2/2021 2:30,0,-1
2/2/2021 2:35,0,-1
2/2/2021 2:40,0,-1
2/2/2021 2:45,0,-1
2/2/2021 2:50,0,-1
2/2/2021 2:55,0,-1
2/2/2021 3:00,0,-1
2/2/2021 3:05,0,-1
2/2/2021 3:10,0,-1
2/2/2021 3:15,0,-1
2/2/2021 3:20,0,-1
2/2/2021 3:25,0,-1
2/2/2021 3:30,0,-1
2/2/2021 3:35,0,-1
2/2/2021 3:40,0,-1
2/2/2021 3:45,0,-1
2/2/2021 3:50,0,-1
2/2/2021 3:55,0,-1
2/2/2021 4:00,0,-1
2/2/2021 4:05,0,-1
2/2/2021 4:10,0,-1
2/2/2021 4:15,0,-1
2/2/2021 4:20,0,-1
2/2/2021 4:25,0,-1
2/2/2021 4:30,0,-1
2/2/2021 4:35,0,-1
2/2/2021 4:40,0,-1
2/2/2021 4:45,0,-1
2/2/2021 4:50,0,-1
2/2/2021 4:55,0,-1
2/2/2021 5:00,0,-1
2/2/2021 5:05,0,-1
2/2/2021 5:10,0,-1
2/2/2021 5:15,0,-1
2/2/2021 5:20,0,-1
2/2/2021 5:25,0,-1
2/2/2021 5:30,0,-1
2/2/2021 5:35,0,-1
2/2/2021 5:40,0,-1
2/2/2021 5:45,0,-1
2/2/2021 5:50,0,-1
2/2/2021 5:55,0,-1
2/2/2021 6:00,0,-1
2/2/2021 6:05,0,-1
2/2/2021 6:10,0,-1
2/2/2021 6:15,0,-1
2/2/2021 6:20,0,-1
2/2/2021 6:25,0,-1
2/2/2021 6:30,0,-1
2/2/2021 6:35,0,-1
2/2/2021 6:40,0,-1
2/2/2021 6:45,0,-1
2/2/2021 6:50,0,-1
2/2/2021 6:55,0,-1
2/2/2021 7:00,0,-1
2/2/2021 7:05,0,-1
2/2/2021 7:10,0,-1
2/2/2021 7:15,0,-1
2/2/2021 7:20,0,-1
2/2/2021 7:25,0,-1
2/2/2021 7:30,0,-1
2/2/2021 7:35,0,-1
2/2/2021 7:40,0,-1
2/2/2021 7:45,0,-1
2/2/2021 7:50,0,-1
2/2/2021 7:55,0,-1
2/2/2021 8:00,0,-1
2/2/2021 8:05,0,0.04639805
2/2/2021 8:10,0,-1
2/2/2021 8:15,0,-1
2/2/2021 8:20,0,-1
2/2/2021 8:25,0,-1
2/2/2021 8:30,0,-1
2/2/2021 8:35,0,-1
2/2/2021 8:40,0,-1
2/2/2021 8:45,0,-1
2/2/2021 8:50,0,-1
2/2/2021 8:55,0,-1
2/2/2021 9:00,0,-1
2/2/2021 9:05,0,-1
2/2/2021 9:10,0,-1
2/2/2021 9:15,0,-1
2/2/2021 9:20,0,-1
2/2/2021 9:25,0,-1
2/2/2021 9:30,0,-1
2/2/2021 9:35,0,-1
2/2/2021 9:40,0,-1
2/2/2021 9:45,0,-1
2/2/2021 9:50,0,-1
2/2/2021 9:55,0,-1
2/2/2021 10:00,0,-1
2/2/2021 10:05,0,-1
2/2/2021 10:10,0,-1
2/2/2021 10:15,0,-1
2/2/2021 10:20,0,-1
2/2/2021 10:25,0,-1
2/2/2021 10:30,0,-1
2/2/2021 10:35,0,-1
2/2/2021 10:40,0,-1
2/2/2021 10:45,0,-1
2/2/2021 10:50,0,-1
2/2/2021 10:55,0,-1
2/2/2021 11:00,0,-1
2/2/2021 11:05,0,-1
2/2/2021 11:10,0,-1
2/2/2021 11:15,0,-1
2/2/2021 11:20,0,-1
2/2/2021 11:25,0,-1
2/2/2021 11:30,0,-1
2/2/2021 11:35,0,-1
2/2/2021 11:40,0,-1
2/2/2021 11:45,0,-1
2/2/2021 11:50,0,-1
2/2/2021 11:55,0,-1
2/2/2021 12:00,0,-1
2/2/2021 12:05,0,-1
2/2/2021 12:10,0,-1
2/2/2021 12:15,0,-1
2/2/2021 12:20,0,-1
2/2/2021 12:25,0,-1
2/2/2021 12:30,0,-1
2/2/2021 12:35,0,-1
2/2/2021 12:40,0,-1
2/2/2021 12:45,0,-1
2/2/2021 12:50,0,-1
2/2/2021 12:55,0,-1
2/2/2021 13:00,0,-1
2/2/2021 13:05,0,-1
2/2/2021 13:10,0,-1
2/2/2021 13:15,0,-1
2/2/2021 13:20,0,-1
2/2/2021 13:25,0,-1
2/2/2021 13:30,0,-1
2/2/2021 13:35,0,-1
2/2/2021 13:40,0,-1
2/2/2021 13:45,0,-1
2/2/2021 13:50,0,-1
2/2/2021 13:55,0,-1
2/2/2021 14:00,0,-1
2/2/2021 14:05,0,-1
2/2/2021 14:10,0,-1
2/2/2021 14:15,0,-1
2/2/2021 14:20,0,-1
2/2/2021 14:25,0,-1
2/2/2021 14:30,0,-1
2/2/2021 14:35,0,-1
2/2/2021 14:40,0,-1
2/2/2021 14:45,0,-1
2/2/2021 14:50,0,-1
2/2/2021 14:55,0,-1
2/2/2021 15:00,0,-1
2/2/2021 15:05,0,-1
2/2/2021 15:10,0,-1
2/2/2021 15:15,0,-1
2/2/2021 15:20,0,-1
2/2/2021 15:25,0,-1
2/2/2021 15:30,0,-1
2/2/2021 15:35,0,-1
2/2/2021 15:40,0,-1
2/2/2021 15:45,0,-1
2/2/2021 15:50,0,-1
2/2/2021 15:55,0,-1
2/2/2021 16:00,0,-1
2/2/2021 16:05,0,-1
2/2/2021 16:10,0,-1
2/2/2021 16:15,0,-1
2/2/2021 16:20,0,-1
2/2/2021 16:25,0,-1
2/2/2021 16:30,0,-1
2/2/2021 16:35,0,-1
2/2/2021 16:40,0,-1
2/2/2021 16:45,0,-1
2/2/2021 16:50,0,-1
2/2/2021 16:55,0,-1
2/2/2021 17:00,0,-1
2/2/2021 17:05,0,-1
2/2/2021 17:10,0,-1
2/2/2021 17:15,0,-1
2/2/2021 17:20,0,-1
2/2/2021 17:25,0,-1
2/2/2021 17:30,0,-1
2/2/2021 17:35,0,-1
2/2/2021 17:40,0,-1
2/2/2021 17:45,0,-1
2/2/2021 17:50,0,-1
2/2/2021 17:55,0,-1
2/2/2021 18:00,0,-1
2/2/2021 18:05,0,-1
2/2/2021 18:10,0,-1
2/2/2021 18:15,0,-1
2/2/2021 18:20,0,-1
2/2/2021 18:25,0,-1
2/2/2021 18:30,0,-1
2/2/2021 18:35,0,-1
2/2/2021 18:40,0,-1
2/2/2021 18:45,0,-1
2/2/2021 18:50,0,-1
2/2/2021 18:55,0,-1
2/2/2021 19:00,0,-1
2/2/2021 19:05,0,-1
2/2/2021 19:10,0,-1
2/2/2021 19:15,0,-1
2/2/2021 19:20,0,-1
2/2/2021 19:25,0,-1
2/2/2021 19:30,0,-1
2/2/2021 19:35,0,-1
2/2/2021 19:40,0,-1
2/2/2021 19:45,0,-1
2/2/2021 19:50,0,-1
2/2/2021 19:55,0,-1
2/2/2021 20:00,0,-1
2/2/2021 20:05,0,-1
2/2/2021 20:10,0,-1
2/2/2021 20:15,0,-1
2/2/2021 20:20,0,-1
2/2/2021 20:25,0,-1
2/2/2021 20:30,0,-1
2/2/2021 20:35,0,-1
2/2/2021 20:40,0,-1
2/2/2021 20:45,0,-1
2/2/2021 20:50,0,-1
2/2/2021 20:55,0,-1
2/2/2021 21:00,0,-1
2/2/2021 21:05,0,-1
2/2/2021 21:10,0,-1
2/2/2021 21:15,0,-1
2/2/2021 21:20,0,-1
2/2/2021 21:25,0,-1
2/2/2021 21:30,0,-1
2/2/2021 21:35,0,-1
2/2/2021 21:40,0,-1
2/2/2021 21:45,0,-1
2/2/2021 21:50,0,-1
2/2/2021 21:55,0,-1
2/2/2021 22:00,0,-1
2/2/2021 22:05,0,-1
2/2/2021 22:10,0,-1
2/2/2021 22:15,0,-1
2/2/2021 22:20,0,-1
2/2/2021 22:25,0,-1
2/2/2021 22:30,0,-1
2/2/2021 22:35,0,-1
2/2/2021 22:40,0,-1
2/2/2021 22:45,0,-1
2/2/2021 22:50,0,-1
2/2/2021 22:55,0,-1
2/2/2021 23:00,0,-1
2/2/2021 23:05,0,-1
2/2/2021 23:10,0,-1
2/2/2021 23:15,0,-1
2/2/2021 23:20,0,-1
2/2/2021 23:25,0,-1
2/2/2021 23:30,0,-1
2/2/2021 23:35,0,-1
2/2/2021 23:40,0,-1
2/2/2021 23:45,0,-1
2/2/2021 23:50,0,-1
2/2/2021 23:55,0,-1
2/3/2021 0:00,0,-1
2/3/2021 0:05,0,-1
2/3/2021 0:10,0,-1
2/3/2021 0:15,0,-1
2/3/2021 0:20,0,-1
2/3/2021 0:25,0,-1
2/3/2021 0:30,0,-1
2/3/2021 0:35,0,-1
2/3/2021 0:40,0,-1
2/3/2021 0:45,0,-1
2/3/2021 0:50,0,-1
2/3/2021 0:55,0,-1
2/3/2021 1:00,0,-1
2/3/2021 1:05,0,-1
2/3/2021 1:10,0,-1
2/3/2021 1:15,0,-1
2/3/2021 1:20,0,-1
2/3/2021 1:25,0,-1
2/3/2021 1:30,0,-1
2/3/2021 1:35,0,-1
2/3/2021 1:40,0,-1
2/3/2021 1:45,0,-1
2/3/2021 1:50,0,-1
2/3/2021 1:55,0,-1
2/3/2021 2:00,0,-1
2/3/2021 2:05,0,-1
2/3/2021 2:10,0,-1
2/3/2021 2:15,0,-1
2/3/2021 2:20,0,-1
2/3/2021 2:25,0,-1
2/3/2021 2:30,0,-1
2/3/2021 2:35,0,-1
2/3/2021 2:40,0,-1
2/3/2021 2:45,0,-1
2/3/2021 2:50,0,-1
2/3/2021 2:55,0,-1
2/3/2021 3:00,0,-1
2/3/2021 3:05,0,-1
2/3/2021 3:10,0,-1
2/3/2021 3:15,0,-1
2/3/2021 3:20,0,-1
2/3/2021 3:25,0,-1
2/3/2021 3:30,0,-1
2/3/2021 3:35,0,-1
2/3/2021 3:40,0,-1
2/3/2021 3:45,0,-1
2/3/2021 3:50,0,-1
2/3/2021 3:55,0,-1
2/3/2021 4:00,0,-1
2/3/2021 4:05,0,-1
2/3/2021 4:10,0,-1
2/3/2021 4:15,0,-1
2/3/2021 4:20,0,-1
2/3/2021 4:25,0,-1
2/3/2021 4:30,0,-1
2/3/2021 4:35,0,-1
2/3/2021 4:40,0,-1
2/3/2021 4:45,0,-1
2/3/2021 4:50,0,-1
2/3/2021 4:55,0,-1
2/3/2021 5:00,0,-1
2/3/2021 5:05,0,-1
2/3/2021 5:10,0,-1
2/3/2021 5:15,0,-1
2/3/2021 5:20,0,-1
2/3/2021 5:25,0,-1
2/3/2021 5:30,0,-1
2/3/2021 5:35,0,-1
2/3/2021 5:40,0,-1
2/3/2021 5:45,0,-1
2/3/2021 5:50,0,-1
2/3/2021 5:55,0,-1
2/3/2021 6:00,0,-1
2/3/2021 6:05,0,-1
2/3/2021 6:10,0,-1
2/3/2021 6:15,0,-1
2/3/2021 6:20,0,-1
2/3/2021 6:25,0,-1
2/3/2021 6:30,0,-1
2/3/2021 6:35,0,-1
2/3/2021 6:40,0,-1
2/3/2021 6:45,0,-1
2/3/2021 6:50,0,-1
2/3/2021 6:55,0,-1
2/3/2021 7:00,0,-1
2/3/2021 7:05,0,-1
2/3/2021 7:10,0,-1
2/3/2021 7:15,0,-1
2/3/2021 7:20,0,-1
2/3/2021 7:25,0,-1
2/3/2021 7:30,0,-1
2/3/2021 7:35,0,-1
2/3/2021 7:40,0,-1
2/3/2021 7:45,0,-1
2/3/2021 7:50,0,-1
2/3/2021 7:55,0,-1
2/3/2021 8:00,0,-1
2/3/2021 8:05,0,-1
2/3/2021 8:10,0,-1
2/3/2021 8:15,0,-1
2/3/2021 8:20,0,-1
2/3/2021 8:25,0,-1
2/3/2021 8:30,0,-1
2/3/2021 8:35,0,-1
2/3/2021 8:40,0,-1
2/3/2021 8:45,0,-1
2/3/2021 8:50,0,-1
2/3/2021 8:55,0,-1
2/3/2021 9:00,0,-1
2/3/2021 9:05,0,-1
2/3/2021 9:10,0,-1
2/3/2021 9:15,0,-1
2/3/2021 9:20,0,-1
2/3/2021 9:25,0,-1
2/3/2021 9:30,0,-1
2/3/2021 9:35,0,-1
2/3/2021 9:40,0,-1
2/3/2021 9:45,0,-1
2/3/2021 9:50,0,-1
2/3/2021 9:55,0,-1
2/3/2021 10:00,0,-1
2/3/2021 10:05,0,-1
2/3/2021 10:10,0,-1
2/3/2021 10:15,0,-1
2/3/2021 10:20,0,-1
2/3/2021 10:25,0,-1
2/3/2021 10:30,0,-1
2/3/2021 10:35,0,-1
2/3/2021 10:40,0,-1
2/3/2021 10:45,0,-1
2/3/2021 10:50,0,-1
2/3/2021 10:55,0,-1
2/3/2021 11:00,0,-1
2/3/2021 11:05,0,-1
2/3/2021 11:10,0,-1
2/3/2021 11:15,0,-1
2/3/2021 11:20,0,-1
2/3/2021 11:25,0,-1
2/3/2021 11:30,0,-1
2/3/2021 11:35,0,-1
2/3/2021 11:40,0,-1
2/3/2021 11:45,0,-1
2/3/2021 11:50,0,-1
2/3/2021 11:55,0,-1
2/3/2021 12:00,0,-1
2/3/2021 12:05,0,-1
2/3/2021 12:10,0,-1
2/3/2021 12:15,0,-1
2/3/2021 12:20,0,-1
2/3/2021 12:25,0,-1
2/3/2021 12:30,0,-1
2/3/2021 12:35,0,-1
2/3/2021 12:40,0,-1
2/3/2021 12:45,0,-1
2/3/2021 12:50,0,-1
2/3/2021 12:55,0,-1
2/3/2021 13:00,0,-1
2/3/2021 13:05,0,-1
2/3/2021 13:10,0,-1
2/3/2021 13:15,0,-1
2/3/2021 13:20,0,-1
2/3/2021 13:25,0,-1
2/3/2021 13:30,0,-1
2/3/2021 13:35,0,-1
2/3/2021 13:40,0,-1
2/3/2021 13:45,0,-1
2/3/2021 13:50,0,-1
2/3/2021 13:55,0,-1
2/3/2021 14:00,0,-1
2/3/2021 14:05,0,-1
2/3/2021 14:10,0,-1
2/3/2021 14:15,0,-1
2/3/2021 14:20,0,-1
2/3/2021 14:25,0,-1
2/3/2021 14:30,0,-1
2/3/2021 14:35,0,-1
2/3/2021 14:40,0,-1
2/3/2021 14:45,0,-1
2/3/2021 14:50,0,-1
2/3/2021 14:55,0,-1
2/3/2021 15:00,0,-1
2/3/2021 15:05,0,-1
2/3/2021 15:10,0,-1
2/3/2021 15:15,0,-1
2/3/2021 15:20,0,-1
2/3/2021 15:25,0,-1
2/3/2021 15:30,0,-1
2/3/2021 15:35,0,-1
2/3/2021 15:40,0,-1
2/3/2021 15:45,0,-1
2/3/2021 15:50,0,-1
2/3/2021 15:55,0,-1
2/3/2021 16:00,0,-1
2/3/2021 16:05,0,-1
2/3/2021 16:10,0,-1
2/3/2021 16:15,0,-1
2/3/2021 16:20,0,-1
2/3/2021 16:25,0,-1
2/3/2021 16:30,0,-1
2/3/2021 16:35,0,-1
2/3/2021 16:40,0,-1
2/3/2021 16:45,0,-1
2/3/2021 16:50,0,-1
2/3/2021 16:55,0,-1
2/3/2021 17:00,0,-1
2/3/2021 17:05,0,-1
2/3/2021 17:10,0,-1
2/3/2021 17:15,0,-1
2/3/2021 17:20,0,-1
2/3/2021 17:25,0,-1
2/3/2021 17:30,0,-1
2/3/2021 17:35,0,-1
2/3/2021 17:40,0,-1
2/3/2021 17:45,0,-1
2/3/2021 17:50,0,-1
2/3/2021 17:55,0,-1
2/3/2021 18:00,0,-1
2/3/2021 18:05,0,-1
2/3/2021 18:10,0,-1
2/3/2021 18:15,0,-1
2/3/2021 18:20,0,-1
2/3/2021 18:25,0,-1
2/3/2021 18:30,0,-1
2/3/2021 18:35,0,-1
2/3/2021 18:40,0,-1
2/3/2021 18:45,0,-1
2/3/2021 18:50,0,-1
2/3/2021 18:55,0,-1
2/3/2021 19:00,0,-1
2/3/2021 19:05,0,-1
2/3/2021 19:10,0,-1
2/3/2021 19:15,0,-1
2/3/2021 19:20,0,-1
2/3/2021 19:25,0,-1
2/3/2021 19:30,0,-1
2/3/2021 19:35,0,-1
2/3/2021 19:40,0,-1
2/3/2021 19:45,0,-1
2/3/2021 19:50,0,-1
2/3/2021 19:55,0,-1
2/3/2021 20:00,0,-1
2/3/2021 20:05,0,-1
2/3/2021 20:10,0,-1
2/3/2021 20:15,0,-1
2/3/2021 20:20,0,-1
2/3/2021 20:25,0,-1
2/3/2021 20:30,0,-1
2/3/2021 20:35,0,-1
2/3/2021 20:40,0,-1
2/3/2021 20:45,0,-1
2/3/2021 20:50,0,-1
2/3/2021 20:55,0,-1
2/3/2021 21:00,0,-1
2/3/2021 21:05,0,-1
2/3/2021 21:10,0,-1
2/3/2021 21:15,0,-1
2/3/2021 21:20,0,-1
2/3/2021 21:25,0,-1
2/3/2021 21:30,0,-1
2/3/2021 21:35,0,-1
2/3/2021 21:40,0,-1
2/3/2021 21:45,0,-1
2/3/2021 21:50,0,-1
2/3/2021 21:55,0,-1
2/3/2021 22:00,0,-1
2/3/2021 22:05,0,-1
2/3/2021 22:10,0,-1
2/3/2021 22:15,0,-1
2/3/2021 22:20,0,-1
2/3/2021 22:25,0,-1
2/3/2021 22:30,0,-1
2/3/2021 22:35,0,-1
2/3/2021 22:40,0,-1
2/3/2021 22:45,0,-1
2/3/2021 22:50,0,-1
2/3/2021 22:55,0,-1
2/3/2021 23:00,0,-1
2/3/2021 23:05,0,-1
2/3/2021 23:10,0,-1
2/3/2021 23:15,0,-1
2/3/2021 23:20,0,-1
2/3/2021 23:25,0,-1
2/3/2021 23:30,0,-1
2/3/2021 23:35,0,-1
2/3/2021 23:40,0,-1
2/3/2021 23:45,0,-1
2/3/2021 23:50,0,-1
2/3/2021 23:55,0,-1
2/4/2021 0:00,0,-1
2/4/2021 0:05,0,-1
2/4/2021 0:10,0,-1
2/4/2021 0:15,0,-1
2/4/2021 0:20,0,-1
2/4/2021 0:25,0,-1
2/4/2021 0:30,0,-1
2/4/2021 0:35,0,-1
2/4/2021 0:40,0,-1
2/4/2021 0:45,0,-1
2/4/2021 0:50,0,-1
2/4/2021 0:55,0,-1
2/4/2021 1:00,0,-1
2/4/2021 1:05,0,-1
2/4/2021 1:10,0,-1
2/4/2021 1:15,0,-1
2/4/2021 1:20,0,-1
2/4/2021 1:25,0,-1
2/4/2021 1:30,0,-1
2/4/2021 1:35,0,-1
2/4/2021 1:40,0,-1
2/4/2021 1:45,0,-1
2/4/2021 1:50,0,-1
2/4/2021 1:55,0,-1
2/4/2021 2:00,0,-1
2/4/2021 2:05,0,-1
2/4/2021 2:10,0,-1
2/4/2021 2:15,0,-1
2/4/2021 2:20,0,-1
2/4/2021 2:25,0,-1
2/4/2021 2:30,0,-1
2/4/2021 2:35,0,-1
2/4/2021 2:40,0,-1
2/4/2021 2:45,0,-1
2/4/2021 2:50,0,-1
2/4/2021 2:55,0,-1
2/4/2021 3:00,0,-1
2/4/2021 3:05,0,-1
2/4/2021 3:10,0,-1
2/4/2021 3:15,0,-1
2/4/2021 3:20,0,-1
2/4/2021 3:25,0,-1
2/4/2021 3:30,0,-1
2/4/2021 3:35,0,-1
2/4/2021 3:40,0,-1
2/4/2021 3:45,0,-1
2/4/2021 3:50,0,-1
2/4/2021 3:55,0,-1
2/4/2021 4:00,0,-1
2/4/2021 4:05,0,-1
2/4/2021 4:10,0,-1
2/4/2021 4:15,0,-1
2/4/2021 4:20,0,-1
2/4/2021 4:25,0,-1
2/4/2021 4:30,0,-1
2/4/2021 4:35,0,-1
2/4/2021 4:40,0,-1
2/4/2021 4:45,0,-1
2/4/2021 4:50,0,-1
2/4/2021 4:55,0,-1
2/4/2021 5:00,0,-1
2/4/2021 5:05,0,-1
2/4/2021 5:10,0,-1
2/4/2021 5:15,0,-1
2/4/2021 5:20,0,-1
2/4/2021 5:25,0,-1
2/4/2021 5:30,0,-1
2/4/2021 5:35,0,-1
2/4/2021 5:40,0,-1
2/4/2021 5:45,0,-1
2/4/2021 5:50,0,-1
2/4/2021 5:55,0,-1
2/4/2021 6:00,0,-1
2/4/2021 6:05,0,-1
2/4/2021 6:10,0,-1
2/4/2021 6:15,0,-1
2/4/2021 6:20,0,-1
2/4/2021 6:25,0,-1
2/4/2021 6:30,0,-1
2/4/2021 6:35,0,-1
2/4/2021 6:40,0,-1
2/4/2021 6:45,0,-1
2/4/2021 6:50,0,-1
2/4/2021 6:55,0,-1
2/4/2021 7:00,0,-1
2/4/2021 7:05,0,-1
2/4/2021 7:10,0,-1
2/4/2021 7:15,0,-1
2/4/2021 7:20,0,-1
2/4/2021 7:25,0,-1
2/4/2021 7:30,0,-1
2/4/2021 7:35,0,-1
2/4/2021 7:40,0,-1
2/4/2021 7:45,0,-1
2/4/2021 7:50,0,-1
2/4/2021 7:55,0,-1
2/4/2021 8:00,0,-1
2/4/2021 8:05,0,-1
2/4/2021 8:10,0,-1
2/4/2021 8:15,0,-1
2/4/2021 8:20,0,-1
2/4/2021 8:25,0,-1
2/4/2021 8:30,0,-1
2/4/2021 8:35,0,-1
2/4/2021 8:40,0,-1
2/4/2021 8:45,0,-1
2/4/2021 8:50,0,-1
2/4/2021 8:55,0,-1
2/4/2021 9:00,0,-1
2/4/2021 9:05,0,-1
2/4/2021 9:10,0,-1
2/4/2021 9:15,0,-1
2/4/2021 9:20,0,-1
2/4/2021 9:25,0,-1
2/4/2021 9:30,0,-1
2/4/2021 9:35,0,-1
2/4/2021 9:40,0,-1
2/4/2021 9:45,0,-1
2/4/2021 9:50,0,-1
2/4/2021 9:55,0,-1
2/4/2021 10:00,0,-1
2/4/2021 10:05,0,-1
2/4/2021 10:10,0,-1
2/4/2021 10:15,0,-1
2/4/2021 10:20,0,-1
2/4/2021 10:25,0,-1
2/4/2021 10:30,0,-1
2/4/2021 10:35,0,-1
2/4/2021 10:40,0,-1
2/4/2021 10:45,0,-1
2/4/2021 10:50,0,-1
2/4/2021 10:55,0,-1
2/4/2021 11:00,0,-1
2/4/2021 11:05,0,-1
2/4/2021 11:10,0,-1
2/4/2021 11:15,0,-1
2/4/2021 11:20,0,-1
2/4/2021 11:25,0,-1
2/4/2021 11:30,0,-1
2/4/2021 11:35,0,-1
2/4/2021 11:40,0,-1
2/4/2021 11:45,0,-1
2/4/2021 11:50,0,-1
2/4/2021 11:55,0,-1
2/4/2021 12:00,0,-1
2/4/2021 12:05,0,-1
2/4/2021 12:10,0,-1
2/4/2021 12:15,0,-1
2/4/2021 12:20,0,-1
2/4/2021 12:25,0,-1
2/4/2021 12:30,0,-1
2/4/2021 12:35,0,-1
2/4/2021 12:40,0,-1
2/4/2021 12:45,0,-1
2/4/2021 12:50,0,-1
2/4/2021 12:55,0,-1
2/4/2021 13:00,0,-1
2/4/2021 13:05,0,-1
2/4/2021 13:10,0,-1
2/4/2021 13:15,0,-1
2/4/2021 13:20,0,-1
2/4/2021 13:25,0,-1
2/4/2021 13:30,0,-1
2/4/2021 13:35,0,-1
2/4/2021 13:40,0,-1
2/4/2021 13:45,0,-1
2/4/2021 13:50,0,-1
2/4/2021 13:55,0,-1
2/4/2021 14:00,0,-1
2/4/2021 14:05,0,-1
2/4/2021 14:10,0,-1
2/4/2021 14:15,0,-1
2/4/2021 14:20,0,-1
2/4/2021 14:25,0,-1
2/4/2021 14:30,0,-1
2/4/2021 14:35,0,-1
2/4/2021 14:40,0,-1
2/4/2021 14:45,0,-1
2/4/2021 14:50,0,-1
2/4/2021 14:55,0,-1
2/4/2021 15:00,0,-1
2/4/2021 15:05,0,-1
2/4/2021 15:10,0,-1
2/4/2021 15:15,0,-1
2/4/2021 15:20,0,-1
2/4/2021 15:25,0,-1
2/4/2021 15:30,0,-1
2/4/2021 15:35,0,-1
2/4/2021 15:40,0,-1
2/4/2021 15:45,0,-1
2/4/2021 15:50,0,-1
2/4/2021 15:55,0,-1
2/4/2021 16:00,0,-1
2/4/2021 16:05,0,-1
2/4/2021 16:10,0,-1
2/4/2021 16:15,0,-1
2/4/2021 16:20,0,-1
2/4/2021 16:25,0,-1
2/4/2021 16:30,0,-1
2/4/2021 16:35,0,-1
2/4/2021 16:40,0,-1
2/4/2021 16:45,0,-1
2/4/2021 16:50,0,-1
2/4/2021 16:55,0,-1
2/4/2021 17:00,0,-1
2/4/2021 17:05,0,-1
2/4/2021 17:10,0,-1
2/4/2021 17:15,0,-1
2/4/2021 17:20,0,-1
2/4/2021 17:25,0,-1
2/4/2021 17:30,0,-1
2/4/2021 17:35,0,-1
2/4/2021 17:40,0,-1
2/4/2021 17:45,0,-1
2/4/2021 17:50,0,-1
2/4/2021 17:55,0,-1
2/4/2021 18:00,0,-1
2/4/2021 18:05,0,-1
2/4/2021 18:10,0,-1
2/4/2021 18:15,0,-1
2/4/2021 18:20,0,-1
2/4/2021 18:25,0,-1
2/4/2021 18:30,0,-1
2/4/2021 18:35,0,-1
2/4/2021 18:40,0,-1
2/4/2021 18:45,0,-1
2/4/2021 18:50,0,-1
2/4/2021 18:55,0,-1
2/4/2021 19:00,0,-1
2/4/2021 19:05,0,-1
2/4/2021 19:10,0,-1
2/4/2021 19:15,0,-1
2/4/2021 19:20,0,-1
2/4/2021 19:25,0,-1
2/4/2021 19:30,0,-1
2/4/2021 19:35,0,-1
2/4/2021 19:40,0,-1
2/4/2021 19:45,0,-1
2/4/2021 19:50,0,-1
2/4/2021 19:55,0,-1
2/4/2021 20:00,0,-1
2/4/2021 20:05,0,-1
2/4/2021 20:10,0,-1
2/4/2021 20:15,0,-1
2/4/2021 20:20,0,-1
2/4/2021 20:25,0,-1
2/4/2021 20:30,0,-1
2/4/2021 20:35,0,-1
2/4/2021 20:40,0,-1
2/4/2021 20:45,0,-1
2/4/2021 20:50,0,-1
2/4/2021 20:55,0,-1
2/4/2021 21:00,0,-1
2/4/2021 21:05,0,-1
2/4/2021 21:10,0,-1
2/4/2021 21:15,0,-1
2/4/2021 21:20,0,-1
2/4/2021 21:25,0,-1
2/4/2021 21:30,0,-1
2/4/2021 21:35,0,-1
2/4/2021 21:40,0,-1
2/4/2021 21:45,0,-1
2/4/2021 21:50,0,-1
2/4/2021 21:55,0,-1
2/4/2021 22:00,0,-1
2/4/2021 22:05,0,-1
2/4/2021 22:10,0,-1
2/4/2021 22:15,0,-1
2/4/2021 22:20,0,-1
2/4/2021 22:25,0,-1
2/4/2021 22:30,0,-1
2/4/2021 22:35,0,-1
2/4/2021 22:40,0,-1
2/4/2021 22:45,0,-1
2/4/2021 22:50,0,-1
2/4/2021 22:55,0,-1
2/4/2021 23:00,0,-1
2/4/2021 23:05,0,-1
2/4/2021 23:10,0,-1
2/4/2021 23:15,0,-1
2/4/2021 23:20,0,-1
2/4/2021 23:25,0,-1
2/4/2021 23:30,0,-1
2/4/2021 23:35,0,-1
2/4/2021 23:40,0,-1
2/4/2021 23:45,0,-1
2/4/2021 23:50,0,-1
2/4/2021 23:55,0,-1
2/5/2021 0:00,0,-1
2/5/2021 0:05,0,-1
2/5/2021 0:10,0,-1
2/5/2021 0:15,0,-1
2/5/2021 0:20,0,-1
2/5/2021 0:25,0,-1
2/5/2021 0:30,0,-1
2/5/2021 0:35,0,-1
2/5/2021 0:40,0,-1
2/5/2021 0:45,0,-1
2/5/2021 0:50,0,-1
2/5/2021 0:55,0,-1
2/5/2021 1:00,0,-1
2/5/2021 1:05,0,-1
2/5/2021 1:10,0,-1
2/5/2021 1:15,0,-1
2/5/2021 1:20,0,-1
2/5/2021 1:25,0,-1
2/5/2021 1:30,0,-1
2/5/2021 1:35,0,-1
2/5/2021 1:40,0,-1
2/5/2021 1:45,0,-1
2/5/2021 1:50,0,-1
2/5/2021 1:55,0,-1
2/5/2021 2:00,0,-1
2/5/2021 2:05,0,-1
2/5/2021 2:10,0,-1
2/5/2021 2:15,0,-1
2/5/2021 2:20,0,-1
2/5/2021 2:25,0,-1
2/5/2021 2:30,0,-1
2/5/2021 2:35,0,-1
2/5/2021 2:40,0,-1
2/5/2021 2:45,0,-1
2/5/2021 2:50,0,-1
2/5/2021 2:55,0,-1
2/5/2021 3:00,0,-1
2/5/2021 3:05,0,-1
2/5/2021 3:10,0,-1
2/5/2021 3:15,0,-1
2/5/2021 3:20,0,-1
2/5/2021 3:25,0,-1
2/5/2021 3:30,0,-1
2/5/2021 3:35,0,-1
2/5/2021 3:40,0,-1
2/5/2021 3:45,0,-1
2/5/2021 3:50,0,-1
2/5/2021 3:55,0,-1
2/5/2021 4:00,0,-1
2/5/2021 4:05,0,-1
2/5/2021 4:10,0,-1
2/5/2021 4:15,0,-1
2/5/2021 4:20,0,-1
2/5/2021 4:25,0,-1
2/5/2021 4:30,0,-1
2/5/2021 4:35,0,-1
2/5/2021 4:40,0,-1
2/5/2021 4:45,0,-1
2/5/2021 4:50,0,-1
2/5/2021 4:55,0,-1
2/5/2021 5:00,0,-1
2/5/2021 5:05,0,-1
2/5/2021 5:10,0,-1
2/5/2021 5:15,0,-1
2/5/2021 5:20,0,-1
2/5/2021 5:25,0,-1
2/5/2021 5:30,0,-1
2/5/2021 5:35,0,-1
2/5/2021 5:40,0,-1
2/5/2021 5:45,0,-1
2/5/2021 5:50,0,-1
2/5/2021 5:55,0,-1
2/5/2021 6:00,0,-1
2/5/2021 6:05,0,-1
2/5/2021 6:10,0,-1
2/5/2021 6:15,0,-1
2/5/2021 6:20,0,-1
2/5/2021 6:25,0,-1
2/5/2021 6:30,0,-1
2/5/2021 6:35,0,-1
2/5/2021 6:40,0,-1
2/5/2021 6:45,0,-1
2/5/2021 6:50,0,-1
2/5/2021 6:55,0,-1
2/5/2021 7:00,0,-1
2/5/2021 7:05,0,-1
2/5/2021 7:10,0,-1
2/5/2021 7:15,0,-1
2/5/2021 7:20,0,-1
2/5/2021 7:25,0,-1
2/5/2021 7:30,0,-1
2/5/2021 7:35,0,-1
2/5/2021 7:40,0,-1
2/5/2021 7:45,0,-1
2/5/2021 7:50,0,-1
2/5/2021 7:55,0,-1
2/5/2021 8:00,0,-1
2/5/2021 8:05,0,-1
2/5/2021 8:10,0,-1
2/5/2021 8:15,0,-1
2/5/2021 8:20,0,-1
2/5/2021 8:25,0,-1
2/5/2021 8:30,0,-1
2/5/2021 8:35,0,-1
2/5/2021 8:40,0,-1
2/5/2021 8:45,0,-1
2/5/2021 8:50,0,-1
2/5/2021 8:55,0,-1
2/5/2021 9:00,0,-1
2/5/2021 9:05,0,-1
2/5/2021 9:10,0,-1
2/5/2021 9:15,0,-1
2/5/2021 9:20,0,-1
2/5/2021 9:25,0,-1
2/5/2021 9:30,0,-1
2/5/2021 9:35,0,-1
2/5/2021 9:40,0,-1
2/5/2021 9:45,0,-1
2/5/2021 9:50,0,-1
2/5/2021 9:55,0,-1
2/5/2021 10:00,0,-1
2/5/2021 10:05,0,-1
2/5/2021 10:10,0,-1
2/5/2021 10:15,0,-1
2/5/2021 10:20,0,-1
2/5/2021 10:25,0,-1
2/5/2021 10:30,0,-1
2/5/2021 10:35,0,-1
2/5/2021 10:40,0,-1
2/5/2021 10:45,0,-1
2/5/2021 10:50,0,-1
2/5/2021 10:55,0,-1
2/5/2021 11:00,0,-1
2/5/2021 11:05,0,-1
2/5/2021 11:10,0,-1
2/5/2021 11:15,0,-1
2/5/2021 11:20,0,-1
2/5/2021 11:25,0,-1
2/5/2021 11:30,0,-1
2/5/2021 11:35,0,-1
2/5/2021 11:40,0,-1
2/5/2021 11:45,0,-1
2/5/2021 11:50,0,-1
2/5/2021 11:55,0,-1
2/5/2021 12:00,0,-1
2/5/2021 12:05,0,-1
2/5/2021 12:10,0,-1
2/5/2021 12:15,0,-1
2/5/2021 12:20,0,-1
2/5/2021 12:25,0,-1
2/5/2021 12:30,0,-1
2/5/2021 12:35,0,-1
2/5/2021 12:40,0,-1
2/5/2021 12:45,0,-1
2/5/2021 12:50,0,-1
2/5/2021 12:55,0,-1
2/5/2021 13:00,0,-1
2/5/2021 13:05,0,-1
2/5/2021 13:10,0,-1
2/5/2021 13:15,0,-1
2/5/2021 13:20,0,-1
2/5/2021 13:25,0,-1
2/5/2021 13:30,0,-1
2/5/2021 13:35,0,-1
2/5/2021 13:40,0,-1
2/5/2021 13:45,0,-1
2/5/2021 13:50,0,-1
2/5/2021 13:55,0,-1
2/5/2021 14:00,0,-1
2/5/2021 14:05,0,-1
2/5/2021 14:10,0,-1
2/5/2021 14:15,0,-1
2/5/2021 14:20,0,-1
2/5/2021 14:25,0,-1
2/5/2021 14:30,0,-1
2/5/2021 14:35,0,-1
2/5/2021 14:40,0,-1
2/5/2021 14:45,0,-1
2/5/2021 14:50,0,-1
2/5/2021 14:55,0,-1
2/5/2021 15:00,0,-1
2/5/2021 15:05,0,-1
2/5/2021 15:10,0,-1
2/5/2021 15:15,0,-1
2/5/2021 15:20,0,-1
2/5/2021 15:25,0,-1
2/5/2021 15:30,0,-1
2/5/2021 15:35,0,-1
2/5/2021 15:40,0,-1
2/5/2021 15:45,0,-1
2/5/2021 15:50,0,-1
2/5/2021 15:55,0,-1
2/5/2021 16:00,0,-1
2/5/2021 16:05,0,-1
2/5/2021 16:10,0,-1
2/5/2021 16:15,0,-1
2/5/2021 16:20,0,-1
2/5/2021 16:25,0,-1
2/5/2021 16:30,0,-1
2/5/2021 16:35,0,-1
2/5/2021 16:40,0,-1
2/5/2021 16:45,0,-1
2/5/2021 16:50,0,-1
2/5/2021 16:55,0,-1
2/5/2021 17:00,0,-1
2/5/2021 17:05,0,-1
2/5/2021 17:10,0,-1
2/5/2021 17:15,0,-1
2/5/2021 17:20,0,-1
2/5/2021 17:25,0,-1
2/5/2021 17:30,0,-1
2/5/2021 17:35,0,-1
2/5/2021 17:40,0,-1
2/5/2021 17:45,0,-1
2/5/2021 17:50,0,-1
2/5/2021 17:55,0,-1
2/5/2021 18:00,0,-1
2/5/2021 18:05,0,-1
2/5/2021 18:10,0,-1
2/5/2021 18:15,0,-1
2/5/2021 18:20,0,-1
2/5/2021 18:25,0,-1
2/5/2021 18:30,0,-1
2/5/2021 18:35,0,-1
2/5/2021 18:40,0,-1
2/5/2021 18:45,0,-1
2/5/2021 18:50,0,-1
2/5/2021 18:55,0,-1
2/5/2021 19:00,0,-1
2/5/2021 19:05,0,-1
2/5/2021 19:10,0,-1
2/5/2021 19:15,0,-1
2/5/2021 19:20,0,-1
2/5/2021 19:25,0,-1
2/5/2021 19:30,0,-1
2/5/2021 19:35,0,-1
2/5/2021 19:40,0,-1
2/5/2021 19:45,0,-1
2/5/2021 19:50,0,-1
2/5/2021 19:55,0,-1
2/5/2021 20:00,0,-1
2/5/2021 20:05,0,-1
2/5/2021 20:10,0,-1
2/5/2021 20:15,0,-1
2/5/2021 20:20,0,-1
2/5/2021 20:25,0,-1
2/5/2021 20:30,0,-1
2/5/2021 20:35,0,-1
2/5/2021 20:40,0,-1
2/5/2021 20:45,0,-1
2/5/2021 20:50,0,-1
2/5/2021 20:55,0,-1
2/5/2021 21:00,0,-1
2/5/2021 21:05,0,-1
2/5/2021 21:10,0,-1
2/5/2021 21:15,0,-1
2/5/2021 21:20,0,-1
2/5/2021 21:25,0,-1
2/5/2021 21:30,0,-1
2/5/2021 21:35,0,-1
2/5/2021 21:40,0,-1
2/5/2021 21:45,0,-1
2/5/2021 21:50,0,-1
2/5/2021 21:55,0,-1
2/5/2021 22:00,0,-1
2/5/2021 22:05,0,-1
2/5/2021 22:10,0,-1
2/5/2021 22:15,0,-1
2/5/2021 22:20,0,-1
2/5/2021 22:25,0,-1
2/5/2021 22:30,0,-1
2/5/2021 22:35,0,-1
2/5/2021 22:40,0,-1
2/5/2021 22:45,0,-1
2/5/2021 22:50,0,-1
2/5/2021 22:55,0,-1
2/5/2021 23:00,0,-1
2/5/2021 23:05,0,-1
2/5/2021 23:10,0,-1
2/5/2021 23:15,0,-1
2/5/2021 23:20,0,-1
2/5/2021 23:25,0,-1
2/5/2021 23:30,0,-1
2/5/2021 23:35,0,-1
2/5/2021 23:40,0,-1
2/5/2021 23:45,0,-1
2/5/2021 23:50,0,-1
2/5/2021 23:55,0,-1
2/6/2021 0:00,0,-1
2/6/2021 0:05,0,-1
2/6/2021 0:10,0,-1
2/6/2021 0:15,0,-1
2/6/2021 0:20,0,-1
2/6/2021 0:25,0,-1
2/6/2021 0:30,0,-1
2/6/2021 0:35,0,-1
2/6/2021 0:40,0,-1
2/6/2021 0:45,0,-1
2/6/2021 0:50,0,-1
2/6/2021 0:55,0,-1
2/6/2021 1:00,0,-1
2/6/2021 1:05,0,-1
2/6/2021 1:10,0,-1
2/6/2021 1:15,0,-1
2/6/2021 1:20,0,-1
2/6/2021 1:25,0,-1
2/6/2021 1:30,0,-1
2/6/2021 1:35,0,-1
2/6/2021 1:40,0,-1
2/6/2021 1:45,0,-1
2/6/2021 1:50,0,-1
2/6/2021 1:55,0,-1
2/6/2021 2:00,0,-1
2/6/2021 2:05,0,-1
2/6/2021 2:10,0,-1
2/6/2021 2:15,0,-1
2/6/2021 2:20,0,-1
2/6/2021 2:25,0,-1
2/6/2021 2:30,0,-1
2/6/2021 2:35,0,-1
2/6/2021 2:40,0,-1
2/6/2021 2:45,0,-1
2/6/2021 2:50,0,-1
2/6/2021 2:55,0,-1
2/6/2021 3:00,0,-1
2/6/2021 3:05,0,-1
2/6/2021 3:10,0,-1
2/6/2021 3:15,0,-1
2/6/2021 3:20,0,-1
2/6/2021 3:25,0,-1
2/6/2021 3:30,0,-1
2/6/2021 3:35,0,-1
2/6/2021 3:40,0,-1
2/6/2021 3:45,0,-1
2/6/2021 3:50,0,-1
2/6/2021 3:55,0,-1
2/6/2021 4:00,0,-1
2/6/2021 4:05,0,-1
2/6/2021 4:10,0,-1
2/6/2021 4:15,0,-1
2/6/2021 4:20,0,-1
2/6/2021 4:25,0,-1
2/6/2021 4:30,0,-1
2/6/2021 4:35,0,-1
2/6/2021 4:40,0,-1
2/6/2021 4:45,0,-1
2/6/2021 4:50,0,-1
2/6/2021 4:55,0,-1
2/6/2021 5:00,0,-1
2/6/2021 5:05,0,-1
2/6/2021 5:10,0,-1
2/6/2021 5:15,0,-1
2/6/2021 5:20,0,-1
2/6/2021 5:25,0,-1
2/6/2021 5:30,0,-1
2/6/2021 5:35,0,-1
2/6/2021 5:40,0,-1
2/6/2021 5:45,0,-1
2/6/2021 5:50,0,-1
2/6/2021 5:55,0,-1
2/6/2021 6:00,0,-1
2/6/2021 6:05,0,-1
2/6/2021 6:10,0,-1
2/6/2021 6:15,0,-1
2/6/2021 6:20,0,-1
2/6/2021 6:25,0,-1
2/6/2021 6:30,0,-1
2/6/2021 6:35,0,-1
2/6/2021 6:40,0,-1
2/6/2021 6:45,0,-1
2/6/2021 6:50,0,-1
2/6/2021 6:55,0,-1
2/6/2021 7:00,0,-1
2/6/2021 7:05,0,-1
2/6/2021 7:10,0,-1
2/6/2021 7:15,0,-1
2/6/2021 7:20,0,-1
2/6/2021 7:25,0,-1
2/6/2021 7:30,0,-1
2/6/2021 7:35,0,-1
2/6/2021 7:40,0,-1
2/6/2021 7:45,0,-1
2/6/2021 7:50,0,-1
2/6/2021 7:55,0,-1
2/6/2021 8:00,0,-1
2/6/2021 8:05,0,-1
2/6/2021 8:10,0,-1
2/6/2021 8:15,0,-1
2/6/2021 8:20,0,-1
2/6/2021 8:25,0,-1
2/6/2021 8:30,0,-1
2/6/2021 8:35,0,-1
2/6/2021 8:40,0,-1
2/6/2021 8:45,0,-1
2/6/2021 8:50,0,-1
2/6/2021 8:55,0,-1
2/6/2021 9:00,0,-1
2/6/2021 9:05,0,-1
2/6/2021 9:10,0,-1
2/6/2021 9:15,0,-1
2/6/2021 9:20,0,-1
2/6/2021 9:25,0,-1
2/6/2021 9:30,0,-1
2/6/2021 9:35,0,-1
2/6/2021 9:40,0,-1
2/6/2021 9:45,0,-1
2/6/2021 9:50,0,-1
2/6/2021 9:55,0,-1
2/6/2021 10:00,0,-1
2/6/2021 10:05,0,-1
2/6/2021 10:10,0,-1
2/6/2021 10:15,0,-1
2/6/2021 10:20,0,-1
2/6/2021 10:25,0,-1
2/6/2021 10:30,0,-1
2/6/2021 10:35,0,-1
2/6/2021 10:40,0,-1
2/6/2021 10:45,0,-1
2/6/2021 10:50,0,-1
2/6/2021 10:55,0,-1
2/6/2021 11:00,0,-1
2/6/2021 11:05,0,-1
2/6/2021 11:10,0,-1
2/6/2021 11:15,0,-1
2/6/2021 11:20,0,-1
2/6/2021 11:25,0,-1
2/6/2021 11:30,0,-1
2/6/2021 11:35,0,-1
2/6/2021 11:40,0,-1
2/6/2021 11:45,0,-1
2/6/2021 11:50,0,-1
2/6/2021 11:55,0,-1
2/6/2021 12:00,0,-1
2/6/2021 12:05,0,-1
2/6/2021 12:10,0,-1
2/6/2021 12:15,0,-1
2/6/2021 12:20,0,-1
2/6/2021 12:25,0,-1
2/6/2021 12:30,0,-1
2/6/2021 12:35,0,-1
2/6/2021 12:40,0,-1
2/6/2021 12:45,0,-1
2/6/2021 12:50,0,-1
2/6/2021 12:55,0,-1
2/6/2021 13:00,0,-1
2/6/2021 13:05,0,-1
2/6/2021 13:10,0,-1
2/6/2021 13:15,0,-1
2/6/2021 13:20,0,-1
2/6/2021 13:25,0,-1
2/6/2021 13:30,0,-1
2/6/2021 13:35,0,-1
2/6/2021 13:40,0,-1
2/6/2021 13:45,0,-1
2/6/2021 13:50,0,-1
2/6/2021 13:55,0,-1
2/6/2021 14:00,0,-1
2/6/2021 14:05,0,-1
2/6/2021 14:10,0,-1
2/6/2021 14:15,0,-1
2/6/2021 14:20,0,-1
2/6/2021 14:25,0,-1
2/6/2021 14:30,0,-1
2/6/2021 14:35,0,-1
2/6/2021 14:40,0,-1
2/6/2021 14:45,0,-1
2/6/2021 14:50,0,-1
2/6/2021 14:55,0,-1
2/6/2021 15:00,0,-1
2/6/2021 15:05,0,-1
2/6/2021 15:10,0,-1
2/6/2021 15:15,0,-1
2/6/2021 15:20,0,-1
2/6/2021 15:25,0,-1
2/6/2021 15:30,0,-1
2/6/2021 15:35,0,-1
2/6/2021 15:40,0,-1
2/6/2021 15:45,0,-1
2/6/2021 15:50,0,-1
2/6/2021 15:55,0,-1
2/6/2021 16:00,0,-1
2/6/2021 16:05,0,-1
2/6/2021 16:10,0,-1
2/6/2021 16:15,0,-1
2/6/2021 16:20,0,-1
2/6/2021 16:25,0,-1
2/6/2021 16:30,0,-1
2/6/2021 16:35,0,-1
2/6/2021 16:40,0,-1
2/6/2021 16:45,0,-1
2/6/2021 16:50,0,-1
2/6/2021 16:55,0,-1
2/6/2021 17:00,0,-1
2/6/2021 17:05,0,-1
2/6/2021 17:10,0,-1
2/6/2021 17:15,0,-1
2/6/2021 17:20,0,-1
2/6/2021 17:25,0,-1
2/6/2021 17:30,0,-1
2/6/2021 17:35,0,-1
2/6/2021 17:40,0,-1
2/6/2021 17:45,0,-1
2/6/2021 17:50,0,-1
2/6/2021 17:55,0,-1
2/6/2021 18:00,0,-1
2/6/2021 18:05,0,-1
2/6/2021 18:10,0,-1
2/6/2021 18:15,0,-1
2/6/2021 18:20,0,-1
2/6/2021 18:25,0,-1
2/6/2021 18:30,0,-1
2/6/2021 18:35,0,-1
2/6/2021 18:40,0,-1
2/6/2021 18:45,0,-1
2/6/2021 18:50,0,-1
2/6/2021 18:55,0,-1
2/6/2021 19:00,0,-1
2/6/2021 19:05,0,-1
2/6/2021 19:10,0,-1
2/6/2021 19:15,0,-1
2/6/2021 19:20,0,-1
2/6/2021 19:25,0,-1
2/6/2021 19:30,0,-1
2/6/2021 19:35,0,-1
2/6/2021 19:40,0,-1
2/6/2021 19:45,0,-1
2/6/2021 19:50,0,-1
2/6/2021 19:55,0,-1
2/6/2021 20:00,0,-1
2/6/2021 20:05,0,-1
2/6/2021 20:10,0,-1
2/6/2021 20:15,0,-1
2/6/2021 20:20,0,-1
2/6/2021 20:25,0,-1
2/6/2021 20:30,0,-1
2/6/2021 20:35,0,-1
2/6/2021 20:40,0,-1
2/6/2021 20:45,0,-1
2/6/2021 20:50,0,-1
2/6/2021 20:55,0,-1
2/6/2021 21:00,0,-1
2/6/2021 21:05,0,-1
2/6/2021 21:10,0,-1
2/6/2021 21:15,0,-1
2/6/2021 21:20,0,-1
2/6/2021 21:25,0,-1
2/6/2021 21:30,0,-1
2/6/2021 21:35,0,-1
2/6/2021 21:40,0,-1
2/6/2021 21:45,0,-1
2/6/2021 21:50,0,-1
2/6/2021 21:55,0,-1
2/6/2021 22:00,0,-1
2/6/2021 22:05,0,-1
2/6/2021 22:10,0,-1
2/6/2021 22:15,0,-1
2/6/2021 22:20,0,-1
2/6/2021 22:25,0,-1
2/6/2021 22:30,0,-1
2/6/2021 22:35,0,-1
2/6/2021 22:40,0,-1
2/6/2021 22:45,0,-1
2/6/2021 22:50,0,-1
2/6/2021 22:55,0,-1
2/6/2021 23:00,0,-1
2/6/2021 23:05,0,-1
2/6/2021 23:10,0,-1
2/6/2021 23:15,0,-1
2/6/2021 23:20,0,-1
2/6/2021 23:25,0,-1
2/6/2021 23:30,0,-1
2/6/2021 23:35,0,-1
2/6/2021 23:40,0,-1
2/6/2021 23:45,0,-1
2/6/2021 23:50,0,-1
2/6/2021 23:55,0,-1
2/7/2021 0:00,0,-1
2/7/2021 0:05,0,-1
2/7/2021 0:10,0,-1
2/7/2021 0:15,0,-1
2/7/2021 0:20,0,-1
2/7/2021 0:25,0,-1
2/7/2021 0:30,0,-1
2/7/2021 0:35,0,-1
2/7/2021 0:40,0,-1
2/7/2021 0:45,0,-1
2/7/2021 0:50,0,-1
2/7/2021 0:55,0,-1
2/7/2021 1:00,0,-1
2/7/2021 1:05,0,-1
2/7/2021 1:10,0,-1
2/7/2021 1:15,0,-1
2/7/2021 1:20,0,-1
2/7/2021 1:25,0,-1
2/7/2021 1:30,0,-1
2/7/2021 1:35,0,-1
2/7/2021 1:40,0,-1
2/7/2021 1:45,0,-1
2/7/2021 1:50,0,-1
2/7/2021 1:55,0,-1
2/7/2021 2:00,0,-1
2/7/2021 2:05,0,-1
2/7/2021 2:10,0,-1
2/7/2021 2:15,0,-1
2/7/2021 2:20,0,-1
2/7/2021 2:25,0,-1
2/7/2021 2:30,0,-1
2/7/2021 2:35,0,-1
2/7/2021 2:40,0,-1
2/7/2021 2:45,0,-1
2/7/2021 2:50,0,-1
2/7/2021 2:55,0,-1
2/7/2021 3:00,0,-1
2/7/2021 3:05,0,-1
2/7/2021 3:10,0,-1
2/7/2021 3:15,0,-1
2/7/2021 3:20,0,-1
2/7/2021 3:25,0,-1
2/7/2021 3:30,0,-1
2/7/2021 3:35,0,-1
2/7/2021 3:40,0,-1
2/7/2021 3:45,0,-1
2/7/2021 3:50,0,-1
2/7/2021 3:55,0,-1
2/7/2021 4:00,0,-1
2/7/2021 4:05,0,-1
2/7/2021 4:10,0,-1
2/7/2021 4:15,0,-1
2/7/2021 4:20,0,-1
2/7/2021 4:25,0,-1
2/7/2021 4:30,0,-1
2/7/2021 4:35,0,-1
2/7/2021 4:40,0,-1
2/7/2021 4:45,0,-1
2/7/2021 4:50,0,-1
2/7/2021 4:55,0,-1
2/7/2021 5:00,0,-1
2/7/2021 5:05,0,-1
2/7/2021 5:10,0,-1
2/7/2021 5:15,0,-1
2/7/2021 5:20,0,-1
2/7/2021 5:25,0,-1
2/7/2021 5:30,0,-1
2/7/2021 5:35,0,-1
2/7/2021 5:40,0,-1
2/7/2021 5:45,0,-1
2/7/2021 5:50,0,-1
2/7/2021 5:55,0,-1
2/7/2021 6:00,0,-1
2/7/2021 6:05,0,-1
2/7/2021 6:10,0,-1
2/7/2021 6:15,0,-1
2/7/2021 6:20,0,-1
2/7/2021 6:25,0,-1
2/7/2021 6:30,0,-1
2/7/2021 6:35,0,-1
2/7/2021 6:40,0,-1
2/7/2021 6:45,0,-1
2/7/2021 6:50,0,-1
2/7/2021 6:55,0,-1
2/7/2021 7:00,0,-1
2/7/2021 7:05,0,-1
2/7/2021 7:10,0,-1
2/7/2021 7:15,0,-1
2/7/2021 7:20,0,-1
2/7/2021 7:25,0,-1
2/7/2021 7:30,0,-1
2/7/2021 7:35,0,-1
2/7/2021 7:40,0,-1
2/7/2021 7:45,0,-1
2/7/2021 7:50,0,-1
2/7/2021 7:55,0,-1
2/7/2021 8:00,0,-1
2/7/2021 8:05,0,-1
2/7/2021 8:10,0,-1
2/7/2021 8:15,0,-1
2/7/2021 8:20,0,-1
2/7/2021 8:25,0,-1
2/7/2021 8:30,0,-1
2/7/2021 8:35,0,-1
2/7/2021 8:40,0,-1
2/7/2021 8:45,0,-1
2/7/2021 8:50,0,-1
2/7/2021 8:55,0,-1
2/7/2021 9:00,0,-1
2/7/2021 9:05,0,-1
2/7/2021 9:10,0,-1
2/7/2021 9:15,0,-1
2/7/2021 9:20,0,-1
2/7/2021 9:25,0,-1
2/7/2021 9:30,0,-1
2/7/2021 9:35,0,-1
2/7/2021 9:40,0,-1
2/7/2021 9:45,0,-1
2/7/2021 9:50,0,-1
2/7/2021 9:55,0,-1
2/7/2021 10:00,0,-1
2/7/2021 10:05,0,-1
2/7/2021 10:10,0,-1
2/7/2021 10:15,0,-1
2/7/2021 10:20,0,-1
2/7/2021 10:25,0,-1
2/7/2021 10:30,0,-1
2/7/2021 10:35,0,-1
2/7/2021 10:40,0,-1
2/7/2021 10:45,0,-1
2/7/2021 10:50,0,-1
2/7/2021 10:55,0,-1
2/7/2021 11:00,0,-1
2/7/2021 11:05,0,-1
2/7/2021 11:10,0,-1
2/7/2021 11:15,0,-1
2/7/2021 11:20,0,-1
2/7/2021 11:25,0,-1
2/7/2021 11:30,0,-1
2/7/2021 11:35,0,-1
2/7/2021 11:40,0,-1
2/7/2021 11:45,0,-1
2/7/2021 11:50,0,-1
2/7/2021 11:55,0,-1
2/7/2021 12:00,0,-1
2/7/2021 12:05,0,-1
2/7/2021 12:10,0,-1
2/7/2021 12:15,0,-1
2/7/2021 12:20,0,-1
2/7/2021 12:25,0,-1
2/7/2021 12:30,0,-1
2/7/2021 12:35,0,-1
2/7/2021 12:40,0,-1
2/7/2021 12:45,0,-1
2/7/2021 12:50,0,-1
2/7/2021 12:55,0,-1
2/7/2021 13:00,0,-1
2/7/2021 13:05,0,-1
2/7/2021 13:10,0,-1
2/7/2021 13:15,0,-1
2/7/2021 13:20,0,-1
2/7/2021 13:25,0,-1
2/7/2021 13:30,0,-1
2/7/2021 13:35,0,-1
2/7/2021 13:40,0,-1
2/7/2021 13:45,0,-1
2/7/2021 13:50,0,-1
2/7/2021 13:55,0,-1
2/7/2021 14:00,0,-1
2/7/2021 14:05,0,-1
2/7/2021 14:10,0,-1
2/7/2021 14:15,0,-1
2/7/2021 14:20,0,-1
2/7/2021 14:25,0,-1
2/7/2021 14:30,0,-1
2/7/2021 14:35,0,-1
2/7/2021 14:40,0,-1
2/7/2021 14:45,0,-1
2/7/2021 14:50,0,-1
2/7/2021 14:55,0,-1
2/7/2021 15:00,0,-1
2/7/2021 15:05,0,-1
2/7/2021 15:10,0,-1
2/7/2021 15:15,0,-1
2/7/2021 15:20,0,-1
2/7/2021 15:25,0,-1
2/7/2021 15:30,0,-1
2/7/2021 15:35,0,-1
2/7/2021 15:40,0,-1
2/7/2021 15:45,0,-1
2/7/2021 15:50,0,-1
2/7/2021 15:55,0,-1
2/7/2021 16:00,0,-1
2/7/2021 16:05,0,-1
2/7/2021 16:10,0,-1
2/7/2021 16:15,0,-1
2/7/2021 16:20,0,-1
2/7/2021 16:25,0,-1
2/7/2021 16:30,0,-1
2/7/2021 16:35,0,-1
2/7/2021 16:40,0,-1
2/7/2021 16:45,0,-1
2/7/2021 16:50,0,-1
2/7/2021 16:55,0,-1
2/7/2021 17:00,0,-1
2/7/2021 17:05,0,-1
2/7/2021 17:10,0,-1
2/7/2021 17:15,0,-1
2/7/2021 17:20,0,-1
2/7/2021 17:25,0,-1
2/7/2021 17:30,0,-1
2/7/2021 17:35,0,-1
2/7/2021 17:40,0,-1
2/7/2021 17:45,0,-1
2/7/2021 17:50,0,-1
2/7/2021 17:55,0,-1
2/7/2021 18:00,0,-1
2/7/2021 18:05,0,-1
2/7/2021 18:10,0,-1
2/7/2021 18:15,0,-1
2/7/2021 18:20,0,-1
2/7/2021 18:25,0,-1
2/7/2021 18:30,0,-1
2/7/2021 18:35,0,-1
2/7/2021 18:40,0,-1
2/7/2021 18:45,0,-1
2/7/2021 18:50,0,-1
2/7/2021 18:55,0,-1
2/7/2021 19:00,0,-1
2/7/2021 19:05,0,-1
2/7/2021 19:10,0,-1
2/7/2021 19:15,0,-1
2/7/2021 19:20,0,-1
2/7/2021 19:25,0,-1
2/7/2021 19:30,0,-1
2/7/2021 19:35,0,-1
2/7/2021 19:40,0,-1
2/7/2021 19:45,0,-1
2/7/2021 19:50,0,-1
2/7/2021 19:55,0,-1
2/7/2021 20:00,0,-1
2/7/2021 20:05,0,-1
2/7/2021 20:10,0,-1
2/7/2021 20:15,0,-1
2/7/2021 20:20,0,-1
2/7/2021 20:25,0,-1
2/7/2021 20:30,0,-1
2/7/2021 20:35,0,-1
2/7/2021 20:40,0,-1
2/7/2021 20:45,0,-1
2/7/2021 20:50,0,-1
2/7/2021 20:55,0,-1
2/7/2021 21:00,0,-1
2/7/2021 21:05,0,-1
2/7/2021 21:10,0,-1
2/7/2021 21:15,0,-1
2/7/2021 21:20,0,-1
2/7/2021 21:25,0,-1
2/7/2021 21:30,0,-1
2/7/2021 21:35,0,-1
2/7/2021 21:40,0,-1
2/7/2021 21:45,0,-1
2/7/2021 21:50,0,-1
2/7/2021 21:55,0,-1
2/7/2021 22:00,0,-1
2/7/2021 22:05,0,-1
2/7/2021 22:10,0,-1
2/7/2021 22:15,0,-1
2/7/2021 22:20,0,-1
2/7/2021 22:25,0,-1
2/7/2021 22:30,0,-1
2/7/2021 22:35,0,-1
2/7/2021 22:40,0,-1
2/7/2021 22:45,0,-1
2/7/2021 22:50,0,-1
2/7/2021 22:55,0,-1
2/7/2021 23:00,0,-1
2/7/2021 23:05,0,-1
2/7/2021 23:10,0,-1
2/7/2021 23:15,0,-1
2/7/2021 23:20,0,-1
2/7/2021 23:25,0,-1
2/7/2021 23:30,0,-1
2/7/2021 23:35,0,-1
2/7/2021 23:40,0,-1
2/7/2021 23:45,0,-1
2/7/2021 23:50,0,-1
2/7/2021 23:55,0,-1
2/8/2021 0:00,0,-1
2/8/2021 0:05,0,-1
2/8/2021 0:10,0,-1
2/8/2021 0:15,0,-1
2/8/2021 0:20,0,-1
2/8/2021 0:25,0,-1
2/8/2021 0:30,0,-1
2/8/2021 0:35,0,-1
2/8/2021 0:40,0,-1
2/8/2021 0:45,0,-1
2/8/2021 0:50,0,-1
2/8/2021 0:55,0,-1
2/8/2021 1:00,0,-1
2/8/2021 1:05,0,-1
2/8/2021 1:10,0,-1
2/8/2021 1:15,0,-1
2/8/2021 1:20,0,-1
2/8/2021 1:25,0,-1
2/8/2021 1:30,0,-1
2/8/2021 1:35,0,-1
2/8/2021 1:40,0,-1
2/8/2021 1:45,0,-1
2/8/2021 1:50,0,-1
2/8/2021 1:55,0,-1
2/8/2021 2:00,0,-1
2/8/2021 2:05,0,-1
2/8/2021 2:10,0,-1
2/8/2021 2:15,0,-1
2/8/2021 2:20,0,-1
2/8/2021 2:25,0,-1
2/8/2021 2:30,0,-1
2/8/2021 2:35,0,-1
2/8/2021 2:40,0,-1
2/8/2021 2:45,0,-1
2/8/2021 2:50,0,-1
2/8/2021 2:55,0,-1
2/8/2021 3:00,0,-1
2/8/2021 3:05,0,-1
2/8/2021 3:10,0,-1
2/8/2021 3:15,0,-1
2/8/2021 3:20,0,-1
2/8/2021 3:25,0,-1
2/8/2021 3:30,0,-1
2/8/2021 3:35,0,-1
2/8/2021 3:40,0,-1
2/8/2021 3:45,0,-1
2/8/2021 3:50,0,-1
2/8/2021 3:55,0,-1
2/8/2021 4:00,0,-1
2/8/2021 4:05,0,-1
2/8/2021 4:10,0,-1
2/8/2021 4:15,0,-1
2/8/2021 4:20,0,-1
2/8/2021 4:25,0,-1
2/8/2021 4:30,0,-1
2/8/2021 4:35,0,-1
2/8/2021 4:40,0,-1
2/8/2021 4:45,0,-1
2/8/2021 4:50,0,-1
2/8/2021 4:55,0,-1
2/8/2021 5:00,0,-1
2/8/2021 5:05,0,-1
2/8/2021 5:10,0,-1
2/8/2021 5:15,0,-1
2/8/2021 5:20,0,-1
2/8/2021 5:25,0,-1
2/8/2021 5:30,0,-1
2/8/2021 5:35,0,-1
2/8/2021 5:40,0,-1
2/8/2021 5:45,0,-1
2/8/2021 5:50,0,-1
2/8/2021 5:55,0,-1
2/8/2021 6:00,0,-1
2/8/2021 6:05,0,-1
2/8/2021 6:10,0,-1
2/8/2021 6:15,0,-1
2/8/2021 6:20,0,-1
2/8/2021 6:25,0,-1
2/8/2021 6:30,0,-1
2/8/2021 6:35,0,-1
2/8/2021 6:40,0,-1
2/8/2021 6:45,0,-1
2/8/2021 6:50,0,-1
2/8/2021 6:55,0,-1
2/8/2021 7:00,0,-1
2/8/2021 7:05,0,-1
2/8/2021 7:10,0,-1
2/8/2021 7:15,0,-1
2/8/2021 7:20,0,-1
2/8/2021 7:25,0,-1
2/8/2021 7:30,0,-1
2/8/2021 7:35,0,-1
2/8/2021 7:40,0,-1
2/8/2021 7:45,0,-1
2/8/2021 7:50,0,-1
2/8/2021 7:55,0,-1
2/8/2021 8:00,0,-1
2/8/2021 8:05,0,-1
2/8/2021 8:10,0,-1
2/8/2021 8:15,0,-1
2/8/2021 8:20,0,-1
2/8/2021 8:25,0,-1
2/8/2021 8:30,0,-1
2/8/2021 8:35,0,-1
2/8/2021 8:40,0,-1
2/8/2021 8:45,0,-1
2/8/2021 8:50,0,-1
2/8/2021 8:55,0,-1
2/8/2021 9:00,0,-1
2/8/2021 9:05,0,-1
2/8/2021 9:10,0,-1
2/8/2021 9:15,0,-1
2/8/2021 9:20,0,-1
2/8/2021 9:25,0,-1
2/8/2021 9:30,0,-1
2/8/2021 9:35,0,-1
2/8/2021 9:40,0,-1
2/8/2021 9:45,0,-1
2/8/2021 9:50,0,-1
2/8/2021 9:55,0,-1
2/8/2021 10:00,0,-1
2/8/2021 10:05,0,-1
2/8/2021 10:10,0,-1
2/8/2021 10:15,0,-1
2/8/2021 10:20,0,-1
2/8/2021 10:25,0,-1
2/8/2021 10:30,0,-1
2/8/2021 10:35,0,-1
2/8/2021 10:40,0,-1
2/8/2021 10:45,0,-1
2/8/2021 10:50,0,-1
2/8/2021 10:55,0,-1
2/8/2021 11:00,0,-1
2/8/2021 11:05,0,-1
2/8/2021 11:10,0,-1
2/8/2021 11:15,0,-1
2/8/2021 11:20,0,-1
2/8/2021 11:25,0,-1
2/8/2021 11:30,0,-1
2/8/2021 11:35,0,-1
2/8/2021 11:40,0,-1
2/8/2021 11:45,0,-1
2/8/2021 11:50,0,-1
2/8/2021 11:55,0,-1
2/8/2021 12:00,0,-1
2/8/2021 12:05,0,-1
2/8/2021 12:10,0,-1
2/8/2021 12:15,0,-1
2/8/2021 12:20,0,-1
2/8/2021 12:25,0,-1
2/8/2021 12:30,0,-1
2/8/2021 12:35,0,-1
2/8/2021 12:40,0,-1
2/8/2021 12:45,0,-1
2/8/2021 12:50,0,-1
2/8/2021 12:55,0,-1
2/8/2021 13:00,0,-1
2/8/2021 13:05,0,-1
2/8/2021 13:10,0,-1
2/8/2021 13:15,0,-1
2/8/2021 13:20,0,-1
2/8/2021 13:25,0,-1
2/8/2021 13:30,0,-1
2/8/2021 13:35,0,-1
2/8/2021 13:40,0,-1
2/8/2021 13:45,0,-1
2/8/2021 13:50,0,-1
2/8/2021 13:55,0,-1
2/8/2021 14:00,0,-1
2/8/2021 14:05,0,-1
2/8/2021 14:10,0,-1
2/8/2021 14:15,0,-1
2/8/2021 14:20,0,-1
2/8/2021 14:25,0,-1
2/8/2021 14:30,0,-1
2/8/2021 14:35,0,-1
2/8/2021 14:40,0,-1
2/8/2021 14:45,0,-1
2/8/2021 14:50,0,-1
2/8/2021 14:55,0,-1
2/8/2021 15:00,0,-1
2/8/2021 15:05,0,-1
2/8/2021 15:10,0,-1
2/8/2021 15:15,0,-1
2/8/2021 15:20,0,-1
2/8/2021 15:25,0,-1
2/8/2021 15:30,0,-1
2/8/2021 15:35,0,-1
2/8/2021 15:40,0,-1
2/8/2021 15:45,0,-1
2/8/2021 15:50,0,-1
2/8/2021 15:55,0,-1
2/8/2021 16:00,0,-1
2/8/2021 16:05,0,-1
2/8/2021 16:10,0,-1
2/8/2021 16:15,0,-1
2/8/2021 16:20,0,-1
2/8/2021 16:25,0,-1
2/8/2021 16:30,0,-1
2/8/2021 16:35,0,-1
2/8/2021 16:40,0,-1
2/8/2021 16:45,0,-1
2/8/2021 16:50,0,-1
2/8/2021 16:55,0,-1
2/8/2021 17:00,0,-1
2/8/2021 17:05,0,-1
2/8/2021 17:10,0,-1
2/8/2021 17:15,0,-1
2/8/2021 17:20,0,-1
2/8/2021 17:25,0,-1
2/8/2021 17:30,0,-1
2/8/2021 17:35,0,-1
2/8/2021 17:40,0,-1
2/8/2021 17:45,0,-1
2/8/2021 17:50,0,-1
2/8/2021 17:55,0,-1
2/8/2021 18:00,0,-1
2/8/2021 18:05,0,-1
2/8/2021 18:10,0,-1
2/8/2021 18:15,0,-1
2/8/2021 18:20,0,-1
2/8/2021 18:25,0,-1
2/8/2021 18:30,0,-1
2/8/2021 18:35,0,-1
2/8/2021 18:40,0,-1
2/8/2021 18:45,0,-1
2/8/2021 18:50,0,-1
2/8/2021 18:55,0,-1
2/8/2021 19:00,0,-1
2/8/2021 19:05,0,-1
2/8/2021 19:10,0,-1
2/8/2021 19:15,0,-1
2/8/2021 19:20,0,-1
2/8/2021 19:25,0,-1
2/8/2021 19:30,0,-1
2/8/2021 19:35,0,-1
2/8/2021 19:40,0,-1
2/8/2021 19:45,0,-1
2/8/2021 19:50,0,-1
2/8/2021 19:55,0,-1
2/8/2021 20:00,0,-1
2/8/2021 20:05,0,-1
2/8/2021 20:10,0,-1
2/8/2021 20:15,0,-1
2/8/2021 20:20,0,-1
2/8/2021 20:25,0,-1
2/8/2021 20:30,0,-1
2/8/2021 20:35,0,-1
2/8/2021 20:40,0,-1
2/8/2021 20:45,0,-1
2/8/2021 20:50,0,-1
2/8/2021 20:55,0,-1
2/8/2021 21:00,0,-1
2/8/2021 21:05,0,-1
2/8/2021 21:10,0,-1
2/8/2021 21:15,0,-1
2/8/2021 21:20,0,-1
2/8/2021 21:25,0,-1
2/8/2021 21:30,0,-1
2/8/2021 21:35,0,-1
2/8/2021 21:40,0,-1
2/8/2021 21:45,0,-1
2/8/2021 21:50,0,-1
2/8/2021 21:55,0,-1
2/8/2021 22:00,0,-1
2/8/2021 22:05,0,-1
2/8/2021 22:10,0,-1
2/8/2021 22:15,0,-1
2/8/2021 22:20,0,-1
2/8/2021 22:25,0,-1
2/8/2021 22:30,0,-1
2/8/2021 22:35,0,-1
2/8/2021 22:40,0,-1
2/8/2021 22:45,0,-1
2/8/2021 22:50,0,-1
2/8/2021 22:55,0,-1
2/8/2021 23:00,0,-1
2/8/2021 23:05,0,-1
2/8/2021 23:10,0,-1
2/8/2021 23:15,0,-1
2/8/2021 23:20,0,-1
2/8/2021 23:25,0,-1
2/8/2021 23:30,0,-1
2/8/2021 23:35,0,-1
2/8/2021 23:40,0,-1
2/8/2021 23:45,0,-1
2/8/2021 23:50,0,-1
2/8/2021 23:55,0,-1
2/9/2021 0:00,0,-1
2/9/2021 0:05,0,-1
2/9/2021 0:10,0,-1
2/9/2021 0:15,0,-1
2/9/2021 0:20,0,-1
2/9/2021 0:25,0,-1
2/9/2021 0:30,0,-1
2/9/2021 0:35,0,-1
2/9/2021 0:40,0,-1
2/9/2021 0:45,0,-1
2/9/2021 0:50,0,-1
2/9/2021 0:55,0,-1
2/9/2021 1:00,0,-1
2/9/2021 1:05,0,-1
2/9/2021 1:10,0,-1
2/9/2021 1:15,0,-1
2/9/2021 1:20,0,-1
2/9/2021 1:25,0,-1
2/9/2021 1:30,0,-1
2/9/2021 1:35,0,-1
2/9/2021 1:40,0,-1
2/9/2021 1:45,0,-1
2/9/2021 1:50,0,-1
2/9/2021 1:55,0,-1
2/9/2021 2:00,0,-1
2/9/2021 2:05,0,-1
2/9/2021 2:10,0,-1
2/9/2021 2:15,0,-1
2/9/2021 2:20,0,-1
2/9/2021 2:25,0,-1
2/9/2021 2:30,0,-1
2/9/2021 2:35,0,-1
2/9/2021 2:40,0,-1
2/9/2021 2:45,0,-1
2/9/2021 2:50,0,-1
2/9/2021 2:55,0,-1
2/9/2021 3:00,0,-1
2/9/2021 3:05,0,-1
2/9/2021 3:10,0,-1
2/9/2021 3:15,0,-1
2/9/2021 3:20,0,-1
2/9/2021 3:25,0,-1
2/9/2021 3:30,0,-1
2/9/2021 3:35,0,-1
2/9/2021 3:40,0,-1
2/9/2021 3:45,0,-1
2/9/2021 3:50,0,-1
2/9/2021 3:55,0,-1
2/9/2021 4:00,0,-1
2/9/2021 4:05,0,-1
2/9/2021 4:10,0,-1
2/9/2021 4:15,0,-1
2/9/2021 4:20,0,-1
2/9/2021 4:25,0,-1
2/9/2021 4:30,0,-1
2/9/2021 4:35,0,-1
2/9/2021 4:40,0,-1
2/9/2021 4:45,0,-1
2/9/2021 4:50,0,-1
2/9/2021 4:55,0,-1
2/9/2021 5:00,0,-1
2/9/2021 5:05,0,-1
2/9/2021 5:10,0,-1
2/9/2021 5:15,0,-1
2/9/2021 5:20,0,-1
2/9/2021 5:25,0,-1
2/9/2021 5:30,0,-1
2/9/2021 5:35,0,-1
2/9/2021 5:40,0,-1
2/9/2021 5:45,0,-1
2/9/2021 5:50,0,-1
2/9/2021 5:55,0,-1
2/9/2021 6:00,0,-1
2/9/2021 6:05,0,-1
2/9/2021 6:10,0,-1
2/9/2021 6:15,0,-1
2/9/2021 6:20,0,-1
2/9/2021 6:25,0,-1
2/9/2021 6:30,0,-1
2/9/2021 6:35,0,-1
2/9/2021 6:40,0,-1
2/9/2021 6:45,0,-1
2/9/2021 6:50,0,-1
2/9/2021 6:55,0,-1
2/9/2021 7:00,0,-1
2/9/2021 7:05,0,-1
2/9/2021 7:10,0,-1
2/9/2021 7:15,0,-1
2/9/2021 7:20,0,-1
2/9/2021 7:25,0,-1
2/9/2021 7:30,0,-1
2/9/2021 7:35,0,-1
2/9/2021 7:40,0,-1
2/9/2021 7:45,0,-1
2/9/2021 7:50,0,-1
2/9/2021 7:55,0,-1
2/9/2021 8:00,0,-1
2/9/2021 8:05,0,-1
2/9/2021 8:10,0,-1
2/9/2021 8:15,0,-1
2/9/2021 8:20,0,-1
2/9/2021 8:25,0,-1
2/9/2021 8:30,0,-1
2/9/2021 8:35,0,-1
2/9/2021 8:40,0,-1
2/9/2021 8:45,0,-1
2/9/2021 8:50,0,-1
2/9/2021 8:55,0,-1
2/9/2021 9:00,0,-1
2/9/2021 9:05,0,-1
2/9/2021 9:10,0,-1
2/9/2021 9:15,0,-1
2/9/2021 9:20,0,-1
2/9/2021 9:25,0,-1
2/9/2021 9:30,0,-1
2/9/2021 9:35,0,-1
2/9/2021 9:40,0,-1
2/9/2021 9:45,0,-1
2/9/2021 9:50,0,-1
2/9/2021 9:55,0,-1
2/9/2021 10:00,0,-1
2/9/2021 10:05,0,-1
2/9/2021 10:10,0,-1
2/9/2021 10:15,0,-1
2/9/2021 10:20,0,-1
2/9/2021 10:25,0,-1
2/9/2021 10:30,0,-1
2/9/2021 10:35,0,-1
2/9/2021 10:40,0,-1
2/9/2021 10:45,0,-1
2/9/2021 10:50,0,-1
2/9/2021 10:55,0,-1
2/9/2021 11:00,0,-1
2/9/2021 11:05,0,-1
2/9/2021 11:10,0,-1
2/9/2021 11:15,0,-1
2/9/2021 11:20,0,-1
2/9/2021 11:25,0,-1
2/9/2021 11:30,0,-1
2/9/2021 11:35,0,-1
2/9/2021 11:40,0,-1
2/9/2021 11:45,0,-1
2/9/2021 11:50,0,-1
2/9/2021 11:55,0,-1
2/9/2021 12:00,0,-1
2/9/2021 12:05,0,-1
2/9/2021 12:10,0,-1
2/9/2021 12:15,0,-1
2/9/2021 12:20,0,-1
2/9/2021 12:25,0,-1
2/9/2021 12:30,0,-1
2/9/2021 12:35,0,-1
2/9/2021 12:40,0,-1
2/9/2021 12:45,0,-1
2/9/2021 12:50,0,-1
2/9/2021 12:55,0,-1
2/9/2021 13:00,0,-1
2/9/2021 13:05,0,-1
2/9/2021 13:10,0,-1
2/9/2021 13:15,0,-1
2/9/2021 13:20,0,-1
2/9/2021 13:25,0,-1
2/9/2021 13:30,0,-1
2/9/2021 13:35,0,-1
2/9/2021 13:40,0,-1
2/9/2021 13:45,0,-1
2/9/2021 13:50,0,-1
2/9/2021 13:55,0,-1
2/9/2021 14:00,0,-1
2/9/2021 14:05,0,-1
2/9/2021 14:10,0,-1
2/9/2021 14:15,0,-1
2/9/2021 14:20,0,-1
2/9/2021 14:25,0,-1
2/9/2021 14:30,0,-1
2/9/2021 14:35,0,-1
2/9/2021 14:40,0,-1
2/9/2021 14:45,0,-1
2/9/2021 14:50,0,-1
2/9/2021 14:55,0,-1
2/9/2021 15:00,0,-1
2/9/2021 15:05,0,-1
2/9/2021 15:10,0,-1
2/9/2021 15:15,0,-1
2/9/2021 15:20,0,-1
2/9/2021 15:25,0,-1
2/9/2021 15:30,0,-1
2/9/2021 15:35,0,-1
2/9/2021 15:40,0,-1
2/9/2021 15:45,0,-1
2/9/2021 15:50,0,-1
2/9/2021 15:55,0,-1
2/9/2021 16:00,0,-1
2/9/2021 16:05,0,-1
2/9/2021 16:10,0,-1
2/9/2021 16:15,0,-1
2/9/2021 16:20,0,-1
2/9/2021 16:25,0,-1
2/9/2021 16:30,0,-1
2/9/2021 16:35,0,-1
2/9/2021 16:40,0,-1
2/9/2021 16:45,0,-1
2/9/2021 16:50,0,-1
2/9/2021 16:55,0,-1
2/9/2021 17:00,0,-1
2/9/2021 17:05,0,-1
2/9/2021 17:10,0,-1
2/9/2021 17:15,0,-1
2/9/2021 17:20,0,-1
2/9/2021 17:25,0,-1
2/9/2021 17:30,0,-1
2/9/2021 17:35,0,-1
2/9/2021 17:40,0,-1
2/9/2021 17:45,0,-1
2/9/2021 17:50,0,-1
2/9/2021 17:55,0,-1
2/9/2021 18:00,0,-1
2/9/2021 18:05,0,-1
2/9/2021 18:10,0,-1
2/9/2021 18:15,0,-1
2/9/2021 18:20,0,-1
2/9/2021 18:25,0,-1
2/9/2021 18:30,0,-1
2/9/2021 18:35,0,-1
2/9/2021 18:40,0,-1
2/9/2021 18:45,0,-1
2/9/2021 18:50,0,-1
2/9/2021 18:55,0,-1
2/9/2021 19:00,0,-1
2/9/2021 19:05,0,-1
2/9/2021 19:10,0,-1
2/9/2021 19:15,0,-1
2/9/2021 19:20,0,-1
2/9/2021 19:25,0,-1
2/9/2021 19:30,0,-1
2/9/2021 19:35,0,-1
2/9/2021 19:40,0,-1
2/9/2021 19:45,0,-1
2/9/2021 19:50,0,-1
2/9/2021 19:55,0,-1
2/9/2021 20:00,0,-1
2/9/2021 20:05,0,-1
2/9/2021 20:10,0,-1
2/9/2021 20:15,0,-1
2/9/2021 20:20,0,-1
2/9/2021 20:25,0,-1
2/9/2021 20:30,0,-1
2/9/2021 20:35,0,-1
2/9/2021 20:40,0,-1
2/9/2021 20:45,0,-1
2/9/2021 20:50,0,-1
2/9/2021 20:55,0,-1
2/9/2021 21:00,0,-1
2/9/2021 21:05,0,-1
2/9/2021 21:10,0,-1
2/9/2021 21:15,0,-1
2/9/2021 21:20,0,-1
2/9/2021 21:25,0,-1
2/9/2021 21:30,0,-1
2/9/2021 21:35,0,-1
2/9/2021 21:40,0,-1
2/9/2021 21:45,0,-1
2/9/2021 21:50,0,-1
2/9/2021 21:55,0,-1
2/9/2021 22:00,0,-1
2/9/2021 22:05,0,-1
2/9/2021 22:10,0,-1
2/9/2021 22:15,0,-1
2/9/2021 22:20,0,-1
2/9/2021 22:25,0,-1
2/9/2021 22:30,0,-1
2/9/2021 22:35,0,-1
2/9/2021 22:40,0,-1
2/9/2021 22:45,0,-1
2/9/2021 22:50,0,-1
2/9/2021 22:55,0,-1
2/9/2021 23:00,0,-1
2/9/2021 23:05,0,-1
2/9/2021 23:10,0,-1
2/9/2021 23:15,0,-1
2/9/2021 23:20,0,-1
2/9/2021 23:25,0,-1
2/9/2021 23:30,0,-1
2/9/2021 23:35,0,-1
2/9/2021 23:40,0,-1
2/9/2021 23:45,0,-1
2/9/2021 23:50,0,-1
2/9/2021 23:55,0,-1
2/10/2021 0:00,0,-1
2/10/2021 0:05,0,-1
2/10/2021 0:10,0,-1
2/10/2021 0:15,0,-1
2/10/2021 0:20,0,-1
2/10/2021 0:25,0,-1
2/10/2021 0:30,0,-1
2/10/2021 0:35,0,-1
2/10/2021 0:40,0,-1
2/10/2021 0:45,0,-1
2/10/2021 0:50,0,-1
2/10/2021 0:55,0,-1
2/10/2021 1:00,0,-1
2/10/2021 1:05,0,-1
2/10/2021 1:10,0,-1
2/10/2021 1:15,0,-1
2/10/2021 1:20,0,-1
2/10/2021 1:25,0,-1
2/10/2021 1:30,0,-1
2/10/2021 1:35,0,-1
2/10/2021 1:40,0,-1
2/10/2021 1:45,0,-1
2/10/2021 1:50,0,-1
2/10/2021 1:55,0,-1
2/10/2021 2:00,0,-1
2/10/2021 2:05,0,-1
2/10/2021 2:10,0,-1
2/10/2021 2:15,0,-1
2/10/2021 2:20,0,-1
2/10/2021 2:25,0,-1
2/10/2021 2:30,0,-1
2/10/2021 2:35,0,-1
2/10/2021 2:40,0,-1
2/10/2021 2:45,0,-1
2/10/2021 2:50,0,-1
2/10/2021 2:55,0,-1
2/10/2021 3:00,0,-1
2/10/2021 3:05,0,-1
2/10/2021 3:10,0,-1
2/10/2021 3:15,0,-1
2/10/2021 3:20,0,-1
2/10/2021 3:25,0,-1
2/10/2021 3:30,0,-1
2/10/2021 3:35,0,-1
2/10/2021 3:40,0,-1
2/10/2021 3:45,0,-1
2/10/2021 3:50,0,-1
2/10/2021 3:55,0,-1
2/10/2021 4:00,0,-1
2/10/2021 4:05,0,-1
2/10/2021 4:10,0,-1
2/10/2021 4:15,0,-1
2/10/2021 4:20,0,-1
2/10/2021 4:25,0,-1
2/10/2021 4:30,0,-1
2/10/2021 4:35,0,-1
2/10/2021 4:40,0,-1
2/10/2021 4:45,0,-1
2/10/2021 4:50,0,-1
2/10/2021 4:55,0,-1
2/10/2021 5:00,0,-1
2/10/2021 5:05,0,-1
2/10/2021 5:10,0,-1
2/10/2021 5:15,0,-1
2/10/2021 5:20,0,-1
2/10/2021 5:25,0,-1
2/10/2021 5:30,0,-1
2/10/2021 5:35,0,-1
2/10/2021 5:40,0,-1
2/10/2021 5:45,0,-1
2/10/2021 5:50,0,-1
2/10/2021 5:55,0,-1
2/10/2021 6:00,0,-1
2/10/2021 6:05,0,-1
2/10/2021 6:10,0,-1
2/10/2021 6:15,0,-1
2/10/2021 6:20,0,-1
2/10/2021 6:25,0,-1
2/10/2021 6:30,0,-1
2/10/2021 6:35,0,-1
2/10/2021 6:40,0,-1
2/10/2021 6:45,0,-1
2/10/2021 6:50,0,-1
2/10/2021 6:55,0,-1
2/10/2021 7:00,0,-1
2/10/2021 7:05,0,-1
2/10/2021 7:10,0,-1
2/10/2021 7:15,0,-1
2/10/2021 7:20,0,-1
2/10/2021 7:25,0,-1
2/10/2021 7:30,0,-1
2/10/2021 7:35,0,-1
2/10/2021 7:40,0,-1
2/10/2021 7:45,0,-1
2/10/2021 7:50,0,-1
2/10/2021 7:55,0,-1
2/10/2021 8:00,0,-1
2/10/2021 8:05,0,-1
2/10/2021 8:10,0,-1
2/10/2021 8:15,0,-1
2/10/2021 8:20,0,-1
2/10/2021 8:25,0,-1
2/10/2021 8:30,0,-1
2/10/2021 8:35,0,-1
2/10/2021 8:40,0,-1
2/10/2021 8:45,0,-1
2/10/2021 8:50,0,-1
2/10/2021 8:55,0,-1
2/10/2021 9:00,0,-1
2/10/2021 9:05,0,-1
2/10/2021 9:10,0,-1
2/10/2021 9:15,0,-1
2/10/2021 9:20,0,-1
2/10/2021 9:25,0,-1
2/10/2021 9:30,0,-1
2/10/2021 9:35,0,-1
2/10/2021 9:40,0,-1
2/10/2021 9:45,0,-1
2/10/2021 9:50,0,-1
2/10/2021 9:55,0,-1
2/10/2021 10:00,0,-1
2/10/2021 10:05,0,-1
2/10/2021 10:10,0,-1
2/10/2021 10:15,0,-1
2/10/2021 10:20,0,-1
2/10/2021 10:25,0,-1
2/10/2021 10:30,0,-1
2/10/2021 10:35,0,-1
2/10/2021 10:40,0,-1
2/10/2021 10:45,0,-1
2/10/2021 10:50,0,-1
2/10/2021 10:55,0,-1
2/10/2021 11:00,0,-1
2/10/2021 11:05,0,-1
2/10/2021 11:10,0,-1
2/10/2021 11:15,0,-1
2/10/2021 11:20,0,-1
2/10/2021 11:25,0,-1
2/10/2021 11:30,0,-1
2/10/2021 11:35,0,-1
2/10/2021 11:40,0,-1
2/10/2021 11:45,0,-1
2/10/2021 11:50,0,-1
2/10/2021 11:55,0,-1
2/10/2021 12:00,0,-1
2/10/2021 12:05,0,-1
2/10/2021 12:10,0,-1
2/10/2021 12:15,0,-1
2/10/2021 12:20,0,-1
2/10/2021 12:25,0,-1
2/10/2021 12:30,0,-1
2/10/2021 12:35,0,-1
2/10/2021 12:40,0,-1
2/10/2021 12:45,0,-1
2/10/2021 12:50,0,-1
2/10/2021 12:55,0,-1
2/10/2021 13:00,0,-1
2/10/2021 13:05,0,-1
2/10/2021 13:10,0,-1
2/10/2021 13:15,0,-1
2/10/2021 13:20,0,-1
2/10/2021 13:25,0,-1
2/10/2021 13:30,0,-1
2/10/2021 13:35,0,-1
2/10/2021 13:40,0,-1
2/10/2021 13:45,0,-1
2/10/2021 13:50,0,-1
2/10/2021 13:55,0,-1
2/10/2021 14:00,0,-1
2/10/2021 14:05,0,-1
2/10/2021 14:10,0,-1
2/10/2021 14:15,0,-1
2/10/2021 14:20,0,-1
2/10/2021 14:25,0,-1
2/10/2021 14:30,0,-1
2/10/2021 14:35,0,-1
2/10/2021 14:40,0,-1
2/10/2021 14:45,0,-1
2/10/2021 14:50,0,-1
2/10/2021 14:55,0,-1
2/10/2021 15:00,0,-1
2/10/2021 15:05,0,-1
2/10/2021 15:10,0,-1
2/10/2021 15:15,0,-1
2/10/2021 15:20,0,-1
2/10/2021 15:25,0,-1
2/10/2021 15:30,0,-1
2/10/2021 15:35,0,-1
2/10/2021 15:40,0,-1
2/10/2021 15:45,0,-1
2/10/2021 15:50,0,-1
2/10/2021 15:55,0,-1
2/10/2021 16:00,0,-1
2/10/2021 16:05,0,-1
2/10/2021 16:10,0,-1
2/10/2021 16:15,0,-1
2/10/2021 16:20,0,-1
2/10/2021 16:25,0,-1
2/10/2021 16:30,0,-1
2/10/2021 16:35,0,-1
2/10/2021 16:40,0,-1
2/10/2021 16:45,0,-1
2/10/2021 16:50,0,-1
2/10/2021 16:55,0,-1
2/10/2021 17:00,0,-1
2/10/2021 17:05,0,-1
2/10/2021 17:10,0,-1
2/10/2021 17:15,0,-1
2/10/2021 17:20,0,-1
2/10/2021 17:25,0,-1
2/10/2021 17:30,0,-1
2/10/2021 17:35,0,-1
2/10/2021 17:40,0,-1
2/10/2021 17:45,0,-1
2/10/2021 17:50,0,-1
2/10/2021 17:55,0,-1
2/10/2021 18:00,0,-1
2/10/2021 18:05,0,-1
2/10/2021 18:10,0,-1
2/10/2021 18:15,0,-1
2/10/2021 18:20,0,-1
2/10/2021 18:25,0,-1
2/10/2021 18:30,0,-1
2/10/2021 18:35,0,-1
2/10/2021 18:40,0,-1
2/10/2021 18:45,0,-1
2/10/2021 18:50,0,-1
2/10/2021 18:55,0,-1
2/10/2021 19:00,0,-1
2/10/2021 19:05,0,-1
2/10/2021 19:10,0,-1
2/10/2021 19:15,0,-1
2/10/2021 19:20,0,-1
2/10/2021 19:25,0,-1
2/10/2021 19:30,0,-1
2/10/2021 19:35,0,-1
2/10/2021 19:40,0,-1
2/10/2021 19:45,0,-1
2/10/2021 19:50,0,-1
2/10/2021 19:55,0,-1
2/10/2021 20:00,0,-1
2/10/2021 20:05,0,-1
2/10/2021 20:10,0,-1
2/10/2021 20:15,0,-1
2/10/2021 20:20,0,0.06593407
2/10/2021 20:25,0,-1
2/10/2021 20:30,0,-1
2/10/2021 20:35,0,-1
2/10/2021 20:40,0,-1
2/10/2021 20:45,0,-1
2/10/2021 20:50,0,-1
2/10/2021 20:55,0,-1
2/10/2021 21:00,0,-1
2/10/2021 21:05,0,-1
2/10/2021 21:10,0,-1
2/10/2021 21:15,0,-1
2/10/2021 21:20,0,-1
2/10/2021 21:25,0,-1
2/10/2021 21:30,0,-1
2/10/2021 21:35,0,-1
2/10/2021 21:40,0,-1
2/10/2021 21:45,0,-1
2/10/2021 21:50,0,-1
2/10/2021 21:55,0,-1
2/10/2021 22:00,0,-1
2/10/2021 22:05,0,-1
2/10/2021 22:10,0,-1
2/10/2021 22:15,0,-1
2/10/2021 22:20,0,-1
2/10/2021 22:25,0,-1
2/10/2021 22:30,0,-1
2/10/2021 22:35,0,-1
2/10/2021 22:40,0,-1
2/10/2021 22:45,0,-1
2/10/2021 22:50,0,-1
2/10/2021 22:55,0,-1
2/10/2021 23:00,0,-1
2/10/2021 23:05,0,-1
2/10/2021 23:10,0,-1
2/10/2021 23:15,0,-1
2/10/2021 23:20,0,-1
2/10/2021 23:25,0,-1
2/10/2021 23:30,0,-1
2/10/2021 23:35,0,-1
2/10/2021 23:40,0,-1
2/10/2021 23:45,0,-1
2/10/2021 23:50,0,-1
2/10/2021 23:55,0,-1
2/11/2021 0:00,0,-1
2/11/2021 0:05,0,-1
2/11/2021 0:10,0,-1
2/11/2021 0:15,0,-1
2/11/2021 0:20,0,-1
2/11/2021 0:25,0,-1
2/11/2021 0:30,0,-1
2/11/2021 0:35,0,-1
2/11/2021 0:40,0,-1
2/11/2021 0:45,0,-1
2/11/2021 0:50,0,-1
2/11/2021 0:55,0,-1
2/11/2021 1:00,0,-1
2/11/2021 1:05,0,-1
2/11/2021 1:10,0,-1
2/11/2021 1:15,0,-1
2/11/2021 1:20,0,-1
2/11/2021 1:25,0,-1
2/11/2021 1:30,0,-1
2/11/2021 1:35,0,-1
2/11/2021 1:40,0,-1
2/11/2021 1:45,0,-1
2/11/2021 1:50,0,-1
2/11/2021 1:55,0,-1
2/11/2021 2:00,0,-1
2/11/2021 2:05,0,-1
2/11/2021 2:10,0,-1
2/11/2021 2:15,0,-1
2/11/2021 2:20,0,-1
2/11/2021 2:25,0,-1
2/11/2021 2:30,0,-1
2/11/2021 2:35,0,-1
2/11/2021 2:40,0,-1
2/11/2021 2:45,0,-1
2/11/2021 2:50,0,-1
2/11/2021 2:55,0,-1
2/11/2021 3:00,0,-1
2/11/2021 3:05,0,-1
2/11/2021 3:10,0,-1
2/11/2021 3:15,0,-1
2/11/2021 3:20,0,-1
2/11/2021 3:25,0,-1
2/11/2021 3:30,0,-1
2/11/2021 3:35,0,-1
2/11/2021 3:40,0,-1
2/11/2021 3:45,0,-1
2/11/2021 3:50,0,-1
2/11/2021 3:55,0,-1
2/11/2021 4:00,0,-1
2/11/2021 4:05,0,-1
2/11/2021 4:10,0,-1
2/11/2021 4:15,0,-1
2/11/2021 4:20,0,-1
2/11/2021 4:25,0,-1
2/11/2021 4:30,0,-1
2/11/2021 4:35,0,-1
2/11/2021 4:40,0,-1
2/11/2021 4:45,0,-1
2/11/2021 4:50,0,-1
2/11/2021 4:55,0,-1
2/11/2021 5:00,0,-1
2/11/2021 5:05,0,-1
2/11/2021 5:10,0,-1
2/11/2021 5:15,0,-1
2/11/2021 5:20,0,-1
2/11/2021 5:25,0,-1
2/11/2021 5:30,0,-1
2/11/2021 5:35,0,-1
2/11/2021 5:40,0,-1
2/11/2021 5:45,0,-1
2/11/2021 5:50,0,-1
2/11/2021 5:55,0,-1
2/11/2021 6:00,0,-1
2/11/2021 6:05,0,-1
2/11/2021 6:10,0,-1
2/11/2021 6:15,0,-1
2/11/2021 6:20,0,-1
2/11/2021 6:25,0,-1
2/11/2021 6:30,0,-1
2/11/2021 6:35,0,-1
2/11/2021 6:40,0,-1
2/11/2021 6:45,0,-1
2/11/2021 6:50,0,-1
2/11/2021 6:55,0,-1
2/11/2021 7:00,0,-1
2/11/2021 7:05,0,-1
2/11/2021 7:10,0,-1
2/11/2021 7:15,0,-1
2/11/2021 7:20,0,-1
2/11/2021 7:25,0,-1
2/11/2021 7:30,0,-1
2/11/2021 7:35,0,-1
2/11/2021 7:40,0,-1
2/11/2021 7:45,0,-1
2/11/2021 7:50,0,-1
2/11/2021 7:55,0,-1
2/11/2021 8:00,0,-1
2/11/2021 8:05,0,-1
2/11/2021 8:10,0,-1
2/11/2021 8:15,0,-1
2/11/2021 8:20,0,-1
2/11/2021 8:25,0,-1
2/11/2021 8:30,0,-1
2/11/2021 8:35,0,-1
2/11/2021 8:40,0,-1
2/11/2021 8:45,0,-1
2/11/2021 8:50,0,-1
2/11/2021 8:55,0,-1
2/11/2021 9:00,0,-1
2/11/2021 9:05,0,-1
2/11/2021 9:10,0,-1
2/11/2021 9:15,0,-1
2/11/2021 9:20,0,-1
2/11/2021 9:25,0,-1
2/11/2021 9:30,0,-1
2/11/2021 9:35,0,-1
2/11/2021 9:40,0,-1
2/11/2021 9:45,0,-1
2/11/2021 9:50,0,-1
2/11/2021 9:55,0,-1
2/11/2021 10:00,0,-1
2/11/2021 10:05,0,-1
2/11/2021 10:10,0,-1
2/11/2021 10:15,0,-1
2/11/2021 10:20,0,-1
2/11/2021 10:25,0,-1
2/11/2021 10:30,0,-1
2/11/2021 10:35,0,-1
2/11/2021 10:40,0,-1
2/11/2021 10:45,0,-1
2/11/2021 10:50,0,-1
2/11/2021 10:55,0,-1
2/11/2021 11:00,0,-1
2/11/2021 11:05,0,-1
2/11/2021 11:10,0,-1
2/11/2021 11:15,0,-1
2/11/2021 11:20,0,-1
2/11/2021 11:25,0,-1
2/11/2021 11:30,0,-1
2/11/2021 11:35,0,-1
2/11/2021 11:40,0,-1
2/11/2021 11:45,0,-1
2/11/2021 11:50,0,-1
2/11/2021 11:55,0,-1
2/11/2021 12:00,0,-1
2/11/2021 12:05,0,-1
2/11/2021 12:10,0,-1
2/11/2021 12:15,0,-1
2/11/2021 12:20,0,-1
2/11/2021 12:25,0,-1
2/11/2021 12:30,0,-1
2/11/2021 12:35,0,-1
2/11/2021 12:40,0,-1
2/11/2021 12:45,0,-1
2/11/2021 12:50,0,-1
2/11/2021 12:55,0,-1
2/11/2021 13:00,0,-1
2/11/2021 13:05,0,-1
2/11/2021 13:10,0,-1
2/11/2021 13:15,0,-1
2/11/2021 13:20,0,-1
2/11/2021 13:25,0,-1
2/11/2021 13:30,0,-1
2/11/2021 13:35,0,-1
2/11/2021 13:40,0,-1
2/11/2021 13:45,0,-1
2/11/2021 13:50,0,-1
2/11/2021 13:55,0,-1
2/11/2021 14:00,0,-1
2/11/2021 14:05,0,-1
2/11/2021 14:10,0,-1
2/11/2021 14:15,0,-1
2/11/2021 14:20,0,-1
2/11/2021 14:25,0,-1
2/11/2021 14:30,0,-1
2/11/2021 14:35,0,-1
2/11/2021 14:40,0,-1
2/11/2021 14:45,0,-1
2/11/2021 14:50,0,-1
2/11/2021 14:55,0,-1
2/11/2021 15:00,0,-1
2/11/2021 15:05,0,-1
2/11/2021 15:10,0,-1
2/11/2021 15:15,0,-1
2/11/2021 15:20,0,-1
2/11/2021 15:25,0,-1
2/11/2021 15:30,0,-1
2/11/2021 15:35,0,-1
2/11/2021 15:40,0,-1
2/11/2021 15:45,0,-1
2/11/2021 15:50,0,-1
2/11/2021 15:55,0,-1
2/11/2021 16:00,0,-1
2/11/2021 16:05,0,-1
2/11/2021 16:10,0,-1
2/11/2021 16:15,0,-1
2/11/2021 16:20,0,-1
2/11/2021 16:25,0,-1
2/11/2021 16:30,0,-1
2/11/2021 16:35,0,-1
2/11/2021 16:40,0,-1
2/11/2021 16:45,0,-1
2/11/2021 16:50,0,-1
2/11/2021 16:55,0,-1
2/11/2021 17:00,0,-1
2/11/2021 17:05,0,-1
2/11/2021 17:10,0,-1
2/11/2021 17:15,0,-1
2/11/2021 17:20,0,-1
2/11/2021 17:25,0,-1
2/11/2021 17:30,0,-1
2/11/2021 17:35,0,-1
2/11/2021 17:40,0,-1
2/11/2021 17:45,0,-1
2/11/2021 17:50,0,-1
2/11/2021 17:55,0,-1
2/11/2021 18:00,0,-1
2/11/2021 18:05,0,-1
2/11/2021 18:10,0,-1
2/11/2021 18:15,0,-1
2/11/2021 18:20,0,-1
2/11/2021 18:25,0,-1
2/11/2021 18:30,0,-1
2/11/2021 18:35,0,-1
2/11/2021 18:40,0,-1
2/11/2021 18:45,0,-1
2/11/2021 18:50,0,-1
2/11/2021 18:55,0,-1
2/11/2021 19:00,0,-1
2/11/2021 19:05,0,-1
2/11/2021 19:10,0,-1
2/11/2021 19:15,0,-1
2/11/2021 19:20,0,-1
2/11/2021 19:25,0,-1
2/11/2021 19:30,0,-1
2/11/2021 19:35,0,-1
2/11/2021 19:40,0,-1
2/11/2021 19:45,0,-1
2/11/2021 19:50,0,-1
2/11/2021 19:55,0,-1
2/11/2021 20:00,0,0.07448108
2/11/2021 20:05,0,-1
2/11/2021 20:10,0,-1
2/11/2021 20:15,0,-1
2/11/2021 20:20,0,-1
2/11/2021 20:25,0,-1
2/11/2021 20:30,0,-1
2/11/2021 20:35,0,-1
2/11/2021 20:40,0,-1
2/11/2021 20:45,0,-1
2/11/2021 20:50,0,-1
2/11/2021 20:55,0,-1
2/11/2021 21:00,0,-1
2/11/2021 21:05,0,-1
2/11/2021 21:10,0,-1
2/11/2021 21:15,0,-1
2/11/2021 21:20,0,-1
2/11/2021 21:25,0,-1
2/11/2021 21:30,0,-1
2/11/2021 21:35,0,-1
2/11/2021 21:40,0,-1
2/11/2021 21:45,0,-1
2/11/2021 21:50,0,-1
2/11/2021 21:55,0,-1
2/11/2021 22:00,0,-1
2/11/2021 22:05,0,-1
2/11/2021 22:10,0,-1
2/11/2021 22:15,0,-1
2/11/2021 22:20,0,-1
2/11/2021 22:25,0,-1
2/11/2021 22:30,0,-1
2/11/2021 22:35,0,-1
2/11/2021 22:40,0,-1
2/11/2021 22:45,0,-1
2/11/2021 22:50,0,-1
2/11/2021 22:55,0,-1
2/11/2021 23:00,0,-1
2/11/2021 23:05,0,-1
2/11/2021 23:10,0,-1
2/11/2021 23:15,0,-1
2/11/2021 23:20,0,-1
2/11/2021 23:25,0,-1
2/11/2021 23:30,0,-1
2/11/2021 23:35,0,-1
2/11/2021 23:40,0,-1
2/11/2021 23:45,0,-1
2/11/2021 23:50,0,-1
2/11/2021 23:55,0,-1
2/12/2021 0:00,0,-1
2/12/2021 0:05,0,-1
2/12/2021 0:10,0,-1
2/12/2021 0:15,0,-1
2/12/2021 0:20,0,-1
2/12/2021 0:25,0,-1
2/12/2021 0:30,0,-1
2/12/2021 0:35,0,-1
2/12/2021 0:40,0,-1
2/12/2021 0:45,0,-1
2/12/2021 0:50,0,-1
2/12/2021 0:55,0,-1
2/12/2021 1:00,0,-1
2/12/2021 1:05,0,-1
2/12/2021 1:10,0,-1
2/12/2021 1:15,0,-1
2/12/2021 1:20,0,-1
2/12/2021 1:25,0,-1
2/12/2021 1:30,0,-1
2/12/2021 1:35,0,-1
2/12/2021 1:40,0,-1
2/12/2021 1:45,0,-1
2/12/2021 1:50,0,-1
2/12/2021 1:55,0,-1
2/12/2021 2:00,0,-1
2/12/2021 2:05,0,-1
2/12/2021 2:10,0,-1
2/12/2021 2:15,0,-1
2/12/2021 2:20,0,-1
2/12/2021 2:25,0,-1
2/12/2021 2:30,0,-1
2/12/2021 2:35,0,-1
2/12/2021 2:40,0,-1
2/12/2021 2:45,0,-1
2/12/2021 2:50,0,-1
2/12/2021 2:55,0,-1
2/12/2021 3:00,0,-1
2/12/2021 3:05,0,-1
2/12/2021 3:10,0,-1
2/12/2021 3:15,0,-1
2/12/2021 3:20,0,-1
2/12/2021 3:25,0,-1
2/12/2021 3:30,0,-1
2/12/2021 3:35,0,-1
2/12/2021 3:40,0,-1
2/12/2021 3:45,0,-1
2/12/2021 3:50,0,-1
2/12/2021 3:55,0,-1
2/12/2021 4:00,0,-1
2/12/2021 4:05,0,-1
2/12/2021 4:10,0,-1
2/12/2021 4:15,0,-1
2/12/2021 4:20,0,-1
2/12/2021 4:25,0,-1
2/12/2021 4:30,0,-1
2/12/2021 4:35,0,-1
2/12/2021 4:40,0,-1
2/12/2021 4:45,0,-1
2/12/2021 4:50,0,-1
2/12/2021 4:55,0,-1
2/12/2021 5:00,0,-1
2/12/2021 5:05,0,-1
2/12/2021 5:10,0,-1
2/12/2021 5:15,0,-1
2/12/2021 5:20,0,-1
2/12/2021 5:25,0,-1
2/12/2021 5:30,0,-1
2/12/2021 5:35,0,-1
2/12/2021 5:40,0,-1
2/12/2021 5:45,0,-1
2/12/2021 5:50,0,-1
2/12/2021 5:55,0,-1
2/12/2021 6:00,0,-1
2/12/2021 6:05,0,-1
2/12/2021 6:10,0,-1
2/12/2021 6:15,0,-1
2/12/2021 6:20,0,-1
2/12/2021 6:25,0,-1
2/12/2021 6:30,0,-1
2/12/2021 6:35,0,-1
2/12/2021 6:40,0,-1
2/12/2021 6:45,0,-1
2/12/2021 6:50,0,-1
2/12/2021 6:55,0,-1
2/12/2021 7:00,0,-1
2/12/2021 7:05,0,-1
2/12/2021 7:10,0,-1
2/12/2021 7:15,0,-1
2/12/2021 7:20,0,-1
2/12/2021 7:25,0,-1
2/12/2021 7:30,0,-1
2/12/2021 7:35,0,-1
2/12/2021 7:40,0,-1
2/12/2021 7:45,0,-1
2/12/2021 7:50,0,-1
2/12/2021 7:55,0,-1
2/12/2021 8:00,0,-1
2/12/2021 8:05,0,-1
2/12/2021 8:10,0,-1
2/12/2021 8:15,0,-1
2/12/2021 8:20,0,-1
2/12/2021 8:25,0,-1
2/12/2021 8:30,0,-1
2/12/2021 8:35,0,-1
2/12/2021 8:40,0,-1
2/12/2021 8:45,0,-1
2/12/2021 8:50,0,-1
2/12/2021 8:55,0,-1
2/12/2021 9:00,0,-1
2/12/2021 9:05,0,-1
2/12/2021 9:10,0,-1
2/12/2021 9:15,0,-1
2/12/2021 9:20,0,-1
2/12/2021 9:25,0,-1
2/12/2021 9:30,0,-1
2/12/2021 9:35,0,-1
2/12/2021 9:40,0,-1
2/12/2021 9:45,0,-1
2/12/2021 9:50,0,-1
2/12/2021 9:55,0,-1
2/12/2021 10:00,0,-1
2/12/2021 10:05,0,-1
2/12/2021 10:10,0,-1
2/12/2021 10:15,0,-1
2/12/2021 10:20,0,-1
2/12/2021 10:25,0,-1
2/12/2021 10:30,0,-1
2/12/2021 10:35,0,-1
2/12/2021 10:40,0,-1
2/12/2021 10:45,0,-1
2/12/2021 10:50,0,-1
2/12/2021 10:55,0,-1
2/12/2021 11:00,0,-1
2/12/2021 11:05,0,-1
2/12/2021 11:10,0,-1
2/12/2021 11:15,0,-1
2/12/2021 11:20,0,-1
2/12/2021 11:25,0,-1
2/12/2021 11:30,0,-1
2/12/2021 11:35,0,-1
2/12/2021 11:40,0,-1
2/12/2021 11:45,0,-1
2/12/2021 11:50,0,-1
2/12/2021 11:55,0,-1
2/12/2021 12:00,0,-1
2/12/2021 12:05,0,-1
2/12/2021 12:10,0,-1
2/12/2021 12:15,0,-1
2/12/2021 12:20,0,-1
2/12/2021 12:25,0,-1
2/12/2021 12:30,0,-1
2/12/2021 12:35,0,-1
2/12/2021 12:40,0,-1
2/12/2021 12:45,0,-1
2/12/2021 12:50,0,-1
2/12/2021 12:55,0,-1
2/12/2021 13:00,0,-1
2/12/2021 13:05,0,-1
2/12/2021 13:10,0,-1
2/12/2021 13:15,0,-1
2/12/2021 13:20,0,-1
2/12/2021 13:25,0,-1
2/12/2021 13:30,0,-1
2/12/2021 13:35,0,-1
2/12/2021 13:40,0,-1
2/12/2021 13:45,0,-1
2/12/2021 13:50,0,-1
2/12/2021 13:55,0,-1
2/12/2021 14:00,0,-1
2/12/2021 14:05,0,-1
2/12/2021 14:10,0,-1
2/12/2021 14:15,0,-1
2/12/2021 14:20,0,-1
2/12/2021 14:25,0,-1
2/12/2021 14:30,0,-1
2/12/2021 14:35,0,-1
2/12/2021 14:40,0,-1
2/12/2021 14:45,0,-1
2/12/2021 14:50,0,-1
2/12/2021 14:55,0,-1
2/12/2021 15:00,0,-1
2/12/2021 15:05,0,-1
2/12/2021 15:10,0,-1
2/12/2021 15:15,0,-1
2/12/2021 15:20,0,-1
2/12/2021 15:25,0,-1
2/12/2021 15:30,0,-1
2/12/2021 15:35,0,-1
2/12/2021 15:40,0,-1
2/12/2021 15:45,0,-1
2/12/2021 15:50,0,-1
2/12/2021 15:55,0,-1
2/12/2021 16:00,0,-1
2/12/2021 16:05,0,-1
2/12/2021 16:10,0,-1
2/12/2021 16:15,0,-1
2/12/2021 16:20,0,-1
2/12/2021 16:25,0,-1
2/12/2021 16:30,0,-1
2/12/2021 16:35,0,-1
2/12/2021 16:40,0,-1
2/12/2021 16:45,0,-1
2/12/2021 16:50,0,-1
2/12/2021 16:55,0,-1
2/12/2021 17:00,0,-1
2/12/2021 17:05,0,-1
2/12/2021 17:10,0,-1
2/12/2021 17:15,0,-1
2/12/2021 17:20,0,-1
2/12/2021 17:25,0,-1
2/12/2021 17:30,0,-1
2/12/2021 17:35,0,-1
2/12/2021 17:40,0,-1
2/12/2021 17:45,0,-1
2/12/2021 17:50,0,-1
2/12/2021 17:55,0,-1
2/12/2021 18:00,0,-1
2/12/2021 18:05,0,-1
2/12/2021 18:10,0,-1
2/12/2021 18:15,0,-1
2/12/2021 18:20,0,-1
2/12/2021 18:25,0,-1
2/12/2021 18:30,0,-1
2/12/2021 18:35,0,-1
2/12/2021 18:40,0,-1
2/12/2021 18:45,0,-1
2/12/2021 18:50,0,-1
2/12/2021 18:55,0,-1
2/12/2021 19:00,0,-1
2/12/2021 19:05,0,-1
2/12/2021 19:10,0,-1
2/12/2021 19:15,0,-1
2/12/2021 19:20,0,-1
2/12/2021 19:25,0,-1
2/12/2021 19:30,0,-1
2/12/2021 19:35,0,-1
2/12/2021 19:40,0,-1
2/12/2021 19:45,0,-1
2/12/2021 19:50,0,-1
2/12/2021 19:55,0,-1
2/12/2021 20:00,0,-1
2/12/2021 20:05,0,-1
2/12/2021 20:10,0,-1
2/12/2021 20:15,0,-1
2/12/2021 20:20,0,-1
2/12/2021 20:25,0,-1
2/12/2021 20:30,0,-1
2/12/2021 20:35,0,-1
2/12/2021 20:40,0,-1
2/12/2021 20:45,0,-1
2/12/2021 20:50,0,-1
2/12/2021 20:55,0,-1
2/12/2021 21:00,0,-1
2/12/2021 21:05,0,-1
2/12/2021 21:10,0,-1
2/12/2021 21:15,0,-1
2/12/2021 21:20,0,-1
2/12/2021 21:25,0,-1
2/12/2021 21:30,0,-1
2/12/2021 21:35,0,-1
2/12/2021 21:40,0,-1
2/12/2021 21:45,0,-1
2/12/2021 21:50,0,-1
2/12/2021 21:55,0,-1
2/12/2021 22:00,0,-1
2/12/2021 22:05,0,-1
2/12/2021 22:10,0,-1
2/12/2021 22:15,0,-1
2/12/2021 22:20,0,-1
2/12/2021 22:25,0,-1
2/12/2021 22:30,0,-1
2/12/2021 22:35,0,-1
2/12/2021 22:40,0,-1
2/12/2021 22:45,0,-1
2/12/2021 22:50,0,-1
2/12/2021 22:55,0,-1
2/12/2021 23:00,0,-1
2/12/2021 23:05,0,-1
2/12/2021 23:10,0,-1
2/12/2021 23:15,0,-1
2/12/2021 23:20,0,-1
2/12/2021 23:25,0,-1
2/12/2021 23:30,0,-1
2/12/2021 23:35,0,-1
2/12/2021 23:40,0,-1
2/12/2021 23:45,0,-1
2/12/2021 23:50,0,-1
2/12/2021 23:55,0,-1
2/13/2021 0:00,0,-1
2/13/2021 0:05,0,-1
2/13/2021 0:10,0,-1
2/13/2021 0:15,0,-1
2/13/2021 0:20,0,-1
2/13/2021 0:25,0,-1
2/13/2021 0:30,0,-1
2/13/2021 0:35,0,-1
2/13/2021 0:40,0,-1
2/13/2021 0:45,0,-1
2/13/2021 0:50,0,-1
2/13/2021 0:55,0,-1
2/13/2021 1:00,0,-1
2/13/2021 1:05,0,-1
2/13/2021 1:10,0,-1
2/13/2021 1:15,0,-1
2/13/2021 1:20,0,-1
2/13/2021 1:25,0,-1
2/13/2021 1:30,0,-1
2/13/2021 1:35,0,-1
2/13/2021 1:40,0,-1
2/13/2021 1:45,0,-1
2/13/2021 1:50,0,-1
2/13/2021 1:55,0,-1
2/13/2021 2:00,0,-1
2/13/2021 2:05,0,-1
2/13/2021 2:10,0,-1
2/13/2021 2:15,0,-1
2/13/2021 2:20,0,-1
2/13/2021 2:25,0,-1
2/13/2021 2:30,0,-1
2/13/2021 2:35,0,-1
2/13/2021 2:40,0,-1
2/13/2021 2:45,0,-1
2/13/2021 2:50,0,-1
2/13/2021 2:55,0,-1
2/13/2021 3:00,0,-1
2/13/2021 3:05,0,-1
2/13/2021 3:10,0,-1
2/13/2021 3:15,0,-1
2/13/2021 3:20,0,-1
2/13/2021 3:25,0,-1
2/13/2021 3:30,0,-1
2/13/2021 3:35,0,-1
2/13/2021 3:40,0,-1
2/13/2021 3:45,0,-1
2/13/2021 3:50,0,-1
2/13/2021 3:55,0,-1
2/13/2021 4:00,0,-1
2/13/2021 4:05,0,-1
2/13/2021 4:10,0,-1
2/13/2021 4:15,0,-1
2/13/2021 4:20,0,-1
2/13/2021 4:25,0,-1
2/13/2021 4:30,0,-1
2/13/2021 4:35,0,-1
2/13/2021 4:40,0,-1
2/13/2021 4:45,0,-1
2/13/2021 4:50,0,-1
2/13/2021 4:55,0,-1
2/13/2021 5:00,0,-1
2/13/2021 5:05,0,-1
2/13/2021 5:10,0,-1
2/13/2021 5:15,0,-1
2/13/2021 5:20,0,-1
2/13/2021 5:25,0,-1
2/13/2021 5:30,0,-1
2/13/2021 5:35,0,-1
2/13/2021 5:40,0,-1
2/13/2021 5:45,0,-1
2/13/2021 5:50,0,-1
2/13/2021 5:55,0,-1
2/13/2021 6:00,0,-1
2/13/2021 6:05,0,-1
2/13/2021 6:10,0,-1
2/13/2021 6:15,0,-1
2/13/2021 6:20,0,-1
2/13/2021 6:25,0,-1
2/13/2021 6:30,0,-1
2/13/2021 6:35,0,-1
2/13/2021 6:40,0,-1
2/13/2021 6:45,0,-1
2/13/2021 6:50,0,-1
2/13/2021 6:55,0,-1
2/13/2021 7:00,0,-1
2/13/2021 7:05,0,-1
2/13/2021 7:10,0,-1
2/13/2021 7:15,0,-1
2/13/2021 7:20,0,-1
2/13/2021 7:25,0,-1
2/13/2021 7:30,0,-1
2/13/2021 7:35,0,-1
2/13/2021 7:40,0,-1
2/13/2021 7:45,0,-1
2/13/2021 7:50,0,-1
2/13/2021 7:55,0,-1
2/13/2021 8:00,0,-1
2/13/2021 8:05,0,-1
2/13/2021 8:10,0,-1
2/13/2021 8:15,0,-1
2/13/2021 8:20,0,-1
2/13/2021 8:25,0,-1
2/13/2021 8:30,0,-1
2/13/2021 8:35,0,-1
2/13/2021 8:40,0,-1
2/13/2021 8:45,0,-1
2/13/2021 8:50,0,-1
2/13/2021 8:55,0,-1
2/13/2021 9:00,0,-1
2/13/2021 9:05,0,-1
2/13/2021 9:10,0,-1
2/13/2021 9:15,0,-1
2/13/2021 9:20,0,-1
2/13/2021 9:25,0,-1
2/13/2021 9:30,0,-1
2/13/2021 9:35,0,-1
2/13/2021 9:40,0,-1
2/13/2021 9:45,0,-1
2/13/2021 9:50,0,-1
2/13/2021 9:55,0,-1
2/13/2021 10:00,0,-1
2/13/2021 10:05,0,-1
2/13/2021 10:10,0,-1
2/13/2021 10:15,0,-1
2/13/2021 10:20,0,-1
2/13/2021 10:25,0,-1
2/13/2021 10:30,0,-1
2/13/2021 10:35,0,-1
2/13/2021 10:40,0,-1
2/13/2021 10:45,0,-1
2/13/2021 10:50,0,-1
2/13/2021 10:55,0,-1
2/13/2021 11:00,0,-1
2/13/2021 11:05,0,-1
2/13/2021 11:10,0,-1
2/13/2021 11:15,0,-1
2/13/2021 11:20,0,-1
2/13/2021 11:25,0,-1
2/13/2021 11:30,0,-1
2/13/2021 11:35,0,-1
2/13/2021 11:40,0,-1
2/13/2021 11:45,0,-1
2/13/2021 11:50,0,-1
2/13/2021 11:55,0,-1
2/13/2021 12:00,0,-1
2/13/2021 12:05,0,-1
2/13/2021 12:10,0,-1
2/13/2021 12:15,0,-1
2/13/2021 12:20,0,-1
2/13/2021 12:25,0,-1
2/13/2021 12:30,0,-1
2/13/2021 12:35,0,-1
2/13/2021 12:40,0,-1
2/13/2021 12:45,0,-1
2/13/2021 12:50,0,-1
2/13/2021 12:55,0,-1
2/13/2021 13:00,0,-1
2/13/2021 13:05,0,-1
2/13/2021 13:10,0,-1
2/13/2021 13:15,0,-1
2/13/2021 13:20,0,-1
2/13/2021 13:25,0,-1
2/13/2021 13:30,0,-1
2/13/2021 13:35,0,-1
2/13/2021 13:40,0,-1
2/13/2021 13:45,0,-1
2/13/2021 13:50,0,-1
2/13/2021 13:55,0,-1
2/13/2021 14:00,0,-1
2/13/2021 14:05,0,-1
2/13/2021 14:10,0,-1
2/13/2021 14:15,0,-1
2/13/2021 14:20,0,-1
2/13/2021 14:25,0,-1
2/13/2021 14:30,0,-1
2/13/2021 14:35,0,-1
2/13/2021 14:40,0,-1
2/13/2021 14:45,0,-1
2/13/2021 14:50,0,-1
2/13/2021 14:55,0,-1
2/13/2021 15:00,0,-1
2/13/2021 15:05,0,-1
2/13/2021 15:10,0,-1
2/13/2021 15:15,0,-1
2/13/2021 15:20,0,-1
2/13/2021 15:25,0,-1
2/13/2021 15:30,0,-1
2/13/2021 15:35,0,-1
2/13/2021 15:40,0,-1
2/13/2021 15:45,0,-1
2/13/2021 15:50,0,-1
2/13/2021 15:55,0,-1
2/13/2021 16:00,0,-1
2/13/2021 16:05,0,-1
2/13/2021 16:10,0,-1
2/13/2021 16:15,0,-1
2/13/2021 16:20,0,-1
2/13/2021 16:25,0,-1
2/13/2021 16:30,0,-1
2/13/2021 16:35,0,-1
2/13/2021 16:40,0,-1
2/13/2021 16:45,0,-1
2/13/2021 16:50,0,-1
2/13/2021 16:55,0,-1
2/13/2021 17:00,0,-1
2/13/2021 17:05,0,-1
2/13/2021 17:10,0,-1
2/13/2021 17:15,0,-1
2/13/2021 17:20,0,-1
2/13/2021 17:25,0,-1
2/13/2021 17:30,0,-1
2/13/2021 17:35,0,-1
2/13/2021 17:40,0,-1
2/13/2021 17:45,0,-1
2/13/2021 17:50,0,-1
2/13/2021 17:55,0,-1
2/13/2021 18:00,0,-1
2/13/2021 18:05,0,-1
2/13/2021 18:10,0,-1
2/13/2021 18:15,0,-1
2/13/2021 18:20,0,-1
2/13/2021 18:25,0,-1
2/13/2021 18:30,0,-1
2/13/2021 18:35,0,-1
2/13/2021 18:40,0,-1
2/13/2021 18:45,0,-1
2/13/2021 18:50,0,-1
2/13/2021 18:55,0,-1
2/13/2021 19:00,0,-1
2/13/2021 19:05,0,-1
2/13/2021 19:10,0,-1
2/13/2021 19:15,0,-1
2/13/2021 19:20,0,-1
2/13/2021 19:25,0,-1
2/13/2021 19:30,0,-1
2/13/2021 19:35,0,-1
2/13/2021 19:40,0,-1
2/13/2021 19:45,0,-1
2/13/2021 19:50,0,-1
2/13/2021 19:55,0,-1
2/13/2021 20:00,0,-1
2/13/2021 20:05,0,-1
2/13/2021 20:10,0,-1
2/13/2021 20:15,0,-1
2/13/2021 20:20,0,-1
2/13/2021 20:25,0,-1
2/13/2021 20:30,0,-1
2/13/2021 20:35,0,-1
2/13/2021 20:40,0,-1
2/13/2021 20:45,0,-1
2/13/2021 20:50,0,-1
2/13/2021 20:55,0,-1
2/13/2021 21:00,0,-1
2/13/2021 21:05,0,-1
2/13/2021 21:10,0,-1
2/13/2021 21:15,0,-1
2/13/2021 21:20,0,-1
2/13/2021 21:25,0,-1
2/13/2021 21:30,0,-1
2/13/2021 21:35,0,-1
2/13/2021 21:40,0,-1
2/13/2021 21:45,0,-1
2/13/2021 21:50,0,-1
2/13/2021 21:55,0,-1
2/13/2021 22:00,0,-1
2/13/2021 22:05,0,-1
2/13/2021 22:10,0,-1
2/13/2021 22:15,0,-1
2/13/2021 22:20,0,-1
2/13/2021 22:25,0,-1
2/13/2021 22:30,0,-1
2/13/2021 22:35,0,-1
2/13/2021 22:40,0,-1
2/13/2021 22:45,0,-1
2/13/2021 22:50,0,-1
2/13/2021 22:55,0,-1
2/13/2021 23:00,0,-1
2/13/2021 23:05,0,-1
2/13/2021 23:10,0,-1
2/13/2021 23:15,0,-1
2/13/2021 23:20,0,-1
2/13/2021 23:25,0,-1
2/13/2021 23:30,0,-1
2/13/2021 23:35,0,-1
2/13/2021 23:40,0,-1
2/13/2021 23:45,0,-1
2/13/2021 23:50,0,-1
2/13/2021 23:55,0,-1
2/14/2021 0:00,0,-1
2/14/2021 0:05,0,-1
2/14/2021 0:10,0,-1
2/14/2021 0:15,0,-1
2/14/2021 0:20,0,-1
2/14/2021 0:25,0,-1
2/14/2021 0:30,0,-1
2/14/2021 0:35,0,-1
2/14/2021 0:40,0,-1
2/14/2021 0:45,0,-1
2/14/2021 0:50,0,-1
2/14/2021 0:55,0,-1
2/14/2021 1:00,0,-1
2/14/2021 1:05,0,-1
2/14/2021 1:10,0,-1
2/14/2021 1:15,0,-1
2/14/2021 1:20,0,-1
2/14/2021 1:25,0,-1
2/14/2021 1:30,0,-1
2/14/2021 1:35,0,-1
2/14/2021 1:40,0,-1
2/14/2021 1:45,0,-1
2/14/2021 1:50,0,-1
2/14/2021 1:55,0,-1
2/14/2021 2:00,0,-1
2/14/2021 2:05,0,-1
2/14/2021 2:10,0,-1
2/14/2021 2:15,0,-1
2/14/2021 2:20,0,-1
2/14/2021 2:25,0,-1
2/14/2021 2:30,0,-1
2/14/2021 2:35,0,-1
2/14/2021 2:40,0,-1
2/14/2021 2:45,0,-1
2/14/2021 2:50,0,-1
2/14/2021 2:55,0,-1
2/14/2021 3:00,0,-1
2/14/2021 3:05,0,-1
2/14/2021 3:10,0,-1
2/14/2021 3:15,0,-1
2/14/2021 3:20,0,-1
2/14/2021 3:25,0,-1
2/14/2021 3:30,0,-1
2/14/2021 3:35,0,-1
2/14/2021 3:40,0,-1
2/14/2021 3:45,0,-1
2/14/2021 3:50,0,-1
2/14/2021 3:55,0,-1
2/14/2021 4:00,0,-1
2/14/2021 4:05,0,-1
2/14/2021 4:10,0,-1
2/14/2021 4:15,0,-1
2/14/2021 4:20,0,-1
2/14/2021 4:25,0,-1
2/14/2021 4:30,0,-1
2/14/2021 4:35,0,-1
2/14/2021 4:40,0,-1
2/14/2021 4:45,0,-1
2/14/2021 4:50,0,-1
2/14/2021 4:55,0,-1
2/14/2021 5:00,0,-1
2/14/2021 5:05,0,-1
2/14/2021 5:10,0,-1
2/14/2021 5:15,0,-1
2/14/2021 5:20,0,-1
2/14/2021 5:25,0,-1
2/14/2021 5:30,0,-1
2/14/2021 5:35,0,-1
2/14/2021 5:40,0,-1
2/14/2021 5:45,0,-1
2/14/2021 5:50,0,-1
2/14/2021 5:55,0,-1
2/14/2021 6:00,0,-1
2/14/2021 6:05,0,-1
2/14/2021 6:10,0,-1
2/14/2021 6:15,0,-1
2/14/2021 6:20,0,-1
2/14/2021 6:25,0,-1
2/14/2021 6:30,0,-1
2/14/2021 6:35,0,-1
2/14/2021 6:40,0,-1
2/14/2021 6:45,0,-1
2/14/2021 6:50,0,-1
2/14/2021 6:55,0,-1
2/14/2021 7:00,0,-1
2/14/2021 7:05,0,-1
2/14/2021 7:10,0,-1
2/14/2021 7:15,0,-1
2/14/2021 7:20,0,-1
2/14/2021 7:25,0,-1
2/14/2021 7:30,0,-1
2/14/2021 7:35,0,-1
2/14/2021 7:40,0,-1
2/14/2021 7:45,0,-1
2/14/2021 7:50,0,-1
2/14/2021 7:55,0,-1
2/14/2021 8:00,0,-1
2/14/2021 8:05,0,-1
2/14/2021 8:10,0,-1
2/14/2021 8:15,0,-1
2/14/2021 8:20,0,-1
2/14/2021 8:25,0,-1
2/14/2021 8:30,0,-1
2/14/2021 8:35,0,-1
2/14/2021 8:40,0,-1
2/14/2021 8:45,0,-1
2/14/2021 8:50,0,-1
2/14/2021 8:55,0,-1
2/14/2021 9:00,0,-1
2/14/2021 9:05,0,-1
2/14/2021 9:10,0,-1
2/14/2021 9:15,0,-1
2/14/2021 9:20,0,-1
2/14/2021 9:25,0,-1
2/14/2021 9:30,0,-1
2/14/2021 9:35,0,-1
2/14/2021 9:40,0,-1
2/14/2021 9:45,0,-1
2/14/2021 9:50,0,-1
2/14/2021 9:55,0,-1
2/14/2021 10:00,0,-1
2/14/2021 10:05,0,-1
2/14/2021 10:10,0,-1
2/14/2021 10:15,0,-1
2/14/2021 10:20,0,-1
2/14/2021 10:25,0,-1
2/14/2021 10:30,0,-1
2/14/2021 10:35,0,-1
2/14/2021 10:40,0,-1
2/14/2021 10:45,0,-1
2/14/2021 10:50,0,-1
2/14/2021 10:55,0,-1
2/14/2021 11:00,0,-1
2/14/2021 11:05,0,-1
2/14/2021 11:10,0,-1
2/14/2021 11:15,0,-1
2/14/2021 11:20,0,-1
2/14/2021 11:25,0,-1
2/14/2021 11:30,0,-1
2/14/2021 11:35,0,-1
2/14/2021 11:40,0,-1
2/14/2021 11:45,0,-1
2/14/2021 11:50,0,-1
2/14/2021 11:55,0,-1
2/14/2021 12:00,0,-1
2/14/2021 12:05,0,-1
2/14/2021 12:10,0,-1
2/14/2021 12:15,0,-1
2/14/2021 12:20,0,-1
2/14/2021 12:25,0,-1
2/14/2021 12:30,0,-1
2/14/2021 12:35,0,-1
2/14/2021 12:40,0,-1
2/14/2021 12:45,0,-1
2/14/2021 12:50,0,-1
2/14/2021 12:55,0,-1
2/14/2021 13:00,0,-1
2/14/2021 13:05,0,-1
2/14/2021 13:10,0,-1
2/14/2021 13:15,0,-1
2/14/2021 13:20,0,-1
2/14/2021 13:25,0,-1
2/14/2021 13:30,0,-1
2/14/2021 13:35,0,-1
2/14/2021 13:40,0,-1
2/14/2021 13:45,0,-1
2/14/2021 13:50,0,-1
2/14/2021 13:55,0,-1
2/14/2021 14:00,0,-1
2/14/2021 14:05,0,-1
2/14/2021 14:10,0,-1
2/14/2021 14:15,0,-1
2/14/2021 14:20,0,-1
2/14/2021 14:25,0,-1
2/14/2021 14:30,0,-1
2/14/2021 14:35,0,-1
2/14/2021 14:40,0,-1
2/14/2021 14:45,0,-1
2/14/2021 14:50,0,-1
2/14/2021 14:55,0,-1
2/14/2021 15:00,0,-1
2/14/2021 15:05,0,-1
2/14/2021 15:10,0,-1
2/14/2021 15:15,0,-1
2/14/2021 15:20,0,-1
2/14/2021 15:25,0,-1
2/14/2021 15:30,0,-1
2/14/2021 15:35,0,-1
2/14/2021 15:40,0,-1
2/14/2021 15:45,0,-1
2/14/2021 15:50,0,-1
2/14/2021 15:55,0,-1
2/14/2021 16:00,0,-1
2/14/2021 16:05,0,-1
2/14/2021 16:10,0,-1
2/14/2021 16:15,0,-1
2/14/2021 16:20,0,-1
2/14/2021 16:25,0,-1
2/14/2021 16:30,0,-1
2/14/2021 16:35,0,-1
2/14/2021 16:40,0,-1
2/14/2021 16:45,0,-1
2/14/2021 16:50,0,-1
2/14/2021 16:55,0,-1
2/14/2021 17:00,0,-1
2/14/2021 17:05,0,-1
2/14/2021 17:10,0,-1
2/14/2021 17:15,0,-1
2/14/2021 17:20,0,-1
2/14/2021 17:25,0,-1
2/14/2021 17:30,0,-1
2/14/2021 17:35,0,-1
2/14/2021 17:40,0,-1
2/14/2021 17:45,0,-1
2/14/2021 17:50,0,-1
2/14/2021 17:55,0,-1
2/14/2021 18:00,0,-1
2/14/2021 18:05,0,-1
2/14/2021 18:10,0,-1
2/14/2021 18:15,0,-1
2/14/2021 18:20,0,-1
2/14/2021 18:25,0,-1
2/14/2021 18:30,0,-1
2/14/2021 18:35,0,-1
2/14/2021 18:40,0,-1
2/14/2021 18:45,0,-1
2/14/2021 18:50,0,-1
2/14/2021 18:55,0,-1
2/14/2021 19:00,0,-1
2/14/2021 19:05,0,-1
2/14/2021 19:10,0,-1
2/14/2021 19:15,0,-1
2/14/2021 19:20,0,-1
2/14/2021 19:25,0,-1
2/14/2021 19:30,0,-1
2/14/2021 19:35,0,-1
2/14/2021 19:40,0,-1
2/14/2021 19:45,0,-1
2/14/2021 19:50,0,-1
2/14/2021 19:55,0,-1
2/14/2021 20:00,0,-1
2/14/2021 20:05,0,-1
2/14/2021 20:10,0,-1
2/14/2021 20:15,0,-1
2/14/2021 20:20,0,-1
2/14/2021 20:25,0,-1
2/14/2021 20:30,0,-1
2/14/2021 20:35,0,-1
2/14/2021 20:40,0,-1
2/14/2021 20:45,0,-1
2/14/2021 20:50,0,-1
2/14/2021 20:55,0,-1
2/14/2021 21:00,0,-1
2/14/2021 21:05,0,-1
2/14/2021 21:10,0,-1
2/14/2021 21:15,0,-1
2/14/2021 21:20,0,-1
2/14/2021 21:25,0,-1
2/14/2021 21:30,0,-1
2/14/2021 21:35,0,-1
2/14/2021 21:40,0,-1
2/14/2021 21:45,0,-1
2/14/2021 21:50,0,-1
2/14/2021 21:55,0,-1
2/14/2021 22:00,0,-1
2/14/2021 22:05,0,-1
2/14/2021 22:10,0,-1
2/14/2021 22:15,0,-1
2/14/2021 22:20,0,-1
2/14/2021 22:25,0,-1
2/14/2021 22:30,0,-1
2/14/2021 22:35,0,-1
2/14/2021 22:40,0,-1
2/14/2021 22:45,0,-1
2/14/2021 22:50,0,-1
2/14/2021 22:55,0,-1
2/14/2021 23:00,0,-1
2/14/2021 23:05,0,-1
2/14/2021 23:10,0,-1
2/14/2021 23:15,0,-1
2/14/2021 23:20,0,-1
2/14/2021 23:25,0,-1
2/14/2021 23:30,0,-1
2/14/2021 23:35,0,-1
2/14/2021 23:40,0,-1
2/14/2021 23:45,0,-1
2/14/2021 23:50,0,-1
2/14/2021 23:55,0,-1
2/15/2021 0:00,0,-1
2/15/2021 0:05,0,-1
2/15/2021 0:10,0,-1
2/15/2021 0:15,0,-1
2/15/2021 0:20,0,-1
2/15/2021 0:25,0,-1
2/15/2021 0:30,0,-1
2/15/2021 0:35,0,-1
2/15/2021 0:40,0,-1
2/15/2021 0:45,0,-1
2/15/2021 0:50,0,-1
2/15/2021 0:55,0,-1
2/15/2021 1:00,0,-1
2/15/2021 1:05,0,-1
2/15/2021 1:10,0,-1
2/15/2021 1:15,0,-1
2/15/2021 1:20,0,-1
2/15/2021 1:25,0,-1
2/15/2021 1:30,0,-1
2/15/2021 1:35,0,-1
2/15/2021 1:40,0,-1
2/15/2021 1:45,0,-1
2/15/2021 1:50,0,-1
2/15/2021 1:55,0,-1
2/15/2021 2:00,0,-1
2/15/2021 2:05,0,-1
2/15/2021 2:10,0,-1
2/15/2021 2:15,0,-1
2/15/2021 2:20,0,-1
2/15/2021 2:25,0,-1
2/15/2021 2:30,0,-1
2/15/2021 2:35,0,-1
2/15/2021 2:40,0,-1
2/15/2021 2:45,0,-1
2/15/2021 2:50,0,-1
2/15/2021 2:55,0,-1
2/15/2021 3:00,0,-1
2/15/2021 3:05,0,-1
2/15/2021 3:10,0,-1
2/15/2021 3:15,0,-1
2/15/2021 3:20,0,-1
2/15/2021 3:25,0,-1
2/15/2021 3:30,0,-1
2/15/2021 3:35,0,-1
2/15/2021 3:40,0,-1
2/15/2021 3:45,0,-1
2/15/2021 3:50,0,-1
2/15/2021 3:55,0,-1
2/15/2021 4:00,0,-1
2/15/2021 4:05,0,-1
2/15/2021 4:10,0,-1
2/15/2021 4:15,0,-1
2/15/2021 4:20,0,-1
2/15/2021 4:25,0,-1
2/15/2021 4:30,0,-1
2/15/2021 4:35,0,-1
2/15/2021 4:40,0,-1
2/15/2021 4:45,0,-1
2/15/2021 4:50,0,-1
2/15/2021 4:55,0,-1
2/15/2021 5:00,0,-1
2/15/2021 5:05,0,-1
2/15/2021 5:10,0,-1
2/15/2021 5:15,0,-1
2/15/2021 5:20,0,-1
2/15/2021 5:25,0,-1
2/15/2021 5:30,0,-1
2/15/2021 5:35,0,-1
2/15/2021 5:40,0,-1
2/15/2021 5:45,0,-1
2/15/2021 5:50,0,-1
2/15/2021 5:55,0,-1
2/15/2021 6:00,0,-1
2/15/2021 6:05,0,-1
2/15/2021 6:10,0,-1
2/15/2021 6:15,0,-1
2/15/2021 6:20,0,-1
2/15/2021 6:25,0,-1
2/15/2021 6:30,0,-1
2/15/2021 6:35,0,-1
2/15/2021 6:40,0,-1
2/15/2021 6:45,0,-1
2/15/2021 6:50,0,-1
2/15/2021 6:55,0,-1
2/15/2021 7:00,0,-1
2/15/2021 7:05,0,-1
2/15/2021 7:10,0,-1
2/15/2021 7:15,0,-1
2/15/2021 7:20,0,-1
2/15/2021 7:25,0,-1
2/15/2021 7:30,0,-1
2/15/2021 7:35,0,-1
2/15/2021 7:40,0,-1
2/15/2021 7:45,0,-1
2/15/2021 7:50,0,-1
2/15/2021 7:55,0,-1
2/15/2021 8:00,0,-1
2/15/2021 8:05,0,-1
2/15/2021 8:10,0,-1
2/15/2021 8:15,0,-1
2/15/2021 8:20,0,-1
2/15/2021 8:25,0,-1
2/15/2021 8:30,0,-1
2/15/2021 8:35,0,-1
2/15/2021 8:40,0,-1
2/15/2021 8:45,0,-1
2/15/2021 8:50,0,-1
2/15/2021 8:55,0,-1
2/15/2021 9:00,0,-1
2/15/2021 9:05,0,-1
2/15/2021 9:10,0,-1
2/15/2021 9:15,0,-1
2/15/2021 9:20,0,-1
2/15/2021 9:25,0,-1
2/15/2021 9:30,0,-1
2/15/2021 9:35,0,-1
2/15/2021 9:40,0,-1
2/15/2021 9:45,0,-1
2/15/2021 9:50,0,-1
2/15/2021 9:55,0,-1
2/15/2021 10:00,0,-1
2/15/2021 10:05,0,-1
2/15/2021 10:10,0,-1
2/15/2021 10:15,0,-1
2/15/2021 10:20,0,-1
2/15/2021 10:25,0,-1
2/15/2021 10:30,0,-1
2/15/2021 10:35,0,-1
2/15/2021 10:40,0,-1
2/15/2021 10:45,0,-1
2/15/2021 10:50,0,-1
2/15/2021 10:55,0,-1
2/15/2021 11:00,0,-1
2/15/2021 11:05,0,-1
2/15/2021 11:10,0,-1
2/15/2021 11:15,0,-1
2/15/2021 11:20,0,-1
2/15/2021 11:25,0,-1
2/15/2021 11:30,0,-1
2/15/2021 11:35,0,-1
2/15/2021 11:40,0,-1
2/15/2021 11:45,0,-1
2/15/2021 11:50,0,-1
2/15/2021 11:55,0,-1
2/15/2021 12:00,0,-1
2/15/2021 12:05,0,-1
2/15/2021 12:10,0,-1
2/15/2021 12:15,0,-1
2/15/2021 12:20,0,-1
2/15/2021 12:25,0,-1
2/15/2021 12:30,0,-1
2/15/2021 12:35,0,-1
2/15/2021 12:40,0,-1
2/15/2021 12:45,0,-1
2/15/2021 12:50,0,-1
2/15/2021 12:55,0,-1
2/15/2021 13:00,0,-1
2/15/2021 13:05,0,-1
2/15/2021 13:10,0,-1
2/15/2021 13:15,0,-1
2/15/2021 13:20,0,-1
2/15/2021 13:25,0,-1
2/15/2021 13:30,0,-1
2/15/2021 13:35,0,-1
2/15/2021 13:40,0,-1
2/15/2021 13:45,0,-1
2/15/2021 13:50,0,-1
2/15/2021 13:55,0,-1
2/15/2021 14:00,0,-1
2/15/2021 14:05,0,-1
2/15/2021 14:10,0,-1
2/15/2021 14:15,0,-1
2/15/2021 14:20,0,-1
2/15/2021 14:25,0,-1
2/15/2021 14:30,0,-1
2/15/2021 14:35,0,-1
2/15/2021 14:40,0,-1
2/15/2021 14:45,0,-1
2/15/2021 14:50,0,-1
2/15/2021 14:55,0,-1
2/15/2021 15:00,0,-1
2/15/2021 15:05,0,-1
2/15/2021 15:10,0,-1
2/15/2021 15:15,0,-1
2/15/2021 15:20,0,-1
2/15/2021 15:25,0,-1
2/15/2021 15:30,0,-1
2/15/2021 15:35,0,-1
2/15/2021 15:40,0,-1
2/15/2021 15:45,0,-1
2/15/2021 15:50,0,-1
2/15/2021 15:55,0,-1
2/15/2021 16:00,0,-1
2/15/2021 16:05,0,-1
2/15/2021 16:10,0,-1
2/15/2021 16:15,0,-1
2/15/2021 16:20,0,-1
2/15/2021 16:25,0,-1
2/15/2021 16:30,0,-1
2/15/2021 16:35,0,-1
2/15/2021 16:40,0,-1
2/15/2021 16:45,0,-1
2/15/2021 16:50,0,-1
2/15/2021 16:55,0,-1
2/15/2021 17:00,0,-1
2/15/2021 17:05,0,-1
2/15/2021 17:10,0,-1
2/15/2021 17:15,0,-1
2/15/2021 17:20,0,-1
2/15/2021 17:25,0,-1
2/15/2021 17:30,0,-1
2/15/2021 17:35,0,-1
2/15/2021 17:40,0,-1
2/15/2021 17:45,0,-1
2/15/2021 17:50,0,-1
2/15/2021 17:55,0,-1
2/15/2021 18:00,0,-1
2/15/2021 18:05,0,-1
2/15/2021 18:10,0,-1
2/15/2021 18:15,0,-1
2/15/2021 18:20,0,-1
2/15/2021 18:25,0,-1
2/15/2021 18:30,0,-1
2/15/2021 18:35,0,-1
2/15/2021 18:40,0,-1
2/15/2021 18:45,0,-1
2/15/2021 18:50,0,-1
2/15/2021 18:55,0,-1
2/15/2021 19:00,0,-1
2/15/2021 19:05,0,-1
2/15/2021 19:10,0,-1
2/15/2021 19:15,0,-1
2/15/2021 19:20,0,-1
2/15/2021 19:25,0,-1
2/15/2021 19:30,0,-1
2/15/2021 19:35,0,-1
2/15/2021 19:40,0,-1
2/15/2021 19:45,0,-1
2/15/2021 19:50,0,-1
2/15/2021 19:55,0,-1
2/15/2021 20:00,0,-1
2/15/2021 20:05,0,-1
2/15/2021 20:10,0,-1
2/15/2021 20:15,0,-1
2/15/2021 20:20,0,-1
2/15/2021 20:25,0,-1
2/15/2021 20:30,0,-1
2/15/2021 20:35,0,-1
2/15/2021 20:40,0,-1
2/15/2021 20:45,0,-1
2/15/2021 20:50,0,-1
2/15/2021 20:55,0,-1
2/15/2021 21:00,0,-1
2/15/2021 21:05,0,-1
2/15/2021 21:10,0,-1
2/15/2021 21:15,0,-1
2/15/2021 21:20,0,-1
2/15/2021 21:25,0,-1
2/15/2021 21:30,0,-1
2/15/2021 21:35,0,-1
2/15/2021 21:40,0,-1
2/15/2021 21:45,0,-1
2/15/2021 21:50,0,-1
2/15/2021 21:55,0,-1
2/15/2021 22:00,0,-1
2/15/2021 22:05,0,-1
2/15/2021 22:10,0,-1
2/15/2021 22:15,0,-1
2/15/2021 22:20,0,-1
2/15/2021 22:25,0,-1
2/15/2021 22:30,0,-1
2/15/2021 22:35,0,-1
2/15/2021 22:40,0,-1
2/15/2021 22:45,0,-1
2/15/2021 22:50,0,-1
2/15/2021 22:55,0,-1
2/15/2021 23:00,0,-1
2/15/2021 23:05,0,-1
2/15/2021 23:10,0,-1
2/15/2021 23:15,0,-1
2/15/2021 23:20,0,-1
2/15/2021 23:25,0,-1
2/15/2021 23:30,0,-1
2/15/2021 23:35,0,-1
2/15/2021 23:40,0,-1
2/15/2021 23:45,0,-1
2/15/2021 23:50,0,-1
2/15/2021 23:55,0,-1
2/16/2021 0:00,0,-1
2/16/2021 0:05,0,-1
2/16/2021 0:10,0,-1
2/16/2021 0:15,0,-1
2/16/2021 0:20,0,-1
2/16/2021 0:25,0,-1
2/16/2021 0:30,0,-1
2/16/2021 0:35,0,-1
2/16/2021 0:40,0,-1
2/16/2021 0:45,0,-1
2/16/2021 0:50,0,-1
2/16/2021 0:55,0,-1
2/16/2021 1:00,0,-1
2/16/2021 1:05,0,-1
2/16/2021 1:10,0,-1
2/16/2021 1:15,0,-1
2/16/2021 1:20,0,-1
2/16/2021 1:25,0,-1
2/16/2021 1:30,0,-1
2/16/2021 1:35,0,-1
2/16/2021 1:40,0,-1
2/16/2021 1:45,0,-1
2/16/2021 1:50,0,-1
2/16/2021 1:55,0,-1
2/16/2021 2:00,0,-1
2/16/2021 2:05,0,-1
2/16/2021 2:10,0,-1
2/16/2021 2:15,0,-1
2/16/2021 2:20,0,-1
2/16/2021 2:25,0,-1
2/16/2021 2:30,0,-1
2/16/2021 2:35,0,-1
2/16/2021 2:40,0,-1
2/16/2021 2:45,0,-1
2/16/2021 2:50,0,-1
2/16/2021 2:55,0,-1
2/16/2021 3:00,0,-1
2/16/2021 3:05,0,-1
2/16/2021 3:10,0,-1
2/16/2021 3:15,0,-1
2/16/2021 3:20,0,-1
2/16/2021 3:25,0,-1
2/16/2021 3:30,0,-1
2/16/2021 3:35,0,-1
2/16/2021 3:40,0,-1
2/16/2021 3:45,0,-1
2/16/2021 3:50,0,-1
2/16/2021 3:55,0,-1
2/16/2021 4:00,0,-1
2/16/2021 4:05,0,-1
2/16/2021 4:10,0,-1
2/16/2021 4:15,0,-1
2/16/2021 4:20,0,-1
2/16/2021 4:25,0,-1
2/16/2021 4:30,0,-1
2/16/2021 4:35,0,-1
2/16/2021 4:40,0,-1
2/16/2021 4:45,0,-1
2/16/2021 4:50,0,-1
2/16/2021 4:55,0,-1
2/16/2021 5:00,0,-1
2/16/2021 5:05,0,-1
2/16/2021 5:10,0,-1
2/16/2021 5:15,0,-1
2/16/2021 5:20,0,-1
2/16/2021 5:25,0,-1
2/16/2021 5:30,0,-1
2/16/2021 5:35,0,-1
2/16/2021 5:40,0,-1
2/16/2021 5:45,0,-1
2/16/2021 5:50,0,-1
2/16/2021 5:55,0,-1
2/16/2021 6:00,0,-1
2/16/2021 6:05,0,-1
2/16/2021 6:10,0,-1
2/16/2021 6:15,0,-1
2/16/2021 6:20,0,-1
2/16/2021 6:25,0,-1
2/16/2021 6:30,0,-1
2/16/2021 6:35,0,-1
2/16/2021 6:40,0,-1
2/16/2021 6:45,0,-1
2/16/2021 6:50,0,-1
2/16/2021 6:55,0,-1
2/16/2021 7:00,0,-1
2/16/2021 7:05,0,-1
2/16/2021 7:10,0,-1
2/16/2021 7:15,0,-1
2/16/2021 7:20,0,-1
2/16/2021 7:25,0,-1
2/16/2021 7:30,0,-1
2/16/2021 7:35,0,-1
2/16/2021 7:40,0,-1
2/16/2021 7:45,0,-1
2/16/2021 7:50,0,-1
2/16/2021 7:55,0,-1
2/16/2021 8:00,0,-1
2/16/2021 8:05,0,-1
2/16/2021 8:10,0,-1
2/16/2021 8:15,0,-1
2/16/2021 8:20,0,-1
2/16/2021 8:25,0,-1
2/16/2021 8:30,0,-1
2/16/2021 8:35,0,-1
2/16/2021 8:40,0,-1
2/16/2021 8:45,0,-1
2/16/2021 8:50,0,-1
2/16/2021 8:55,0,-1
2/16/2021 9:00,0,-1
2/16/2021 9:05,0,-1
2/16/2021 9:10,0,-1
2/16/2021 9:15,0,-1
2/16/2021 9:20,0,-1
2/16/2021 9:25,0,-1
2/16/2021 9:30,0,-1
2/16/2021 9:35,0,-1
2/16/2021 9:40,0,-1
2/16/2021 9:45,0,-1
2/16/2021 9:50,0,-1
2/16/2021 9:55,0,-1
2/16/2021 10:00,0,-1
2/16/2021 10:05,0,-1
2/16/2021 10:10,0,-1
2/16/2021 10:15,0,-1
2/16/2021 10:20,0,-1
2/16/2021 10:25,0,-1
2/16/2021 10:30,0,-1
2/16/2021 10:35,0,-1
2/16/2021 10:40,0,-1
2/16/2021 10:45,0,-1
2/16/2021 10:50,0,-1
2/16/2021 10:55,0,-1
2/16/2021 11:00,0,-1
2/16/2021 11:05,0,-1
2/16/2021 11:10,0,-1
2/16/2021 11:15,0,-1
2/16/2021 11:20,0,-1
2/16/2021 11:25,0,-1
2/16/2021 11:30,0,-1
2/16/2021 11:35,0,-1
2/16/2021 11:40,0,-1
2/16/2021 11:45,0,-1
2/16/2021 11:50,0,-1
2/16/2021 11:55,0,-1
2/16/2021 12:00,0,-1
2/16/2021 12:05,0,-1
2/16/2021 12:10,0,-1
2/16/2021 12:15,0,-1
2/16/2021 12:20,0,-1
2/16/2021 12:25,0,-1
2/16/2021 12:30,0,-1
2/16/2021 12:35,0,-1
2/16/2021 12:40,0,-1
2/16/2021 12:45,0,-1
2/16/2021 12:50,0,-1
2/16/2021 12:55,0,-1
2/16/2021 13:00,0,-1
2/16/2021 13:05,0,-1
2/16/2021 13:10,0,-1
2/16/2021 13:15,0,-1
2/16/2021 13:20,0,-1
2/16/2021 13:25,0,-1
2/16/2021 13:30,0,-1
2/16/2021 13:35,0,-1
2/16/2021 13:40,0,-1
2/16/2021 13:45,0,-1
2/16/2021 13:50,0,-1
2/16/2021 13:55,0,-1
2/16/2021 14:00,0,-1
2/16/2021 14:05,0,-1
2/16/2021 14:10,0,-1
2/16/2021 14:15,0,-1
2/16/2021 14:20,0,-1
2/16/2021 14:25,0,-1
2/16/2021 14:30,0,-1
2/16/2021 14:35,0,-1
2/16/2021 14:40,0,-1
2/16/2021 14:45,0,-1
2/16/2021 14:50,0,-1
2/16/2021 14:55,0,-1
2/16/2021 15:00,0,-1
2/16/2021 15:05,0,-1
2/16/2021 15:10,0,-1
2/16/2021 15:15,0,-1
2/16/2021 15:20,0,-1
2/16/2021 15:25,0,-1
2/16/2021 15:30,0,-1
2/16/2021 15:35,0,-1
2/16/2021 15:40,0,-1
2/16/2021 15:45,0,-1
2/16/2021 15:50,0,-1
2/16/2021 15:55,0,-1
2/16/2021 16:00,0,-1
2/16/2021 16:05,0,-1
2/16/2021 16:10,0,-1
2/16/2021 16:15,0,-1
2/16/2021 16:20,0,-1
2/16/2021 16:25,0,-1
2/16/2021 16:30,0,-1
2/16/2021 16:35,0,-1
2/16/2021 16:40,0,-1
2/16/2021 16:45,0,-1
2/16/2021 16:50,0,-1
2/16/2021 16:55,0,-1
2/16/2021 17:00,0,-1
2/16/2021 17:05,0,-1
2/16/2021 17:10,0,-1
2/16/2021 17:15,0,-1
2/16/2021 17:20,0,-1
2/16/2021 17:25,0,-1
2/16/2021 17:30,0,-1
2/16/2021 17:35,0,-1
2/16/2021 17:40,0,-1
2/16/2021 17:45,0,-1
2/16/2021 17:50,0,-1
2/16/2021 17:55,0,-1
2/16/2021 18:00,0,-1
2/16/2021 18:05,0,-1
2/16/2021 18:10,0,-1
2/16/2021 18:15,0,-1
2/16/2021 18:20,0,-1
2/16/2021 18:25,0,-1
2/16/2021 18:30,0,-1
2/16/2021 18:35,0,-1
2/16/2021 18:40,0,-1
2/16/2021 18:45,0,-1
2/16/2021 18:50,0,-1
2/16/2021 18:55,0,-1
2/16/2021 19:00,0,-1
2/16/2021 19:05,0,-1
2/16/2021 19:10,0,-1
2/16/2021 19:15,0,-1
2/16/2021 19:20,0,-1
2/16/2021 19:25,0,-1
2/16/2021 19:30,0,-1
2/16/2021 19:35,0,-1
2/16/2021 19:40,0,-1
2/16/2021 19:45,0,-1
2/16/2021 19:50,0,-1
2/16/2021 19:55,0,-1
2/16/2021 20:00,0,-1
2/16/2021 20:05,0,-1
2/16/2021 20:10,0,-1
2/16/2021 20:15,0,-1
2/16/2021 20:20,0,-1
2/16/2021 20:25,0,-1
2/16/2021 20:30,0,-1
2/16/2021 20:35,0,-1
2/16/2021 20:40,0,-1
2/16/2021 20:45,0,-1
2/16/2021 20:50,0,-1
2/16/2021 20:55,0,-1
2/16/2021 21:00,0,-1
2/16/2021 21:05,0,-1
2/16/2021 21:10,0,-1
2/16/2021 21:15,0,-1
2/16/2021 21:20,0,-1
2/16/2021 21:25,0,-1
2/16/2021 21:30,0,-1
2/16/2021 21:35,0,-1
2/16/2021 21:40,0,-1
2/16/2021 21:45,0,-1
2/16/2021 21:50,0,-1
2/16/2021 21:55,0,-1
2/16/2021 22:00,0,-1
2/16/2021 22:05,0,-1
2/16/2021 22:10,0,-1
2/16/2021 22:15,0,-1
2/16/2021 22:20,0,-1
2/16/2021 22:25,0,-1
2/16/2021 22:30,0,-1
2/16/2021 22:35,0,-1
2/16/2021 22:40,0,-1
2/16/2021 22:45,0,-1
2/16/2021 22:50,0,-1
2/16/2021 22:55,0,-1
2/16/2021 23:00,0,-1
2/16/2021 23:05,0,-1
2/16/2021 23:10,0,-1
2/16/2021 23:15,0,-1
2/16/2021 23:20,0,-1
2/16/2021 23:25,0,-1
2/16/2021 23:30,0,-1
2/16/2021 23:35,0,-1
2/16/2021 23:40,0,-1
2/16/2021 23:45,0,-1
2/16/2021 23:50,0,-1
2/16/2021 23:55,0,-1
2/17/2021 0:00,0,-1
2/17/2021 0:05,0,-1
2/17/2021 0:10,0,-1
2/17/2021 0:15,0,-1
2/17/2021 0:20,0,-1
2/17/2021 0:25,0,-1
2/17/2021 0:30,0,-1
2/17/2021 0:35,0,-1
2/17/2021 0:40,0,-1
2/17/2021 0:45,0,-1
2/17/2021 0:50,0,-1
2/17/2021 0:55,0,-1
2/17/2021 1:00,0,-1
2/17/2021 1:05,0,-1
2/17/2021 1:10,0,-1
2/17/2021 1:15,0,-1
2/17/2021 1:20,0,-1
2/17/2021 1:25,0,-1
2/17/2021 1:30,0,-1
2/17/2021 1:35,0,-1
2/17/2021 1:40,0,-1
2/17/2021 1:45,0,-1
2/17/2021 1:50,0,-1
2/17/2021 1:55,0,-1
2/17/2021 2:00,0,-1
2/17/2021 2:05,0,-1
2/17/2021 2:10,0,-1
2/17/2021 2:15,0,-1
2/17/2021 2:20,0,-1
2/17/2021 2:25,0,-1
2/17/2021 2:30,0,-1
2/17/2021 2:35,0,-1
2/17/2021 2:40,0,-1
2/17/2021 2:45,0,-1
2/17/2021 2:50,0,-1
2/17/2021 2:55,0,-1
2/17/2021 3:00,0,-1
2/17/2021 3:05,0,-1
2/17/2021 3:10,0,-1
2/17/2021 3:15,0,-1
2/17/2021 3:20,0,-1
2/17/2021 3:25,0,-1
2/17/2021 3:30,0,-1
2/17/2021 3:35,0,-1
2/17/2021 3:40,0,-1
2/17/2021 3:45,0,-1
2/17/2021 3:50,0,-1
2/17/2021 3:55,0,-1
2/17/2021 4:00,0,-1
2/17/2021 4:05,0,-1
2/17/2021 4:10,0,-1
2/17/2021 4:15,0,-1
2/17/2021 4:20,0,-1
2/17/2021 4:25,0,-1
2/17/2021 4:30,0,-1
2/17/2021 4:35,0,-1
2/17/2021 4:40,0,-1
2/17/2021 4:45,0,-1
2/17/2021 4:50,0,-1
2/17/2021 4:55,0,-1
2/17/2021 5:00,0,-1
2/17/2021 5:05,0,-1
2/17/2021 5:10,0,-1
2/17/2021 5:15,0,-1
2/17/2021 5:20,0,-1
2/17/2021 5:25,0,-1
2/17/2021 5:30,0,-1
2/17/2021 5:35,0,-1
2/17/2021 5:40,0,-1
2/17/2021 5:45,0,-1
2/17/2021 5:50,0,-1
2/17/2021 5:55,0,-1
2/17/2021 6:00,0,-1
2/17/2021 6:05,0,-1
2/17/2021 6:10,0,-1
2/17/2021 6:15,0,-1
2/17/2021 6:20,0,-1
2/17/2021 6:25,0,-1
2/17/2021 6:30,0,-1
2/17/2021 6:35,0,-1
2/17/2021 6:40,0,-1
2/17/2021 6:45,0,-1
2/17/2021 6:50,0,-1
2/17/2021 6:55,0,-1
2/17/2021 7:00,0,-1
2/17/2021 7:05,0,-1
2/17/2021 7:10,0,-1
2/17/2021 7:15,0,-1
2/17/2021 7:20,0,-1
2/17/2021 7:25,0,-1
2/17/2021 7:30,0,-1
2/17/2021 7:35,0,-1
2/17/2021 7:40,0,-1
2/17/2021 7:45,0,-1
2/17/2021 7:50,0,-1
2/17/2021 7:55,0,-1
2/17/2021 8:00,0,-1
2/17/2021 8:05,0,-1
2/17/2021 8:10,0,-1
2/17/2021 8:15,0,-1
2/17/2021 8:20,0,-1
2/17/2021 8:25,0,-1
2/17/2021 8:30,0,-1
2/17/2021 8:35,0,-1
2/17/2021 8:40,0,-1
2/17/2021 8:45,0,-1
2/17/2021 8:50,0,-1
2/17/2021 8:55,0,-1
2/17/2021 9:00,0,-1
2/17/2021 9:05,0,-1
2/17/2021 9:10,0,-1
2/17/2021 9:15,0,-1
2/17/2021 9:20,0,-1
2/17/2021 9:25,0,-1
2/17/2021 9:30,0,-1
2/17/2021 9:35,0,-1
2/17/2021 9:40,0,-1
2/17/2021 9:45,0,-1
2/17/2021 9:50,0,-1
2/17/2021 9:55,0,-1
2/17/2021 10:00,0,-1
2/17/2021 10:05,0,-1
2/17/2021 10:10,0,-1
2/17/2021 10:15,0,-1
2/17/2021 10:20,0,-1
2/17/2021 10:25,0,-1
2/17/2021 10:30,0,-1
2/17/2021 10:35,0,-1
2/17/2021 10:40,0,-1
2/17/2021 10:45,0,-1
2/17/2021 10:50,0,-1
2/17/2021 10:55,0,-1
2/17/2021 11:00,0,-1
2/17/2021 11:05,0,-1
2/17/2021 11:10,0,-1
2/17/2021 11:15,0,-1
2/17/2021 11:20,0,-1
2/17/2021 11:25,0,-1
2/17/2021 11:30,0,-1
2/17/2021 11:35,0,-1
2/17/2021 11:40,0,-1
2/17/2021 11:45,0,-1
2/17/2021 11:50,0,-1
2/17/2021 11:55,0,-1
2/17/2021 12:00,0,-1
2/17/2021 12:05,0,-1
2/17/2021 12:10,0,-1
2/17/2021 12:15,0,-1
2/17/2021 12:20,0,-1
2/17/2021 12:25,0,-1
2/17/2021 12:30,0,-1
2/17/2021 12:35,0,-1
2/17/2021 12:40,0,-1
2/17/2021 12:45,0,-1
2/17/2021 12:50,0,-1
2/17/2021 12:55,0,-1
2/17/2021 13:00,0,-1
2/17/2021 13:05,0,-1
2/17/2021 13:10,0,-1
2/17/2021 13:15,0,-1
2/17/2021 13:20,0,-1
2/17/2021 13:25,0,-1
2/17/2021 13:30,0,-1
2/17/2021 13:35,0,-1
2/17/2021 13:40,0,-1
2/17/2021 13:45,0,-1
2/17/2021 13:50,0,-1
2/17/2021 13:55,0,-1
2/17/2021 14:00,0,-1
2/17/2021 14:05,0,-1
2/17/2021 14:10,0,-1
2/17/2021 14:15,0,-1
2/17/2021 14:20,0,-1
2/17/2021 14:25,0,-1
2/17/2021 14:30,0,-1
2/17/2021 14:35,0,-1
2/17/2021 14:40,0,-1
2/17/2021 14:45,0,-1
2/17/2021 14:50,0,-1
2/17/2021 14:55,0,-1
2/17/2021 15:00,0,-1
2/17/2021 15:05,0,-1
2/17/2021 15:10,0,-1
2/17/2021 15:15,0,-1
2/17/2021 15:20,0,-1
2/17/2021 15:25,0,-1
2/17/2021 15:30,0,-1
2/17/2021 15:35,0,-1
2/17/2021 15:40,0,-1
2/17/2021 15:45,0,-1
2/17/2021 15:50,0,-1
2/17/2021 15:55,0,-1
2/17/2021 16:00,0,-1
2/17/2021 16:05,0,-1
2/17/2021 16:10,0,-1
2/17/2021 16:15,0,-1
2/17/2021 16:20,0,-1
2/17/2021 16:25,0,-1
2/17/2021 16:30,0,-1
2/17/2021 16:35,0,-1
2/17/2021 16:40,0,-1
2/17/2021 16:45,0,-1
2/17/2021 16:50,0,-1
2/17/2021 16:55,0,-1
2/17/2021 17:00,0,-1
2/17/2021 17:05,0,-1
2/17/2021 17:10,0,-1
2/17/2021 17:15,0,-1
2/17/2021 17:20,0,-1
2/17/2021 17:25,0,-1
2/17/2021 17:30,0,-1
2/17/2021 17:35,0,-1
2/17/2021 17:40,0,-1
2/17/2021 17:45,0,-1
2/17/2021 17:50,0,-1
2/17/2021 17:55,0,-1
2/17/2021 18:00,0,-1
2/17/2021 18:05,0,-1
2/17/2021 18:10,0,-1
2/17/2021 18:15,0,-1
2/17/2021 18:20,0,-1
2/17/2021 18:25,0,-1
2/17/2021 18:30,0,-1
2/17/2021 18:35,0,-1
2/17/2021 18:40,0,-1
2/17/2021 18:45,0,-1
2/17/2021 18:50,0,-1
2/17/2021 18:55,0,-1
2/17/2021 19:00,0,-1
2/17/2021 19:05,0,-1
2/17/2021 19:10,0,-1
2/17/2021 19:15,0,-1
2/17/2021 19:20,0,-1
2/17/2021 19:25,0,-1
2/17/2021 19:30,0,-1
2/17/2021 19:35,0,-1
2/17/2021 19:40,0,-1
2/17/2021 19:45,0,-1
2/17/2021 19:50,0,-1
2/17/2021 19:55,0,-1
2/17/2021 20:00,0,-1
2/17/2021 20:05,0,-1
2/17/2021 20:10,0,-1
2/17/2021 20:15,0,-1
2/17/2021 20:20,0,-1
2/17/2021 20:25,0,-1
2/17/2021 20:30,0,-1
2/17/2021 20:35,0,-1
2/17/2021 20:40,0,-1
2/17/2021 20:45,0,-1
2/17/2021 20:50,0,-1
2/17/2021 20:55,0,-1
2/17/2021 21:00,0,-1
2/17/2021 21:05,0,-1
2/17/2021 21:10,0,-1
2/17/2021 21:15,0,-1
2/17/2021 21:20,0,-1
2/17/2021 21:25,0,-1
2/17/2021 21:30,0,-1
2/17/2021 21:35,0,-1
2/17/2021 21:40,0,-1
2/17/2021 21:45,0,-1
2/17/2021 21:50,0,-1
2/17/2021 21:55,0,-1
2/17/2021 22:00,0,-1
2/17/2021 22:05,0,-1
2/17/2021 22:10,0,-1
2/17/2021 22:15,0,-1
2/17/2021 22:20,0,-1
2/17/2021 22:25,0,-1
2/17/2021 22:30,0,-1
2/17/2021 22:35,0,-1
2/17/2021 22:40,0,-1
2/17/2021 22:45,0,-1
2/17/2021 22:50,0,-1
2/17/2021 22:55,0,-1
2/17/2021 23:00,0,-1
2/17/2021 23:05,0,-1
2/17/2021 23:10,0,-1
2/17/2021 23:15,0,-1
2/17/2021 23:20,0,-1
2/17/2021 23:25,0,-1
2/17/2021 23:30,0,-1
2/17/2021 23:35,0,-1
2/17/2021 23:40,0,-1
2/17/2021 23:45,0,-1
2/17/2021 23:50,0,-1
2/17/2021 23:55,0,-1
2/18/2021 0:00,0,-1
2/18/2021 0:05,0,-1
2/18/2021 0:10,0,-1
2/18/2021 0:15,0,-1
2/18/2021 0:20,0,-1
2/18/2021 0:25,0,-1
2/18/2021 0:30,0,-1
2/18/2021 0:35,0,-1
2/18/2021 0:40,0,-1
2/18/2021 0:45,0,-1
2/18/2021 0:50,0,-1
2/18/2021 0:55,0,-1
2/18/2021 1:00,0,-1
2/18/2021 1:05,0,-1
2/18/2021 1:10,0,-1
2/18/2021 1:15,0,-1
2/18/2021 1:20,0,-1
2/18/2021 1:25,0,-1
2/18/2021 1:30,0,-1
2/18/2021 1:35,0,-1
2/18/2021 1:40,0,-1
2/18/2021 1:45,0,-1
2/18/2021 1:50,0,-1
2/18/2021 1:55,0,-1
2/18/2021 2:00,0,-1
2/18/2021 2:05,0,-1
2/18/2021 2:10,0,-1
2/18/2021 2:15,0,-1
2/18/2021 2:20,0,-1
2/18/2021 2:25,0,-1
2/18/2021 2:30,0,-1
2/18/2021 2:35,0,-1
2/18/2021 2:40,0,-1
2/18/2021 2:45,0,-1
2/18/2021 2:50,0,-1
2/18/2021 2:55,0,-1
2/18/2021 3:00,0,-1
2/18/2021 3:05,0,-1
2/18/2021 3:10,0,-1
2/18/2021 3:15,0,-1
2/18/2021 3:20,0,-1
2/18/2021 3:25,0,-1
2/18/2021 3:30,0,-1
2/18/2021 3:35,0,-1
2/18/2021 3:40,0,-1
2/18/2021 3:45,0,-1
2/18/2021 3:50,0,-1
2/18/2021 3:55,0,-1
2/18/2021 4:00,0,-1
2/18/2021 4:05,0,-1
2/18/2021 4:10,0,-1
2/18/2021 4:15,0,-1
2/18/2021 4:20,0,-1
2/18/2021 4:25,0,-1
2/18/2021 4:30,0,-1
2/18/2021 4:35,0,-1
2/18/2021 4:40,0,-1
2/18/2021 4:45,0,-1
2/18/2021 4:50,0,-1
2/18/2021 4:55,0,-1
2/18/2021 5:00,0,-1
2/18/2021 5:05,0,-1
2/18/2021 5:10,0,-1
2/18/2021 5:15,0,-1
2/18/2021 5:20,0,-1
2/18/2021 5:25,0,-1
2/18/2021 5:30,0,-1
2/18/2021 5:35,0,-1
2/18/2021 5:40,0,-1
2/18/2021 5:45,0,-1
2/18/2021 5:50,0,-1
2/18/2021 5:55,0,-1
2/18/2021 6:00,0,-1
2/18/2021 6:05,0,-1
2/18/2021 6:10,0,-1
2/18/2021 6:15,0,-1
2/18/2021 6:20,0,-1
2/18/2021 6:25,0,-1
2/18/2021 6:30,0,-1
2/18/2021 6:35,0,-1
2/18/2021 6:40,0,-1
2/18/2021 6:45,0,-1
2/18/2021 6:50,0,-1
2/18/2021 6:55,0,-1
2/18/2021 7:00,0,-1
2/18/2021 7:05,0,-1
2/18/2021 7:10,0,-1
2/18/2021 7:15,0,-1
2/18/2021 7:20,0,-1
2/18/2021 7:25,0,-1
2/18/2021 7:30,0,-1
2/18/2021 7:35,0,-1
2/18/2021 7:40,0,-1
2/18/2021 7:45,0,-1
2/18/2021 7:50,0,-1
2/18/2021 7:55,0,-1
2/18/2021 8:00,0,-1
2/18/2021 8:05,0,-1
2/18/2021 8:10,0,-1
2/18/2021 8:15,0,-1
2/18/2021 8:20,0,-1
2/18/2021 8:25,0,-1
2/18/2021 8:30,0,-1
2/18/2021 8:35,0,-1
2/18/2021 8:40,0,-1
2/18/2021 8:45,0,-1
2/18/2021 8:50,0,-1
2/18/2021 8:55,0,-1
2/18/2021 9:00,0,-1
2/18/2021 9:05,0,-1
2/18/2021 9:10,0,-1
2/18/2021 9:15,0,-1
2/18/2021 9:20,0,-1
2/18/2021 9:25,0,-1
2/18/2021 9:30,0,-1
2/18/2021 9:35,0,-1
2/18/2021 9:40,0,-1
2/18/2021 9:45,0,-1
2/18/2021 9:50,0,-1
2/18/2021 9:55,0,-1
2/18/2021 10:00,0,-1
2/18/2021 10:05,0,-1
2/18/2021 10:10,0,-1
2/18/2021 10:15,0,-1
2/18/2021 10:20,0,-1
2/18/2021 10:25,0,-1
2/18/2021 10:30,0,-1
2/18/2021 10:35,0,-1
2/18/2021 10:40,0,-1
2/18/2021 10:45,0,-1
2/18/2021 10:50,0,-1
2/18/2021 10:55,0,-1
2/18/2021 11:00,0,-1
2/18/2021 11:05,0,-1
2/18/2021 11:10,0,-1
2/18/2021 11:15,0,-1
2/18/2021 11:20,0,-1
2/18/2021 11:25,0,-1
2/18/2021 11:30,0,-1
2/18/2021 11:35,0,-1
2/18/2021 11:40,0,-1
2/18/2021 11:45,0,-1
2/18/2021 11:50,0,-1
2/18/2021 11:55,0,-1
2/18/2021 12:00,0,-1
2/18/2021 12:05,0,-1
2/18/2021 12:10,0,-1
2/18/2021 12:15,0,-1
2/18/2021 12:20,0,-1
2/18/2021 12:25,0,-1
2/18/2021 12:30,0,-1
2/18/2021 12:35,0,-1
2/18/2021 12:40,0,-1
2/18/2021 12:45,0,-1
2/18/2021 12:50,0,-1
2/18/2021 12:55,0,-1
2/18/2021 13:00,0,-1
2/18/2021 13:05,0,-1
2/18/2021 13:10,0,-1
2/18/2021 13:15,0,-1
2/18/2021 13:20,0,-1
2/18/2021 13:25,0,-1
2/18/2021 13:30,0,-1
2/18/2021 13:35,0,-1
2/18/2021 13:40,0,-1
2/18/2021 13:45,0,-1
2/18/2021 13:50,0,-1
2/18/2021 13:55,0,-1
2/18/2021 14:00,0,-1
2/18/2021 14:05,0,-1
2/18/2021 14:10,0,-1
2/18/2021 14:15,0,-1
2/18/2021 14:20,0,-1
2/18/2021 14:25,0,-1
2/18/2021 14:30,0,-1
2/18/2021 14:35,0,-1
2/18/2021 14:40,0,-1
2/18/2021 14:45,0,-1
2/18/2021 14:50,0,-1
2/18/2021 14:55,0,-1
2/18/2021 15:00,0,-1
2/18/2021 15:05,0,-1
2/18/2021 15:10,0,-1
2/18/2021 15:15,0,-1
2/18/2021 15:20,0,-1
2/18/2021 15:25,0,-1
2/18/2021 15:30,0,-1
2/18/2021 15:35,0,-1
2/18/2021 15:40,0,-1
2/18/2021 15:45,0,-1
2/18/2021 15:50,0,-1
2/18/2021 15:55,0,-1
2/18/2021 16:00,0,-1
2/18/2021 16:05,0,-1
2/18/2021 16:10,0,-1
2/18/2021 16:15,0,-1
2/18/2021 16:20,0,-1
2/18/2021 16:25,0,-1
2/18/2021 16:30,0,-1
2/18/2021 16:35,0,-1
2/18/2021 16:40,0,-1
2/18/2021 16:45,0,-1
2/18/2021 16:50,0,-1
2/18/2021 16:55,0,-1
2/18/2021 17:00,0,-1
2/18/2021 17:05,0,-1
2/18/2021 17:10,0,-1
2/18/2021 17:15,0,-1
2/18/2021 17:20,0,-1
2/18/2021 17:25,0,-1
2/18/2021 17:30,0,-1
2/18/2021 17:35,0,-1
2/18/2021 17:40,0,-1
2/18/2021 17:45,0,-1
2/18/2021 17:50,0,-1
2/18/2021 17:55,0,-1
2/18/2021 18:00,0,-1
2/18/2021 18:05,0,-1
2/18/2021 18:10,0,-1
2/18/2021 18:15,0,-1
2/18/2021 18:20,0,-1
2/18/2021 18:25,0,-1
2/18/2021 18:30,0,-1
2/18/2021 18:35,0,-1
2/18/2021 18:40,0,-1
2/18/2021 18:45,0,-1
2/18/2021 18:50,0,-1
2/18/2021 18:55,0,-1
2/18/2021 19:00,0,-1
2/18/2021 19:05,0,-1
2/18/2021 19:10,0,-1
2/18/2021 19:15,0,-1
2/18/2021 19:20,0,-1
2/18/2021 19:25,0,-1
2/18/2021 19:30,0,-1
2/18/2021 19:35,0,-1
2/18/2021 19:40,0,-1
2/18/2021 19:45,0,-1
2/18/2021 19:50,0,-1
2/18/2021 19:55,0,-1
2/18/2021 20:00,0,-1
2/18/2021 20:05,0,-1
2/18/2021 20:10,0,-1
2/18/2021 20:15,0,-1
2/18/2021 20:20,0,-1
2/18/2021 20:25,0,-1
2/18/2021 20:30,0,-1
2/18/2021 20:35,0,-1
2/18/2021 20:40,0,-1
2/18/2021 20:45,0,-1
2/18/2021 20:50,0,-1
2/18/2021 20:55,0,-1
2/18/2021 21:00,0,-1
2/18/2021 21:05,0,-1
2/18/2021 21:10,0,-1
2/18/2021 21:15,0,-1
2/18/2021 21:20,0,-1
2/18/2021 21:25,0,-1
2/18/2021 21:30,0,-1
2/18/2021 21:35,0,-1
2/18/2021 21:40,0,-1
2/18/2021 21:45,0,-1
2/18/2021 21:50,0,-1
2/18/2021 21:55,0,-1
2/18/2021 22:00,0,-1
2/18/2021 22:05,0,-1
2/18/2021 22:10,0,-1
2/18/2021 22:15,0,-1
2/18/2021 22:20,0,-1
2/18/2021 22:25,0,-1
2/18/2021 22:30,0,-1
2/18/2021 22:35,0,-1
2/18/2021 22:40,0,-1
2/18/2021 22:45,0,-1
2/18/2021 22:50,0,-1
2/18/2021 22:55,0,-1
2/18/2021 23:00,0,-1
2/18/2021 23:05,0,-1
2/18/2021 23:10,0,-1
2/18/2021 23:15,0,-1
2/18/2021 23:20,0,-1
2/18/2021 23:25,0,-1
2/18/2021 23:30,0,-1
2/18/2021 23:35,0,-1
2/18/2021 23:40,0,-1
2/18/2021 23:45,0,-1
2/18/2021 23:50,0,-1
2/18/2021 23:55,0,-1
2/19/2021 0:00,0,-1
2/19/2021 0:05,0,-1
2/19/2021 0:10,0,-1
2/19/2021 0:15,0,-1
2/19/2021 0:20,0,-1
2/19/2021 0:25,0,-1
2/19/2021 0:30,0,-1
2/19/2021 0:35,0,-1
2/19/2021 0:40,0,-1
2/19/2021 0:45,0,-1
2/19/2021 0:50,0,-1
2/19/2021 0:55,0,-1
2/19/2021 1:00,0,-1
2/19/2021 1:05,0,-1
2/19/2021 1:10,0,-1
2/19/2021 1:15,0,-1
2/19/2021 1:20,0,-1
2/19/2021 1:25,0,-1
2/19/2021 1:30,0,-1
2/19/2021 1:35,0,-1
2/19/2021 1:40,0,-1
2/19/2021 1:45,0,-1
2/19/2021 1:50,0,-1
2/19/2021 1:55,0,-1
2/19/2021 2:00,0,-1
2/19/2021 2:05,0,-1
2/19/2021 2:10,0,-1
2/19/2021 2:15,0,-1
2/19/2021 2:20,0,-1
2/19/2021 2:25,0,-1
2/19/2021 2:30,0,-1
2/19/2021 2:35,0,-1
2/19/2021 2:40,0,-1
2/19/2021 2:45,0,-1
2/19/2021 2:50,0,-1
2/19/2021 2:55,0,-1
2/19/2021 3:00,0,-1
2/19/2021 3:05,0,-1
2/19/2021 3:10,0,-1
2/19/2021 3:15,0,-1
2/19/2021 3:20,0,-1
2/19/2021 3:25,0,-1
2/19/2021 3:30,0,-1
2/19/2021 3:35,0,-1
2/19/2021 3:40,0,-1
2/19/2021 3:45,0,-1
2/19/2021 3:50,0,-1
2/19/2021 3:55,0,-1
2/19/2021 4:00,0,-1
2/19/2021 4:05,0,-1
2/19/2021 4:10,0,-1
2/19/2021 4:15,0,-1
2/19/2021 4:20,0,-1
2/19/2021 4:25,0,-1
2/19/2021 4:30,0,-1
2/19/2021 4:35,0,-1
2/19/2021 4:40,0,-1
2/19/2021 4:45,0,-1
2/19/2021 4:50,0,-1
2/19/2021 4:55,0,-1
2/19/2021 5:00,0,-1
2/19/2021 5:05,0,-1
2/19/2021 5:10,0,-1
2/19/2021 5:15,0,-1
2/19/2021 5:20,0,-1
2/19/2021 5:25,0,-1
2/19/2021 5:30,0,-1
2/19/2021 5:35,0,-1
2/19/2021 5:40,0,-1
2/19/2021 5:45,0,-1
2/19/2021 5:50,0,-1
2/19/2021 5:55,0,-1
2/19/2021 6:00,0,-1
2/19/2021 6:05,0,-1
2/19/2021 6:10,0,-1
2/19/2021 6:15,0,-1
2/19/2021 6:20,0,-1
2/19/2021 6:25,0,-1
2/19/2021 6:30,0,-1
2/19/2021 6:35,0,-1
2/19/2021 6:40,0,-1
2/19/2021 6:45,0,-1
2/19/2021 6:50,0,-1
2/19/2021 6:55,0,-1
2/19/2021 7:00,0,-1
2/19/2021 7:05,0,-1
2/19/2021 7:10,0,-1
2/19/2021 7:15,0,-1
2/19/2021 7:20,0,-1
2/19/2021 7:25,0,-1
2/19/2021 7:30,0,-1
2/19/2021 7:35,0,-1
2/19/2021 7:40,0,-1
2/19/2021 7:45,0,-1
2/19/2021 7:50,0,-1
2/19/2021 7:55,0,-1
2/19/2021 8:00,0,-1
2/19/2021 8:05,0,-1
2/19/2021 8:10,0,-1
2/19/2021 8:15,0,-1
2/19/2021 8:20,0,-1
2/19/2021 8:25,0,-1
2/19/2021 8:30,0,-1
2/19/2021 8:35,0,-1
2/19/2021 8:40,0,-1
2/19/2021 8:45,0,-1
2/19/2021 8:50,0,-1
2/19/2021 8:55,0,-1
2/19/2021 9:00,0,-1
2/19/2021 9:05,0,-1
2/19/2021 9:10,0,-1
2/19/2021 9:15,0,-1
2/19/2021 9:20,0,-1
2/19/2021 9:25,0,-1
2/19/2021 9:30,0,-1
2/19/2021 9:35,0,-1
2/19/2021 9:40,0,-1
2/19/2021 9:45,0,-1
2/19/2021 9:50,0,-1
2/19/2021 9:55,0,-1
2/19/2021 10:00,0,-1
2/19/2021 10:05,0,-1
2/19/2021 10:10,0,-1
2/19/2021 10:15,0,-1
2/19/2021 10:20,0,-1
2/19/2021 10:25,0,-1
2/19/2021 10:30,0,-1
2/19/2021 10:35,0,-1
2/19/2021 10:40,0,-1
2/19/2021 10:45,0,-1
2/19/2021 10:50,0,-1
2/19/2021 10:55,0,-1
2/19/2021 11:00,0,-1
2/19/2021 11:05,0,-1
2/19/2021 11:10,0,-1
2/19/2021 11:15,0,-1
2/19/2021 11:20,0,-1
2/19/2021 11:25,0,-1
2/19/2021 11:30,0,-1
2/19/2021 11:35,0,-1
2/19/2021 11:40,0,-1
2/19/2021 11:45,0,-1
2/19/2021 11:50,0,-1
2/19/2021 11:55,0,-1
2/19/2021 12:00,0,-1
2/19/2021 12:05,0,-1
2/19/2021 12:10,0,-1
2/19/2021 12:15,0,-1
2/19/2021 12:20,0,-1
2/19/2021 12:25,0,-1
2/19/2021 12:30,0,-1
2/19/2021 12:35,0,-1
2/19/2021 12:40,0,-1
2/19/2021 12:45,0,-1
2/19/2021 12:50,0,-1
2/19/2021 12:55,0,-1
2/19/2021 13:00,0,-1
2/19/2021 13:05,0,-1
2/19/2021 13:10,0,-1
2/19/2021 13:15,0,-1
2/19/2021 13:20,0,-1
2/19/2021 13:25,0,-1
2/19/2021 13:30,0,-1
2/19/2021 13:35,0,-1
2/19/2021 13:40,0,-1
2/19/2021 13:45,0,-1
2/19/2021 13:50,0,-1
2/19/2021 13:55,0,-1
2/19/2021 14:00,0,-1
2/19/2021 14:05,0,-1
2/19/2021 14:10,0,-1
2/19/2021 14:15,0,-1
2/19/2021 14:20,0,-1
2/19/2021 14:25,0,-1
2/19/2021 14:30,0,-1
2/19/2021 14:35,0,-1
2/19/2021 14:40,0,-1
2/19/2021 14:45,0,-1
2/19/2021 14:50,0,-1
2/19/2021 14:55,0,-1
2/19/2021 15:00,0,-1
2/19/2021 15:05,0,-1
2/19/2021 15:10,0,-1
2/19/2021 15:15,0,-1
2/19/2021 15:20,0,-1
2/19/2021 15:25,0,-1
2/19/2021 15:30,0,-1
2/19/2021 15:35,0,-1
2/19/2021 15:40,0,-1
2/19/2021 15:45,0,-1
2/19/2021 15:50,0,-1
2/19/2021 15:55,0,-1
2/19/2021 16:00,0,-1
2/19/2021 16:05,0,-1
2/19/2021 16:10,0,-1
2/19/2021 16:15,0,-1
2/19/2021 16:20,0,-1
2/19/2021 16:25,0,-1
2/19/2021 16:30,0,-1
2/19/2021 16:35,0,-1
2/19/2021 16:40,0,-1
2/19/2021 16:45,0,-1
2/19/2021 16:50,0,-1
2/19/2021 16:55,0,-1
2/19/2021 17:00,0,-1
2/19/2021 17:05,0,-1
2/19/2021 17:10,0,-1
2/19/2021 17:15,0,-1
2/19/2021 17:20,0,-1
2/19/2021 17:25,0,-1
2/19/2021 17:30,0,-1
2/19/2021 17:35,0,-1
2/19/2021 17:40,0,-1
2/19/2021 17:45,0,-1
2/19/2021 17:50,0,-1
2/19/2021 17:55,0,-1
2/19/2021 18:00,0,-1
2/19/2021 18:05,0,-1
2/19/2021 18:10,0,-1
2/19/2021 18:15,0,-1
2/19/2021 18:20,0,-1
2/19/2021 18:25,0,-1
2/19/2021 18:30,0,-1
2/19/2021 18:35,0,-1
2/19/2021 18:40,0,-1
2/19/2021 18:45,0,-1
2/19/2021 18:50,0,-1
2/19/2021 18:55,0,-1
2/19/2021 19:00,0,-1
2/19/2021 19:05,0,-1
2/19/2021 19:10,0,-1
2/19/2021 19:15,0,-1
2/19/2021 19:20,0,-1
2/19/2021 19:25,0,-1
2/19/2021 19:30,0,-1
2/19/2021 19:35,0,-1
2/19/2021 19:40,0,-1
2/19/2021 19:45,0,-1
2/19/2021 19:50,0,-1
2/19/2021 19:55,0,-1
2/19/2021 20:00,0,-1
2/19/2021 20:05,0,-1
2/19/2021 20:10,0,-1
2/19/2021 20:15,0,-1
2/19/2021 20:20,0,-1
2/19/2021 20:25,0,-1
2/19/2021 20:30,0,-1
2/19/2021 20:35,0,-1
2/19/2021 20:40,0,-1
2/19/2021 20:45,0,-1
2/19/2021 20:50,0,-1
2/19/2021 20:55,0,-1
2/19/2021 21:00,0,-1
2/19/2021 21:05,0,-1
2/19/2021 21:10,0,-1
2/19/2021 21:15,0,-1
2/19/2021 21:20,0,-1
2/19/2021 21:25,0,-1
2/19/2021 21:30,0,-1
2/19/2021 21:35,0,-1
2/19/2021 21:40,0,-1
2/19/2021 21:45,0,-1
2/19/2021 21:50,0,-1
2/19/2021 21:55,0,-1
2/19/2021 22:00,0,-1
2/19/2021 22:05,0,-1
2/19/2021 22:10,0,-1
2/19/2021 22:15,0,-1
2/19/2021 22:20,0,-1
2/19/2021 22:25,0,-1
2/19/2021 22:30,0,-1
2/19/2021 22:35,0,-1
2/19/2021 22:40,0,-1
2/19/2021 22:45,0,-1
2/19/2021 22:50,0,-1
2/19/2021 22:55,0,-1
2/19/2021 23:00,0,-1
2/19/2021 23:05,0,-1
2/19/2021 23:10,0,-1
2/19/2021 23:15,0,-1
2/19/2021 23:20,0,-1
2/19/2021 23:25,0,-1
2/19/2021 23:30,0,-1
2/19/2021 23:35,0,-1
2/19/2021 23:40,0,-1
2/19/2021 23:45,0,-1
2/19/2021 23:50,0,-1
2/19/2021 23:55,0,-1
2/20/2021 0:00,0,-1
2/20/2021 0:05,0,-1
2/20/2021 0:10,0,-1
2/20/2021 0:15,0,-1
2/20/2021 0:20,0,-1
2/20/2021 0:25,0,-1
2/20/2021 0:30,0,-1
2/20/2021 0:35,0,-1
2/20/2021 0:40,0,-1
2/20/2021 0:45,0,-1
2/20/2021 0:50,0,-1
2/20/2021 0:55,0,-1
2/20/2021 1:00,0,-1
2/20/2021 1:05,0,-1
2/20/2021 1:10,0,-1
2/20/2021 1:15,0,-1
2/20/2021 1:20,0,-1
2/20/2021 1:25,0,-1
2/20/2021 1:30,0,-1
2/20/2021 1:35,0,-1
2/20/2021 1:40,0,-1
2/20/2021 1:45,0,-1
2/20/2021 1:50,0,-1
2/20/2021 1:55,0,-1
2/20/2021 2:00,0,-1
2/20/2021 2:05,0,-1
2/20/2021 2:10,0,-1
2/20/2021 2:15,0,-1
2/20/2021 2:20,0,-1
2/20/2021 2:25,0,-1
2/20/2021 2:30,0,-1
2/20/2021 2:35,0,-1
2/20/2021 2:40,0,-1
2/20/2021 2:45,0,-1
2/20/2021 2:50,0,-1
2/20/2021 2:55,0,-1
2/20/2021 3:00,0,-1
2/20/2021 3:05,0,-1
2/20/2021 3:10,0,-1
2/20/2021 3:15,0,-1
2/20/2021 3:20,0,-1
2/20/2021 3:25,0,-1
2/20/2021 3:30,0,-1
2/20/2021 3:35,0,-1
2/20/2021 3:40,0,-1
2/20/2021 3:45,0,-1
2/20/2021 3:50,0,-1
2/20/2021 3:55,0,-1
2/20/2021 4:00,0,-1
2/20/2021 4:05,0,-1
2/20/2021 4:10,0,-1
2/20/2021 4:15,0,-1
2/20/2021 4:20,0,-1
2/20/2021 4:25,0,-1
2/20/2021 4:30,0,-1
2/20/2021 4:35,0,-1
2/20/2021 4:40,0,-1
2/20/2021 4:45,0,-1
2/20/2021 4:50,0,-1
2/20/2021 4:55,0,-1
2/20/2021 5:00,0,-1
2/20/2021 5:05,0,-1
2/20/2021 5:10,0,-1
2/20/2021 5:15,0,-1
2/20/2021 5:20,0,-1
2/20/2021 5:25,0,-1
2/20/2021 5:30,0,-1
2/20/2021 5:35,0,-1
2/20/2021 5:40,0,-1
2/20/2021 5:45,0,-1
2/20/2021 5:50,0,-1
2/20/2021 5:55,0,-1
2/20/2021 6:00,0,-1
2/20/2021 6:05,0,-1
2/20/2021 6:10,0,-1
2/20/2021 6:15,0,-1
2/20/2021 6:20,0,-1
2/20/2021 6:25,0,-1
2/20/2021 6:30,0,-1
2/20/2021 6:35,0,-1
2/20/2021 6:40,0,-1
2/20/2021 6:45,0,-1
2/20/2021 6:50,0,-1
2/20/2021 6:55,0,-1
2/20/2021 7:00,0,-1
2/20/2021 7:05,0,-1
2/20/2021 7:10,0,-1
2/20/2021 7:15,0,-1
2/20/2021 7:20,0,-1
2/20/2021 7:25,0,-1
2/20/2021 7:30,0,-1
2/20/2021 7:35,0,-1
2/20/2021 7:40,0,-1
2/20/2021 7:45,0,-1
2/20/2021 7:50,0,-1
2/20/2021 7:55,0,-1
2/20/2021 8:00,0,-1
2/20/2021 8:05,0,-1
2/20/2021 8:10,0,-1
2/20/2021 8:15,0,-1
2/20/2021 8:20,0,-1
2/20/2021 8:25,0,-1
2/20/2021 8:30,0,-1
2/20/2021 8:35,0,-1
2/20/2021 8:40,0,-1
2/20/2021 8:45,0,-1
2/20/2021 8:50,0,-1
2/20/2021 8:55,0,-1
2/20/2021 9:00,0,-1
2/20/2021 9:05,0,-1
2/20/2021 9:10,0,-1
2/20/2021 9:15,0,-1
2/20/2021 9:20,0,-1
2/20/2021 9:25,0,-1
2/20/2021 9:30,0,-1
2/20/2021 9:35,0,-1
2/20/2021 9:40,0,-1
2/20/2021 9:45,0,-1
2/20/2021 9:50,0,-1
2/20/2021 9:55,0,-1
2/20/2021 10:00,0,-1
2/20/2021 10:05,0,-1
2/20/2021 10:10,0,-1
2/20/2021 10:15,0,-1
2/20/2021 10:20,0,-1
2/20/2021 10:25,0,-1
2/20/2021 10:30,0,-1
2/20/2021 10:35,0,-1
2/20/2021 10:40,0,-1
2/20/2021 10:45,0,-1
2/20/2021 10:50,0,-1
2/20/2021 10:55,0,-1
2/20/2021 11:00,0,-1
2/20/2021 11:05,0,-1
2/20/2021 11:10,0,-1
2/20/2021 11:15,0,-1
2/20/2021 11:20,0,-1
2/20/2021 11:25,0,-1
2/20/2021 11:30,0,-1
2/20/2021 11:35,0,-1
2/20/2021 11:40,0,-1
2/20/2021 11:45,0,-1
2/20/2021 11:50,0,-1
2/20/2021 11:55,0,-1
2/20/2021 12:00,0,-1
2/20/2021 12:05,0,-1
2/20/2021 12:10,0,-1
2/20/2021 12:15,0,-1
2/20/2021 12:20,0,-1
2/20/2021 12:25,0,-1
2/20/2021 12:30,0,-1
2/20/2021 12:35,0,-1
2/20/2021 12:40,0,-1
2/20/2021 12:45,0,-1
2/20/2021 12:50,0,-1
2/20/2021 12:55,0,-1
2/20/2021 13:00,0,-1
2/20/2021 13:05,0,-1
2/20/2021 13:10,0,-1
2/20/2021 13:15,0,-1
2/20/2021 13:20,0,-1
2/20/2021 13:25,0,-1
2/20/2021 13:30,0,-1
2/20/2021 13:35,0,-1
2/20/2021 13:40,0,-1
2/20/2021 13:45,0,-1
2/20/2021 13:50,0,-1
2/20/2021 13:55,0,-1
2/20/2021 14:00,0,-1
2/20/2021 14:05,0,-1
2/20/2021 14:10,0,-1
2/20/2021 14:15,0,-1
2/20/2021 14:20,0,-1
2/20/2021 14:25,0,-1
2/20/2021 14:30,0,-1
2/20/2021 14:35,0,-1
2/20/2021 14:40,0,-1
2/20/2021 14:45,0,-1
2/20/2021 14:50,0,-1
2/20/2021 14:55,0,-1
2/20/2021 15:00,0,-1
2/20/2021 15:05,0,-1
2/20/2021 15:10,0,-1
2/20/2021 15:15,0,-1
2/20/2021 15:20,0,-1
2/20/2021 15:25,0,-1
2/20/2021 15:30,0,-1
2/20/2021 15:35,0,-1
2/20/2021 15:40,0,-1
2/20/2021 15:45,0,-1
2/20/2021 15:50,0,-1
2/20/2021 15:55,0,-1
2/20/2021 16:00,0,-1
2/20/2021 16:05,0,-1
2/20/2021 16:10,0,-1
2/20/2021 16:15,0,-1
2/20/2021 16:20,0,-1
2/20/2021 16:25,0,-1
2/20/2021 16:30,0,-1
2/20/2021 16:35,0,-1
2/20/2021 16:40,0,-1
2/20/2021 16:45,0,-1
2/20/2021 16:50,0,-1
2/20/2021 16:55,0,-1
2/20/2021 17:00,0,-1
2/20/2021 17:05,0,-1
2/20/2021 17:10,0,-1
2/20/2021 17:15,0,-1
2/20/2021 17:20,0,-1
2/20/2021 17:25,0,-1
2/20/2021 17:30,0,-1
2/20/2021 17:35,0,-1
2/20/2021 17:40,0,-1
2/20/2021 17:45,0,-1
2/20/2021 17:50,0,-1
2/20/2021 17:55,0,-1
2/20/2021 18:00,0,-1
2/20/2021 18:05,0,-1
2/20/2021 18:10,0,-1
2/20/2021 18:15,0,-1
2/20/2021 18:20,0,-1
2/20/2021 18:25,0,-1
2/20/2021 18:30,0,-1
2/20/2021 18:35,0,-1
2/20/2021 18:40,0,-1
2/20/2021 18:45,0,-1
2/20/2021 18:50,0,-1
2/20/2021 18:55,0,-1
2/20/2021 19:00,0,-1
2/20/2021 19:05,0,-1
2/20/2021 19:10,0,-1
2/20/2021 19:15,0,-1
2/20/2021 19:20,0,-1
2/20/2021 19:25,0,-1
2/20/2021 19:30,0,-1
2/20/2021 19:35,0,-1
2/20/2021 19:40,0,-1
2/20/2021 19:45,0,-1
2/20/2021 19:50,0,-1
2/20/2021 19:55,0,-1
2/20/2021 20:00,0,-1
2/20/2021 20:05,0,-1
2/20/2021 20:10,0,-1
2/20/2021 20:15,0,-1
2/20/2021 20:20,0,-1
2/20/2021 20:25,0,-1
2/20/2021 20:30,0,-1
2/20/2021 20:35,0,-1
2/20/2021 20:40,0,-1
2/20/2021 20:45,0,-1
2/20/2021 20:50,0,-1
2/20/2021 20:55,0,-1
2/20/2021 21:00,0,-1
2/20/2021 21:05,0,-1
2/20/2021 21:10,0,-1
2/20/2021 21:15,0,-1
2/20/2021 21:20,0,-1
2/20/2021 21:25,0,-1
2/20/2021 21:30,0,-1
2/20/2021 21:35,0,-1
2/20/2021 21:40,0,-1
2/20/2021 21:45,0,-1
2/20/2021 21:50,0,-1
2/20/2021 21:55,0,-1
2/20/2021 22:00,0,-1
2/20/2021 22:05,0,-1
2/20/2021 22:10,0,-1
2/20/2021 22:15,0,-1
2/20/2021 22:20,0,-1
2/20/2021 22:25,0,-1
2/20/2021 22:30,0,-1
2/20/2021 22:35,0,-1
2/20/2021 22:40,0,-1
2/20/2021 22:45,0,-1
2/20/2021 22:50,0,-1
2/20/2021 22:55,0,-1
2/20/2021 23:00,0,-1
2/20/2021 23:05,0,-1
2/20/2021 23:10,0,-1
2/20/2021 23:15,0,-1
2/20/2021 23:20,0,-1
2/20/2021 23:25,0,-1
2/20/2021 23:30,0,-1
2/20/2021 23:35,0,-1
2/20/2021 23:40,0,-1
2/20/2021 23:45,0,-1
2/20/2021 23:50,0,-1
2/20/2021 23:55,0,-1
2/21/2021 0:00,0,-1
2/21/2021 0:05,0,-1
2/21/2021 0:10,0,-1
2/21/2021 0:15,0,-1
2/21/2021 0:20,0,-1
2/21/2021 0:25,0,-1
2/21/2021 0:30,0,-1
2/21/2021 0:35,0,-1
2/21/2021 0:40,0,-1
2/21/2021 0:45,0,-1
2/21/2021 0:50,0,-1
2/21/2021 0:55,0,-1
2/21/2021 1:00,0,-1
2/21/2021 1:05,0,-1
2/21/2021 1:10,0,-1
2/21/2021 1:15,0,-1
2/21/2021 1:20,0,-1
2/21/2021 1:25,0,-1
2/21/2021 1:30,0,-1
2/21/2021 1:35,0,-1
2/21/2021 1:40,0,-1
2/21/2021 1:45,0,-1
2/21/2021 1:50,0,-1
2/21/2021 1:55,0,-1
2/21/2021 2:00,0,-1
2/21/2021 2:05,0,-1
2/21/2021 2:10,0,-1
2/21/2021 2:15,0,-1
2/21/2021 2:20,0,-1
2/21/2021 2:25,0,-1
2/21/2021 2:30,0,-1
2/21/2021 2:35,0,-1
2/21/2021 2:40,0,-1
2/21/2021 2:45,0,-1
2/21/2021 2:50,0,-1
2/21/2021 2:55,0,-1
2/21/2021 3:00,0,-1
2/21/2021 3:05,0,-1
2/21/2021 3:10,0,-1
2/21/2021 3:15,0,-1
2/21/2021 3:20,0,-1
2/21/2021 3:25,0,-1
2/21/2021 3:30,0,-1
2/21/2021 3:35,0,-1
2/21/2021 3:40,0,-1
2/21/2021 3:45,0,-1
2/21/2021 3:50,0,-1
2/21/2021 3:55,0,-1
2/21/2021 4:00,0,-1
2/21/2021 4:05,0,-1
2/21/2021 4:10,0,-1
2/21/2021 4:15,0,-1
2/21/2021 4:20,0,-1
2/21/2021 4:25,0,-1
2/21/2021 4:30,0,-1
2/21/2021 4:35,0,-1
2/21/2021 4:40,0,-1
2/21/2021 4:45,0,-1
2/21/2021 4:50,0,-1
2/21/2021 4:55,0,-1
2/21/2021 5:00,0,-1
2/21/2021 5:05,0,-1
2/21/2021 5:10,0,-1
2/21/2021 5:15,0,-1
2/21/2021 5:20,0,-1
2/21/2021 5:25,0,-1
2/21/2021 5:30,0,-1
2/21/2021 5:35,0,-1
2/21/2021 5:40,0,-1
2/21/2021 5:45,0,-1
2/21/2021 5:50,0,-1
2/21/2021 5:55,0,-1
2/21/2021 6:00,0,-1
2/21/2021 6:05,0,-1
2/21/2021 6:10,0,-1
2/21/2021 6:15,0,-1
2/21/2021 6:20,0,-1
2/21/2021 6:25,0,-1
2/21/2021 6:30,0,-1
2/21/2021 6:35,0,-1
2/21/2021 6:40,0,-1
2/21/2021 6:45,0,-1
2/21/2021 6:50,0,-1
2/21/2021 6:55,0,-1
2/21/2021 7:00,0,-1
2/21/2021 7:05,0,-1
2/21/2021 7:10,0,-1
2/21/2021 7:15,0,-1
2/21/2021 7:20,0,-1
2/21/2021 7:25,0,-1
2/21/2021 7:30,0,-1
2/21/2021 7:35,0,-1
2/21/2021 7:40,0,-1
2/21/2021 7:45,0,-1
2/21/2021 7:50,0,-1
2/21/2021 7:55,0,-1
2/21/2021 8:00,0,-1
2/21/2021 8:05,0,-1
2/21/2021 8:10,0,-1
2/21/2021 8:15,0,-1
2/21/2021 8:20,0,-1
2/21/2021 8:25,0,-1
2/21/2021 8:30,0,-1
2/21/2021 8:35,0,-1
2/21/2021 8:40,0,-1
2/21/2021 8:45,0,-1
2/21/2021 8:50,0,-1
2/21/2021 8:55,0,-1
2/21/2021 9:00,0,-1
2/21/2021 9:05,0,-1
2/21/2021 9:10,0,-1
2/21/2021 9:15,0,-1
2/21/2021 9:20,0,-1
2/21/2021 9:25,0,-1
2/21/2021 9:30,0,-1
2/21/2021 9:35,0,-1
2/21/2021 9:40,0,-1
2/21/2021 9:45,0,-1
2/21/2021 9:50,0,-1
2/21/2021 9:55,0,-1
2/21/2021 10:00,0,-1
2/21/2021 10:05,0,-1
2/21/2021 10:10,0,-1
2/21/2021 10:15,0,-1
2/21/2021 10:20,0,-1
2/21/2021 10:25,0,-1
2/21/2021 10:30,0,-1
2/21/2021 10:35,0,-1
2/21/2021 10:40,0,-1
2/21/2021 10:45,0,-1
2/21/2021 10:50,0,-1
2/21/2021 10:55,0,-1
2/21/2021 11:00,0,-1
2/21/2021 11:05,0,-1
2/21/2021 11:10,0,-1
2/21/2021 11:15,0,-1
2/21/2021 11:20,0,-1
2/21/2021 11:25,0,-1
2/21/2021 11:30,0,-1
2/21/2021 11:35,0,-1
2/21/2021 11:40,0,-1
2/21/2021 11:45,0,-1
2/21/2021 11:50,0,-1
2/21/2021 11:55,0,-1
2/21/2021 12:00,0,-1
2/21/2021 12:05,0,-1
2/21/2021 12:10,0,-1
2/21/2021 12:15,0,-1
2/21/2021 12:20,0,-1
2/21/2021 12:25,0,-1
2/21/2021 12:30,0,-1
2/21/2021 12:35,0,-1
2/21/2021 12:40,0,-1
2/21/2021 12:45,0,-1
2/21/2021 12:50,0,-1
2/21/2021 12:55,0,-1
2/21/2021 13:00,0,-1
2/21/2021 13:05,0,-1
2/21/2021 13:10,0,-1
2/21/2021 13:15,0,-1
2/21/2021 13:20,0,-1
2/21/2021 13:25,0,-1
2/21/2021 13:30,0,-1
2/21/2021 13:35,0,-1
2/21/2021 13:40,0,-1
2/21/2021 13:45,0,-1
2/21/2021 13:50,0,-1
2/21/2021 13:55,0,-1
2/21/2021 14:00,0,-1
2/21/2021 14:05,0,-1
2/21/2021 14:10,0,-1
2/21/2021 14:15,0,-1
2/21/2021 14:20,0,-1
2/21/2021 14:25,0,-1
2/21/2021 14:30,0,-1
2/21/2021 14:35,0,-1
2/21/2021 14:40,0,-1
2/21/2021 14:45,0,-1
2/21/2021 14:50,0,-1
2/21/2021 14:55,0,-1
2/21/2021 15:00,0,-1
2/21/2021 15:05,0,-1
2/21/2021 15:10,0,-1
2/21/2021 15:15,0,-1
2/21/2021 15:20,0,-1
2/21/2021 15:25,0,-1
2/21/2021 15:30,0,-1
2/21/2021 15:35,0,-1
2/21/2021 15:40,0,-1
2/21/2021 15:45,0,-1
2/21/2021 15:50,0,-1
2/21/2021 15:55,0,-1
2/21/2021 16:00,0,-1
2/21/2021 16:05,0,-1
2/21/2021 16:10,0,-1
2/21/2021 16:15,0,-1
2/21/2021 16:20,0,-1
2/21/2021 16:25,0,-1
2/21/2021 16:30,0,-1
2/21/2021 16:35,0,-1
2/21/2021 16:40,0,-1
2/21/2021 16:45,0,-1
2/21/2021 16:50,0,-1
2/21/2021 16:55,0,-1
2/21/2021 17:00,0,-1
2/21/2021 17:05,0,-1
2/21/2021 17:10,0,-1
2/21/2021 17:15,0,-1
2/21/2021 17:20,0,-1
2/21/2021 17:25,0,-1
2/21/2021 17:30,0,-1
2/21/2021 17:35,0,-1
2/21/2021 17:40,0,-1
2/21/2021 17:45,0,-1
2/21/2021 17:50,0,-1
2/21/2021 17:55,0,-1
2/21/2021 18:00,0,-1
2/21/2021 18:05,0,-1
2/21/2021 18:10,0,-1
2/21/2021 18:15,0,-1
2/21/2021 18:20,0,-1
2/21/2021 18:25,0,-1
2/21/2021 18:30,0,-1
2/21/2021 18:35,0,-1
2/21/2021 18:40,0,-1
2/21/2021 18:45,0,-1
2/21/2021 18:50,0,-1
2/21/2021 18:55,0,-1
2/21/2021 19:00,0,-1
2/21/2021 19:05,0,-1
2/21/2021 19:10,0,-1
2/21/2021 19:15,0,-1
2/21/2021 19:20,0,-1
2/21/2021 19:25,0,-1
2/21/2021 19:30,0,-1
2/21/2021 19:35,0,-1
2/21/2021 19:40,0,-1
2/21/2021 19:45,0,-1
2/21/2021 19:50,0,-1
2/21/2021 19:55,0,-1
2/21/2021 20:00,0,-1
2/21/2021 20:05,0,-1
2/21/2021 20:10,0,-1
2/21/2021 20:15,0,-1
2/21/2021 20:20,0,-1
2/21/2021 20:25,0,-1
2/21/2021 20:30,0,-1
2/21/2021 20:35,0,-1
2/21/2021 20:40,0,-1
2/21/2021 20:45,0,-1
2/21/2021 20:50,0,-1
2/21/2021 20:55,0,-1
2/21/2021 21:00,0,-1
2/21/2021 21:05,0,-1
2/21/2021 21:10,0,-1
2/21/2021 21:15,0,-1
2/21/2021 21:20,0,-1
2/21/2021 21:25,0,-1
2/21/2021 21:30,0,-1
2/21/2021 21:35,0,-1
2/21/2021 21:40,0,-1
2/21/2021 21:45,0,-1
2/21/2021 21:50,0,-1
2/21/2021 21:55,0,-1
2/21/2021 22:00,0,-1
2/21/2021 22:05,0,-1
2/21/2021 22:10,0,-1
2/21/2021 22:15,0,-1
2/21/2021 22:20,0,-1
2/21/2021 22:25,0,-1
2/21/2021 22:30,0,-1
2/21/2021 22:35,0,-1
2/21/2021 22:40,0,-1
2/21/2021 22:45,0,-1
2/21/2021 22:50,0,-1
2/21/2021 22:55,0,-1
2/21/2021 23:00,0,-1
2/21/2021 23:05,0,-1
2/21/2021 23:10,0,-1
2/21/2021 23:15,0,-1
2/21/2021 23:20,0,-1
2/21/2021 23:25,0,-1
2/21/2021 23:30,0,-1
2/21/2021 23:35,0,-1
2/21/2021 23:40,0,-1
2/21/2021 23:45,0,-1
2/21/2021 23:50,0,-1
2/21/2021 23:55,0,-1
2/22/2021 0:00,0,-1
2/22/2021 0:05,0,-1
2/22/2021 0:10,0,-1
2/22/2021 0:15,0,-1
2/22/2021 0:20,0,-1
2/22/2021 0:25,0,-1
2/22/2021 0:30,0,-1
2/22/2021 0:35,0,-1
2/22/2021 0:40,0,-1
2/22/2021 0:45,0,-1
2/22/2021 0:50,0,-1
2/22/2021 0:55,0,-1
2/22/2021 1:00,0,-1
2/22/2021 1:05,0,-1
2/22/2021 1:10,0,-1
2/22/2021 1:15,0,-1
2/22/2021 1:20,0,-1
2/22/2021 1:25,0,-1
2/22/2021 1:30,0,-1
2/22/2021 1:35,0,-1
2/22/2021 1:40,0,-1
2/22/2021 1:45,0,-1
2/22/2021 1:50,0,-1
2/22/2021 1:55,0,-1
2/22/2021 2:00,0,-1
2/22/2021 2:05,0,-1
2/22/2021 2:10,0,-1
2/22/2021 2:15,0,-1
2/22/2021 2:20,0,-1
2/22/2021 2:25,0,-1
2/22/2021 2:30,0,-1
2/22/2021 2:35,0,-1
2/22/2021 2:40,0,-1
2/22/2021 2:45,0,-1
2/22/2021 2:50,0,-1
2/22/2021 2:55,0,-1
2/22/2021 3:00,0,-1
2/22/2021 3:05,0,-1
2/22/2021 3:10,0,-1
2/22/2021 3:15,0,-1
2/22/2021 3:20,0,-1
2/22/2021 3:25,0,-1
2/22/2021 3:30,0,-1
2/22/2021 3:35,0,-1
2/22/2021 3:40,0,-1
2/22/2021 3:45,0,-1
2/22/2021 3:50,0,-1
2/22/2021 3:55,0,-1
2/22/2021 4:00,0,-1
2/22/2021 4:05,0,-1
2/22/2021 4:10,0,-1
2/22/2021 4:15,0,-1
2/22/2021 4:20,0,-1
2/22/2021 4:25,0,-1
2/22/2021 4:30,0,-1
2/22/2021 4:35,0,-1
2/22/2021 4:40,0,-1
2/22/2021 4:45,0,-1
2/22/2021 4:50,0,-1
2/22/2021 4:55,0,-1
2/22/2021 5:00,0,-1
2/22/2021 5:05,0,-1
2/22/2021 5:10,0,-1
2/22/2021 5:15,0,-1
2/22/2021 5:20,0,-1
2/22/2021 5:25,0,-1
2/22/2021 5:30,0,-1
2/22/2021 5:35,0,-1
2/22/2021 5:40,0,-1
2/22/2021 5:45,0,-1
2/22/2021 5:50,0,-1
2/22/2021 5:55,0,-1
2/22/2021 6:00,0,-1
2/22/2021 6:05,0,-1
2/22/2021 6:10,0,-1
2/22/2021 6:15,0,-1
2/22/2021 6:20,0,-1
2/22/2021 6:25,0,-1
2/22/2021 6:30,0,-1
2/22/2021 6:35,0,-1
2/22/2021 6:40,0,-1
2/22/2021 6:45,0,-1
2/22/2021 6:50,0,-1
2/22/2021 6:55,0,-1
2/22/2021 7:00,0,-1
2/22/2021 7:05,0,-1
2/22/2021 7:10,0,-1
2/22/2021 7:15,0,-1
2/22/2021 7:20,0,-1
2/22/2021 7:25,0,-1
2/22/2021 7:30,0,-1
2/22/2021 7:35,0,-1
2/22/2021 7:40,0,-1
2/22/2021 7:45,0,-1
2/22/2021 7:50,0,-1
2/22/2021 7:55,0,-1
2/22/2021 8:00,0,-1
2/22/2021 8:05,0,-1
2/22/2021 8:10,0,-1
2/22/2021 8:15,0,-1
2/22/2021 8:20,0,-1
2/22/2021 8:25,0,-1
2/22/2021 8:30,0,-1
2/22/2021 8:35,0,-1
2/22/2021 8:40,0,-1
2/22/2021 8:45,0,-1
2/22/2021 8:50,0,-1
2/22/2021 8:55,0,-1
2/22/2021 9:00,0,-1
2/22/2021 9:05,0,-1
2/22/2021 9:10,0,-1
2/22/2021 9:15,0,-1
2/22/2021 9:20,0,-1
2/22/2021 9:25,0,-1
2/22/2021 9:30,0,-1
2/22/2021 9:35,0,-1
2/22/2021 9:40,0,-1
2/22/2021 9:45,0,-1
2/22/2021 9:50,0,-1
2/22/2021 9:55,0,-1
2/22/2021 10:00,0,-1
2/22/2021 10:05,0,-1
2/22/2021 10:10,0,-1
2/22/2021 10:15,0,-1
2/22/2021 10:20,0,-1
2/22/2021 10:25,0,-1
2/22/2021 10:30,0,-1
2/22/2021 10:35,0,-1
2/22/2021 10:40,0,-1
2/22/2021 10:45,0,-1
2/22/2021 10:50,0,-1
2/22/2021 10:55,0,-1
2/22/2021 11:00,0,-1
2/22/2021 11:05,0,-1
2/22/2021 11:10,0,-1
2/22/2021 11:15,0,-1
2/22/2021 11:20,0,-1
2/22/2021 11:25,0,-1
2/22/2021 11:30,0,-1
2/22/2021 11:35,0,-1
2/22/2021 11:40,0,-1
2/22/2021 11:45,0,-1
2/22/2021 11:50,0,-1
2/22/2021 11:55,0,-1
2/22/2021 12:00,0,-1
2/22/2021 12:05,0,-1
2/22/2021 12:10,0,-1
2/22/2021 12:15,0,-1
2/22/2021 12:20,0,-1
2/22/2021 12:25,0,-1
2/22/2021 12:30,0,-1
2/22/2021 12:35,0,-1
2/22/2021 12:40,0,-1
2/22/2021 12:45,0,-1
2/22/2021 12:50,0,-1
2/22/2021 12:55,0,-1
2/22/2021 13:00,0,-1
2/22/2021 13:05,0,-1
2/22/2021 13:10,0,-1
2/22/2021 13:15,0,-1
2/22/2021 13:20,0,-1
2/22/2021 13:25,0,-1
2/22/2021 13:30,0,-1
2/22/2021 13:35,0,-1
2/22/2021 13:40,0,-1
2/22/2021 13:45,0,-1
2/22/2021 13:50,0,-1
2/22/2021 13:55,0,-1
2/22/2021 14:00,0,-1
2/22/2021 14:05,0,-1
2/22/2021 14:10,0,-1
2/22/2021 14:15,0,-1
2/22/2021 14:20,0,-1
2/22/2021 14:25,0,-1
2/22/2021 14:30,0,-1
2/22/2021 14:35,0,-1
2/22/2021 14:40,0,-1
2/22/2021 14:45,0,-1
2/22/2021 14:50,0,-1
2/22/2021 14:55,0,-1
2/22/2021 15:00,0,-1
2/22/2021 15:05,0,-1
2/22/2021 15:10,0,-1
2/22/2021 15:15,0,-1
2/22/2021 15:20,0,-1
2/22/2021 15:25,0,-1
2/22/2021 15:30,0,-1
2/22/2021 15:35,0,-1
2/22/2021 15:40,0,-1
2/22/2021 15:45,0,-1
2/22/2021 15:50,0,-1
2/22/2021 15:55,0,-1
2/22/2021 16:00,0,-1
2/22/2021 16:05,0,-1
2/22/2021 16:10,0,-1
2/22/2021 16:15,0,-1
2/22/2021 16:20,0,-1
2/22/2021 16:25,0,-1
2/22/2021 16:30,0,-1
2/22/2021 16:35,0,-1
2/22/2021 16:40,0,-1
2/22/2021 16:45,0,-1
2/22/2021 16:50,0,-1
2/22/2021 16:55,0,-1
2/22/2021 17:00,0,-1
2/22/2021 17:05,0,-1
2/22/2021 17:10,0,-1
2/22/2021 17:15,0,-1
2/22/2021 17:20,0,-1
2/22/2021 17:25,0,-1
2/22/2021 17:30,0,-1
2/22/2021 17:35,0,-1
2/22/2021 17:40,0,-1
2/22/2021 17:45,0,-1
2/22/2021 17:50,0,-1
2/22/2021 17:55,0,-1
2/22/2021 18:00,0,-1
2/22/2021 18:05,0,-1
2/22/2021 18:10,0,-1
2/22/2021 18:15,0,-1
2/22/2021 18:20,0,-1
2/22/2021 18:25,0,-1
2/22/2021 18:30,0,-1
2/22/2021 18:35,0,-1
2/22/2021 18:40,0,-1
2/22/2021 18:45,0,-1
2/22/2021 18:50,0,-1
2/22/2021 18:55,0,-1
2/22/2021 19:00,0,-1
2/22/2021 19:05,0,-1
2/22/2021 19:10,0,-1
2/22/2021 19:15,0,-1
2/22/2021 19:20,0,-1
2/22/2021 19:25,0,-1
2/22/2021 19:30,0,-1
2/22/2021 19:35,0,-1
2/22/2021 19:40,0,-1
2/22/2021 19:45,0,-1
2/22/2021 19:50,0,-1
2/22/2021 19:55,0,-1
2/22/2021 20:00,0,-1
2/22/2021 20:05,0,-1
2/22/2021 20:10,0,-1
2/22/2021 20:15,0,-1
2/22/2021 20:20,0,-1
2/22/2021 20:25,0,-1
2/22/2021 20:30,0,-1
2/22/2021 20:35,0,-1
2/22/2021 20:40,0,-1
2/22/2021 20:45,0,-1
2/22/2021 20:50,0,-1
2/22/2021 20:55,0,-1
2/22/2021 21:00,0,-1
2/22/2021 21:05,0,-1
2/22/2021 21:10,0,-1
2/22/2021 21:15,0,-1
2/22/2021 21:20,0,-1
2/22/2021 21:25,0,-1
2/22/2021 21:30,0,-1
2/22/2021 21:35,0,-1
2/22/2021 21:40,0,-1
2/22/2021 21:45,0,-1
2/22/2021 21:50,0,-1
2/22/2021 21:55,0,-1
2/22/2021 22:00,0,-1
2/22/2021 22:05,0,-1
2/22/2021 22:10,0,-1
2/22/2021 22:15,0,-1
2/22/2021 22:20,0,-1
2/22/2021 22:25,0,-1
2/22/2021 22:30,0,-1
2/22/2021 22:35,0,-1
2/22/2021 22:40,0,-1
2/22/2021 22:45,0,-1
2/22/2021 22:50,0,-1
2/22/2021 22:55,0,-1
2/22/2021 23:00,0,-1
2/22/2021 23:05,0,-1
2/22/2021 23:10,0,-1
2/22/2021 23:15,0,-1
2/22/2021 23:20,0,-1
2/22/2021 23:25,0,-1
2/22/2021 23:30,0,-1
2/22/2021 23:35,0,-1
2/22/2021 23:40,0,-1
2/22/2021 23:45,0,-1
2/22/2021 23:50,0,-1
2/22/2021 23:55,0,-1
2/23/2021 0:00,0,-1
2/23/2021 0:05,0,-1
2/23/2021 0:10,0,-1
2/23/2021 0:15,0,-1
2/23/2021 0:20,0,-1
2/23/2021 0:25,0,-1
2/23/2021 0:30,0,-1
2/23/2021 0:35,0,-1
2/23/2021 0:40,0,-1
2/23/2021 0:45,0,-1
2/23/2021 0:50,0,-1
2/23/2021 0:55,0,-1
2/23/2021 1:00,0,-1
2/23/2021 1:05,0,-1
2/23/2021 1:10,0,-1
2/23/2021 1:15,0,-1
2/23/2021 1:20,0,-1
2/23/2021 1:25,0,-1
2/23/2021 1:30,0,-1
2/23/2021 1:35,0,-1
2/23/2021 1:40,0,-1
2/23/2021 1:45,0,-1
2/23/2021 1:50,0,-1
2/23/2021 1:55,0,-1
2/23/2021 2:00,0,-1
2/23/2021 2:05,0,-1
2/23/2021 2:10,0,-1
2/23/2021 2:15,0,-1
2/23/2021 2:20,0,-1
2/23/2021 2:25,0,-1
2/23/2021 2:30,0,-1
2/23/2021 2:35,0,-1
2/23/2021 2:40,0,-1
2/23/2021 2:45,0,-1
2/23/2021 2:50,0,-1
2/23/2021 2:55,0,-1
2/23/2021 3:00,0,-1
2/23/2021 3:05,0,-1
2/23/2021 3:10,0,-1
2/23/2021 3:15,0,-1
2/23/2021 3:20,0,-1
2/23/2021 3:25,0,-1
2/23/2021 3:30,0,-1
2/23/2021 3:35,0,-1
2/23/2021 3:40,0,-1
2/23/2021 3:45,0,-1
2/23/2021 3:50,0,-1
2/23/2021 3:55,0,-1
2/23/2021 4:00,0,-1
2/23/2021 4:05,0,-1
2/23/2021 4:10,0,-1
2/23/2021 4:15,0,-1
2/23/2021 4:20,0,-1
2/23/2021 4:25,0,-1
2/23/2021 4:30,0,-1
2/23/2021 4:35,0,-1
2/23/2021 4:40,0,-1
2/23/2021 4:45,0,-1
2/23/2021 4:50,0,-1
2/23/2021 4:55,0,-1
2/23/2021 5:00,0,-1
2/23/2021 5:05,0,-1
2/23/2021 5:10,0,-1
2/23/2021 5:15,0,-1
2/23/2021 5:20,0,-1
2/23/2021 5:25,0,-1
2/23/2021 5:30,0,-1
2/23/2021 5:35,0,-1
2/23/2021 5:40,0,-1
2/23/2021 5:45,0,-1
2/23/2021 5:50,0,-1
2/23/2021 5:55,0,-1
2/23/2021 6:00,0,-1
2/23/2021 6:05,0,-1
2/23/2021 6:10,0,-1
2/23/2021 6:15,0,-1
2/23/2021 6:20,0,-1
2/23/2021 6:25,0,-1
2/23/2021 6:30,0,-1
2/23/2021 6:35,0,-1
2/23/2021 6:40,0,-1
2/23/2021 6:45,0,-1
2/23/2021 6:50,0,-1
2/23/2021 6:55,0,-1
2/23/2021 7:00,0,-1
2/23/2021 7:05,0,-1
2/23/2021 7:10,0,-1
2/23/2021 7:15,0,-1
2/23/2021 7:20,0,-1
2/23/2021 7:25,0,-1
2/23/2021 7:30,0,-1
2/23/2021 7:35,0,-1
2/23/2021 7:40,0,-1
2/23/2021 7:45,0,-1
2/23/2021 7:50,0,-1
2/23/2021 7:55,0,-1
2/23/2021 8:00,0,-1
2/23/2021 8:05,0,-1
2/23/2021 8:10,0,-1
2/23/2021 8:15,0,-1
2/23/2021 8:20,0,-1
2/23/2021 8:25,0,-1
2/23/2021 8:30,0,-1
2/23/2021 8:35,0,-1
2/23/2021 8:40,0,-1
2/23/2021 8:45,0,-1
2/23/2021 8:50,0,-1
2/23/2021 8:55,0,-1
2/23/2021 9:00,0,-1
2/23/2021 9:05,0,-1
2/23/2021 9:10,0,-1
2/23/2021 9:15,0,-1
2/23/2021 9:20,0,-1
2/23/2021 9:25,0,-1
2/23/2021 9:30,0,-1
2/23/2021 9:35,0,-1
2/23/2021 9:40,0,-1
2/23/2021 9:45,0,-1
2/23/2021 9:50,0,-1
2/23/2021 9:55,0,-1
2/23/2021 10:00,0,-1
2/23/2021 10:05,0,-1
2/23/2021 10:10,0,-1
2/23/2021 10:15,0,-1
2/23/2021 10:20,0,-1
2/23/2021 10:25,0,-1
2/23/2021 10:30,0,-1
2/23/2021 10:35,0,-1
2/23/2021 10:40,0,-1
2/23/2021 10:45,0,-1
2/23/2021 10:50,0,-1
2/23/2021 10:55,0,-1
2/23/2021 11:00,0,-1
2/23/2021 11:05,0,-1
2/23/2021 11:10,0,-1
2/23/2021 11:15,0,-1
2/23/2021 11:20,0,-1
2/23/2021 11:25,0,-1
2/23/2021 11:30,0,-1
2/23/2021 11:35,0,-1
2/23/2021 11:40,0,-1
2/23/2021 11:45,0,-1
2/23/2021 11:50,0,-1
2/23/2021 11:55,0,-1
2/23/2021 12:00,0,-1
2/23/2021 12:05,0,-1
2/23/2021 12:10,0,-1
2/23/2021 12:15,0,-1
2/23/2021 12:20,0,-1
2/23/2021 12:25,0,-1
2/23/2021 12:30,0,-1
2/23/2021 12:35,0,-1
2/23/2021 12:40,0,-1
2/23/2021 12:45,0,-1
2/23/2021 12:50,0,-1
2/23/2021 12:55,0,-1
2/23/2021 13:00,0,-1
2/23/2021 13:05,0,-1
2/23/2021 13:10,0,-1
2/23/2021 13:15,0,-1
2/23/2021 13:20,0,-1
2/23/2021 13:25,0,-1
2/23/2021 13:30,0,-1
2/23/2021 13:35,0,-1
2/23/2021 13:40,0,-1
2/23/2021 13:45,0,-1
2/23/2021 13:50,0,-1
2/23/2021 13:55,0,-1
2/23/2021 14:00,0,-1
2/23/2021 14:05,0,-1
2/23/2021 14:10,0,-1
2/23/2021 14:15,0,-1
2/23/2021 14:20,0,-1
2/23/2021 14:25,0,-1
2/23/2021 14:30,0,-1
2/23/2021 14:35,0,-1
2/23/2021 14:40,0,-1
2/23/2021 14:45,0,-1
2/23/2021 14:50,0,-1
2/23/2021 14:55,0,-1
2/23/2021 15:00,0,-1
2/23/2021 15:05,0,-1
2/23/2021 15:10,0,-1
2/23/2021 15:15,0,-1
2/23/2021 15:20,0,-1
2/23/2021 15:25,0,-1
2/23/2021 15:30,0,-1
2/23/2021 15:35,0,-1
2/23/2021 15:40,0,-1
2/23/2021 15:45,0,-1
2/23/2021 15:50,0,-1
2/23/2021 15:55,0,-1
2/23/2021 16:00,0,-1
2/23/2021 16:05,0,-1
2/23/2021 16:10,0,-1
2/23/2021 16:15,0,-1
2/23/2021 16:20,0,-1
2/23/2021 16:25,0,-1
2/23/2021 16:30,0,-1
2/23/2021 16:35,0,-1
2/23/2021 16:40,0,-1
2/23/2021 16:45,0,-1
2/23/2021 16:50,0,-1
2/23/2021 16:55,0,-1
2/23/2021 17:00,0,-1
2/23/2021 17:05,0,-1
2/23/2021 17:10,0,-1
2/23/2021 17:15,0,-1
2/23/2021 17:20,0,-1
2/23/2021 17:25,0,-1
2/23/2021 17:30,0,-1
2/23/2021 17:35,0,-1
2/23/2021 17:40,0,-1
2/23/2021 17:45,0,-1
2/23/2021 17:50,0,-1
2/23/2021 17:55,0,-1
2/23/2021 18:00,0,-1
2/23/2021 18:05,0,-1
2/23/2021 18:10,0,-1
2/23/2021 18:15,0,-1
2/23/2021 18:20,0,-1
2/23/2021 18:25,0,-1
2/23/2021 18:30,0,-1
2/23/2021 18:35,0,-1
2/23/2021 18:40,0,-1
2/23/2021 18:45,0,-1
2/23/2021 18:50,0,-1
2/23/2021 18:55,0,-1
2/23/2021 19:00,0,-1
2/23/2021 19:05,0,-1
2/23/2021 19:10,0,-1
2/23/2021 19:15,0,-1
2/23/2021 19:20,0,-1
2/23/2021 19:25,0,-1
2/23/2021 19:30,0,-1
2/23/2021 19:35,0,-1
2/23/2021 19:40,0,-1
2/23/2021 19:45,0,-1
2/23/2021 19:50,0,-1
2/23/2021 19:55,0,-1
2/23/2021 20:00,0,-1
2/23/2021 20:05,0,-1
2/23/2021 20:10,0,-1
2/23/2021 20:15,0,-1
2/23/2021 20:20,0,-1
2/23/2021 20:25,0,-1
2/23/2021 20:30,0,-1
2/23/2021 20:35,0,-1
2/23/2021 20:40,0,-1
2/23/2021 20:45,0,-1
2/23/2021 20:50,0,-1
2/23/2021 20:55,0,-1
2/23/2021 21:00,0,-1
2/23/2021 21:05,0,-1
2/23/2021 21:10,0,-1
2/23/2021 21:15,0,-1
2/23/2021 21:20,0,-1
2/23/2021 21:25,0,-1
2/23/2021 21:30,0,-1
2/23/2021 21:35,0,-1
2/23/2021 21:40,0,-1
2/23/2021 21:45,0,-1
2/23/2021 21:50,0,-1
2/23/2021 21:55,0,-1
2/23/2021 22:00,0,-1
2/23/2021 22:05,0,-1
2/23/2021 22:10,0,-1
2/23/2021 22:15,0,-1
2/23/2021 22:20,0,-1
2/23/2021 22:25,0,-1
2/23/2021 22:30,0,-1
2/23/2021 22:35,0,-1
2/23/2021 22:40,0,-1
2/23/2021 22:45,0,-1
2/23/2021 22:50,0,-1
2/23/2021 22:55,0,-1
2/23/2021 23:00,0,-1
2/23/2021 23:05,0,-1
2/23/2021 23:10,0,-1
2/23/2021 23:15,0,-1
2/23/2021 23:20,0,-1
2/23/2021 23:25,0,-1
2/23/2021 23:30,0,-1
2/23/2021 23:35,0,-1
2/23/2021 23:40,0,-1
2/23/2021 23:45,0,-1
2/23/2021 23:50,0,-1
2/23/2021 23:55,0,-1
2/24/2021 0:00,0,-1
2/24/2021 0:05,0,-1
2/24/2021 0:10,0,-1
2/24/2021 0:15,0,-1
2/24/2021 0:20,0,-1
2/24/2021 0:25,0,-1
2/24/2021 0:30,0,-1
2/24/2021 0:35,0,-1
2/24/2021 0:40,0,-1
2/24/2021 0:45,0,-1
2/24/2021 0:50,0,-1
2/24/2021 0:55,0,-1
2/24/2021 1:00,0,-1
2/24/2021 1:05,0,-1
2/24/2021 1:10,0,-1
2/24/2021 1:15,0,-1
2/24/2021 1:20,0,-1
2/24/2021 1:25,0,-1
2/24/2021 1:30,0,-1
2/24/2021 1:35,0,-1
2/24/2021 1:40,0,-1
2/24/2021 1:45,0,-1
2/24/2021 1:50,0,-1
2/24/2021 1:55,0,-1
2/24/2021 2:00,0,-1
2/24/2021 2:05,0,-1
2/24/2021 2:10,0,-1
2/24/2021 2:15,0,-1
2/24/2021 2:20,0,-1
2/24/2021 2:25,0,-1
2/24/2021 2:30,0,-1
2/24/2021 2:35,0,-1
2/24/2021 2:40,0,-1
2/24/2021 2:45,0,-1
2/24/2021 2:50,0,-1
2/24/2021 2:55,0,-1
2/24/2021 3:00,0,-1
2/24/2021 3:05,0,-1
2/24/2021 3:10,0,-1
2/24/2021 3:15,0,-1
2/24/2021 3:20,0,-1
2/24/2021 3:25,0,-1
2/24/2021 3:30,0,-1
2/24/2021 3:35,0,-1
2/24/2021 3:40,0,-1
2/24/2021 3:45,0,-1
2/24/2021 3:50,0,-1
2/24/2021 3:55,0,-1
2/24/2021 4:00,0,-1
2/24/2021 4:05,0,-1
2/24/2021 4:10,0,-1
2/24/2021 4:15,0,-1
2/24/2021 4:20,0,-1
2/24/2021 4:25,0,-1
2/24/2021 4:30,0,-1
2/24/2021 4:35,0,-1
2/24/2021 4:40,0,-1
2/24/2021 4:45,0,-1
2/24/2021 4:50,0,-1
2/24/2021 4:55,0,-1
2/24/2021 5:00,0,-1
2/24/2021 5:05,0,-1
2/24/2021 5:10,0,-1
2/24/2021 5:15,0,-1
2/24/2021 5:20,0,-1
2/24/2021 5:25,0,-1
2/24/2021 5:30,0,-1
2/24/2021 5:35,0,-1
2/24/2021 5:40,0,-1
2/24/2021 5:45,0,-1
2/24/2021 5:50,0,-1
2/24/2021 5:55,0,-1
2/24/2021 6:00,0,-1
2/24/2021 6:05,0,-1
2/24/2021 6:10,0,-1
2/24/2021 6:15,0,-1
2/24/2021 6:20,0,-1
2/24/2021 6:25,0,-1
2/24/2021 6:30,0,-1
2/24/2021 6:35,0,-1
2/24/2021 6:40,0,-1
2/24/2021 6:45,0,-1
2/24/2021 6:50,0,-1
2/24/2021 6:55,0,-1
2/24/2021 7:00,0,-1
2/24/2021 7:05,0,-1
2/24/2021 7:10,0,-1
2/24/2021 7:15,0,-1
2/24/2021 7:20,0,-1
2/24/2021 7:25,0,-1
2/24/2021 7:30,0,-1
2/24/2021 7:35,0,-1
2/24/2021 7:40,0,-1
2/24/2021 7:45,0,-1
2/24/2021 7:50,0,-1
2/24/2021 7:55,0,-1
2/24/2021 8:00,0,-1
2/24/2021 8:05,0,-1
2/24/2021 8:10,0,-1
2/24/2021 8:15,0,-1
2/24/2021 8:20,0,-1
2/24/2021 8:25,0,-1
2/24/2021 8:30,0,-1
2/24/2021 8:35,0,-1
2/24/2021 8:40,0,-1
2/24/2021 8:45,0,-1
2/24/2021 8:50,0,-1
2/24/2021 8:55,0,-1
2/24/2021 9:00,0,-1
2/24/2021 9:05,0,-1
2/24/2021 9:10,0,-1
2/24/2021 9:15,0,-1
2/24/2021 9:20,0,-1
2/24/2021 9:25,0,-1
2/24/2021 9:30,0,-1
2/24/2021 9:35,0,-1
2/24/2021 9:40,0,-1
2/24/2021 9:45,0,-1
2/24/2021 9:50,0,-1
2/24/2021 9:55,0,-1
2/24/2021 10:00,0,-1
2/24/2021 10:05,0,-1
2/24/2021 10:10,0,-1
2/24/2021 10:15,0,-1
2/24/2021 10:20,0,-1
2/24/2021 10:25,0,-1
2/24/2021 10:30,0,-1
2/24/2021 10:35,0,-1
2/24/2021 10:40,0,-1
2/24/2021 10:45,0,-1
2/24/2021 10:50,0,-1
2/24/2021 10:55,0,-1
2/24/2021 11:00,0,-1
2/24/2021 11:05,0,-1
2/24/2021 11:10,0,-1
2/24/2021 11:15,0,-1
2/24/2021 11:20,0,-1
2/24/2021 11:25,0,-1
2/24/2021 11:30,0,-1
2/24/2021 11:35,0,-1
2/24/2021 11:40,0,-1
2/24/2021 11:45,0,-1
2/24/2021 11:50,0,-1
2/24/2021 11:55,0,-1
2/24/2021 12:00,0,-1
2/24/2021 12:05,0,-1
2/24/2021 12:10,0,-1
2/24/2021 12:15,0,-1
2/24/2021 12:20,0,-1
2/24/2021 12:25,0,-1
2/24/2021 12:30,0,-1
2/24/2021 12:35,0,-1
2/24/2021 12:40,0,-1
2/24/2021 12:45,0,-1
2/24/2021 12:50,0,-1
2/24/2021 12:55,0,-1
2/24/2021 13:00,0,-1
2/24/2021 13:05,0,-1
2/24/2021 13:10,0,-1
2/24/2021 13:15,0,-1
2/24/2021 13:20,0,-1
2/24/2021 13:25,0,-1
2/24/2021 13:30,0,-1
2/24/2021 13:35,0,-1
2/24/2021 13:40,0,-1
2/24/2021 13:45,0,-1
2/24/2021 13:50,0,-1
2/24/2021 13:55,0,-1
2/24/2021 14:00,0,-1
2/24/2021 14:05,0,-1
2/24/2021 14:10,0,-1
2/24/2021 14:15,0,-1
2/24/2021 14:20,0,-1
2/24/2021 14:25,0,-1
2/24/2021 14:30,0,-1
2/24/2021 14:35,0,-1
2/24/2021 14:40,0,-1
2/24/2021 14:45,0,-1
2/24/2021 14:50,0,-1
2/24/2021 14:55,0,-1
2/24/2021 15:00,0,-1
2/24/2021 15:05,0,-1
2/24/2021 15:10,0,-1
2/24/2021 15:15,0,-1
2/24/2021 15:20,0,-1
2/24/2021 15:25,0,-1
2/24/2021 15:30,0,-1
2/24/2021 15:35,0,-1
2/24/2021 15:40,0,-1
2/24/2021 15:45,0,-1
2/24/2021 15:50,0,-1
2/24/2021 15:55,0,-1
2/24/2021 16:00,0,-1
2/24/2021 16:05,0,-1
2/24/2021 16:10,0,-1
2/24/2021 16:15,0,-1
2/24/2021 16:20,0,-1
2/24/2021 16:25,0,-1
2/24/2021 16:30,0,-1
2/24/2021 16:35,0,-1
2/24/2021 16:40,0,-1
2/24/2021 16:45,0,-1
2/24/2021 16:50,0,-1
2/24/2021 16:55,0,-1
2/24/2021 17:00,0,-1
2/24/2021 17:05,0,-1
2/24/2021 17:10,0,-1
2/24/2021 17:15,0,-1
2/24/2021 17:20,0,-1
2/24/2021 17:25,0,-1
2/24/2021 17:30,0,-1
2/24/2021 17:35,0,-1
2/24/2021 17:40,0,-1
2/24/2021 17:45,0,-1
2/24/2021 17:50,0,-1
2/24/2021 17:55,0,-1
2/24/2021 18:00,0,-1
2/24/2021 18:05,0,-1
2/24/2021 18:10,0,-1
2/24/2021 18:15,0,-1
2/24/2021 18:20,0,-1
2/24/2021 18:25,0,-1
2/24/2021 18:30,0,-1
2/24/2021 18:35,0,-1
2/24/2021 18:40,0,-1
2/24/2021 18:45,0,-1
2/24/2021 18:50,0,-1
2/24/2021 18:55,0,-1
2/24/2021 19:00,0,-1
2/24/2021 19:05,0,-1
2/24/2021 19:10,0,-1
2/24/2021 19:15,0,-1
2/24/2021 19:20,0,-1
2/24/2021 19:25,0,-1
2/24/2021 19:30,0,-1
2/24/2021 19:35,0,-1
2/24/2021 19:40,0,-1
2/24/2021 19:45,0,-1
2/24/2021 19:50,0,-1
2/24/2021 19:55,0,-1
2/24/2021 20:00,0,-1
2/24/2021 20:05,0,-1
2/24/2021 20:10,0,-1
2/24/2021 20:15,0,-1
2/24/2021 20:20,0,-1
2/24/2021 20:25,0,-1
2/24/2021 20:30,0,-1
2/24/2021 20:35,0,-1
2/24/2021 20:40,0,-1
2/24/2021 20:45,0,-1
2/24/2021 20:50,0,-1
2/24/2021 20:55,0,-1
2/24/2021 21:00,0,-1
2/24/2021 21:05,0,-1
2/24/2021 21:10,0,-1
2/24/2021 21:15,0,-1
2/24/2021 21:20,0,-1
2/24/2021 21:25,0,-1
2/24/2021 21:30,0,-1
2/24/2021 21:35,0,-1
2/24/2021 21:40,0,-1
2/24/2021 21:45,0,-1
2/24/2021 21:50,0,-1
2/24/2021 21:55,0,-1
2/24/2021 22:00,0,-1
2/24/2021 22:05,0,-1
2/24/2021 22:10,0,-1
2/24/2021 22:15,0,-1
2/24/2021 22:20,0,-1
2/24/2021 22:25,0,-1
2/24/2021 22:30,0,-1
2/24/2021 22:35,0,-1
2/24/2021 22:40,0,-1
2/24/2021 22:45,0,-1
2/24/2021 22:50,0,-1
2/24/2021 22:55,0,-1
2/24/2021 23:00,0,-1
2/24/2021 23:05,0,-1
2/24/2021 23:10,0,-1
2/24/2021 23:15,0,-1
2/24/2021 23:20,0,-1
2/24/2021 23:25,0,-1
2/24/2021 23:30,0,-1
2/24/2021 23:35,0,-1
2/24/2021 23:40,0,-1
2/24/2021 23:45,0,-1
2/24/2021 23:50,0,-1
2/24/2021 23:55,0,-1
2/25/2021 0:00,0,-1
2/25/2021 0:05,0,-1
2/25/2021 0:10,0,-1
2/25/2021 0:15,0,-1
2/25/2021 0:20,0,-1
2/25/2021 0:25,0,-1
2/25/2021 0:30,0,-1
2/25/2021 0:35,0,-1
2/25/2021 0:40,0,-1
2/25/2021 0:45,0,-1
2/25/2021 0:50,0,-1
2/25/2021 0:55,0,-1
2/25/2021 1:00,0,-1
2/25/2021 1:05,0,-1
2/25/2021 1:10,0,-1
2/25/2021 1:15,0,-1
2/25/2021 1:20,0,-1
2/25/2021 1:25,0,-1
2/25/2021 1:30,0,-1
2/25/2021 1:35,0,-1
2/25/2021 1:40,0,-1
2/25/2021 1:45,0,-1
2/25/2021 1:50,0,-1
2/25/2021 1:55,0,-1
2/25/2021 2:00,0,-1
2/25/2021 2:05,0,-1
2/25/2021 2:10,0,-1
2/25/2021 2:15,0,-1
2/25/2021 2:20,0,-1
2/25/2021 2:25,0,-1
2/25/2021 2:30,0,-1
2/25/2021 2:35,0,-1
2/25/2021 2:40,0,-1
2/25/2021 2:45,0,-1
2/25/2021 2:50,0,-1
2/25/2021 2:55,0,-1
2/25/2021 3:00,0,-1
2/25/2021 3:05,0,-1
2/25/2021 3:10,0,-1
2/25/2021 3:15,0,-1
2/25/2021 3:20,0,-1
2/25/2021 3:25,0,-1
2/25/2021 3:30,0,-1
2/25/2021 3:35,0,-1
2/25/2021 3:40,0,-1
2/25/2021 3:45,0,-1
2/25/2021 3:50,0,-1
2/25/2021 3:55,0,-1
2/25/2021 4:00,0,-1
2/25/2021 4:05,0,-1
2/25/2021 4:10,0,-1
2/25/2021 4:15,0,-1
2/25/2021 4:20,0,-1
2/25/2021 4:25,0,-1
2/25/2021 4:30,0,-1
2/25/2021 4:35,0,-1
2/25/2021 4:40,0,-1
2/25/2021 4:45,0,-1
2/25/2021 4:50,0,-1
2/25/2021 4:55,0,-1
2/25/2021 5:00,0,-1
2/25/2021 5:05,0,-1
2/25/2021 5:10,0,-1
2/25/2021 5:15,0,-1
2/25/2021 5:20,0,-1
2/25/2021 5:25,0,-1
2/25/2021 5:30,0,-1
2/25/2021 5:35,0,-1
2/25/2021 5:40,0,-1
2/25/2021 5:45,0,-1
2/25/2021 5:50,0,-1
2/25/2021 5:55,0,-1
2/25/2021 6:00,0,-1
2/25/2021 6:05,0,-1
2/25/2021 6:10,0,-1
2/25/2021 6:15,0,-1
2/25/2021 6:20,0,-1
2/25/2021 6:25,0,-1
2/25/2021 6:30,0,-1
2/25/2021 6:35,0,-1
2/25/2021 6:40,0,-1
2/25/2021 6:45,0,-1
2/25/2021 6:50,0,-1
2/25/2021 6:55,0,-1
2/25/2021 7:00,0,-1
2/25/2021 7:05,0,-1
2/25/2021 7:10,0,-1
2/25/2021 7:15,0,-1
2/25/2021 7:20,0,-1
2/25/2021 7:25,0,-1
2/25/2021 7:30,0,-1
2/25/2021 7:35,0,-1
2/25/2021 7:40,0,-1
2/25/2021 7:45,0,-1
2/25/2021 7:50,0,-1
2/25/2021 7:55,0,-1
2/25/2021 8:00,0,-1
2/25/2021 8:05,0,-1
2/25/2021 8:10,0,-1
2/25/2021 8:15,0,-1
2/25/2021 8:20,0,-1
2/25/2021 8:25,0,-1
2/25/2021 8:30,0,-1
2/25/2021 8:35,0,-1
2/25/2021 8:40,0,-1
2/25/2021 8:45,0,-1
2/25/2021 8:50,0,-1
2/25/2021 8:55,0,-1
2/25/2021 9:00,0,-1
2/25/2021 9:05,0,-1
2/25/2021 9:10,0,-1
2/25/2021 9:15,0,-1
2/25/2021 9:20,0,-1
2/25/2021 9:25,0,-1
2/25/2021 9:30,0,-1
2/25/2021 9:35,0,-1
2/25/2021 9:40,0,-1
2/25/2021 9:45,0,-1
2/25/2021 9:50,0,-1
2/25/2021 9:55,0,-1
2/25/2021 10:00,0,-1
2/25/2021 10:05,0,-1
2/25/2021 10:10,0,-1
2/25/2021 10:15,0,-1
2/25/2021 10:20,0,-1
2/25/2021 10:25,0,-1
2/25/2021 10:30,0,-1
2/25/2021 10:35,0,-1
2/25/2021 10:40,0,-1
2/25/2021 10:45,0,-1
2/25/2021 10:50,0,-1
2/25/2021 10:55,0,-1
2/25/2021 11:00,0,-1
2/25/2021 11:05,0,-1
2/25/2021 11:10,0,-1
2/25/2021 11:15,0,-1
2/25/2021 11:20,0,-1
2/25/2021 11:25,0,-1
2/25/2021 11:30,0,-1
2/25/2021 11:35,0,-1
2/25/2021 11:40,0,-1
2/25/2021 11:45,0,-1
2/25/2021 11:50,0,-1
2/25/2021 11:55,0,-1
2/25/2021 12:00,0,-1
2/25/2021 12:05,0,-1
2/25/2021 12:10,0,-1
2/25/2021 12:15,0,-1
2/25/2021 12:20,0,-1
2/25/2021 12:25,0,-1
2/25/2021 12:30,0,-1
2/25/2021 12:35,0,-1
2/25/2021 12:40,0,-1
2/25/2021 12:45,0,-1
2/25/2021 12:50,0,-1
2/25/2021 12:55,0,-1
2/25/2021 13:00,0,-1
2/25/2021 13:05,0,-1
2/25/2021 13:10,0,-1
2/25/2021 13:15,0,-1
2/25/2021 13:20,0,-1
2/25/2021 13:25,0,-1
2/25/2021 13:30,0,-1
2/25/2021 13:35,0,-1
2/25/2021 13:40,0,-1
2/25/2021 13:45,0,-1
2/25/2021 13:50,0,-1
2/25/2021 13:55,0,-1
2/25/2021 14:00,0,-1
2/25/2021 14:05,0,-1
2/25/2021 14:10,0,-1
2/25/2021 14:15,0,-1
2/25/2021 14:20,0,-1
2/25/2021 14:25,0,-1
2/25/2021 14:30,0,-1
2/25/2021 14:35,0,-1
2/25/2021 14:40,0,-1
2/25/2021 14:45,0,-1
2/25/2021 14:50,0,-1
2/25/2021 14:55,0,-1
2/25/2021 15:00,0,-1
2/25/2021 15:05,0,-1
2/25/2021 15:10,0,-1
2/25/2021 15:15,0,-1
2/25/2021 15:20,0,-1
2/25/2021 15:25,0,-1
2/25/2021 15:30,0,-1
2/25/2021 15:35,0,-1
2/25/2021 15:40,0,-1
2/25/2021 15:45,0,-1
2/25/2021 15:50,0,-1
2/25/2021 15:55,0,-1
2/25/2021 16:00,0,-1
2/25/2021 16:05,0,-1
2/25/2021 16:10,0,-1
2/25/2021 16:15,0,-1
2/25/2021 16:20,0,-1
2/25/2021 16:25,0,-1
2/25/2021 16:30,0,-1
2/25/2021 16:35,0,-1
2/25/2021 16:40,0,-1
2/25/2021 16:45,0,-1
2/25/2021 16:50,0,-1
2/25/2021 16:55,0,-1
2/25/2021 17:00,0,-1
2/25/2021 17:05,0,-1
2/25/2021 17:10,0,-1
2/25/2021 17:15,0,-1
2/25/2021 17:20,0,-1
2/25/2021 17:25,0,-1
2/25/2021 17:30,0,-1
2/25/2021 17:35,0,-1
2/25/2021 17:40,0,-1
2/25/2021 17:45,0,-1
2/25/2021 17:50,0,-1
2/25/2021 17:55,0,-1
2/25/2021 18:00,0,-1
2/25/2021 18:05,0,-1
2/25/2021 18:10,0,-1
2/25/2021 18:15,0,-1
2/25/2021 18:20,0,-1
2/25/2021 18:25,0,-1
2/25/2021 18:30,0,-1
2/25/2021 18:35,0,-1
2/25/2021 18:40,0,-1
2/25/2021 18:45,0,-1
2/25/2021 18:50,0,-1
2/25/2021 18:55,0,-1
2/25/2021 19:00,0,-1
2/25/2021 19:05,0,-1
2/25/2021 19:10,0,-1
2/25/2021 19:15,0,-1
2/25/2021 19:20,0,-1
2/25/2021 19:25,0,-1
2/25/2021 19:30,0,-1
2/25/2021 19:35,0,-1
2/25/2021 19:40,0,-1
2/25/2021 19:45,0,-1
2/25/2021 19:50,0,-1
2/25/2021 19:55,0,-1
2/25/2021 20:00,0,-1
2/25/2021 20:05,0,-1
2/25/2021 20:10,0,-1
2/25/2021 20:15,0,-1
2/25/2021 20:20,0,-1
2/25/2021 20:25,0,-1
2/25/2021 20:30,0,-1
2/25/2021 20:35,0,-1
2/25/2021 20:40,0,-1
2/25/2021 20:45,0,-1
2/25/2021 20:50,0,-1
2/25/2021 20:55,0,-1
2/25/2021 21:00,0,-1
2/25/2021 21:05,0,-1
2/25/2021 21:10,0,-1
2/25/2021 21:15,0,-1
2/25/2021 21:20,0,-1
2/25/2021 21:25,0,-1
2/25/2021 21:30,0,-1
2/25/2021 21:35,0,-1
2/25/2021 21:40,0,-1
2/25/2021 21:45,0,-1
2/25/2021 21:50,0,-1
2/25/2021 21:55,0,-1
2/25/2021 22:00,0,-1
2/25/2021 22:05,0,-1
2/25/2021 22:10,0,-1
2/25/2021 22:15,0,-1
2/25/2021 22:20,0,-1
2/25/2021 22:25,0,-1
2/25/2021 22:30,0,-1
2/25/2021 22:35,0,-1
2/25/2021 22:40,0,-1
2/25/2021 22:45,0,-1
2/25/2021 22:50,0,-1
2/25/2021 22:55,0,-1
2/25/2021 23:00,0,-1
2/25/2021 23:05,0,-1
2/25/2021 23:10,0,-1
2/25/2021 23:15,0,-1
2/25/2021 23:20,0,-1
2/25/2021 23:25,0,-1
2/25/2021 23:30,0,-1
2/25/2021 23:35,0,-1
2/25/2021 23:40,0,-1
2/25/2021 23:45,0,-1
2/25/2021 23:50,0,-1
2/25/2021 23:55,0,-1
2/26/2021 0:00,0,-1
2/26/2021 0:05,0,-1
2/26/2021 0:10,0,-1
2/26/2021 0:15,0,-1
2/26/2021 0:20,0,-1
2/26/2021 0:25,0,-1
2/26/2021 0:30,0,-1
2/26/2021 0:35,0,-1
2/26/2021 0:40,0,-1
2/26/2021 0:45,0,-1
2/26/2021 0:50,0,-1
2/26/2021 0:55,0,-1
2/26/2021 1:00,0,-1
2/26/2021 1:05,0,-1
2/26/2021 1:10,0,-1
2/26/2021 1:15,0,-1
2/26/2021 1:20,0,-1
2/26/2021 1:25,0,-1
2/26/2021 1:30,0,-1
2/26/2021 1:35,0,-1
2/26/2021 1:40,0,-1
2/26/2021 1:45,0,-1
2/26/2021 1:50,0,-1
2/26/2021 1:55,0,-1
2/26/2021 2:00,0,-1
2/26/2021 2:05,0,-1
2/26/2021 2:10,0,-1
2/26/2021 2:15,0,-1
2/26/2021 2:20,0,-1
2/26/2021 2:25,0,-1
2/26/2021 2:30,0,-1
2/26/2021 2:35,0,-1
2/26/2021 2:40,0,-1
2/26/2021 2:45,0,-1
2/26/2021 2:50,0,-1
2/26/2021 2:55,0,-1
2/26/2021 3:00,0,-1
2/26/2021 3:05,0,-1
2/26/2021 3:10,0,-1
2/26/2021 3:15,0,-1
2/26/2021 3:20,0,-1
2/26/2021 3:25,0,-1
2/26/2021 3:30,0,-1
2/26/2021 3:35,0,-1
2/26/2021 3:40,0,-1
2/26/2021 3:45,0,-1
2/26/2021 3:50,0,-1
2/26/2021 3:55,0,-1
2/26/2021 4:00,0,-1
2/26/2021 4:05,0,-1
2/26/2021 4:10,0,-1
2/26/2021 4:15,0,-1
2/26/2021 4:20,0,-1
2/26/2021 4:25,0,-1
2/26/2021 4:30,0,-1
2/26/2021 4:35,0,-1
2/26/2021 4:40,0,-1
2/26/2021 4:45,0,-1
2/26/2021 4:50,0,-1
2/26/2021 4:55,0,-1
2/26/2021 5:00,0,-1
2/26/2021 5:05,0,-1
2/26/2021 5:10,0,-1
2/26/2021 5:15,0,-1
2/26/2021 5:20,0,-1
2/26/2021 5:25,0,-1
2/26/2021 5:30,0,-1
2/26/2021 5:35,0,-1
2/26/2021 5:40,0,-1
2/26/2021 5:45,0,-1
2/26/2021 5:50,0,-1
2/26/2021 5:55,0,-1
2/26/2021 6:00,0,-1
2/26/2021 6:05,0,-1
2/26/2021 6:10,0,-1
2/26/2021 6:15,0,-1
2/26/2021 6:20,0,-1
2/26/2021 6:25,0,-1
2/26/2021 6:30,0,-1
2/26/2021 6:35,0,-1
2/26/2021 6:40,0,-1
2/26/2021 6:45,0,-1
2/26/2021 6:50,0,-1
2/26/2021 6:55,0,-1
2/26/2021 7:00,0,-1
2/26/2021 7:05,0,-1
2/26/2021 7:10,0,-1
2/26/2021 7:15,0,-1
2/26/2021 7:20,0,-1
2/26/2021 7:25,0,-1
2/26/2021 7:30,0,-1
2/26/2021 7:35,0,-1
2/26/2021 7:40,0,-1
2/26/2021 7:45,0,-1
2/26/2021 7:50,0,-1
2/26/2021 7:55,0,-1
2/26/2021 8:00,0,-1
2/26/2021 8:05,0,-1
2/26/2021 8:10,0,-1
2/26/2021 8:15,0,-1
2/26/2021 8:20,0,-1
2/26/2021 8:25,0,-1
2/26/2021 8:30,0,-1
2/26/2021 8:35,0,-1
2/26/2021 8:40,0,-1
2/26/2021 8:45,0,-1
2/26/2021 8:50,0,-1
2/26/2021 8:55,0,-1
2/26/2021 9:00,0,-1
2/26/2021 9:05,0,-1
2/26/2021 9:10,0,-1
2/26/2021 9:15,0,-1
2/26/2021 9:20,0,-1
2/26/2021 9:25,0,-1
2/26/2021 9:30,0,-1
2/26/2021 9:35,0,-1
2/26/2021 9:40,0,-1
2/26/2021 9:45,0,-1
2/26/2021 9:50,0,-1
2/26/2021 9:55,0,-1
2/26/2021 10:00,0,-1
2/26/2021 10:05,0,-1
2/26/2021 10:10,0,-1
2/26/2021 10:15,0,-1
2/26/2021 10:20,0,-1
2/26/2021 10:25,0,-1
2/26/2021 10:30,0,-1
2/26/2021 10:35,0,-1
2/26/2021 10:40,0,-1
2/26/2021 10:45,0,-1
2/26/2021 10:50,0,-1
2/26/2021 10:55,0,-1
2/26/2021 11:00,0,-1
2/26/2021 11:05,0.000738462,-1
2/26/2021 11:10,0.000738462,-1
2/26/2021 11:15,0,-1
2/26/2021 11:20,0,-1
2/26/2021 11:25,0,-1
2/26/2021 11:30,0,-1
2/26/2021 11:35,0,-1
2/26/2021 11:40,0,-1
2/26/2021 11:45,0,-1
2/26/2021 11:50,0,-1
2/26/2021 11:55,0,-1
2/26/2021 12:00,0,-1
2/26/2021 12:05,0,-1
2/26/2021 12:10,0,-1
2/26/2021 12:15,0,-1
2/26/2021 12:20,0,-1
2/26/2021 12:25,0,-1
2/26/2021 12:30,0,-1
2/26/2021 12:35,0,-1
2/26/2021 12:40,0,-1
2/26/2021 12:45,0,-1
2/26/2021 12:50,0,-1
2/26/2021 12:55,0,-1
2/26/2021 13:00,0,-1
2/26/2021 13:05,0,-1
2/26/2021 13:10,0,-1
2/26/2021 13:15,0,-1
2/26/2021 13:20,0,-1
2/26/2021 13:25,0,-1
2/26/2021 13:30,0,-1
2/26/2021 13:35,0,-1
2/26/2021 13:40,0,-1
2/26/2021 13:45,0,-1
2/26/2021 13:50,0,-1
2/26/2021 13:55,0,-1
2/26/2021 14:00,0,-1
2/26/2021 14:05,0,-1
2/26/2021 14:10,0,-1
2/26/2021 14:15,0,-1
2/26/2021 14:20,0,-1
2/26/2021 14:25,0,-1
2/26/2021 14:30,0,-1
2/26/2021 14:35,0,-1
2/26/2021 14:40,0,-1
2/26/2021 14:45,0,-1
2/26/2021 14:50,0,-1
2/26/2021 14:55,0,-1
2/26/2021 15:00,0,-1
2/26/2021 15:05,0,-1
2/26/2021 15:10,0,-1
2/26/2021 15:15,0,-1
2/26/2021 15:20,0,-1
2/26/2021 15:25,0,-1
2/26/2021 15:30,0,-1
2/26/2021 15:35,0,-1
2/26/2021 15:40,0,-1
2/26/2021 15:45,0,-1
2/26/2021 15:50,0,-1
2/26/2021 15:55,0,-1
2/26/2021 16:00,0,-1
2/26/2021 16:05,0,-1
2/26/2021 16:10,0,-1
2/26/2021 16:15,0,-1
2/26/2021 16:20,0,-1
2/26/2021 16:25,0,-1
2/26/2021 16:30,0,-1
2/26/2021 16:35,0,-1
2/26/2021 16:40,0,-1
2/26/2021 16:45,0,-1
2/26/2021 16:50,0,-1
2/26/2021 16:55,0,-1
2/26/2021 17:00,0,-1
2/26/2021 17:05,0,-1
2/26/2021 17:10,0,-1
2/26/2021 17:15,0,-1
2/26/2021 17:20,0,-1
2/26/2021 17:25,0,-1
2/26/2021 17:30,0,-1
2/26/2021 17:35,0,-1
2/26/2021 17:40,0,-1
2/26/2021 17:45,0,-1
2/26/2021 17:50,0,-1
2/26/2021 17:55,0,-1
2/26/2021 18:00,0,-1
2/26/2021 18:05,0,-1
2/26/2021 18:10,0,-1
2/26/2021 18:15,0,-1
2/26/2021 18:20,0,-1
2/26/2021 18:25,0,-1
2/26/2021 18:30,0,-1
2/26/2021 18:35,0,-1
2/26/2021 18:40,0,-1
2/26/2021 18:45,0,-1
2/26/2021 18:50,0,-1
2/26/2021 18:55,0,-1
2/26/2021 19:00,0,-1
2/26/2021 19:05,0,-1
2/26/2021 19:10,0,-1
2/26/2021 19:15,0,-1
2/26/2021 19:20,0,-1
2/26/2021 19:25,0,-1
2/26/2021 19:30,0,-1
2/26/2021 19:35,0,-1
2/26/2021 19:40,0,-1
2/26/2021 19:45,0,-1
2/26/2021 19:50,0,-1
2/26/2021 19:55,0,-1
2/26/2021 20:00,0,-1
2/26/2021 20:05,0,-1
2/26/2021 20:10,0,-1
2/26/2021 20:15,0,-1
2/26/2021 20:20,0,-1
2/26/2021 20:25,0,-1
2/26/2021 20:30,0,-1
2/26/2021 20:35,0,-1
2/26/2021 20:40,0,-1
2/26/2021 20:45,0,-1
2/26/2021 20:50,0,-1
2/26/2021 20:55,0,-1
2/26/2021 21:00,0,-1
2/26/2021 21:05,0,-1
2/26/2021 21:10,0,-1
2/26/2021 21:15,0,-1
2/26/2021 21:20,0,-1
2/26/2021 21:25,0,-1
2/26/2021 21:30,0,-1
2/26/2021 21:35,0,-1
2/26/2021 21:40,0,-1
2/26/2021 21:45,0,-1
2/26/2021 21:50,0,-1
2/26/2021 21:55,0,-1
2/26/2021 22:00,0,-1
2/26/2021 22:05,0,-1
2/26/2021 22:10,0,-1
2/26/2021 22:15,0,-1
2/26/2021 22:20,0,-1
2/26/2021 22:25,0,-1
2/26/2021 22:30,0,-1
2/26/2021 22:35,0,-1
2/26/2021 22:40,0,-1
2/26/2021 22:45,0,-1
2/26/2021 22:50,0,-1
2/26/2021 22:55,0,-1
2/26/2021 23:00,0,-1
2/26/2021 23:05,0,-1
2/26/2021 23:10,0,-1
2/26/2021 23:15,0,-1
2/26/2021 23:20,0,-1
2/26/2021 23:25,0,-1
2/26/2021 23:30,0,-1
2/26/2021 23:35,0,-1
2/26/2021 23:40,0,-1
2/26/2021 23:45,0,-1
2/26/2021 23:50,0,-1
2/26/2021 23:55,0,-1
2/27/2021 0:00,0,-1
2/27/2021 0:05,0,-1
2/27/2021 0:10,0,-1
2/27/2021 0:15,0,-1
2/27/2021 0:20,0,-1
2/27/2021 0:25,0,-1
2/27/2021 0:30,0,-1
2/27/2021 0:35,0,-1
2/27/2021 0:40,0,-1
2/27/2021 0:45,0,-1
2/27/2021 0:50,0,-1
2/27/2021 0:55,0,-1
2/27/2021 1:00,0,-1
2/27/2021 1:05,0,-1
2/27/2021 1:10,0,-1
2/27/2021 1:15,0,-1
2/27/2021 1:20,0,-1
2/27/2021 1:25,0,-1
2/27/2021 1:30,0,-1
2/27/2021 1:35,0,-1
2/27/2021 1:40,0,-1
2/27/2021 1:45,0,-1
2/27/2021 1:50,0,-1
2/27/2021 1:55,0,-1
2/27/2021 2:00,0,-1
2/27/2021 2:05,0,-1
2/27/2021 2:10,0,-1
2/27/2021 2:15,0,-1
2/27/2021 2:20,0,-1
2/27/2021 2:25,0,-1
2/27/2021 2:30,0,-1
2/27/2021 2:35,0,-1
2/27/2021 2:40,0,-1
2/27/2021 2:45,0,-1
2/27/2021 2:50,0,-1
2/27/2021 2:55,0,-1
2/27/2021 3:00,0,-1
2/27/2021 3:05,0,-1
2/27/2021 3:10,0,-1
2/27/2021 3:15,0,-1
2/27/2021 3:20,0,-1
2/27/2021 3:25,0,-1
2/27/2021 3:30,0,-1
2/27/2021 3:35,0,-1
2/27/2021 3:40,0,-1
2/27/2021 3:45,0,-1
2/27/2021 3:50,0,-1
2/27/2021 3:55,0,-1
2/27/2021 4:00,0,-1
2/27/2021 4:05,0,-1
2/27/2021 4:10,0,-1
2/27/2021 4:15,0,-1
2/27/2021 4:20,0,-1
2/27/2021 4:25,0,-1
2/27/2021 4:30,0,-1
2/27/2021 4:35,0,-1
2/27/2021 4:40,0,-1
2/27/2021 4:45,0,-1
2/27/2021 4:50,0,-1
2/27/2021 4:55,0,-1
2/27/2021 5:00,0,-1
2/27/2021 5:05,0,-1
2/27/2021 5:10,0,-1
2/27/2021 5:15,0,-1
2/27/2021 5:20,0,-1
2/27/2021 5:25,0,-1
2/27/2021 5:30,0,-1
2/27/2021 5:35,0,-1
2/27/2021 5:40,0,-1
2/27/2021 5:45,0,-1
2/27/2021 5:50,0,-1
2/27/2021 5:55,0,-1
2/27/2021 6:00,0,-1
2/27/2021 6:05,0,-1
2/27/2021 6:10,0,-1
2/27/2021 6:15,0,-1
2/27/2021 6:20,0,-1
2/27/2021 6:25,0,-1
2/27/2021 6:30,0,-1
2/27/2021 6:35,0,-1
2/27/2021 6:40,0,-1
2/27/2021 6:45,0,-1
2/27/2021 6:50,0,-1
2/27/2021 6:55,0,-1
2/27/2021 7:00,0,-1
2/27/2021 7:05,0,-1
2/27/2021 7:10,0,-1
2/27/2021 7:15,0,-1
2/27/2021 7:20,0,-1
2/27/2021 7:25,0,-1
2/27/2021 7:30,0,-1
2/27/2021 7:35,0,-1
2/27/2021 7:40,0,-1
2/27/2021 7:45,0,-1
2/27/2021 7:50,0,-1
2/27/2021 7:55,0,-1
2/27/2021 8:00,0,-1
2/27/2021 8:05,0,-1
2/27/2021 8:10,0,-1
2/27/2021 8:15,0,-1
2/27/2021 8:20,0,-1
2/27/2021 8:25,0,-1
2/27/2021 8:30,0,-1
2/27/2021 8:35,0,-1
2/27/2021 8:40,0,-1
2/27/2021 8:45,0,-1
2/27/2021 8:50,0,-1
2/27/2021 8:55,0,-1
2/27/2021 9:00,0,-1
2/27/2021 9:05,0,-1
2/27/2021 9:10,0,-1
2/27/2021 9:15,0,-1
2/27/2021 9:20,0,-1
2/27/2021 9:25,0,-1
2/27/2021 9:30,0,-1
2/27/2021 9:35,0,-1
2/27/2021 9:40,0,-1
2/27/2021 9:45,0,-1
2/27/2021 9:50,0,-1
2/27/2021 9:55,0,-1
2/27/2021 10:00,0,-1
2/27/2021 10:05,0,-1
2/27/2021 10:10,0,-1
2/27/2021 10:15,0,-1
2/27/2021 10:20,0,-1
2/27/2021 10:25,0,-1
2/27/2021 10:30,0,-1
2/27/2021 10:35,0,-1
2/27/2021 10:40,0,-1
2/27/2021 10:45,0,-1
2/27/2021 10:50,0,-1
2/27/2021 10:55,0,-1
2/27/2021 11:00,0,-1
2/27/2021 11:05,0,-1
2/27/2021 11:10,0,-1
2/27/2021 11:15,0,-1
2/27/2021 11:20,0,-1
2/27/2021 11:25,0,-1
2/27/2021 11:30,0,-1
2/27/2021 11:35,0,-1
2/27/2021 11:40,0,-1
2/27/2021 11:45,0,-1
2/27/2021 11:50,0,-1
2/27/2021 11:55,0,-1
2/27/2021 12:00,0,-1
2/27/2021 12:05,0,-1
2/27/2021 12:10,0,-1
2/27/2021 12:15,0,-1
2/27/2021 12:20,0,-1
2/27/2021 12:25,0,-1
2/27/2021 12:30,0,-1
2/27/2021 12:35,0,-1
2/27/2021 12:40,0,-1
2/27/2021 12:45,0,-1
2/27/2021 12:50,0,-1
2/27/2021 12:55,0,-1
2/27/2021 13:00,0,-1
2/27/2021 13:05,0,-1
2/27/2021 13:10,0,-1
2/27/2021 13:15,0,-1
2/27/2021 13:20,0,-1
2/27/2021 13:25,0,-1
2/27/2021 13:30,0,-1
2/27/2021 13:35,0,-1
2/27/2021 13:40,0,-1
2/27/2021 13:45,0,-1
2/27/2021 13:50,0,-1
2/27/2021 13:55,0,-1
2/27/2021 14:00,0,-1
2/27/2021 14:05,0,-1
2/27/2021 14:10,0,-1
2/27/2021 14:15,0,-1
2/27/2021 14:20,0,-1
2/27/2021 14:25,0,-1
2/27/2021 14:30,0,-1
2/27/2021 14:35,0,-1
2/27/2021 14:40,0,-1
2/27/2021 14:45,0,-1
2/27/2021 14:50,0,-1
2/27/2021 14:55,0,-1
2/27/2021 15:00,0,-1
2/27/2021 15:05,0,-1
2/27/2021 15:10,0,-1
2/27/2021 15:15,0,-1
2/27/2021 15:20,0,-1
2/27/2021 15:25,0,-1
2/27/2021 15:30,0,-1
2/27/2021 15:35,0,-1
2/27/2021 15:40,0,-1
2/27/2021 15:45,0,-1
2/27/2021 15:50,0,-1
2/27/2021 15:55,0,-1
2/27/2021 16:00,0,-1
2/27/2021 16:05,0,-1
2/27/2021 16:10,0,-1
2/27/2021 16:15,0,-1
2/27/2021 16:20,0,-1
2/27/2021 16:25,0,-1
2/27/2021 16:30,0,-1
2/27/2021 16:35,0,-1
2/27/2021 16:40,0,-1
2/27/2021 16:45,0,-1
2/27/2021 16:50,0,-1
2/27/2021 16:55,0,-1
2/27/2021 17:00,0,-1
2/27/2021 17:05,0,-1
2/27/2021 17:10,0,-1
2/27/2021 17:15,0,-1
2/27/2021 17:20,0,-1
2/27/2021 17:25,0,-1
2/27/2021 17:30,0,-1
2/27/2021 17:35,0,-1
2/27/2021 17:40,0,-1
2/27/2021 17:45,0,-1
2/27/2021 17:50,0,-1
2/27/2021 17:55,0,-1
2/27/2021 18:00,0,-1
2/27/2021 18:05,0,-1
2/27/2021 18:10,0,-1
2/27/2021 18:15,0,-1
2/27/2021 18:20,0,-1
2/27/2021 18:25,0,-1
2/27/2021 18:30,0,-1
2/27/2021 18:35,0,-1
2/27/2021 18:40,0,-1
2/27/2021 18:45,0,-1
2/27/2021 18:50,0,-1
2/27/2021 18:55,0,-1
2/27/2021 19:00,0,-1
2/27/2021 19:05,0,-1
2/27/2021 19:10,0,-1
2/27/2021 19:15,0,-1
2/27/2021 19:20,0,-1
2/27/2021 19:25,0,-1
2/27/2021 19:30,0,-1
2/27/2021 19:35,0,-1
2/27/2021 19:40,0,-1
2/27/2021 19:45,0,-1
2/27/2021 19:50,0,-1
2/27/2021 19:55,0,-1
2/27/2021 20:00,0,-1
2/27/2021 20:05,0,-1
2/27/2021 20:10,0,-1
2/27/2021 20:15,0,-1
2/27/2021 20:20,0,-1
2/27/2021 20:25,0,-1
2/27/2021 20:30,0,-1
2/27/2021 20:35,0,-1
2/27/2021 20:40,0,-1
2/27/2021 20:45,0,-1
2/27/2021 20:50,0,-1
2/27/2021 20:55,0,-1
2/27/2021 21:00,0,-1
2/27/2021 21:05,0,-1
2/27/2021 21:10,0,-1
2/27/2021 21:15,0,-1
2/27/2021 21:20,0,-1
2/27/2021 21:25,0,-1
2/27/2021 21:30,0,-1
2/27/2021 21:35,0,-1
2/27/2021 21:40,0,-1
2/27/2021 21:45,0,-1
2/27/2021 21:50,0,-1
2/27/2021 21:55,0,-1
2/27/2021 22:00,0,-1
2/27/2021 22:05,0,-1
2/27/2021 22:10,0,-1
2/27/2021 22:15,0,-1
2/27/2021 22:20,0,-1
2/27/2021 22:25,0,-1
2/27/2021 22:30,0,-1
2/27/2021 22:35,0,-1
2/27/2021 22:40,0,-1
2/27/2021 22:45,0,-1
2/27/2021 22:50,0,-1
2/27/2021 22:55,0,-1
2/27/2021 23:00,0,-1
2/27/2021 23:05,0,-1
2/27/2021 23:10,0,-1
2/27/2021 23:15,0,-1
2/27/2021 23:20,0,-1
2/27/2021 23:25,0,-1
2/27/2021 23:30,0,-1
2/27/2021 23:35,0,-1
2/27/2021 23:40,0,-1
2/27/2021 23:45,0,-1
2/27/2021 23:50,0,-1
2/27/2021 23:55,0,-1
2/28/2021 0:00,0,-1
2/28/2021 0:05,0,-1
2/28/2021 0:10,0,-1
2/28/2021 0:15,0,-1
2/28/2021 0:20,0,-1
2/28/2021 0:25,0,-1
2/28/2021 0:30,0,-1
2/28/2021 0:35,0,-1
2/28/2021 0:40,0,-1
2/28/2021 0:45,0,-1
2/28/2021 0:50,0,-1
2/28/2021 0:55,0,-1
2/28/2021 1:00,0,-1
2/28/2021 1:05,0,-1
2/28/2021 1:10,0,-1
2/28/2021 1:15,0,-1
2/28/2021 1:20,0,-1
2/28/2021 1:25,0,-1
2/28/2021 1:30,0,-1
2/28/2021 1:35,0,-1
2/28/2021 1:40,0,-1
2/28/2021 1:45,0,-1
2/28/2021 1:50,0,-1
2/28/2021 1:55,0,-1
2/28/2021 2:00,0,-1
2/28/2021 2:05,0,-1
2/28/2021 2:10,0,-1
2/28/2021 2:15,0,-1
2/28/2021 2:20,0,-1
2/28/2021 2:25,0,-1
2/28/2021 2:30,0,-1
2/28/2021 2:35,0,-1
2/28/2021 2:40,0,-1
2/28/2021 2:45,0,-1
2/28/2021 2:50,0,-1
2/28/2021 2:55,0,-1
2/28/2021 3:00,0,-1
2/28/2021 3:05,0,-1
2/28/2021 3:10,0,-1
2/28/2021 3:15,0,-1
2/28/2021 3:20,0,-1
2/28/2021 3:25,0,-1
2/28/2021 3:30,0,-1
2/28/2021 3:35,0,-1
2/28/2021 3:40,0,-1
2/28/2021 3:45,0,-1
2/28/2021 3:50,0,-1
2/28/2021 3:55,0,-1
2/28/2021 4:00,0,-1
2/28/2021 4:05,0,-1
2/28/2021 4:10,0,-1
2/28/2021 4:15,0,-1
2/28/2021 4:20,0,-1
2/28/2021 4:25,0,-1
2/28/2021 4:30,0,-1
2/28/2021 4:35,0,-1
2/28/2021 4:40,0,-1
2/28/2021 4:45,0,-1
2/28/2021 4:50,0,-1
2/28/2021 4:55,0,-1
2/28/2021 5:00,0,-1
2/28/2021 5:05,0,-1
2/28/2021 5:10,0,-1
2/28/2021 5:15,0,-1
2/28/2021 5:20,0,-1
2/28/2021 5:25,0,-1
2/28/2021 5:30,0,-1
2/28/2021 5:35,0,-1
2/28/2021 5:40,0,-1
2/28/2021 5:45,0,-1
2/28/2021 5:50,0,-1
2/28/2021 5:55,0,-1
2/28/2021 6:00,0,-1
2/28/2021 6:05,0,-1
2/28/2021 6:10,0,-1
2/28/2021 6:15,0,-1
2/28/2021 6:20,0,-1
2/28/2021 6:25,0,-1
2/28/2021 6:30,0,-1
2/28/2021 6:35,0,-1
2/28/2021 6:40,0,-1
2/28/2021 6:45,0,-1
2/28/2021 6:50,0,-1
2/28/2021 6:55,0,-1
2/28/2021 7:00,0,-1
2/28/2021 7:05,0,-1
2/28/2021 7:10,0,-1
2/28/2021 7:15,0,-1
2/28/2021 7:20,0,-1
2/28/2021 7:25,0,-1
2/28/2021 7:30,0,-1
2/28/2021 7:35,0,-1
2/28/2021 7:40,0,-1
2/28/2021 7:45,0,-1
2/28/2021 7:50,0,-1
2/28/2021 7:55,0,-1
2/28/2021 8:00,0,-1
2/28/2021 8:05,0,-1
2/28/2021 8:10,0,-1
2/28/2021 8:15,0,-1
2/28/2021 8:20,0,-1
2/28/2021 8:25,0,-1
2/28/2021 8:30,0,-1
2/28/2021 8:35,0,-1
2/28/2021 8:40,0,-1
2/28/2021 8:45,0,-1
2/28/2021 8:50,0,-1
2/28/2021 8:55,0,-1
2/28/2021 9:00,0,-1
2/28/2021 9:05,0,-1
2/28/2021 9:10,0,-1
2/28/2021 9:15,0,-1
2/28/2021 9:20,0,-1
2/28/2021 9:25,0,-1
2/28/2021 9:30,0,-1
2/28/2021 9:35,0,-1
2/28/2021 9:40,0,-1
2/28/2021 9:45,0,-1
2/28/2021 9:50,0,-1
2/28/2021 9:55,0,-1
2/28/2021 10:00,0,-1
2/28/2021 10:05,0,-1
2/28/2021 10:10,0,-1
2/28/2021 10:15,0,-1
2/28/2021 10:20,0,-1
2/28/2021 10:25,0,-1
2/28/2021 10:30,0,-1
2/28/2021 10:35,0,-1
2/28/2021 10:40,0,-1
2/28/2021 10:45,0,-1
2/28/2021 10:50,0,-1
2/28/2021 10:55,0,-1
2/28/2021 11:00,0,-1
2/28/2021 11:05,0,-1
2/28/2021 11:10,0,-1
2/28/2021 11:15,0,-1
2/28/2021 11:20,0,-1
2/28/2021 11:25,0,-1
2/28/2021 11:30,0,-1
2/28/2021 11:35,0,-1
2/28/2021 11:40,0,-1
2/28/2021 11:45,0,-1
2/28/2021 11:50,0,-1
2/28/2021 11:55,0,-1
2/28/2021 12:00,0,-1
2/28/2021 12:05,0,-1
2/28/2021 12:10,0,-1
2/28/2021 12:15,0,-1
2/28/2021 12:20,0,-1
2/28/2021 12:25,0,-1
2/28/2021 12:30,0,-1
2/28/2021 12:35,0,-1
2/28/2021 12:40,0,-1
2/28/2021 12:45,0,-1
2/28/2021 12:50,0,-1
2/28/2021 12:55,0,-1
2/28/2021 13:00,0,-1
2/28/2021 13:05,0,-1
2/28/2021 13:10,0,-1
2/28/2021 13:15,0,-1
2/28/2021 13:20,0,-1
2/28/2021 13:25,0,-1
2/28/2021 13:30,0,-1
2/28/2021 13:35,0,-1
2/28/2021 13:40,0,-1
2/28/2021 13:45,0,-1
2/28/2021 13:50,0,-1
2/28/2021 13:55,0,-1
2/28/2021 14:00,0,-1
2/28/2021 14:05,0,-1
2/28/2021 14:10,0,-1
2/28/2021 14:15,0,-1
2/28/2021 14:20,0,-1
2/28/2021 14:25,0,-1
2/28/2021 14:30,0,-1
2/28/2021 14:35,0,-1
2/28/2021 14:40,0,-1
2/28/2021 14:45,0,-1
2/28/2021 14:50,0,-1
2/28/2021 14:55,0,-1
2/28/2021 15:00,0,-1
2/28/2021 15:05,0,-1
2/28/2021 15:10,0,-1
2/28/2021 15:15,0,-1
2/28/2021 15:20,0,-1
2/28/2021 15:25,0,-1
2/28/2021 15:30,0,-1
2/28/2021 15:35,0,-1
2/28/2021 15:40,0,-1
2/28/2021 15:45,0,-1
2/28/2021 15:50,0,-1
2/28/2021 15:55,0,-1
2/28/2021 16:00,0,-1
2/28/2021 16:05,0,-1
2/28/2021 16:10,0,-1
2/28/2021 16:15,0,-1
2/28/2021 16:20,0,-1
2/28/2021 16:25,0,-1
2/28/2021 16:30,0,-1
2/28/2021 16:35,0,-1
2/28/2021 16:40,0,-1
2/28/2021 16:45,0,-1
2/28/2021 16:50,0,-1
2/28/2021 16:55,0,-1
2/28/2021 17:00,0,-1
2/28/2021 17:05,0,-1
2/28/2021 17:10,0,-1
2/28/2021 17:15,0,-1
2/28/2021 17:20,0,-1
2/28/2021 17:25,0,-1
2/28/2021 17:30,0,-1
2/28/2021 17:35,0,-1
2/28/2021 17:40,0,-1
2/28/2021 17:45,0,-1
2/28/2021 17:50,0,-1
2/28/2021 17:55,0,-1
2/28/2021 18:00,0,-1
2/28/2021 18:05,0,-1
2/28/2021 18:10,0,-1
2/28/2021 18:15,0,-1
2/28/2021 18:20,0,-1
2/28/2021 18:25,0,-1
2/28/2021 18:30,0,-1
2/28/2021 18:35,0,-1
2/28/2021 18:40,0,-1
2/28/2021 18:45,0,-1
2/28/2021 18:50,0,-1
2/28/2021 18:55,0,-1
2/28/2021 19:00,0,-1
2/28/2021 19:05,0,-1
2/28/2021 19:10,0,-1
2/28/2021 19:15,0,-1
2/28/2021 19:20,0,-1
2/28/2021 19:25,0,-1
2/28/2021 19:30,0,-1
2/28/2021 19:35,0,-1
2/28/2021 19:40,0,-1
2/28/2021 19:45,0,-1
2/28/2021 19:50,0,-1
2/28/2021 19:55,0,-1
2/28/2021 20:00,0,-1
2/28/2021 20:05,0,-1
2/28/2021 20:10,0,-1
2/28/2021 20:15,0,-1
2/28/2021 20:20,0,-1
2/28/2021 20:25,0,-1
2/28/2021 20:30,0,-1
2/28/2021 20:35,0,-1
2/28/2021 20:40,0,-1
2/28/2021 20:45,0,-1
2/28/2021 20:50,0,-1
2/28/2021 20:55,0,-1
2/28/2021 21:00,0,-1
2/28/2021 21:05,0,-1
2/28/2021 21:10,0,-1
2/28/2021 21:15,0,-1
2/28/2021 21:20,0,-1
2/28/2021 21:25,0,-1
2/28/2021 21:30,0,-1
2/28/2021 21:35,0,-1
2/28/2021 21:40,0,-1
2/28/2021 21:45,0,-1
2/28/2021 21:50,0,-1
2/28/2021 21:55,0,-1
2/28/2021 22:00,0,-1
2/28/2021 22:05,0,-1
2/28/2021 22:10,0,-1
2/28/2021 22:15,0,-1
2/28/2021 22:20,0,-1
2/28/2021 22:25,0,-1
2/28/2021 22:30,0,-1
2/28/2021 22:35,0,-1
2/28/2021 22:40,0,-1
2/28/2021 22:45,0,-1
2/28/2021 22:50,0,-1
2/28/2021 22:55,0,-1
2/28/2021 23:00,0,-1
2/28/2021 23:05,0,-1
2/28/2021 23:10,0,-1
2/28/2021 23:15,0,-1
2/28/2021 23:20,0,-1
2/28/2021 23:25,0,-1
2/28/2021 23:30,0,-1
2/28/2021 23:35,0,-1
2/28/2021 23:40,0,-1
2/28/2021 23:45,0,-1
2/28/2021 23:50,0,-1
2/28/2021 23:55,0,-1
3/1/2021 0:00,0,-1
3/1/2021 0:05,0,-1
3/1/2021 0:10,0,-1
3/1/2021 0:15,0,-1
3/1/2021 0:20,0,-1
3/1/2021 0:25,0,-1
3/1/2021 0:30,0,-1
3/1/2021 0:35,0,-1
3/1/2021 0:40,0,-1
3/1/2021 0:45,0,-1
3/1/2021 0:50,0,-1
3/1/2021 0:55,0,-1
3/1/2021 1:00,0,-1
3/1/2021 1:05,0,-1
3/1/2021 1:10,0,-1
3/1/2021 1:15,0,-1
3/1/2021 1:20,0,-1
3/1/2021 1:25,0,-1
3/1/2021 1:30,0,-1
3/1/2021 1:35,0,-1
3/1/2021 1:40,0,-1
3/1/2021 1:45,0,-1
3/1/2021 1:50,0,-1
3/1/2021 1:55,0,-1
3/1/2021 2:00,0,-1
3/1/2021 2:05,0,-1
3/1/2021 2:10,0,-1
3/1/2021 2:15,0,-1
3/1/2021 2:20,0,-1
3/1/2021 2:25,0,-1
3/1/2021 2:30,0,-1
3/1/2021 2:35,0,-1
3/1/2021 2:40,0,-1
3/1/2021 2:45,0,-1
3/1/2021 2:50,0,-1
3/1/2021 2:55,0,-1
3/1/2021 3:00,0,-1
3/1/2021 3:05,0,-1
3/1/2021 3:10,0,-1
3/1/2021 3:15,0,-1
3/1/2021 3:20,0,-1
3/1/2021 3:25,0,-1
3/1/2021 3:30,0,-1
3/1/2021 3:35,0,-1
3/1/2021 3:40,0,-1
3/1/2021 3:45,0,-1
3/1/2021 3:50,0,-1
3/1/2021 3:55,0,-1
3/1/2021 4:00,0,-1
3/1/2021 4:05,0,-1
3/1/2021 4:10,0,-1
3/1/2021 4:15,0,-1
3/1/2021 4:20,0,-1
3/1/2021 4:25,0,-1
3/1/2021 4:30,0,-1
3/1/2021 4:35,0,-1
3/1/2021 4:40,0,-1
3/1/2021 4:45,0,-1
3/1/2021 4:50,0,-1
3/1/2021 4:55,0,-1
3/1/2021 5:00,0,-1
3/1/2021 5:05,0,-1
3/1/2021 5:10,0,-1
3/1/2021 5:15,0,-1
3/1/2021 5:20,0,-1
3/1/2021 5:25,0,-1
3/1/2021 5:30,0,-1
3/1/2021 5:35,0,-1
3/1/2021 5:40,0,-1
3/1/2021 5:45,0,-1
3/1/2021 5:50,0,-1
3/1/2021 5:55,0,-1
3/1/2021 6:00,0,-1
3/1/2021 6:05,0,-1
3/1/2021 6:10,0,-1
3/1/2021 6:15,0,-1
3/1/2021 6:20,0,-1
3/1/2021 6:25,0,-1
3/1/2021 6:30,0,-1
3/1/2021 6:35,0,-1
3/1/2021 6:40,0,-1
3/1/2021 6:45,0,-1
3/1/2021 6:50,0,-1
3/1/2021 6:55,0,-1
3/1/2021 7:00,0,-1
3/1/2021 7:05,0,-1
3/1/2021 7:10,0,-1
3/1/2021 7:15,0,-1
3/1/2021 7:20,0,-1
3/1/2021 7:25,0,-1
3/1/2021 7:30,0,-1
3/1/2021 7:35,0,-1
3/1/2021 7:40,0,-1
3/1/2021 7:45,0,-1
3/1/2021 7:50,0,-1
3/1/2021 7:55,0,-1
3/1/2021 8:00,0,-1
3/1/2021 8:05,0,-1
3/1/2021 8:10,0,-1
3/1/2021 8:15,0,-1
3/1/2021 8:20,0,-1
3/1/2021 8:25,0,-1
3/1/2021 8:30,0,-1
3/1/2021 8:35,0,-1
3/1/2021 8:40,0,-1
3/1/2021 8:45,0,-1
3/1/2021 8:50,0,-1
3/1/2021 8:55,0,-1
3/1/2021 9:00,0,-1
3/1/2021 9:05,0,-1
3/1/2021 9:10,0,-1
3/1/2021 9:15,0,-1
3/1/2021 9:20,0,-1
3/1/2021 9:25,0,-1
3/1/2021 9:30,0,-1
3/1/2021 9:35,0,-1
3/1/2021 9:40,0,-1
3/1/2021 9:45,0,-1
3/1/2021 9:50,0,-1
3/1/2021 9:55,0,-1
3/1/2021 10:00,0,-1
3/1/2021 10:05,0,-1
3/1/2021 10:10,0,-1
3/1/2021 10:15,0,-1
3/1/2021 10:20,0,-1
3/1/2021 10:25,0,-1
3/1/2021 10:30,0,-1
3/1/2021 10:35,0,-1
3/1/2021 10:40,0,-1
3/1/2021 10:45,0,-1
3/1/2021 10:50,0,-1
3/1/2021 10:55,0,-1
3/1/2021 11:00,0,-1
3/1/2021 11:05,0,-1
3/1/2021 11:10,0,-1
3/1/2021 11:15,0,-1
3/1/2021 11:20,0,-1
3/1/2021 11:25,0,-1
3/1/2021 11:30,0,-1
3/1/2021 11:35,0,-1
3/1/2021 11:40,0,-1
3/1/2021 11:45,0,-1
3/1/2021 11:50,0,-1
3/1/2021 11:55,0,-1
3/1/2021 12:00,0,-1
3/1/2021 12:05,0,-1
3/1/2021 12:10,0,-1
3/1/2021 12:15,0,-1
3/1/2021 12:20,0,-1
3/1/2021 12:25,0,-1
3/1/2021 12:30,0,-1
3/1/2021 12:35,0,-1
3/1/2021 12:40,0,-1
3/1/2021 12:45,0,-1
3/1/2021 12:50,0,-1
3/1/2021 12:55,0,-1
3/1/2021 13:00,0,-1
3/1/2021 13:05,0,-1
3/1/2021 13:10,0,-1
3/1/2021 13:15,0,-1
3/1/2021 13:20,0,-1
3/1/2021 13:25,0,-1
3/1/2021 13:30,0,-1
3/1/2021 13:35,0,-1
3/1/2021 13:40,0,-1
3/1/2021 13:45,0,-1
3/1/2021 13:50,0,-1
3/1/2021 13:55,0,-1
3/1/2021 14:00,0,-1
3/1/2021 14:05,0,-1
3/1/2021 14:10,0,-1
3/1/2021 14:15,0,-1
3/1/2021 14:20,0,-1
3/1/2021 14:25,0,-1
3/1/2021 14:30,0,-1
3/1/2021 14:35,0,-1
3/1/2021 14:40,0,-1
3/1/2021 14:45,0,-1
3/1/2021 14:50,0,-1
3/1/2021 14:55,0,-1
3/1/2021 15:00,0,-1
3/1/2021 15:05,0,-1
3/1/2021 15:10,0,-1
3/1/2021 15:15,0,-1
3/1/2021 15:20,0,-1
3/1/2021 15:25,0,-1
3/1/2021 15:30,0,-1
3/1/2021 15:35,0,-1
3/1/2021 15:40,0,-1
3/1/2021 15:45,0,-1
3/1/2021 15:50,0,-1
3/1/2021 15:55,0,-1
3/1/2021 16:00,0,-1
3/1/2021 16:05,0,-1
3/1/2021 16:10,0,-1
3/1/2021 16:15,0,-1
3/1/2021 16:20,0,-1
3/1/2021 16:25,0,-1
3/1/2021 16:30,0,-1
3/1/2021 16:35,0,-1
3/1/2021 16:40,0,-1
3/1/2021 16:45,0,-1
3/1/2021 16:50,0,-1
3/1/2021 16:55,0,-1
3/1/2021 17:00,0,-1
3/1/2021 17:05,0,-1
3/1/2021 17:10,0,-1
3/1/2021 17:15,0,-1
3/1/2021 17:20,0,-1
3/1/2021 17:25,0,-1
3/1/2021 17:30,0,-1
3/1/2021 17:35,0,-1
3/1/2021 17:40,0,-1
3/1/2021 17:45,0,-1
3/1/2021 17:50,0,-1
3/1/2021 17:55,0,-1
3/1/2021 18:00,0,-1
3/1/2021 18:05,0,-1
3/1/2021 18:10,0,-1
3/1/2021 18:15,0,-1
3/1/2021 18:20,0,-1
3/1/2021 18:25,0,-1
3/1/2021 18:30,0,-1
3/1/2021 18:35,0,-1
3/1/2021 18:40,0,-1
3/1/2021 18:45,0,-1
3/1/2021 18:50,0,-1
3/1/2021 18:55,0,-1
3/1/2021 19:00,0,-1
3/1/2021 19:05,0,-1
3/1/2021 19:10,0,-1
3/1/2021 19:15,0,-1
3/1/2021 19:20,0,-1
3/1/2021 19:25,0,-1
3/1/2021 19:30,0,-1
3/1/2021 19:35,0,-1
3/1/2021 19:40,0,-1
3/1/2021 19:45,0,-1
3/1/2021 19:50,0,-1
3/1/2021 19:55,0,-1
3/1/2021 20:00,0,-1
3/1/2021 20:05,0,-1
3/1/2021 20:10,0,-1
3/1/2021 20:15,0,-1
3/1/2021 20:20,0,-1
3/1/2021 20:25,0,-1
3/1/2021 20:30,0,-1
3/1/2021 20:35,0,-1
3/1/2021 20:40,0,-1
3/1/2021 20:45,0,-1
3/1/2021 20:50,0,-1
3/1/2021 20:55,0,-1
3/1/2021 21:00,0,-1
3/1/2021 21:05,0,-1
3/1/2021 21:10,0,-1
3/1/2021 21:15,0,-1
3/1/2021 21:20,0,-1
3/1/2021 21:25,0,-1
3/1/2021 21:30,0,-1
3/1/2021 21:35,0,-1
3/1/2021 21:40,0,-1
3/1/2021 21:45,0,-1
3/1/2021 21:50,0,-1
3/1/2021 21:55,0,-1
3/1/2021 22:00,0,-1
3/1/2021 22:05,0,-1
3/1/2021 22:10,0,-1
3/1/2021 22:15,0,-1
3/1/2021 22:20,0,-1
3/1/2021 22:25,0,-1
3/1/2021 22:30,0,-1
3/1/2021 22:35,0,-1
3/1/2021 22:40,0,-1
3/1/2021 22:45,0,-1
3/1/2021 22:50,0,-1
3/1/2021 22:55,0,-1
3/1/2021 23:00,0,-1
3/1/2021 23:05,0,-1
3/1/2021 23:10,0,-1
3/1/2021 23:15,0,-1
3/1/2021 23:20,0,-1
3/1/2021 23:25,0,-1
3/1/2021 23:30,0,-1
3/1/2021 23:35,0,-1
3/1/2021 23:40,0,-1
3/1/2021 23:45,0,-1
3/1/2021 23:50,0,-1
3/1/2021 23:55,0,-1
3/2/2021 0:00,0,-1
3/2/2021 0:05,0,-1
3/2/2021 0:10,0,-1
3/2/2021 0:15,0,-1
3/2/2021 0:20,0,-1
3/2/2021 0:25,0,-1
3/2/2021 0:30,0,-1
3/2/2021 0:35,0,-1
3/2/2021 0:40,0,-1
3/2/2021 0:45,0,-1
3/2/2021 0:50,0,-1
3/2/2021 0:55,0,-1
3/2/2021 1:00,0,-1
3/2/2021 1:05,0,-1
3/2/2021 1:10,0,-1
3/2/2021 1:15,0,-1
3/2/2021 1:20,0,-1
3/2/2021 1:25,0,-1
3/2/2021 1:30,0,-1
3/2/2021 1:35,0,-1
3/2/2021 1:40,0,-1
3/2/2021 1:45,0,-1
3/2/2021 1:50,0,-1
3/2/2021 1:55,0,-1
3/2/2021 2:00,0,-1
3/2/2021 2:05,0,-1
3/2/2021 2:10,0,-1
3/2/2021 2:15,0,-1
3/2/2021 2:20,0,-1
3/2/2021 2:25,0,-1
3/2/2021 2:30,0,-1
3/2/2021 2:35,0,-1
3/2/2021 2:40,0,-1
3/2/2021 2:45,0,-1
3/2/2021 2:50,0,-1
3/2/2021 2:55,0,-1
3/2/2021 3:00,0,-1
3/2/2021 3:05,0,-1
3/2/2021 3:10,0,-1
3/2/2021 3:15,0,-1
3/2/2021 3:20,0,-1
3/2/2021 3:25,0,-1
3/2/2021 3:30,0,-1
3/2/2021 3:35,0,-1
3/2/2021 3:40,0,-1
3/2/2021 3:45,0,-1
3/2/2021 3:50,0,-1
3/2/2021 3:55,0,-1
3/2/2021 4:00,0,-1
3/2/2021 4:05,0,-1
3/2/2021 4:10,0,-1
3/2/2021 4:15,0,-1
3/2/2021 4:20,0,-1
3/2/2021 4:25,0,-1
3/2/2021 4:30,0,-1
3/2/2021 4:35,0,-1
3/2/2021 4:40,0,-1
3/2/2021 4:45,0,-1
3/2/2021 4:50,0,-1
3/2/2021 4:55,0,-1
3/2/2021 5:00,0,-1
3/2/2021 5:05,0,-1
3/2/2021 5:10,0,-1
3/2/2021 5:15,0,-1
3/2/2021 5:20,0,-1
3/2/2021 5:25,0,-1
3/2/2021 5:30,0,-1
3/2/2021 5:35,0,-1
3/2/2021 5:40,0,-1
3/2/2021 5:45,0,-1
3/2/2021 5:50,0,-1
3/2/2021 5:55,0,-1
3/2/2021 6:00,0,-1
3/2/2021 6:05,0,-1
3/2/2021 6:10,0,-1
3/2/2021 6:15,0,-1
3/2/2021 6:20,0,-1
3/2/2021 6:25,0,-1
3/2/2021 6:30,0,-1
3/2/2021 6:35,0,-1
3/2/2021 6:40,0,-1
3/2/2021 6:45,0,-1
3/2/2021 6:50,0,-1
3/2/2021 6:55,0,-1
3/2/2021 7:00,0,-1
3/2/2021 7:05,0,-1
3/2/2021 7:10,0,-1
3/2/2021 7:15,0,-1
3/2/2021 7:20,0,-1
3/2/2021 7:25,0,-1
3/2/2021 7:30,0,-1
3/2/2021 7:35,0,-1
3/2/2021 7:40,0,-1
3/2/2021 7:45,0,-1
3/2/2021 7:50,0,-1
3/2/2021 7:55,0,-1
3/2/2021 8:00,0,-1
3/2/2021 8:05,0,-1
3/2/2021 8:10,0,-1
3/2/2021 8:15,0,-1
3/2/2021 8:20,0,-1
3/2/2021 8:25,0,-1
3/2/2021 8:30,0,-1
3/2/2021 8:35,0,-1
3/2/2021 8:40,0,-1
3/2/2021 8:45,0,-1
3/2/2021 8:50,0,-1
3/2/2021 8:55,0,-1
3/2/2021 9:00,0,-1
3/2/2021 9:05,0,-1
3/2/2021 9:10,0,-1
3/2/2021 9:15,0,-1
3/2/2021 9:20,0,-1
3/2/2021 9:25,0,-1
3/2/2021 9:30,0,-1
3/2/2021 9:35,0,-1
3/2/2021 9:40,0,-1
3/2/2021 9:45,0,-1
3/2/2021 9:50,0,-1
3/2/2021 9:55,0,-1
3/2/2021 10:00,0,-1
3/2/2021 10:05,0,-1
3/2/2021 10:10,0,-1
3/2/2021 10:15,0,-1
3/2/2021 10:20,0,-1
3/2/2021 10:25,0,-1
3/2/2021 10:30,0,-1
3/2/2021 10:35,0,-1
3/2/2021 10:40,0,-1
3/2/2021 10:45,0,-1
3/2/2021 10:50,0,-1
3/2/2021 10:55,0,-1
3/2/2021 11:00,0,-1
3/2/2021 11:05,0,-1
3/2/2021 11:10,0,-1
3/2/2021 11:15,0,-1
3/2/2021 11:20,0,-1
3/2/2021 11:25,0,-1
3/2/2021 11:30,0,-1
3/2/2021 11:35,0,-1
3/2/2021 11:40,0,-1
3/2/2021 11:45,0,-1
3/2/2021 11:50,0,-1
3/2/2021 11:55,0,-1
3/2/2021 12:00,0,-1
3/2/2021 12:05,0,-1
3/2/2021 12:10,0,-1
3/2/2021 12:15,0,-1
3/2/2021 12:20,0,-1
3/2/2021 12:25,0,-1
3/2/2021 12:30,0,-1
3/2/2021 12:35,0,-1
3/2/2021 12:40,0,-1
3/2/2021 12:45,0,-1
3/2/2021 12:50,0,-1
3/2/2021 12:55,0,-1
3/2/2021 13:00,0,-1
3/2/2021 13:05,0,-1
3/2/2021 13:10,0,-1
3/2/2021 13:15,0,-1
3/2/2021 13:20,0,-1
3/2/2021 13:25,0,-1
3/2/2021 13:30,0,-1
3/2/2021 13:35,0,-1
3/2/2021 13:40,0,-1
3/2/2021 13:45,0,-1
3/2/2021 13:50,0,-1
3/2/2021 13:55,0,-1
3/2/2021 14:00,0,-1
3/2/2021 14:05,0,-1
3/2/2021 14:10,0,-1
3/2/2021 14:15,0,-1
3/2/2021 14:20,0,-1
3/2/2021 14:25,0,-1
3/2/2021 14:30,0,-1
3/2/2021 14:35,0,-1
3/2/2021 14:40,0,-1
3/2/2021 14:45,0,-1
3/2/2021 14:50,0,-1
3/2/2021 14:55,0,-1
3/2/2021 15:00,0,-1
3/2/2021 15:05,0,-1
3/2/2021 15:10,0,-1
3/2/2021 15:15,0,-1
3/2/2021 15:20,0,-1
3/2/2021 15:25,0,-1
3/2/2021 15:30,0,-1
3/2/2021 15:35,0,-1
3/2/2021 15:40,0,-1
3/2/2021 15:45,0,-1
3/2/2021 15:50,0,-1
3/2/2021 15:55,0,-1
3/2/2021 16:00,0,-1
3/2/2021 16:05,0,-1
3/2/2021 16:10,0,-1
3/2/2021 16:15,0,-1
3/2/2021 16:20,0,-1
3/2/2021 16:25,0,-1
3/2/2021 16:30,0,-1
3/2/2021 16:35,0,-1
3/2/2021 16:40,0,-1
3/2/2021 16:45,0,-1
3/2/2021 16:50,0,-1
3/2/2021 16:55,0,-1
3/2/2021 17:00,0,-1
3/2/2021 17:05,0,-1
3/2/2021 17:10,0,-1
3/2/2021 17:15,0,-1
3/2/2021 17:20,0,-1
3/2/2021 17:25,0,-1
3/2/2021 17:30,0,-1
3/2/2021 17:35,0,-1
3/2/2021 17:40,0,-1
3/2/2021 17:45,0,-1
3/2/2021 17:50,0,-1
3/2/2021 17:55,0,-1
3/2/2021 18:00,0,-1
3/2/2021 18:05,0,-1
3/2/2021 18:10,0,-1
3/2/2021 18:15,0,-1
3/2/2021 18:20,0,-1
3/2/2021 18:25,0,-1
3/2/2021 18:30,0,-1
3/2/2021 18:35,0,-1
3/2/2021 18:40,0,-1
3/2/2021 18:45,0,-1
3/2/2021 18:50,0,-1
3/2/2021 18:55,0,-1
3/2/2021 19:00,0,-1
3/2/2021 19:05,0,-1
3/2/2021 19:10,0,-1
3/2/2021 19:15,0,-1
3/2/2021 19:20,0,-1
3/2/2021 19:25,0,-1
3/2/2021 19:30,0,-1
3/2/2021 19:35,0,-1
3/2/2021 19:40,0,-1
3/2/2021 19:45,0,-1
3/2/2021 19:50,0,-1
3/2/2021 19:55,0,-1
3/2/2021 20:00,0,-1
3/2/2021 20:05,0,-1
3/2/2021 20:10,0,-1
3/2/2021 20:15,0,-1
3/2/2021 20:20,0,-1
3/2/2021 20:25,0,-1
3/2/2021 20:30,0,-1
3/2/2021 20:35,0,-1
3/2/2021 20:40,0,-1
3/2/2021 20:45,0,-1
3/2/2021 20:50,0,-1
3/2/2021 20:55,0,-1
3/2/2021 21:00,0,-1
3/2/2021 21:05,0,-1
3/2/2021 21:10,0,-1
3/2/2021 21:15,0,-1
3/2/2021 21:20,0,-1
3/2/2021 21:25,0,-1
3/2/2021 21:30,0,-1
3/2/2021 21:35,0,-1
3/2/2021 21:40,0,-1
3/2/2021 21:45,0,-1
3/2/2021 21:50,0,-1
3/2/2021 21:55,0,-1
3/2/2021 22:00,0,-1
3/2/2021 22:05,0,-1
3/2/2021 22:10,0,-1
3/2/2021 22:15,0,-1
3/2/2021 22:20,0,-1
3/2/2021 22:25,0,-1
3/2/2021 22:30,0,-1
3/2/2021 22:35,0,-1
3/2/2021 22:40,0,-1
3/2/2021 22:45,0,-1
3/2/2021 22:50,0,-1
3/2/2021 22:55,0,-1
3/2/2021 23:00,0,-1
3/2/2021 23:05,0,-1
3/2/2021 23:10,0,-1
3/2/2021 23:15,0,-1
3/2/2021 23:20,0,-1
3/2/2021 23:25,0,-1
3/2/2021 23:30,0,-1
3/2/2021 23:35,0,-1
3/2/2021 23:40,0,-1
3/2/2021 23:45,0,-1
3/2/2021 23:50,0,-1
3/2/2021 23:55,0,-1
3/3/2021 0:00,0,-1
3/3/2021 0:05,0,-1
3/3/2021 0:10,0,-1
3/3/2021 0:15,0,-1
3/3/2021 0:20,0,-1
3/3/2021 0:25,0,-1
3/3/2021 0:30,0,-1
3/3/2021 0:35,0,-1
3/3/2021 0:40,0,-1
3/3/2021 0:45,0,-1
3/3/2021 0:50,0,-1
3/3/2021 0:55,0,-1
3/3/2021 1:00,0,-1
3/3/2021 1:05,0,-1
3/3/2021 1:10,0,-1
3/3/2021 1:15,0,-1
3/3/2021 1:20,0,-1
3/3/2021 1:25,0,-1
3/3/2021 1:30,0,-1
3/3/2021 1:35,0,-1
3/3/2021 1:40,0,-1
3/3/2021 1:45,0,-1
3/3/2021 1:50,0,-1
3/3/2021 1:55,0,-1
3/3/2021 2:00,0,-1
3/3/2021 2:05,0,-1
3/3/2021 2:10,0,-1
3/3/2021 2:15,0,-1
3/3/2021 2:20,0,-1
3/3/2021 2:25,0,-1
3/3/2021 2:30,0,-1
3/3/2021 2:35,0,-1
3/3/2021 2:40,0,-1
3/3/2021 2:45,0,-1
3/3/2021 2:50,0,-1
3/3/2021 2:55,0,-1
3/3/2021 3:00,0,-1
3/3/2021 3:05,0,-1
3/3/2021 3:10,0,-1
3/3/2021 3:15,0,-1
3/3/2021 3:20,0,-1
3/3/2021 3:25,0,-1
3/3/2021 3:30,0,-1
3/3/2021 3:35,0,-1
3/3/2021 3:40,0,-1
3/3/2021 3:45,0,-1
3/3/2021 3:50,0,-1
3/3/2021 3:55,0,-1
3/3/2021 4:00,0,-1
3/3/2021 4:05,0,-1
3/3/2021 4:10,0,-1
3/3/2021 4:15,0,-1
3/3/2021 4:20,0,-1
3/3/2021 4:25,0,-1
3/3/2021 4:30,0,-1
3/3/2021 4:35,0,-1
3/3/2021 4:40,0,-1
3/3/2021 4:45,0,-1
3/3/2021 4:50,0,-1
3/3/2021 4:55,0,-1
3/3/2021 5:00,0,-1
3/3/2021 5:05,0,-1
3/3/2021 5:10,0,-1
3/3/2021 5:15,0,-1
3/3/2021 5:20,0,-1
3/3/2021 5:25,0,-1
3/3/2021 5:30,0,-1
3/3/2021 5:35,0,-1
3/3/2021 5:40,0,-1
3/3/2021 5:45,0,-1
3/3/2021 5:50,0,-1
3/3/2021 5:55,0,-1
3/3/2021 6:00,0,-1
3/3/2021 6:05,0,-1
3/3/2021 6:10,0,-1
3/3/2021 6:15,0,-1
3/3/2021 6:20,0,-1
3/3/2021 6:25,0,-1
3/3/2021 6:30,0,-1
3/3/2021 6:35,0,-1
3/3/2021 6:40,0,-1
3/3/2021 6:45,0,-1
3/3/2021 6:50,0,-1
3/3/2021 6:55,0,-1
3/3/2021 7:00,0,-1
3/3/2021 7:05,0,-1
3/3/2021 7:10,0,-1
3/3/2021 7:15,0,-1
3/3/2021 7:20,0,-1
3/3/2021 7:25,0,-1
3/3/2021 7:30,0,-1
3/3/2021 7:35,0,-1
3/3/2021 7:40,0,-1
3/3/2021 7:45,0,-1
3/3/2021 7:50,0,-1
3/3/2021 7:55,0,-1
3/3/2021 8:00,0,-1
3/3/2021 8:05,0,-1
3/3/2021 8:10,0,-1
3/3/2021 8:15,0,-1
3/3/2021 8:20,0,-1
3/3/2021 8:25,0,-1
3/3/2021 8:30,0,-1
3/3/2021 8:35,0,-1
3/3/2021 8:40,0,-1
3/3/2021 8:45,0,-1
3/3/2021 8:50,0,-1
3/3/2021 8:55,0,-1
3/3/2021 9:00,0,-1
3/3/2021 9:05,0,-1
3/3/2021 9:10,0,-1
3/3/2021 9:15,0,-1
3/3/2021 9:20,0,-1
3/3/2021 9:25,0,-1
3/3/2021 9:30,0,-1
3/3/2021 9:35,0,-1
3/3/2021 9:40,0,-1
3/3/2021 9:45,0,-1
3/3/2021 9:50,0,-1
3/3/2021 9:55,0,-1
3/3/2021 10:00,0,-1
3/3/2021 10:05,0,-1
3/3/2021 10:10,0,-1
3/3/2021 10:15,0,-1
3/3/2021 10:20,0,-1
3/3/2021 10:25,0,-1
3/3/2021 10:30,0,-1
3/3/2021 10:35,0,-1
3/3/2021 10:40,0,-1
3/3/2021 10:45,0,-1
3/3/2021 10:50,0,-1
3/3/2021 10:55,0,-1
3/3/2021 11:00,0,-1
3/3/2021 11:05,0,-1
3/3/2021 11:10,0,-1
3/3/2021 11:15,0,-1
3/3/2021 11:20,0,-1
3/3/2021 11:25,0,-1
3/3/2021 11:30,0,-1
3/3/2021 11:35,0,-1
3/3/2021 11:40,0,-1
3/3/2021 11:45,0,-1
3/3/2021 11:50,0,-1
3/3/2021 11:55,0,-1
3/3/2021 12:00,0,-1
3/3/2021 12:05,0,-1
3/3/2021 12:10,0,-1
3/3/2021 12:15,0,-1
3/3/2021 12:20,0,-1
3/3/2021 12:25,0,-1
3/3/2021 12:30,0,-1
3/3/2021 12:35,0,-1
3/3/2021 12:40,0,-1
3/3/2021 12:45,0,-1
3/3/2021 12:50,0,-1
3/3/2021 12:55,0,-1
3/3/2021 13:00,0,-1
3/3/2021 13:05,0,-1
3/3/2021 13:10,0,-1
3/3/2021 13:15,0,-1
3/3/2021 13:20,0,-1
3/3/2021 13:25,0,-1
3/3/2021 13:30,0,-1
3/3/2021 13:35,0,-1
3/3/2021 13:40,0,-1
3/3/2021 13:45,0,-1
3/3/2021 13:50,0,-1
3/3/2021 13:55,0,-1
3/3/2021 14:00,0,-1
3/3/2021 14:05,0,-1
3/3/2021 14:10,0,-1
3/3/2021 14:15,0,-1
3/3/2021 14:20,0,-1
3/3/2021 14:25,0,-1
3/3/2021 14:30,0,-1
3/3/2021 14:35,0,-1
3/3/2021 14:40,0,-1
3/3/2021 14:45,0,-1
3/3/2021 14:50,0,-1
3/3/2021 14:55,0,-1
3/3/2021 15:00,0,-1
3/3/2021 15:05,0,-1
3/3/2021 15:10,0,-1
3/3/2021 15:15,0,-1
3/3/2021 15:20,0,-1
3/3/2021 15:25,0,-1
3/3/2021 15:30,0,-1
3/3/2021 15:35,0,-1
3/3/2021 15:40,0,-1
3/3/2021 15:45,0,-1
3/3/2021 15:50,0,-1
3/3/2021 15:55,0,-1
3/3/2021 16:00,0,-1
3/3/2021 16:05,0,-1
3/3/2021 16:10,0,-1
3/3/2021 16:15,0,-1
3/3/2021 16:20,0,-1
3/3/2021 16:25,0,-1
3/3/2021 16:30,0,-1
3/3/2021 16:35,0,-1
3/3/2021 16:40,0,-1
3/3/2021 16:45,0,-1
3/3/2021 16:50,0,-1
3/3/2021 16:55,0,-1
3/3/2021 17:00,0,-1
3/3/2021 17:05,0,-1
3/3/2021 17:10,0,-1
3/3/2021 17:15,0,-1
3/3/2021 17:20,0,-1
3/3/2021 17:25,0,-1
3/3/2021 17:30,0,-1
3/3/2021 17:35,0,-1
3/3/2021 17:40,0,-1
3/3/2021 17:45,0,-1
3/3/2021 17:50,0,-1
3/3/2021 17:55,0,-1
3/3/2021 18:00,0,-1
3/3/2021 18:05,0,-1
3/3/2021 18:10,0,-1
3/3/2021 18:15,0,-1
3/3/2021 18:20,0,-1
3/3/2021 18:25,0,-1
3/3/2021 18:30,0,-1
3/3/2021 18:35,0,-1
3/3/2021 18:40,0,-1
3/3/2021 18:45,0,-1
3/3/2021 18:50,0,-1
3/3/2021 18:55,0,-1
3/3/2021 19:00,0,-1
3/3/2021 19:05,0,-1
3/3/2021 19:10,0,-1
3/3/2021 19:15,0,-1
3/3/2021 19:20,0,-1
3/3/2021 19:25,0,-1
3/3/2021 19:30,0,-1
3/3/2021 19:35,0,-1
3/3/2021 19:40,0,-1
3/3/2021 19:45,0,-1
3/3/2021 19:50,0,-1
3/3/2021 19:55,0,-1
3/3/2021 20:00,0,-1
3/3/2021 20:05,0,-1
3/3/2021 20:10,0,-1
3/3/2021 20:15,0,-1
3/3/2021 20:20,0,-1
3/3/2021 20:25,0,-1
3/3/2021 20:30,0,-1
3/3/2021 20:35,0,-1
3/3/2021 20:40,0,-1
3/3/2021 20:45,0,-1
3/3/2021 20:50,0,-1
3/3/2021 20:55,0,-1
3/3/2021 21:00,0,-1
3/3/2021 21:05,0,-1
3/3/2021 21:10,0,-1
3/3/2021 21:15,0,-1
3/3/2021 21:20,0,-1
3/3/2021 21:25,0,-1
3/3/2021 21:30,0,-1
3/3/2021 21:35,0,-1
3/3/2021 21:40,0,-1
3/3/2021 21:45,0,-1
3/3/2021 21:50,0,-1
3/3/2021 21:55,0,-1
3/3/2021 22:00,0,-1
3/3/2021 22:05,0,-1
3/3/2021 22:10,0,-1
3/3/2021 22:15,0,-1
3/3/2021 22:20,0,-1
3/3/2021 22:25,0,-1
3/3/2021 22:30,0,-1
3/3/2021 22:35,0,-1
3/3/2021 22:40,0,-1
3/3/2021 22:45,0,-1
3/3/2021 22:50,0,-1
3/3/2021 22:55,0,-1
3/3/2021 23:00,0,-1
3/3/2021 23:05,0,-1
3/3/2021 23:10,0,-1
3/3/2021 23:15,0,-1
3/3/2021 23:20,0,-1
3/3/2021 23:25,0,-1
3/3/2021 23:30,0,-1
3/3/2021 23:35,0,-1
3/3/2021 23:40,0,-1
3/3/2021 23:45,0,-1
3/3/2021 23:50,0,-1
3/3/2021 23:55,0,-1
3/4/2021 0:00,0,-1
3/4/2021 0:05,0,-1
3/4/2021 0:10,0,-1
3/4/2021 0:15,0,-1
3/4/2021 0:20,0,-1
3/4/2021 0:25,0,-1
3/4/2021 0:30,0,-1
3/4/2021 0:35,0,-1
3/4/2021 0:40,0,-1
3/4/2021 0:45,0,-1
3/4/2021 0:50,0,-1
3/4/2021 0:55,0,-1
3/4/2021 1:00,0,-1
3/4/2021 1:05,0,-1
3/4/2021 1:10,0,-1
3/4/2021 1:15,0,-1
3/4/2021 1:20,0,-1
3/4/2021 1:25,0,-1
3/4/2021 1:30,0,-1
3/4/2021 1:35,0,-1
3/4/2021 1:40,0,-1
3/4/2021 1:45,0,-1
3/4/2021 1:50,0,-1
3/4/2021 1:55,0,-1
3/4/2021 2:00,0,-1
3/4/2021 2:05,0,-1
3/4/2021 2:10,0,-1
3/4/2021 2:15,0,-1
3/4/2021 2:20,0,-1
3/4/2021 2:25,0,-1
3/4/2021 2:30,0,-1
3/4/2021 2:35,0,-1
3/4/2021 2:40,0,-1
3/4/2021 2:45,0,-1
3/4/2021 2:50,0,-1
3/4/2021 2:55,0,-1
3/4/2021 3:00,0,-1
3/4/2021 3:05,0,-1
3/4/2021 3:10,0,-1
3/4/2021 3:15,0,-1
3/4/2021 3:20,0,-1
3/4/2021 3:25,0,-1
3/4/2021 3:30,0,-1
3/4/2021 3:35,0,-1
3/4/2021 3:40,0,-1
3/4/2021 3:45,0,-1
3/4/2021 3:50,0,-1
3/4/2021 3:55,0,-1
3/4/2021 4:00,0,-1
3/4/2021 4:05,0,-1
3/4/2021 4:10,0,-1
3/4/2021 4:15,0,-1
3/4/2021 4:20,0,-1
3/4/2021 4:25,0,-1
3/4/2021 4:30,0,-1
3/4/2021 4:35,0,-1
3/4/2021 4:40,0,-1
3/4/2021 4:45,0,-1
3/4/2021 4:50,0,-1
3/4/2021 4:55,0,-1
3/4/2021 5:00,0,-1
3/4/2021 5:05,0,-1
3/4/2021 5:10,0,-1
3/4/2021 5:15,0,-1
3/4/2021 5:20,0,-1
3/4/2021 5:25,0,-1
3/4/2021 5:30,0,-1
3/4/2021 5:35,0,-1
3/4/2021 5:40,0,-1
3/4/2021 5:45,0,-1
3/4/2021 5:50,0,-1
3/4/2021 5:55,0,-1
3/4/2021 6:00,0,-1
3/4/2021 6:05,0,-1
3/4/2021 6:10,0,-1
3/4/2021 6:15,0,-1
3/4/2021 6:20,0,-1
3/4/2021 6:25,0,-1
3/4/2021 6:30,0,-1
3/4/2021 6:35,0,-1
3/4/2021 6:40,0,-1
3/4/2021 6:45,0,-1
3/4/2021 6:50,0,-1
3/4/2021 6:55,0,-1
3/4/2021 7:00,0,-1
3/4/2021 7:05,0,-1
3/4/2021 7:10,0,-1
3/4/2021 7:15,0,-1
3/4/2021 7:20,0,-1
3/4/2021 7:25,0,-1
3/4/2021 7:30,0,-1
3/4/2021 7:35,0,-1
3/4/2021 7:40,0,-1
3/4/2021 7:45,0,-1
3/4/2021 7:50,0,-1
3/4/2021 7:55,0,-1
3/4/2021 8:00,0,-1
3/4/2021 8:05,0,-1
3/4/2021 8:10,0,-1
3/4/2021 8:15,0,-1
3/4/2021 8:20,0,-1
3/4/2021 8:25,0,-1
3/4/2021 8:30,0,-1
3/4/2021 8:35,0,-1
3/4/2021 8:40,0.9910154,0.1172161
3/4/2021 8:45,1.0368,0.1721612
3/4/2021 8:50,1.097354,0.1440782
3/4/2021 8:55,1.117292,0.1196581
3/4/2021 9:00,1.112123,0.1062271
3/4/2021 9:05,1.106215,0.0976801
3/4/2021 9:10,1.112123,0.07692308
3/4/2021 9:15,1.108431,0.06837607
3/4/2021 9:20,1.133538,0.06715507
3/4/2021 9:25,1.093662,0.06349207
3/4/2021 9:30,1.095877,0.05982906
3/4/2021 9:35,1.098831,0.05616606
3/4/2021 9:40,1.097354,0.05494506
3/4/2021 9:45,1.096615,0.05616606
3/4/2021 9:50,1.072246,0.05372405
3/4/2021 9:55,1.090708,0.05372405
3/4/2021 10:00,1.090708,0.05372405
3/4/2021 10:05,1.090708,0.05128205
3/4/2021 10:10,1.086277,0.05128205
3/4/2021 10:15,1.104,0.04884005
3/4/2021 10:20,1.098831,0.04639805
3/4/2021 10:25,1.0944,0.04517705
3/4/2021 10:30,1.093662,0.04517705
3/4/2021 10:35,1.100308,0.07203908
3/4/2021 10:40,1.107692,0.04639805
3/4/2021 10:45,1.081846,0.04395605
3/4/2021 10:50,1.087015,0.04517705
3/4/2021 10:55,1.095138,0.04517705
3/4/2021 11:00,1.163815,0.04517705
3/4/2021 11:05,1.172677,0.04273504
3/4/2021 11:10,1.072985,0.04151404
3/4/2021 11:15,1.106954,0.04151404
3/4/2021 11:20,1.089969,0.04151404
3/4/2021 11:25,1.101046,0.04151404
3/4/2021 11:30,1.099569,0.04029304
3/4/2021 11:35,1.042708,0.04273504
3/4/2021 11:40,1.083323,0.04273504
3/4/2021 11:45,1.101046,0.04395605
3/4/2021 11:50,1.087754,0.04395605
3/4/2021 11:55,1.105477,0.04273504
3/4/2021 12:00,1.087015,0.04273504
3/4/2021 12:05,1.115077,0.04151404
3/4/2021 12:10,1.107692,0.04151404
3/4/2021 12:15,1.098092,0.04151404
3/4/2021 12:20,1.093662,0.04151404
3/4/2021 12:25,1.097354,0.04029304
3/4/2021 12:30,1.093662,0.04151404
3/4/2021 12:35,1.089969,0.04029304
3/4/2021 12:40,1.097354,0.04029304
3/4/2021 12:45,1.116554,0.04029304
3/4/2021 12:50,1.102523,0.04029304
3/4/2021 12:55,1.106954,0.04029304
3/4/2021 13:00,1.074461,0.04029304
3/4/2021 13:05,1.098831,0.04029304
3/4/2021 13:10,1.092923,0.04029304
3/4/2021 13:15,1.104,0.03663004
3/4/2021 13:20,1.090708,0.03663004
3/4/2021 13:25,1.101785,0.03785104
3/4/2021 13:30,1.1136,0.03663004
3/4/2021 13:35,1.078892,0.03540904
3/4/2021 13:40,1.088492,0.03540904
3/4/2021 13:45,1.112862,0.03540904
3/4/2021 13:50,1.093662,0.03540904
3/4/2021 13:55,1.109169,0.03540904
3/4/2021 14:00,1.164554,0.04151404
3/4/2021 14:05,1.154954,0.03540904
3/4/2021 14:10,1.129846,0.1831502
3/4/2021 14:15,1.103261,0.1062271
3/4/2021 14:20,1.150523,0.07203908
3/4/2021 14:25,1.174892,0.07814408
3/4/2021 14:30,1.154215,0.05128205
3/4/2021 14:35,1.143138,0.06593407
3/4/2021 14:40,1.157908,0.05250305
3/4/2021 14:45,1.152,0.06105006
3/4/2021 14:50,1.160861,0.04029304
3/4/2021 14:55,1.153477,0.04395605
3/4/2021 15:00,1.141662,0.04151404
3/4/2021 15:05,1.1424,0.06227106
3/4/2021 15:10,1.145354,0.04029304
3/4/2021 15:15,1.1328,0.04395605
3/4/2021 15:20,1.137231,0.04151404
3/4/2021 15:25,1.131323,0.03907204
3/4/2021 15:30,1.1328,0.03785104
3/4/2021 15:35,1.140185,0.03663004
3/4/2021 15:40,1.148308,0.04151404
3/4/2021 15:45,1.137231,0.04029304
3/4/2021 15:50,1.147569,0.04151404
3/4/2021 15:55,1.139446,0.04395605
3/4/2021 16:00,1.138708,0.04273504
3/4/2021 16:05,1.1424,0.04639805
3/4/2021 16:10,1.154215,0.03296703
3/4/2021 16:15,1.146831,0.03907204
3/4/2021 16:20,1.197046,0.03663004
3/4/2021 16:25,1.149785,0.03663004
3/4/2021 16:30,1.154954,0.03052503
3/4/2021 16:35,1.151262,0.03785104
3/4/2021 16:40,1.143877,0.02686203
3/4/2021 16:45,1.140185,0.03418804
3/4/2021 16:50,1.158646,0.03785104
3/4/2021 16:55,1.141662,0.04029304
3/4/2021 17:00,1.162338,0.04029304
3/4/2021 17:05,1.141662,0.03540904
3/4/2021 17:10,1.149785,0.03540904
3/4/2021 17:15,1.145354,0.03907204
3/4/2021 17:20,1.159384,0.04151404
3/4/2021 17:25,1.138708,0.04151404
3/4/2021 17:30,1.149785,0.04151404
3/4/2021 17:35,1.148308,0.04029304
3/4/2021 17:40,1.143138,0.04029304
3/4/2021 17:45,1.160861,0.04151404
3/4/2021 17:50,1.159384,0.04151404
3/4/2021 17:55,1.147569,0.04029304
3/4/2021 18:00,1.145354,0.03785104
3/4/2021 18:05,1.154954,0.03785104
3/4/2021 18:10,1.153477,0.04151404
3/4/2021 18:15,1.145354,0.04395605
3/4/2021 18:20,1.146831,0.04029304
3/4/2021 18:25,1.1424,0.03296703
3/4/2021 18:30,1.152738,0.03540904
3/4/2021 18:35,1.143877,0.03418804
3/4/2021 18:40,1.1424,0.03296703
3/4/2021 18:45,1.154954,0.03296703
3/4/2021 18:50,1.150523,0.03296703
3/4/2021 18:55,1.158646,0.03296703
3/4/2021 19:00,1.153477,0.03540904
3/4/2021 19:05,1.154954,0.03418804
3/4/2021 19:10,1.1616,0.03540904
3/4/2021 19:15,1.160123,0.03540904
3/4/2021 19:20,1.149785,0.03540904
3/4/2021 19:25,1.146092,0.03540904
3/4/2021 19:30,1.165292,0.03663004
3/4/2021 19:35,1.140923,0.03540904
3/4/2021 19:40,1.156431,0.03418804
3/4/2021 19:45,1.150523,0.03785104
3/4/2021 19:50,1.152738,0.03540904
3/4/2021 19:55,1.148308,0.03785104
3/4/2021 20:00,1.152738,0.03663004
3/4/2021 20:05,1.179323,0.03785104
3/4/2021 20:10,1.146831,0.03907204
3/4/2021 20:15,1.156431,0.03785104
3/4/2021 20:20,1.157908,0.03785104
3/4/2021 20:25,1.156431,0.03663004
3/4/2021 20:30,1.143877,0.03663004
3/4/2021 20:35,1.146831,0.04029304
3/4/2021 20:40,1.157908,0.03785104
3/4/2021 20:45,1.162338,0.04029304
3/4/2021 20:50,1.162338,0.03663004
3/4/2021 20:55,1.169723,0.04029304
3/4/2021 21:00,1.164554,0.03663004
3/4/2021 21:05,1.157169,0.04395605
3/4/2021 21:10,1.155692,0.03785104
3/4/2021 21:15,1.152,0.03418804
3/4/2021 21:20,1.155692,0.03540904
3/4/2021 21:25,1.152738,0.03540904
3/4/2021 21:30,1.137969,0.03540904
3/4/2021 21:35,1.141662,0.03418804
3/4/2021 21:40,1.148308,0.03418804
3/4/2021 21:45,1.148308,0.03418804
3/4/2021 21:50,1.149785,0.03540904
3/4/2021 21:55,1.141662,0.03418804
3/4/2021 22:00,1.148308,0.03418804
3/4/2021 22:05,1.143877,0.03907204
3/4/2021 22:10,1.150523,0.04395605
3/4/2021 22:15,1.137969,0.03907204
3/4/2021 22:20,1.153477,0.03785104
3/4/2021 22:25,1.148308,0.03540904
3/4/2021 22:30,1.154215,0.03540904
3/4/2021 22:35,1.138708,0.04639805
3/4/2021 22:40,1.151262,0.03540904
3/4/2021 22:45,1.171938,0.04029304
3/4/2021 22:50,1.151262,0.04029304
3/4/2021 22:55,1.152,0.03540904
3/4/2021 23:00,1.152738,0.04029304
3/4/2021 23:05,1.151262,0.03418804
3/4/2021 23:10,1.153477,0.03540904
3/4/2021 23:15,1.141662,0.03540904
3/4/2021 23:20,1.140185,0.03663004
3/4/2021 23:25,1.175631,0.03540904
3/4/2021 23:30,1.156431,0.03785104
3/4/2021 23:35,1.156431,0.03540904
3/4/2021 23:40,1.149785,0.03540904
3/4/2021 23:45,1.153477,0.03785104
3/4/2021 23:50,1.148308,0.03785104
3/4/2021 23:55,1.149046,0.04029304
3/5/2021 0:00,1.152738,0.03540904
3/5/2021 0:05,1.137969,0.03540904
3/5/2021 0:10,1.162338,0.03540904
3/5/2021 0:15,1.140923,0.03540904
3/5/2021 0:20,1.156431,0.03663004
3/5/2021 0:25,1.157908,0.03663004
3/5/2021 0:30,1.145354,0.03540904
3/5/2021 0:35,1.147569,0.03418804
3/5/2021 0:40,1.137969,0.03663004
3/5/2021 0:45,1.135754,0.03785104
3/5/2021 0:50,1.162338,0.03663004
3/5/2021 0:55,1.163077,0.03540904
3/5/2021 1:00,1.1424,0.03418804
3/5/2021 1:05,1.152,0.03418804
3/5/2021 1:10,1.145354,0.03663004
3/5/2021 1:15,1.150523,0.03540904
3/5/2021 1:20,1.148308,0.05616606
3/5/2021 1:25,1.149785,0.03418804
3/5/2021 1:30,1.138708,0.02442002
3/5/2021 1:35,1.143877,0.02564103
3/5/2021 1:40,1.140185,0.02808303
3/5/2021 1:45,1.157908,0.02564103
3/5/2021 1:50,1.150523,0.03052503
3/5/2021 1:55,1.138708,0.02442002
3/5/2021 2:00,1.137231,0.02564103
3/5/2021 2:05,1.147569,0.02686203
3/5/2021 2:10,1.143877,0.02686203
3/5/2021 2:15,1.145354,0.03418804
3/5/2021 2:20,1.133538,0.02808303
3/5/2021 2:25,1.143138,0.03540904
3/5/2021 2:30,1.135015,0.03296703
3/5/2021 2:35,1.146831,0.03052503
3/5/2021 2:40,1.138708,0.03052503
3/5/2021 2:45,1.140923,0.03907204
3/5/2021 2:50,1.147569,0.02564103
3/5/2021 2:55,1.128369,0.02442002
3/5/2021 3:00,1.146831,0.02319902
3/5/2021 3:05,1.135754,0.02442002
3/5/2021 3:10,1.138708,0.02442002
3/5/2021 3:15,1.147569,0.02319902
3/5/2021 3:20,1.140185,0.02442002
3/5/2021 3:25,1.114338,0.02442002
3/5/2021 3:30,1.160123,0.02442002
3/5/2021 3:35,1.164554,0.03052503
3/5/2021 3:40,1.1616,0.03540904
3/5/2021 3:45,1.156431,0.02564103
3/5/2021 3:50,1.159384,0.02808303
3/5/2021 3:55,1.143877,0.02930403
3/5/2021 4:00,1.1424,0.02808303
3/5/2021 4:05,1.150523,0.02808303
3/5/2021 4:10,1.152,0.02808303
3/5/2021 4:15,1.134277,0.02808303
3/5/2021 4:20,1.149785,0.03296703
3/5/2021 4:25,1.143877,0.02808303
3/5/2021 4:30,1.138708,0.03052503
3/5/2021 4:35,1.135754,0.02930403
3/5/2021 4:40,1.152738,0.02808303
3/5/2021 4:45,1.130584,0.02808303
3/5/2021 4:50,1.134277,0.02808303
3/5/2021 4:55,1.1424,0.02930403
3/5/2021 5:00,1.152738,0.02808303
3/5/2021 5:05,1.173415,0.02808303
3/5/2021 5:10,1.225108,0.03418804
3/5/2021 5:15,1.194831,0.03296703
3/5/2021 5:20,1.202954,0.03785104
3/5/2021 5:25,1.208123,0.03052503
3/5/2021 5:30,1.199262,0.03052503
3/5/2021 5:35,1.230277,0.04029304
3/5/2021 5:40,1.225846,0.02808303
3/5/2021 5:45,1.205169,0.02808303
3/5/2021 5:50,1.197785,0.03174603
3/5/2021 5:55,1.227323,0.03296703
3/5/2021 6:00,1.208862,0.03296703
3/5/2021 6:05,1.205169,0.03052503
3/5/2021 6:10,1.204431,0.03174603
3/5/2021 6:15,1.224369,0.03052503
3/5/2021 6:20,1.201477,0.03052503
3/5/2021 6:25,1.175631,0.02808303
3/5/2021 6:30,1.202954,0.02808303
3/5/2021 6:35,1.200738,0.02808303
3/5/2021 6:40,1.199262,0.03418804
3/5/2021 6:45,1.201477,0.02686203
3/5/2021 6:50,1.202215,0.03296703
3/5/2021 6:55,1.211077,0.03296703
3/5/2021 7:00,1.199262,0.04151404
3/5/2021 7:05,1.207385,0.03052503
3/5/2021 7:10,1.199262,0.02808303
3/5/2021 7:15,1.201477,0.02808303
3/5/2021 7:20,1.193354,0.02686203
3/5/2021 7:25,1.197785,0.03418804
3/5/2021 7:30,1.200738,0.03052503
3/5/2021 7:35,1.204431,0.03785104
3/5/2021 7:40,1.202954,0.04273504
3/5/2021 7:45,1.200738,0.04151404
3/5/2021 7:50,1.201477,0.04029304
3/5/2021 7:55,1.207385,0.03418804
3/5/2021 8:00,1.198523,0.02930403
3/5/2021 8:05,1.202215,0.02930403
3/5/2021 8:10,1.201477,0.03052503
3/5/2021 8:15,1.205908,0.03052503
3/5/2021 8:20,1.194831,0.03296703
3/5/2021 8:25,1.196308,0.03296703
3/5/2021 8:30,1.197785,0.03418804
3/5/2021 8:35,1.191138,0.03663004
3/5/2021 8:40,1.194092,0.03663004
3/5/2021 8:45,1.207385,0.03663004
3/5/2021 8:50,1.194831,0.03663004
3/5/2021 8:55,1.200738,0.03663004
3/5/2021 9:00,1.180062,0.03663004
3/5/2021 9:05,1.193354,0.03663004
3/5/2021 9:10,1.218462,0.03663004
3/5/2021 9:15,1.194831,0.03663004
3/5/2021 9:20,1.196308,0.03663004
3/5/2021 9:25,1.200738,0.03663004
3/5/2021 9:30,1.200738,0.03663004
3/5/2021 9:35,1.193354,0.03663004
3/5/2021 9:40,1.194092,0.03663004
3/5/2021 9:45,1.193354,0.03663004
3/5/2021 9:50,1.200738,0.03663004
3/5/2021 9:55,1.197046,0.03663004
3/5/2021 10:00,1.207385,0.03663004
3/5/2021 10:05,1.200738,0.03663004
3/5/2021 10:10,1.199262,0.03663004
3/5/2021 10:15,1.187446,0.03663004
3/5/2021 10:20,1.201477,0.03663004
3/5/2021 10:25,1.197046,0.03663004
3/5/2021 10:30,1.205908,0.03663004
3/5/2021 10:35,1.189662,0.03663004
3/5/2021 10:40,1.191138,0.03663004
3/5/2021 10:45,1.202954,0.03663004
3/5/2021 10:50,1.196308,0.03663004
3/5/2021 10:55,1.196308,0.03663004
3/5/2021 11:00,1.199262,0.03663004
3/5/2021 11:05,1.207385,0.03663004
3/5/2021 11:10,1.200738,0.03663004
3/5/2021 11:15,1.202215,0.03663004
3/5/2021 11:20,1.197785,0.03663004
3/5/2021 11:25,1.197046,0.03663004
3/5/2021 11:30,1.183754,0.03663004
3/5/2021 11:35,1.185231,0.03663004
3/5/2021 11:40,1.181538,0.03663004
3/5/2021 11:45,1.189662,0.03663004
3/5/2021 11:50,1.183754,0.09157509
3/5/2021 11:55,1.182277,0.09035409
3/5/2021 12:00,1.201477,0.09279609
3/5/2021 12:05,1.202954,0.08669109
3/5/2021 12:10,1.205169,0.08791209
3/5/2021 12:15,1.206646,0.08913309
3/5/2021 12:20,1.2,0.08669109
3/5/2021 12:25,1.192615,0.08547009
3/5/2021 12:30,1.197046,0.08547009
3/5/2021 12:35,1.202215,0.08302809
3/5/2021 12:40,1.106954,0.08302809
3/5/2021 12:45,1.093662,0.08302809
3/5/2021 12:50,1.088492,0.08180708
3/5/2021 12:55,1.084062,0.08180708
3/5/2021 13:00,1.097354,0.08302809
3/5/2021 13:05,1.080369,0.08547009
3/5/2021 13:10,1.085538,0.08302809
3/5/2021 13:15,1.104738,0.08302809
3/5/2021 13:20,1.078892,0.08302809
3/5/2021 13:25,1.089231,0.08180708
3/5/2021 13:30,1.076677,0.08180708
3/5/2021 13:35,1.099569,0.08302809
3/5/2021 13:40,1.097354,0.08791209
3/5/2021 13:45,1.0752,0.08302809
3/5/2021 13:50,1.109908,0.08180708
3/5/2021 13:55,1.089969,0.08180708
3/5/2021 14:00,1.089231,0.08302809
3/5/2021 14:05,1.233969,0.08302809
3/5/2021 14:10,1.212554,0.08669109
3/5/2021 14:15,1.214031,0.08302809
3/5/2021 14:20,1.219938,0.08424909
3/5/2021 14:25,1.208123,0.08302809
3/5/2021 14:30,1.203692,0.08302809
3/5/2021 14:35,1.207385,0.08547009
3/5/2021 14:40,1.204431,0.08424909
3/5/2021 14:45,1.205169,0.08302809
3/5/2021 14:50,1.204431,0.08302809
3/5/2021 14:55,1.2192,0.08302809
3/5/2021 15:00,1.205908,0.08302809
3/5/2021 15:05,1.215508,0.03296703
3/5/2021 15:10,1.207385,0.03296703
3/5/2021 15:15,1.210338,0.03418804
3/5/2021 15:20,1.200738,0.03052503
3/5/2021 15:25,1.2,0.03296703
3/5/2021 15:30,1.199262,0.03296703
3/5/2021 15:35,1.205908,0.03052503
3/5/2021 15:40,1.191877,0.02930403
3/5/2021 15:45,1.199262,0.02930403
3/5/2021 15:50,1.194831,0.03052503
3/5/2021 15:55,1.183015,0.03052503
3/5/2021 16:00,1.194092,0.02930403
3/5/2021 16:05,1.194092,0.03174603
3/5/2021 16:10,1.189662,0.02930403
3/5/2021 16:15,1.191138,0.03052503
3/5/2021 16:20,1.182277,0.03052503
3/5/2021 16:25,1.201477,0.03296703
3/5/2021 16:30,1.191877,0.03296703
3/5/2021 16:35,1.182277,0.03418804
3/5/2021 16:40,1.183015,0.0976801
3/5/2021 16:45,1.185969,0.03296703
3/5/2021 16:50,1.182277,0.02930403
3/5/2021 16:55,1.197785,0.03052503
3/5/2021 17:00,1.202954,0.02930403
3/5/2021 17:05,1.188184,0.02808303
3/5/2021 17:10,1.191138,0.02808303
3/5/2021 17:15,1.196308,0.03052503
3/5/2021 17:20,1.185231,0.02930403
3/5/2021 17:25,1.192615,0.03052503
3/5/2021 17:30,1.203692,0.03174603
3/5/2021 17:35,1.187446,0.02930403
3/5/2021 17:40,1.197785,0.02808303
3/5/2021 17:45,1.201477,0.03052503
3/5/2021 17:50,1.194831,0.03052503
3/5/2021 17:55,1.194092,0.03174603
3/5/2021 18:00,1.191138,0.03052503
3/5/2021 18:05,1.197785,0.03052503
3/5/2021 18:10,1.198523,0.03052503
3/5/2021 18:15,1.198523,0.02808303
3/5/2021 18:20,1.194092,0.03052503
3/5/2021 18:25,1.195569,0.03052503
3/5/2021 18:30,1.194092,0.03296703
3/5/2021 18:35,1.191877,0.03052503
3/5/2021 18:40,1.201477,0.03418804
3/5/2021 18:45,1.191877,0.02808303
3/5/2021 18:50,1.186708,0.02930403
3/5/2021 18:55,1.193354,0.02808303
3/5/2021 19:00,1.194831,0.02808303
3/5/2021 19:05,1.204431,0.02808303
3/5/2021 19:10,1.199262,0.03052503
3/5/2021 19:15,1.191138,0.02930403
3/5/2021 19:20,1.192615,0.02808303
3/5/2021 19:25,1.191877,0.02808303
3/5/2021 19:30,1.193354,0.02808303
3/5/2021 19:35,1.196308,0.02808303
3/5/2021 19:40,1.200738,0.02930403
3/5/2021 19:45,1.191138,0.02808303
3/5/2021 19:50,1.189662,0.02808303
3/5/2021 19:55,1.194831,0.03052503
3/5/2021 20:00,1.1904,0.02930403
3/5/2021 20:05,1.194831,0.02930403
3/5/2021 20:10,1.188184,0.03052503
3/5/2021 20:15,1.192615,0.03296703
3/5/2021 20:20,1.157169,0.03296703
3/5/2021 20:25,1.151262,0.03052503
3/5/2021 20:30,1.180062,0.02930403
3/5/2021 20:35,1.1808,0.03052503
3/5/2021 20:40,1.194831,0.03052503
3/5/2021 20:45,1.186708,0.03052503
3/5/2021 20:50,1.194092,0.03052503
3/5/2021 20:55,1.191877,0.02808303
3/5/2021 21:00,1.194831,0.02930403
3/5/2021 21:05,1.191877,0.02930403
3/5/2021 21:10,1.196308,0.02808303
3/5/2021 21:15,1.197785,0.02930403
3/5/2021 21:20,1.194092,0.02930403
3/5/2021 21:25,1.200738,0.03296703
3/5/2021 21:30,1.193354,0.02930403
3/5/2021 21:35,1.208862,0.02808303
3/5/2021 21:40,1.197785,0.02808303
3/5/2021 21:45,1.200738,0.03052503
3/5/2021 21:50,1.205908,0.02808303
3/5/2021 21:55,1.208123,0.02930403
3/5/2021 22:00,1.1904,0.02808303
3/5/2021 22:05,1.208123,0.02930403
3/5/2021 22:10,1.198523,0.02930403
3/5/2021 22:15,1.202215,0.02808303
3/5/2021 22:20,1.203692,0.02808303
3/5/2021 22:25,1.198523,0.02808303
3/5/2021 22:30,1.194831,0.03052503
3/5/2021 22:35,1.214031,0.03296703
3/5/2021 22:40,1.200738,0.02808303
3/5/2021 22:45,1.208862,0.02808303
3/5/2021 22:50,1.207385,0.03174603
3/5/2021 22:55,1.212554,0.02808303
3/5/2021 23:00,1.210338,0.02808303
3/5/2021 23:05,1.194831,0.03052503
3/5/2021 23:10,1.211815,0.02808303
3/5/2021 23:15,1.202954,0.02930403
3/5/2021 23:20,1.198523,0.02808303
3/5/2021 23:25,1.205169,0.03052503
3/5/2021 23:30,1.198523,0.02808303
3/5/2021 23:35,1.213292,0.02930403
3/5/2021 23:40,1.198523,0.02930403
3/5/2021 23:45,1.203692,0.03052503
3/5/2021 23:50,1.216985,0.02808303
3/5/2021 23:55,1.2096,0.02930403
3/6/2021 0:00,1.212554,0.02808303
3/6/2021 0:05,1.208862,0.03174603
3/6/2021 0:10,1.212554,0.02930403
3/6/2021 0:15,1.200738,0.03052503
3/6/2021 0:20,1.203692,0.02930403
3/6/2021 0:25,1.207385,0.02930403
3/6/2021 0:30,1.202954,0.02808303
3/6/2021 0:35,1.207385,0.02808303
3/6/2021 0:40,1.205908,0.02808303
3/6/2021 0:45,1.206646,0.02808303
3/6/2021 0:50,1.215508,0.03052503
3/6/2021 0:55,1.201477,0.02808303
3/6/2021 1:00,1.208862,0.02930403
3/6/2021 1:05,1.210338,0.03174603
3/6/2021 1:10,1.215508,0.02930403
3/6/2021 1:15,1.201477,0.02808303
3/6/2021 1:20,1.211815,0.02808303
3/6/2021 1:25,1.215508,0.04273504
3/6/2021 1:30,1.210338,0.03052503
3/6/2021 1:35,1.205908,0.02808303
3/6/2021 1:40,1.228062,0.02808303
3/6/2021 1:45,1.205908,0.02930403
3/6/2021 1:50,1.214031,0.02808303
3/6/2021 1:55,1.212554,0.02808303
3/6/2021 2:00,1.210338,0.02808303
3/6/2021 2:05,1.211077,0.03052503
3/6/2021 2:10,1.208123,0.02930403
3/6/2021 2:15,1.207385,0.02808303
3/6/2021 2:20,1.211077,0.02930403
3/6/2021 2:25,1.210338,0.02808303
3/6/2021 2:30,1.212554,0.02930403
3/6/2021 2:35,1.218462,0.02808303
3/6/2021 2:40,1.202215,0.02808303
3/6/2021 2:45,1.213292,0.02808303
3/6/2021 2:50,1.202954,0.02808303
3/6/2021 2:55,1.216985,0.02808303
3/6/2021 3:00,1.213292,0.02930403
3/6/2021 3:05,1.213292,0.03540904
3/6/2021 3:10,1.210338,0.02930403
3/6/2021 3:15,1.211077,0.02930403
3/6/2021 3:20,1.2,0.02808303
3/6/2021 3:25,1.204431,0.03785104
3/6/2021 3:30,1.208862,0.02808303
3/6/2021 3:35,1.202954,0.02808303
3/6/2021 3:40,1.204431,0.03052503
3/6/2021 3:45,1.217723,0.03052503
3/6/2021 3:50,1.208862,0.03052503
3/6/2021 3:55,1.210338,0.03052503
3/6/2021 4:00,1.211077,0.02930403
3/6/2021 4:05,1.205169,0.03052503
3/6/2021 4:10,1.208862,0.02930403
3/6/2021 4:15,1.197785,0.02808303
3/6/2021 4:20,1.208862,0.02808303
3/6/2021 4:25,1.195569,0.02808303
3/6/2021 4:30,1.205908,0.02808303
3/6/2021 4:35,1.201477,0.02808303
3/6/2021 4:40,1.199262,0.02808303
3/6/2021 4:45,1.199262,0.02930403
3/6/2021 4:50,1.208862,0.02808303
3/6/2021 4:55,1.197785,0.03052503
3/6/2021 5:00,1.199262,0.02808303
3/6/2021 5:05,1.197785,0.02808303
3/6/2021 5:10,1.205908,0.02808303
3/6/2021 5:15,1.208123,0.02808303
3/6/2021 5:20,1.202954,0.02808303
3/6/2021 5:25,1.201477,0.02808303
3/6/2021 5:30,1.210338,0.02808303
3/6/2021 5:35,1.199262,0.03296703
3/6/2021 5:40,1.197785,0.02808303
3/6/2021 5:45,1.060431,0.02930403
3/6/2021 5:50,0.8544,0.02808303
3/6/2021 5:55,0.9142154,0.02808303
3/6/2021 6:00,0.9149538,0.02808303
3/6/2021 6:05,1.025723,0.02808303
3/6/2021 6:10,0.9954461,0.02686203
3/6/2021 6:15,0.996923,0.02808303
3/6/2021 6:20,0.9961846,0.02808303
3/6/2021 6:25,0.9932307,0.02808303
3/6/2021 6:30,0.996923,0.02686203
3/6/2021 6:35,0.9888,0.02686203
3/6/2021 6:40,0.987323,0.02930403
3/6/2021 6:45,0.9924923,0.02686203
3/6/2021 6:50,0.9755077,0.02686203
3/6/2021 6:55,0.9917538,0.02808303
3/6/2021 7:00,0.9865846,0.02686203
3/6/2021 7:05,0.9902769,0.04884005
3/6/2021 7:10,0.996923,0.02808303
3/6/2021 7:15,0.9895384,0.02686203
3/6/2021 7:20,0.9895384,0.02686203
3/6/2021 7:25,0.9821538,0.02808303
3/6/2021 7:30,1.024985,0.02686203
3/6/2021 7:35,0.9865846,0.02686203
3/6/2021 7:40,0.9880615,0.02808303
3/6/2021 7:45,0.9961846,0.02808303
3/6/2021 7:50,1.001354,0.02686203
3/6/2021 7:55,1.006523,0.02808303
3/6/2021 8:00,1.005785,0.02808303
3/6/2021 8:05,1.003569,0.02686203
3/6/2021 8:10,0.9865846,0.02686203
3/6/2021 8:15,1.005785,0.02686203
3/6/2021 8:20,0.9954461,0.02686203
3/6/2021 8:25,0.9961846,0.02808303
3/6/2021 8:30,0.996923,0.02686203
3/6/2021 8:35,0.9961846,0.02686203
3/6/2021 8:40,0.9917538,0.02808303
3/6/2021 8:45,1.004308,0.02686203
3/6/2021 8:50,1.002831,0.02808303
3/6/2021 8:55,0.9939692,0.02686203
3/6/2021 9:00,0.9910154,0.03052503
3/6/2021 9:05,0.9954461,0.02686203
3/6/2021 9:10,0.9902769,0.02686203
3/6/2021 9:15,0.9939692,0.02686203
3/6/2021 9:20,0.9888,0.02808303
3/6/2021 9:25,0.9947076,0.02930403
3/6/2021 9:30,0.9806769,0.02686203
3/6/2021 9:35,0.9939692,0.02686203
3/6/2021 9:40,1.005785,0.02808303
3/6/2021 9:45,0.9984,0.02808303
3/6/2021 9:50,0.9902769,0.02686203
3/6/2021 9:55,1.002831,0.02686203
3/6/2021 10:00,0.9858461,0.02686203
3/6/2021 10:05,0.9976615,0.02808303
3/6/2021 10:10,0.9880615,0.02686203
3/6/2021 10:15,0.9880615,0.05494506
3/6/2021 10:20,0.9954461,0.03785104
3/6/2021 10:25,0.9976615,0.03052503
3/6/2021 10:30,0.9880615,0.02808303
3/6/2021 10:35,0.9984,0.03174603
3/6/2021 10:40,0.9917538,0.02808303
3/6/2021 10:45,0.9984,0.02686203
3/6/2021 10:50,0.9924923,0.02686203
3/6/2021 10:55,0.987323,0.02686203
3/6/2021 11:00,0.9947076,0.02930403
3/6/2021 11:05,0.9806769,0.02808303
3/6/2021 11:10,0.9851077,0.02808303
3/6/2021 11:15,0.9836308,0.02686203
3/6/2021 11:20,0.987323,0.02808303
3/6/2021 11:25,0.9777231,0.02686203
3/6/2021 11:30,0.9769846,0.02686203
3/6/2021 11:35,0.9947076,0.03052503
3/6/2021 11:40,0.9888,0.02808303
3/6/2021 11:45,0.9806769,0.02930403
3/6/2021 11:50,0.9836308,0.02686203
3/6/2021 11:55,1.002831,0.02808303
3/6/2021 12:00,1.009477,0.02686203
3/6/2021 12:05,1.012431,0.02686203
3/6/2021 12:10,0.9984,0.02930403
3/6/2021 12:15,1.005785,0.02808303
3/6/2021 12:20,1.006523,0.02930403
3/6/2021 12:25,1.001354,0.02686203
3/6/2021 12:30,0.9947076,0.02686203
3/6/2021 12:35,0.9888,0.02808303
3/6/2021 12:40,0.9961846,0.02808303
3/6/2021 12:45,0.9998769,0.02930403
3/6/2021 12:50,1.006523,0.02808303
3/6/2021 12:55,1.008,0.02808303
3/6/2021 13:00,1.013169,0.03174603
3/6/2021 13:05,1.016123,0.02808303
3/6/2021 13:10,1.001354,0.02686203
3/6/2021 13:15,1.001354,0.02686203
3/6/2021 13:20,1.008,0.03052503
3/6/2021 13:25,1.001354,0.02808303
3/6/2021 13:30,1.008,0.02686203
3/6/2021 13:35,1.008,0.02686203
3/6/2021 13:40,1.007262,0.05372405
3/6/2021 13:45,1.112862,0.03052503
3/6/2021 13:50,1.107692,0.03174603
3/6/2021 13:55,1.120985,0.03174603
3/6/2021 14:00,1.107692,0.02808303
3/6/2021 14:05,1.115077,0.02808303
3/6/2021 14:10,1.095877,0.02930403
3/6/2021 14:15,1.097354,0.02808303
3/6/2021 14:20,1.112123,0.02808303
3/6/2021 14:25,1.100308,0.02930403
3/6/2021 14:30,1.103261,0.02808303
3/6/2021 14:35,1.104738,0.02808303
3/6/2021 14:40,1.098831,0.02808303
3/6/2021 14:45,1.104,0.02808303
3/6/2021 14:50,1.101785,0.02930403
3/6/2021 14:55,1.102523,0.02808303
3/6/2021 15:00,1.111385,0.02808303
3/6/2021 15:05,1.101785,0.03296703
3/6/2021 15:10,1.097354,0.02808303
3/6/2021 15:15,1.106954,0.02930403
3/6/2021 15:20,1.105477,0.03174603
3/6/2021 15:25,1.116554,0.02808303
3/6/2021 15:30,1.104738,0.03052503
3/6/2021 15:35,1.110646,0.02686203
3/6/2021 15:40,1.115815,0.02808303
3/6/2021 15:45,1.100308,0.03052503
3/6/2021 15:50,1.1136,0.02686203
3/6/2021 15:55,1.111385,0.02808303
3/6/2021 16:00,1.109908,0.02930403
3/6/2021 16:05,1.106215,0.02686203
3/6/2021 16:10,1.103261,0.02686203
3/6/2021 16:15,1.107692,0.02808303
3/6/2021 16:20,1.104,0.02808303
3/6/2021 16:25,1.108431,0.02808303
3/6/2021 16:30,1.109169,0.02808303
3/6/2021 16:35,1.105477,0.03540904
3/6/2021 16:40,1.106954,0.02808303
3/6/2021 16:45,1.110646,0.03663004
3/6/2021 16:50,1.095877,0.02686203
3/6/2021 16:55,1.099569,0.02808303
3/6/2021 17:00,1.101785,0.02808303
3/6/2021 17:05,1.114338,0.02686203
3/6/2021 17:10,1.100308,0.02808303
3/6/2021 17:15,1.101785,0.03052503
3/6/2021 17:20,1.109908,0.03663004
3/6/2021 17:25,1.098831,0.02686203
3/6/2021 17:30,1.093662,0.02808303
3/6/2021 17:35,1.112123,0.02808303
3/6/2021 17:40,1.109908,0.03907204
3/6/2021 17:45,1.105477,0.03052503
3/6/2021 17:50,1.124677,0.03052503
3/6/2021 17:55,1.148308,0.02808303
3/6/2021 18:00,1.164554,0.02808303
3/6/2021 18:05,1.148308,0.02808303
3/6/2021 18:10,1.139446,0.02930403
3/6/2021 18:15,1.138708,0.02930403
3/6/2021 18:20,1.139446,0.03296703
3/6/2021 18:25,1.143877,0.02808303
3/6/2021 18:30,1.146092,0.03296703
3/6/2021 18:35,1.138708,0.03296703
3/6/2021 18:40,1.139446,0.02808303
3/6/2021 18:45,1.129846,0.02808303
3/6/2021 18:50,1.135015,0.02930403
3/6/2021 18:55,1.136492,0.02930403
3/6/2021 19:00,1.145354,0.04151404
3/6/2021 19:05,1.127631,0.02808303
3/6/2021 19:10,1.147569,0.03052503
3/6/2021 19:15,1.143138,0.03540904
3/6/2021 19:20,1.150523,0.02808303
3/6/2021 19:25,1.153477,0.02808303
3/6/2021 19:30,1.157169,0.03296703
3/6/2021 19:35,1.140923,0.02686203
3/6/2021 19:40,1.135754,0.02686203
3/6/2021 19:45,1.146092,0.02686203
3/6/2021 19:50,1.1328,0.02808303
3/6/2021 19:55,1.149046,0.02808303
3/6/2021 20:00,1.153477,0.02930403
3/6/2021 20:05,1.143877,0.03418804
3/6/2021 20:10,1.133538,0.02808303
3/6/2021 20:15,1.250954,0.03052503
3/6/2021 20:20,1.239138,0.03052503
3/6/2021 20:25,1.248738,0.02930403
3/6/2021 20:30,1.248738,0.03296703
3/6/2021 20:35,1.239138,0.03052503
3/6/2021 20:40,1.252431,0.02930403
3/6/2021 20:45,1.250215,0.03785104
3/6/2021 20:50,1.250215,0.03052503
3/6/2021 20:55,1.247261,0.02808303
3/6/2021 21:00,1.263508,0.02930403
3/6/2021 21:05,1.245785,0.02808303
3/6/2021 21:10,1.249477,0.04029304
3/6/2021 21:15,1.252431,0.03663004
3/6/2021 21:20,1.259815,0.02808303
3/6/2021 21:25,1.254646,0.02808303
3/6/2021 21:30,1.266461,0.03052503
3/6/2021 21:35,1.256861,0.03174603
3/6/2021 21:40,1.253169,0.03296703
3/6/2021 21:45,1.268677,0.03052503
3/6/2021 21:50,1.262769,0.02808303
3/6/2021 21:55,1.253908,0.03296703
3/6/2021 22:00,1.271631,0.04151404
3/6/2021 22:05,1.266461,0.02808303
3/6/2021 22:10,1.226585,0.03052503
3/6/2021 22:15,1.248738,0.02808303
3/6/2021 22:20,1.240615,0.03052503
3/6/2021 22:25,1.268677,0.03052503
3/6/2021 22:30,1.247261,0.03174603
3/6/2021 22:35,1.256861,0.02808303
3/6/2021 22:40,1.250954,0.02808303
3/6/2021 22:45,1.252431,0.02808303
3/6/2021 22:50,1.242831,0.02808303
3/6/2021 22:55,1.248738,0.02808303
3/6/2021 23:00,1.252431,0.02808303
3/6/2021 23:05,1.249477,0.02808303
3/6/2021 23:10,1.248738,0.02930403
3/6/2021 23:15,1.245046,0.02808303
3/6/2021 23:20,1.248738,0.02930403
3/6/2021 23:25,1.248738,0.02808303
3/6/2021 23:30,1.249477,0.02686203
3/6/2021 23:35,1.253908,0.03052503
3/6/2021 23:40,1.248738,0.02930403
3/6/2021 23:45,1.256123,0.02808303
3/6/2021 23:50,1.258338,0.02808303
3/6/2021 23:55,1.255385,0.02808303
3/7/2021 0:00,1.262769,0.02808303
3/7/2021 0:05,1.254646,0.02808303
3/7/2021 0:10,1.254646,0.02808303
3/7/2021 0:15,1.241354,0.02808303
3/7/2021 0:20,1.250215,0.02808303
3/7/2021 0:25,1.255385,0.02930403
3/7/2021 0:30,1.258338,0.02808303
3/7/2021 0:35,1.263508,0.02808303
3/7/2021 0:40,1.258338,0.02808303
3/7/2021 0:45,1.258338,0.02808303
3/7/2021 0:50,1.2576,0.02808303
3/7/2021 0:55,1.259077,0.02808303
3/7/2021 1:00,1.078154,0.02808303
3/7/2021 1:05,1.084062,0.02686203
3/7/2021 1:10,1.101046,0.02686203
3/7/2021 1:15,1.097354,0.02686203
3/7/2021 1:20,1.104,0.02686203
3/7/2021 1:25,1.0944,0.02686203
3/7/2021 1:30,1.0848,0.02686203
3/7/2021 1:35,1.137969,0.02808303
3/7/2021 1:40,1.208862,0.02808303
3/7/2021 1:45,1.229538,0.03052503
3/7/2021 1:50,1.157908,0.02808303
3/7/2021 1:55,1.215508,0.02808303
3/7/2021 2:00,1.212554,0.02686203
3/7/2021 2:05,1.194831,0.02808303
3/7/2021 2:10,1.197785,0.02808303
3/7/2021 2:15,1.188923,0.02808303
3/7/2021 2:20,1.193354,0.02808303
3/7/2021 2:25,1.203692,0.02686203
3/7/2021 2:30,1.202954,0.02808303
3/7/2021 2:35,1.197785,0.02808303
3/7/2021 2:40,1.201477,0.02808303
3/7/2021 2:45,1.188184,0.02686203
3/7/2021 2:50,1.192615,0.02808303
3/7/2021 2:55,1.191877,0.03052503
3/7/2021 3:00,1.194831,0.02808303
3/7/2021 3:05,1.184492,0.02686203
3/7/2021 3:10,1.185231,0.02808303
3/7/2021 3:15,1.197785,0.02686203
3/7/2021 3:20,1.178585,0.02808303
3/7/2021 3:25,1.222892,0.02808303
3/7/2021 3:30,1.197046,0.02808303
3/7/2021 3:35,1.189662,0.02808303
3/7/2021 3:40,1.199262,0.02808303
3/7/2021 3:45,1.188923,0.02808303
3/7/2021 3:50,1.199262,0.02808303
3/7/2021 3:55,1.194092,0.02686203
3/7/2021 4:00,1.197785,0.02808303
3/7/2021 4:05,1.194092,0.06349207
3/7/2021 4:10,1.195569,0.02808303
3/7/2021 4:15,1.183015,0.02930403
3/7/2021 4:20,1.183754,0.02808303
3/7/2021 4:25,1.187446,0.02686203
3/7/2021 4:30,1.191138,0.02686203
3/7/2021 4:35,1.186708,0.02686203
3/7/2021 4:40,1.191138,0.02808303
3/7/2021 4:45,1.182277,0.03052503
3/7/2021 4:50,1.194831,0.02808303
3/7/2021 4:55,1.211815,0.02808303
3/7/2021 5:00,1.212554,0.02808303
3/7/2021 5:05,1.211815,0.02686203
3/7/2021 5:10,1.219938,0.02808303
3/7/2021 5:15,1.212554,0.02808303
3/7/2021 5:20,1.216985,0.02686203
3/7/2021 5:25,1.216985,0.02686203
3/7/2021 5:30,1.213292,0.02808303
3/7/2021 5:35,1.210338,0.03663004
3/7/2021 5:40,1.210338,0.02808303
3/7/2021 5:45,1.210338,0.02808303
3/7/2021 5:50,1.211077,0.02808303
3/7/2021 5:55,1.219938,0.02686203
3/7/2021 6:00,1.211815,0.02686203
3/7/2021 6:05,1.212554,0.02808303
3/7/2021 6:10,1.213292,0.02808303
3/7/2021 6:15,1.225108,0.02808303
3/7/2021 6:20,1.166769,0.02686203
3/7/2021 6:25,1.193354,0.02808303
3/7/2021 6:30,1.205169,0.02686203
3/7/2021 6:35,1.208862,0.02808303
3/7/2021 6:40,1.200738,0.02808303
3/7/2021 6:45,1.200738,0.02686203
3/7/2021 6:50,1.200738,0.03052503
3/7/2021 6:55,1.194092,0.02808303
3/7/2021 7:00,1.205169,0.02686203
3/7/2021 7:05,1.200738,0.02930403
3/7/2021 7:10,1.191138,0.02808303
3/7/2021 7:15,1.194831,0.02686203
3/7/2021 7:20,1.202954,0.02808303
3/7/2021 7:25,1.200738,0.02808303
3/7/2021 7:30,1.193354,0.02808303
3/7/2021 7:35,1.186708,0.02808303
3/7/2021 7:40,1.196308,0.02808303
3/7/2021 7:45,1.194831,0.02686203
3/7/2021 7:50,1.189662,0.02686203
3/7/2021 7:55,1.197046,0.02808303
3/7/2021 8:00,1.192615,0.02808303
3/7/2021 8:05,1.193354,0.02808303
3/7/2021 8:10,1.193354,0.02808303
3/7/2021 8:15,1.195569,0.02808303
3/7/2021 8:20,1.194092,0.02808303
3/7/2021 8:25,1.191877,0.02808303
3/7/2021 8:30,1.195569,0.02686203
3/7/2021 8:35,1.198523,0.02808303
3/7/2021 8:40,1.191138,0.02686203
3/7/2021 8:45,1.193354,0.02686203
3/7/2021 8:50,1.189662,0.02808303
3/7/2021 8:55,1.202215,0.02808303
3/7/2021 9:00,1.193354,0.02808303
3/7/2021 9:05,1.187446,0.02808303
3/7/2021 9:10,1.185969,0.02808303
3/7/2021 9:15,1.192615,0.02808303
3/7/2021 9:20,1.192615,0.02808303
3/7/2021 9:25,1.191877,0.02808303
3/7/2021 9:30,1.201477,0.02808303
3/7/2021 9:35,1.194092,0.02808303
3/7/2021 9:40,1.185231,0.02808303
3/7/2021 9:45,1.202954,0.02808303
3/7/2021 9:50,1.194831,0.02808303
3/7/2021 9:55,1.189662,0.02808303
3/7/2021 10:00,1.2096,0.02808303
3/7/2021 10:05,1.192615,0.02808303
3/7/2021 10:10,1.193354,0.02808303
3/7/2021 10:15,1.188184,0.02808303
3/7/2021 10:20,1.200738,0.02808303
3/7/2021 10:25,1.193354,0.02808303
3/7/2021 10:30,1.189662,0.02808303
3/7/2021 10:35,1.195569,0.02808303
3/7/2021 10:40,1.1904,0.02808303
3/7/2021 10:45,1.194831,0.03296703
3/7/2021 10:50,1.199262,0.02808303
3/7/2021 10:55,1.196308,0.02808303
3/7/2021 11:00,1.200738,0.02808303
3/7/2021 11:05,1.194831,0.03174603
3/7/2021 11:10,1.193354,0.02808303
3/7/2021 11:15,1.191138,0.02808303
3/7/2021 11:20,1.197785,0.02808303
3/7/2021 11:25,1.194831,0.02808303
3/7/2021 11:30,1.194831,0.02808303
3/7/2021 11:35,1.197046,0.02808303
3/7/2021 11:40,1.185969,0.02808303
3/7/2021 11:45,1.192615,0.02808303
3/7/2021 11:50,1.1808,0.02808303
3/7/2021 11:55,1.196308,0.02808303
3/7/2021 12:00,1.189662,0.02808303
3/7/2021 12:05,1.184492,0.02808303
3/7/2021 12:10,1.183754,0.02808303
3/7/2021 12:15,1.249477,0.02808303
3/7/2021 12:20,1.210338,0.02808303
3/7/2021 12:25,1.213292,0.02808303
3/7/2021 12:30,1.207385,0.02808303
3/7/2021 12:35,1.214031,0.02808303
3/7/2021 12:40,1.211077,0.02808303
3/7/2021 12:45,1.214031,0.02808303
3/7/2021 12:50,1.207385,0.02808303
3/7/2021 12:55,1.211815,0.02808303
3/7/2021 13:00,1.206646,0.02808303
3/7/2021 13:05,1.2096,0.02808303
3/7/2021 13:10,1.211815,0.02808303
3/7/2021 13:15,1.210338,0.02930403
3/7/2021 13:20,1.212554,0.02808303
3/7/2021 13:25,1.204431,0.02808303
3/7/2021 13:30,1.201477,0.02808303
3/7/2021 13:35,1.219938,0.02808303
3/7/2021 13:40,1.208862,0.02808303
3/7/2021 13:45,1.202954,0.02808303
3/7/2021 13:50,1.2,0.02808303
3/7/2021 13:55,1.198523,0.02808303
3/7/2021 14:00,1.218462,0.02808303
3/7/2021 14:05,1.205908,0.02808303
3/7/2021 14:10,1.210338,0.02808303
3/7/2021 14:15,1.2,0.02930403
3/7/2021 14:20,1.205169,0.02808303
3/7/2021 14:25,1.197785,0.02808303
3/7/2021 14:30,1.201477,0.02930403
3/7/2021 14:35,1.199262,0.02808303
3/7/2021 14:40,1.200738,0.02808303
3/7/2021 14:45,1.2,0.02808303
3/7/2021 14:50,1.200738,0.02930403
3/7/2021 14:55,1.201477,0.02808303
3/7/2021 15:00,1.210338,0.02808303
3/7/2021 15:05,1.189662,0.02808303
3/7/2021 15:10,1.246523,0.02808303
3/7/2021 15:15,1.163077,0.02808303
3/7/2021 15:20,1.185231,0.02808303
3/7/2021 15:25,1.215508,0.03296703
3/7/2021 15:30,1.193354,0.02808303
3/7/2021 15:35,1.191877,0.02808303
3/7/2021 15:40,1.191877,0.02808303
3/7/2021 15:45,1.189662,0.03052503
3/7/2021 15:50,1.196308,0.02808303
3/7/2021 15:55,1.197046,0.02808303
3/7/2021 16:00,1.200738,0.02808303
3/7/2021 16:05,1.203692,0.02808303
3/7/2021 16:10,1.206646,0.02930403
3/7/2021 16:15,1.186708,0.02930403
3/7/2021 16:20,1.203692,0.02808303
3/7/2021 16:25,1.185231,0.02808303
3/7/2021 16:30,1.202954,0.02808303
3/7/2021 16:35,1.191138,0.03052503
3/7/2021 16:40,1.197785,0.02808303
3/7/2021 16:45,1.193354,0.02808303
3/7/2021 16:50,1.191877,0.02808303
3/7/2021 16:55,1.1808,0.02808303
3/7/2021 17:00,1.179323,0.02808303
3/7/2021 17:05,1.187446,0.02808303
3/7/2021 17:10,1.188184,0.02808303
3/7/2021 17:15,1.183754,0.02808303
3/7/2021 17:20,1.193354,0.02808303
3/7/2021 17:25,1.1904,0.02808303
3/7/2021 17:30,1.186708,0.02808303
3/7/2021 17:35,1.183754,0.02808303
3/7/2021 17:40,1.200738,0.02808303
3/7/2021 17:45,1.193354,0.02808303
3/7/2021 17:50,1.185231,0.02808303
3/7/2021 17:55,1.189662,0.02808303
3/7/2021 18:00,1.194831,0.02808303
3/7/2021 18:05,1.188184,0.02808303
3/7/2021 18:10,1.195569,0.02808303
3/7/2021 18:15,1.191877,0.02808303
3/7/2021 18:20,1.195569,0.02808303
3/7/2021 18:25,1.199262,0.02808303
3/7/2021 18:30,1.200738,0.03296703
3/7/2021 18:35,1.193354,0.03052503
3/7/2021 18:40,1.200738,0.02808303
3/7/2021 18:45,1.199262,0.02808303
3/7/2021 18:50,1.201477,0.02808303
3/7/2021 18:55,1.191138,0.02808303
3/7/2021 19:00,1.205908,0.02808303
3/7/2021 19:05,1.196308,0.02808303
3/7/2021 19:10,1.201477,0.02808303
3/7/2021 19:15,1.208123,0.02808303
3/7/2021 19:20,1.199262,0.02808303
3/7/2021 19:25,1.206646,0.02808303
3/7/2021 19:30,1.199262,0.02808303
3/7/2021 19:35,1.197785,0.03052503
3/7/2021 19:40,1.120246,0.02808303
3/7/2021 19:45,1.089231,0.02808303
3/7/2021 19:50,1.108431,0.02808303
3/7/2021 19:55,1.101785,0.02808303
3/7/2021 20:00,1.095877,0.02808303
3/7/2021 20:05,1.0944,0.02808303
3/7/2021 20:10,1.096615,0.02808303
3/7/2021 20:15,1.080369,0.02808303
3/7/2021 20:20,1.083323,0.02808303
3/7/2021 20:25,1.084062,0.02808303
3/7/2021 20:30,1.095138,0.02808303
3/7/2021 20:35,1.082585,0.02808303
3/7/2021 20:40,1.090708,0.02808303
3/7/2021 20:45,1.189662,0.02808303
3/7/2021 20:50,1.199262,0.02808303
3/7/2021 20:55,1.180062,0.02808303
3/7/2021 21:00,1.1904,0.02808303
3/7/2021 21:05,1.193354,0.02808303
3/7/2021 21:10,1.194092,0.02808303
3/7/2021 21:15,1.188923,0.02808303
3/7/2021 21:20,1.193354,0.02808303
3/7/2021 21:25,1.199262,0.02808303
3/7/2021 21:30,1.200738,0.02808303
3/7/2021 21:35,1.207385,0.02808303
3/7/2021 21:40,1.201477,0.02930403
3/7/2021 21:45,1.204431,0.02808303
3/7/2021 21:50,1.215508,0.03052503
3/7/2021 21:55,1.212554,0.02930403
3/7/2021 22:00,1.228062,0.02808303
3/7/2021 22:05,1.216985,0.02930403
3/7/2021 22:10,1.185231,0.02808303
3/7/2021 22:15,1.181538,0.02808303
3/7/2021 22:20,1.201477,0.02808303
3/7/2021 22:25,1.194831,0.02808303
3/7/2021 22:30,1.194831,0.02808303
3/7/2021 22:35,1.201477,0.02808303
3/7/2021 22:40,1.205169,0.02808303
3/7/2021 22:45,1.205169,0.02808303
3/7/2021 22:50,1.1904,0.02808303
3/7/2021 22:55,1.211815,0.03296703
3/7/2021 23:00,1.202954,0.03174603
3/7/2021 23:05,1.207385,0.02808303
3/7/2021 23:10,1.212554,0.02808303
3/7/2021 23:15,1.205169,0.04151404
3/7/2021 23:20,1.217723,0.02808303
3/7/2021 23:25,1.211815,0.03052503
3/7/2021 23:30,1.216246,0.02808303
3/7/2021 23:35,1.204431,0.02808303
3/7/2021 23:40,1.208862,0.03174603
3/7/2021 23:45,1.210338,0.02930403
3/7/2021 23:50,1.214769,0.02808303
3/7/2021 23:55,1.208862,0.02808303
3/8/2021 0:00,1.207385,0.02808303
3/8/2021 0:05,1.211815,0.02808303
3/8/2021 0:10,1.218462,0.02808303
3/8/2021 0:15,1.211077,0.02808303
3/8/2021 0:20,1.218462,0.03052503
3/8/2021 0:25,1.210338,0.03296703
3/8/2021 0:30,1.200738,0.02808303
3/8/2021 0:35,1.213292,0.03052503
3/8/2021 0:40,1.211077,0.02930403
3/8/2021 0:45,1.200738,0.03052503
3/8/2021 0:50,1.200738,0.02808303
3/8/2021 0:55,1.212554,0.02808303
3/8/2021 1:00,1.202954,0.02808303
3/8/2021 1:05,1.206646,0.03052503
3/8/2021 1:10,1.207385,0.02808303
3/8/2021 1:15,1.205908,0.02808303
3/8/2021 1:20,1.205908,0.02930403
3/8/2021 1:25,1.202954,0.02930403
3/8/2021 1:30,1.202215,0.02808303
3/8/2021 1:35,1.210338,0.03052503
3/8/2021 1:40,1.200738,0.03052503
3/8/2021 1:45,1.200738,0.02808303
3/8/2021 1:50,1.196308,0.02808303
3/8/2021 1:55,1.198523,0.02808303
3/8/2021 2:00,1.197785,0.02808303
3/8/2021 2:05,1.205169,0.02808303
3/8/2021 2:10,1.204431,0.02808303
3/8/2021 2:15,1.189662,0.03052503
3/8/2021 2:20,1.188184,0.02930403
3/8/2021 2:25,1.1904,0.02808303
3/8/2021 2:30,1.183754,0.02930403
3/8/2021 2:35,1.182277,0.02930403
3/8/2021 2:40,1.188184,0.02930403
3/8/2021 2:45,1.192615,0.02808303
3/8/2021 2:50,1.191138,0.02808303
3/8/2021 2:55,1.197785,0.02808303
3/8/2021 3:00,0,-1
3/8/2021 3:05,0,-1
3/8/2021 3:10,0,-1
3/8/2021 3:15,0,-1
3/8/2021 3:20,0,-1
3/8/2021 3:25,0,-1
3/8/2021 3:30,0,-1
3/8/2021 3:35,0,-1
3/8/2021 3:40,0,-1
3/8/2021 3:45,0,-1
3/8/2021 3:50,0,-1
3/8/2021 3:55,0,-1
3/8/2021 4:00,0,-1
3/8/2021 4:05,0,-1
3/8/2021 4:10,0,-1
3/8/2021 4:15,0,-1
3/8/2021 4:20,0,-1
3/8/2021 4:25,0,-1
3/8/2021 4:30,0,-1
3/8/2021 4:35,0,-1
3/8/2021 4:40,0,-1
3/8/2021 4:45,0,-1
3/8/2021 4:50,0,-1
3/8/2021 4:55,0,-1
3/8/2021 5:00,0,-1
3/8/2021 5:05,0,-1
3/8/2021 5:10,0,-1
3/8/2021 5:15,0,-1
3/8/2021 5:20,0,-1
3/8/2021 5:25,0,-1
3/8/2021 5:30,0,0.07692308
3/8/2021 5:35,0,-1
3/8/2021 5:40,0,-1
3/8/2021 5:45,0,-1
3/8/2021 5:50,0,-1
3/8/2021 5:55,0,-1
3/8/2021 6:00,0,-1
3/8/2021 6:05,0,-1
3/8/2021 6:10,0,-1
3/8/2021 6:15,0,-1
3/8/2021 6:20,0,-1
3/8/2021 6:25,0,-1
3/8/2021 6:30,0,-1
3/8/2021 6:35,0,-1
3/8/2021 6:40,0,-1
3/8/2021 6:45,0,-1
3/8/2021 6:50,0,-1
3/8/2021 6:55,0,-1
3/8/2021 7:00,0,-1
3/8/2021 7:05,0,-1
3/8/2021 7:10,0,-1
3/8/2021 7:15,0,-1
3/8/2021 7:20,0,-1
3/8/2021 7:25,0,-1
3/8/2021 7:30,0,-1
3/8/2021 7:35,0,-1
3/8/2021 7:40,0,-1
3/8/2021 7:45,0,-1
3/8/2021 7:50,0,-1
3/8/2021 7:55,0,-1
3/8/2021 8:00,0,-1
3/8/2021 8:05,0,-1
3/8/2021 8:10,0,-1
3/8/2021 8:15,0,-1
3/8/2021 8:20,0,-1
3/8/2021 8:25,0,-1
3/8/2021 8:30,0,-1
3/8/2021 8:35,0,-1
3/8/2021 8:40,0,-1
3/8/2021 8:45,0,-1
3/8/2021 8:50,0,-1
3/8/2021 8:55,0,-1
3/8/2021 9:00,0,-1
3/8/2021 9:05,0,-1
3/8/2021 9:10,0,-1
3/8/2021 9:15,0,-1
3/8/2021 9:20,0,-1
3/8/2021 9:25,0,-1
3/8/2021 9:30,0,-1
3/8/2021 9:35,0,-1
3/8/2021 9:40,0,-1
3/8/2021 9:45,0,-1
3/8/2021 9:50,0,-1
3/8/2021 9:55,0,-1
3/8/2021 10:00,0,-1
3/8/2021 10:05,0,-1
3/8/2021 10:10,0,-1
3/8/2021 10:15,0,-1
3/8/2021 10:20,0,-1
3/8/2021 10:25,0,-1
3/8/2021 10:30,0,-1
3/8/2021 10:35,0,-1
3/8/2021 10:40,0,-1
3/8/2021 10:45,0,-1
3/8/2021 10:50,0,-1
3/8/2021 10:55,0,-1
3/8/2021 11:00,0,-1
3/8/2021 11:05,0,-1
3/8/2021 11:10,0,-1
3/8/2021 11:15,0,-1
3/8/2021 11:20,0,-1
3/8/2021 11:25,0,-1
3/8/2021 11:30,0,-1
3/8/2021 11:35,0,-1
3/8/2021 11:40,0,-1
3/8/2021 11:45,0,-1
3/8/2021 11:50,0,-1
3/8/2021 11:55,0,-1
3/8/2021 12:00,0,-1
3/8/2021 12:05,0,-1
3/8/2021 12:10,0,-1
3/8/2021 12:15,0,-1
3/8/2021 12:20,0,-1
3/8/2021 12:25,0,-1
3/8/2021 12:30,0,-1
3/8/2021 12:35,0,-1
3/8/2021 12:40,0,-1
3/8/2021 12:45,0,-1
3/8/2021 12:50,0,-1
3/8/2021 12:55,0,-1
3/8/2021 13:00,0,-1
3/8/2021 13:05,0,-1
3/8/2021 13:10,0,-1
3/8/2021 13:15,0,-1
3/8/2021 13:20,0,-1
3/8/2021 13:25,0,-1
3/8/2021 13:30,0,-1
3/8/2021 13:35,0,-1
3/8/2021 13:40,0,-1
3/8/2021 13:45,0,-1
3/8/2021 13:50,0,-1
3/8/2021 13:55,0,-1
3/8/2021 14:00,0,-1
3/8/2021 14:05,0,-1
3/8/2021 14:10,0,-1
3/8/2021 14:15,0,-1
3/8/2021 14:20,0,-1
3/8/2021 14:25,0,-1
3/8/2021 14:30,0,-1
3/8/2021 14:35,0,-1
3/8/2021 14:40,0,-1
3/8/2021 14:45,0,-1
3/8/2021 14:50,0,-1
3/8/2021 14:55,0,-1
3/8/2021 15:00,0,-1
3/8/2021 15:05,0,-1
3/8/2021 15:10,0,-1
3/8/2021 15:15,0,-1
3/8/2021 15:20,0,-1
3/8/2021 15:25,0,-1
3/8/2021 15:30,0,-1
3/8/2021 15:35,0,-1
3/8/2021 15:40,0,-1
3/8/2021 15:45,0,-1
3/8/2021 15:50,0,-1
3/8/2021 15:55,0,-1
3/8/2021 16:00,0,-1
3/8/2021 16:05,0,-1
3/8/2021 16:10,0,-1
3/8/2021 16:15,0,-1
3/8/2021 16:20,0,-1
3/8/2021 16:25,0,-1
3/8/2021 16:30,0,-1
3/8/2021 16:35,0,-1
3/8/2021 16:40,0,-1
3/8/2021 16:45,0,-1
3/8/2021 16:50,0,-1
3/8/2021 16:55,0,-1
3/8/2021 17:00,0,-1
3/8/2021 17:05,0,-1
3/8/2021 17:10,0,-1
3/8/2021 17:15,0,-1
3/8/2021 17:20,0,-1
3/8/2021 17:25,0,-1
3/8/2021 17:30,0,-1
3/8/2021 17:35,0,-1
3/8/2021 17:40,0,-1
3/8/2021 17:45,0,-1
3/8/2021 17:50,0,-1
3/8/2021 17:55,0,-1
3/8/2021 18:00,0,-1
3/8/2021 18:05,0,-1
3/8/2021 18:10,0,-1
3/8/2021 18:15,0,-1
3/8/2021 18:20,0,-1
3/8/2021 18:25,0,-1
3/8/2021 18:30,0,-1
3/8/2021 18:35,0,-1
3/8/2021 18:40,0,-1
3/8/2021 18:45,0,-1
3/8/2021 18:50,0,-1
3/8/2021 18:55,0,-1
3/8/2021 19:00,0,-1
3/8/2021 19:05,0,-1
3/8/2021 19:10,0,-1
3/8/2021 19:15,0,-1
3/8/2021 19:20,0,-1
3/8/2021 19:25,0,-1
3/8/2021 19:30,0,-1
3/8/2021 19:35,0,-1
3/8/2021 19:40,0,-1
3/8/2021 19:45,0,-1
3/8/2021 19:50,0,-1
3/8/2021 19:55,0,-1
3/8/2021 20:00,0,-1
3/8/2021 20:05,0,-1
3/8/2021 20:10,0,-1
3/8/2021 20:15,0,-1
3/8/2021 20:20,0,-1
3/8/2021 20:25,0,-1
3/8/2021 20:30,0,-1
3/8/2021 20:35,0,-1
3/8/2021 20:40,0,-1
3/8/2021 20:45,0,-1
3/8/2021 20:50,0,-1
3/8/2021 20:55,0,-1
3/8/2021 21:00,0,-1
3/8/2021 21:05,0,-1
3/8/2021 21:10,0,-1
3/8/2021 21:15,0,-1
3/8/2021 21:20,0,-1
3/8/2021 21:25,0,-1
3/8/2021 21:30,0,-1
3/8/2021 21:35,0,-1
3/8/2021 21:40,0,-1
3/8/2021 21:45,0,-1
3/8/2021 21:50,0,-1
3/8/2021 21:55,0,-1
3/8/2021 22:00,0,-1
3/8/2021 22:05,0,-1
3/8/2021 22:10,0,-1
3/8/2021 22:15,0,-1
3/8/2021 22:20,0,-1
3/8/2021 22:25,0,-1
3/8/2021 22:30,0,-1
3/8/2021 22:35,0,-1
3/8/2021 22:40,0,-1
3/8/2021 22:45,0,-1
3/8/2021 22:50,0,-1
3/8/2021 22:55,0,-1
3/8/2021 23:00,0,-1
3/8/2021 23:05,0,-1
3/8/2021 23:10,0,-1
3/8/2021 23:15,0,-1
3/8/2021 23:20,0,-1
3/8/2021 23:25,0,-1
3/8/2021 23:30,0,-1
3/8/2021 23:35,0,-1
3/8/2021 23:40,0,-1
3/8/2021 23:45,0,-1
3/8/2021 23:50,0,-1
3/8/2021 23:55,0,-1
3/9/2021 0:00,0,-1
3/9/2021 0:05,0,-1
3/9/2021 0:10,0,-1
3/9/2021 0:15,0,-1
3/9/2021 0:20,0,-1
3/9/2021 0:25,0,-1
3/9/2021 0:30,0,-1
3/9/2021 0:35,0,-1
3/9/2021 0:40,0,-1
3/9/2021 0:45,0,-1
3/9/2021 0:50,0,-1
3/9/2021 0:55,0,-1
3/9/2021 1:00,0,-1
3/9/2021 1:05,0,-1
3/9/2021 1:10,0,-1
3/9/2021 1:15,0,-1
3/9/2021 1:20,0,-1
3/9/2021 1:25,0,-1
3/9/2021 1:30,0,-1
3/9/2021 1:35,0,-1
3/9/2021 1:40,0,-1
3/9/2021 1:45,0,-1
3/9/2021 1:50,0,-1
3/9/2021 1:55,0,-1
3/9/2021 2:00,0,-1
3/9/2021 2:05,0,-1
3/9/2021 2:10,0,-1
3/9/2021 2:15,0,-1
3/9/2021 2:20,0,-1
3/9/2021 2:25,0,-1
3/9/2021 2:30,0,-1
3/9/2021 2:35,0,-1
3/9/2021 2:40,0,-1
3/9/2021 2:45,0,-1
3/9/2021 2:50,0,-1
3/9/2021 2:55,0,-1
3/9/2021 3:00,0,-1
3/9/2021 3:05,0,-1
3/9/2021 3:10,0,-1
3/9/2021 3:15,0,-1
3/9/2021 3:20,0,-1
3/9/2021 3:25,0,-1
3/9/2021 3:30,0,-1
3/9/2021 3:35,0,-1
3/9/2021 3:40,0,-1
3/9/2021 3:45,0,-1
3/9/2021 3:50,0,-1
3/9/2021 3:55,0,-1
3/9/2021 4:00,0,-1
3/9/2021 4:05,0,-1
3/9/2021 4:10,0,-1
3/9/2021 4:15,0,-1
3/9/2021 4:20,0,-1
3/9/2021 4:25,0,-1
3/9/2021 4:30,0,-1
3/9/2021 4:35,0,-1
3/9/2021 4:40,0,-1
3/9/2021 4:45,0,-1
3/9/2021 4:50,0,-1
3/9/2021 4:55,0,-1
3/9/2021 5:00,0,-1
3/9/2021 5:05,0,-1
3/9/2021 5:10,0,-1
3/9/2021 5:15,0,-1
3/9/2021 5:20,0,-1
3/9/2021 5:25,0,-1
3/9/2021 5:30,0,-1
3/9/2021 5:35,0,-1
3/9/2021 5:40,0,-1
3/9/2021 5:45,0,-1
3/9/2021 5:50,0,-1
3/9/2021 5:55,0,-1
3/9/2021 6:00,0,-1
3/9/2021 6:05,0,-1
3/9/2021 6:10,0,-1
3/9/2021 6:15,0,-1
3/9/2021 6:20,0,-1
3/9/2021 6:25,0,-1
3/9/2021 6:30,0,-1
3/9/2021 6:35,0,-1
3/9/2021 6:40,0,-1
3/9/2021 6:45,0,-1
3/9/2021 6:50,0,-1
3/9/2021 6:55,0,-1
3/9/2021 7:00,0,-1
3/9/2021 7:05,0,-1
3/9/2021 7:10,0,-1
3/9/2021 7:15,0,-1
3/9/2021 7:20,0,-1
3/9/2021 7:25,0,-1
3/9/2021 7:30,0,-1
3/9/2021 7:35,0,-1
3/9/2021 7:40,0,-1
3/9/2021 7:45,0,-1
3/9/2021 7:50,0,-1
3/9/2021 7:55,0,-1
3/9/2021 8:00,0,-1
3/9/2021 8:05,0,-1
3/9/2021 8:10,0,-1
3/9/2021 8:15,0,-1
3/9/2021 8:20,0,-1
3/9/2021 8:25,0,-1
3/9/2021 8:30,0,-1
3/9/2021 8:35,0,-1
3/9/2021 8:40,0,-1
3/9/2021 8:45,0,-1
3/9/2021 8:50,0,-1
3/9/2021 8:55,0,-1
3/9/2021 9:05,0,-1
3/9/2021 9:10,0,-1
3/9/2021 9:15,0,-1
3/9/2021 9:20,0,-1
3/9/2021 9:25,0,-1
3/9/2021 9:30,0,-1
3/9/2021 9:35,0,-1
3/9/2021 9:40,0,-1
3/9/2021 9:45,0,-1
3/9/2021 9:50,0,-1
3/9/2021 9:55,0,-1
3/9/2021 10:00,0,-1
3/9/2021 10:05,0,-1
3/9/2021 10:10,0,-1
3/9/2021 10:15,0,-1
3/9/2021 10:20,0,-1
3/9/2021 10:25,0,-1
3/9/2021 10:30,0,-1
3/9/2021 10:35,0,-1
3/9/2021 10:40,0,-1
3/9/2021 10:45,0,-1
3/9/2021 10:50,0,-1
3/9/2021 10:55,0,-1
3/9/2021 11:00,0,-1
3/9/2021 11:05,0,-1
3/9/2021 11:10,0,-1
3/9/2021 11:15,0,-1
3/9/2021 11:20,0,-1
3/9/2021 11:25,0,-1
3/9/2021 11:30,0,-1
3/9/2021 11:35,0,-1
3/9/2021 11:40,0,-1
3/9/2021 11:45,0,-1
3/9/2021 11:50,0,-1
3/9/2021 11:55,0,-1
3/9/2021 12:00,0,-1
3/9/2021 12:05,0,-1
3/9/2021 12:10,0,-1
3/9/2021 12:15,0,-1
3/9/2021 12:20,0,-1
3/9/2021 12:25,0,-1
3/9/2021 12:30,0,-1
3/9/2021 12:35,0,-1
3/9/2021 12:40,0,-1
3/9/2021 12:45,0,-1
3/9/2021 12:50,0,-1
3/9/2021 12:55,0,-1
3/9/2021 13:00,0,-1
3/9/2021 13:05,0,-1
3/9/2021 13:10,0,-1
3/9/2021 13:15,0,-1
3/9/2021 13:20,0,-1
3/9/2021 13:25,0,-1
3/9/2021 13:30,0,-1
3/9/2021 13:35,0,-1
3/9/2021 13:40,0,-1
3/9/2021 13:45,0,-1
3/9/2021 13:50,0,-1
3/9/2021 13:55,0,-1
3/9/2021 14:00,0,-1
3/9/2021 14:05,0,-1
3/9/2021 14:10,0,-1
3/9/2021 14:15,0,-1
3/9/2021 14:20,0,-1
3/9/2021 14:25,0,-1
3/9/2021 14:30,0,-1
3/9/2021 14:35,0,-1
3/9/2021 14:40,0,-1
3/9/2021 14:45,0,-1
3/9/2021 14:50,0,-1
3/9/2021 14:55,0,-1
3/9/2021 15:00,0,-1
3/9/2021 15:05,0,-1
3/9/2021 15:10,0,-1
3/9/2021 15:15,0,-1
3/9/2021 15:20,0,-1
3/9/2021 15:25,0,-1
3/9/2021 15:30,0,-1
3/9/2021 15:35,0,-1
3/9/2021 15:40,0,-1
3/9/2021 15:45,0,-1
3/9/2021 15:50,0,-1
3/9/2021 15:55,0,-1
3/9/2021 16:00,0,-1
3/9/2021 16:05,0,-1
3/9/2021 16:10,0,-1
3/9/2021 16:15,0,-1
3/9/2021 16:20,0,-1
3/9/2021 16:25,0,-1
3/9/2021 16:30,0,-1
3/9/2021 16:35,0,-1
3/9/2021 16:40,0,-1
3/9/2021 16:45,0,-1
3/9/2021 16:50,0,-1
3/9/2021 16:55,0,-1
3/9/2021 17:00,0,-1
3/9/2021 17:05,0,-1
3/9/2021 17:10,0,-1
3/9/2021 17:15,0,-1
3/9/2021 17:20,0,-1
3/9/2021 17:25,0,-1
3/9/2021 17:30,0,-1
3/9/2021 17:35,0,-1
3/9/2021 17:40,0,-1
3/9/2021 17:45,0,-1
3/9/2021 17:50,0,-1
3/9/2021 17:55,0,-1
3/9/2021 18:00,0,-1
3/9/2021 18:05,0,-1
3/9/2021 18:10,0,-1
3/9/2021 18:15,0,-1
3/9/2021 18:20,0,-1
3/9/2021 18:25,0,-1
3/9/2021 18:30,0,-1
3/9/2021 18:35,0,-1
3/9/2021 18:40,0,-1
3/9/2021 18:45,0,-1
3/9/2021 18:50,0,-1
3/9/2021 18:55,0,-1
3/9/2021 19:00,0,-1
3/9/2021 19:05,0,-1
3/9/2021 19:10,0,-1
3/9/2021 19:15,0,-1
3/9/2021 19:20,0,-1
3/9/2021 19:25,0,-1
3/9/2021 19:30,0,-1
3/9/2021 19:35,0,-1
3/9/2021 19:40,0,-1
3/9/2021 19:45,0,-1
3/9/2021 19:50,0,-1
3/9/2021 19:55,0,-1
3/9/2021 20:00,0,-1
3/9/2021 20:05,0,-1
3/9/2021 20:10,0,-1
3/9/2021 20:15,0,-1
3/9/2021 20:20,0,-1
3/9/2021 20:25,0,-1
3/9/2021 20:30,0,-1
3/9/2021 20:35,0,-1
3/9/2021 20:40,0,-1
3/9/2021 20:45,0,-1
3/9/2021 20:50,0,-1
3/9/2021 20:55,0,-1
3/9/2021 21:00,0,-1
3/9/2021 21:05,0,-1
3/9/2021 21:10,0,-1
3/9/2021 21:15,0,-1
3/9/2021 21:20,0,-1
3/9/2021 21:25,0,-1
3/9/2021 21:30,0,-1
3/9/2021 21:35,0,-1
3/9/2021 21:40,0,-1
3/9/2021 21:45,0,-1
3/9/2021 21:50,0,-1
3/9/2021 21:55,0,-1
3/9/2021 22:00,0,-1
3/9/2021 22:05,0,-1
3/9/2021 22:10,0,-1
3/9/2021 22:15,0,-1
3/9/2021 22:20,0,-1
3/9/2021 22:25,0,-1
3/9/2021 22:30,0,-1
3/9/2021 22:35,0,-1
3/9/2021 22:40,0,-1
3/9/2021 22:45,0,-1
3/9/2021 22:50,0,-1
3/9/2021 22:55,0,-1
3/9/2021 23:00,0,-1
3/9/2021 23:05,0,-1
3/9/2021 23:10,0,-1
3/9/2021 23:15,0,-1
3/9/2021 23:20,0,-1
3/9/2021 23:25,0,-1
3/9/2021 23:30,0,-1
3/9/2021 23:35,0,-1
3/9/2021 23:40,0,-1
3/9/2021 23:45,0,-1
3/9/2021 23:50,0,-1
3/9/2021 23:55,0,-1
3/10/2021 0:00,0,-1
3/10/2021 0:05,0,-1
3/10/2021 0:10,0,-1
3/10/2021 0:15,0,-1
3/10/2021 0:20,0,-1
3/10/2021 0:25,0,-1
3/10/2021 0:30,0,-1
3/10/2021 0:35,0,-1
3/10/2021 0:40,0,-1
3/10/2021 0:45,0,-1
3/10/2021 0:50,0,-1
3/10/2021 0:55,0,-1
3/10/2021 1:00,0,-1
3/10/2021 1:05,0,-1
3/10/2021 1:10,0,-1
3/10/2021 1:15,0,-1
3/10/2021 1:20,0,-1
3/10/2021 1:25,0,-1
3/10/2021 1:30,0,-1
3/10/2021 1:35,0,-1
3/10/2021 1:40,0,-1
3/10/2021 1:45,0,-1
3/10/2021 1:50,0,-1
3/10/2021 1:55,0,-1
3/10/2021 2:00,0,-1
3/10/2021 2:05,0,-1
3/10/2021 2:10,0,-1
3/10/2021 2:15,0,-1
3/10/2021 2:20,0,-1
3/10/2021 2:25,0,-1
3/10/2021 2:30,0,-1
3/10/2021 2:35,0,-1
3/10/2021 2:40,0,-1
3/10/2021 2:45,0,-1
3/10/2021 2:50,0,-1
3/10/2021 2:55,0,-1
3/10/2021 3:00,0,-1
3/10/2021 3:05,0,-1
3/10/2021 3:10,0,-1
3/10/2021 3:15,0,-1
3/10/2021 3:20,0,-1
3/10/2021 3:25,0,-1
3/10/2021 3:30,0,-1
3/10/2021 3:35,0,-1
3/10/2021 3:40,0,-1
3/10/2021 3:45,0,-1
3/10/2021 3:50,0,-1
3/10/2021 3:55,0,-1
3/10/2021 4:00,0,-1
3/10/2021 4:05,0,-1
3/10/2021 4:10,0,-1
3/10/2021 4:15,0,-1
3/10/2021 4:20,0,-1
3/10/2021 4:25,0,-1
3/10/2021 4:30,0,-1
3/10/2021 4:35,0,-1
3/10/2021 4:40,0,-1
3/10/2021 4:45,0,-1
3/10/2021 4:50,0,-1
3/10/2021 4:55,0,-1
3/10/2021 5:00,0,-1
3/10/2021 5:05,0,-1
3/10/2021 5:10,0,-1
3/10/2021 5:15,0,-1
3/10/2021 5:20,0,-1
3/10/2021 5:25,0,-1
3/10/2021 5:30,0,-1
3/10/2021 5:35,0,-1
3/10/2021 5:40,0,-1
3/10/2021 5:45,0,-1
3/10/2021 5:50,0,-1
3/10/2021 5:55,0,-1
3/10/2021 6:00,0,-1
3/10/2021 6:05,0,-1
3/10/2021 6:10,0,-1
3/10/2021 6:15,0,-1
3/10/2021 6:20,0,-1
3/10/2021 6:25,0,-1
3/10/2021 6:30,0,-1
3/10/2021 6:35,0,-1
3/10/2021 6:40,0,-1
3/10/2021 6:45,0,-1
3/10/2021 6:50,0,-1
3/10/2021 6:55,0,-1
3/10/2021 7:00,0,-1
3/10/2021 7:05,0,-1
3/10/2021 7:10,0,-1
3/10/2021 7:15,0,-1
3/10/2021 7:20,0,-1
3/10/2021 7:25,0,-1
3/10/2021 7:30,0,-1
3/10/2021 7:35,0,-1
3/10/2021 7:40,0,-1
3/10/2021 7:45,0,-1
3/10/2021 7:50,0,-1
3/10/2021 7:55,0,-1
3/10/2021 8:00,0,-1
3/10/2021 8:05,0,-1
3/10/2021 8:10,0,-1
3/10/2021 8:15,0,-1
3/10/2021 8:20,0,-1
3/10/2021 8:25,0,-1
3/10/2021 8:30,0,-1
3/10/2021 8:35,0,-1
3/10/2021 8:40,0,-1
3/10/2021 8:45,0,-1
3/10/2021 8:50,0,-1
3/10/2021 8:55,0,-1
3/10/2021 9:00,0,-1
3/10/2021 9:05,0,-1
3/10/2021 9:10,0,-1
3/10/2021 9:15,0,-1
3/10/2021 9:20,0,-1
3/10/2021 9:25,0,-1
3/10/2021 9:30,0,-1
3/10/2021 9:35,0,-1
3/10/2021 9:40,0,-1
3/10/2021 9:45,0,-1
3/10/2021 9:50,0,-1
3/10/2021 9:55,0,-1
3/10/2021 10:00,0,-1
3/10/2021 10:05,0,-1
3/10/2021 10:10,0,-1
3/10/2021 10:15,0,-1
3/10/2021 10:20,0,-1
3/10/2021 10:25,0,-1
3/10/2021 10:30,0,-1
3/10/2021 10:35,0,-1
3/10/2021 10:40,0,-1
3/10/2021 10:45,0,-1
3/10/2021 10:50,0,-1
3/10/2021 10:55,0,-1
3/10/2021 11:00,0,-1
3/10/2021 11:05,0,-1
3/10/2021 11:10,0,-1
3/10/2021 11:15,0,-1
3/10/2021 11:20,0,-1
3/10/2021 11:25,0,-1
3/10/2021 11:30,0,-1
3/10/2021 11:35,0,-1
3/10/2021 11:40,0,-1
3/10/2021 11:45,0,-1
3/10/2021 11:50,0,-1
3/10/2021 11:55,0,-1
3/10/2021 12:00,0,-1
3/10/2021 12:05,0,-1
3/10/2021 12:10,0,-1
3/10/2021 12:15,0,-1
3/10/2021 12:20,0,-1
3/10/2021 12:25,0,-1
3/10/2021 12:30,0,-1
3/10/2021 12:35,0,-1
3/10/2021 12:40,0,-1
3/10/2021 12:45,0,-1
3/10/2021 12:50,0,-1
3/10/2021 12:55,0,-1
3/10/2021 13:00,0,-1
3/10/2021 13:05,0,-1
3/10/2021 13:10,0,-1
3/10/2021 13:15,0,-1
3/10/2021 13:20,0,-1
3/10/2021 13:25,0,-1
3/10/2021 13:30,0,-1
3/10/2021 13:35,0,-1
3/10/2021 13:40,0,-1
3/10/2021 13:45,0,-1
3/10/2021 13:50,0,-1
3/10/2021 13:55,0,-1
3/10/2021 14:00,0,-1
3/10/2021 14:05,0,-1
3/10/2021 14:10,0,-1
3/10/2021 14:15,0,-1
3/10/2021 14:20,0,-1
3/10/2021 14:25,0,-1
3/10/2021 14:30,0,-1
3/10/2021 14:35,0,-1
3/10/2021 14:40,0,-1
3/10/2021 14:45,0,-1
3/10/2021 14:50,0,-1
3/10/2021 14:55,0,-1
3/10/2021 15:00,0,-1
3/10/2021 15:05,0,-1
3/10/2021 15:10,0,-1
3/10/2021 15:15,0,-1
3/10/2021 15:20,0,-1
3/10/2021 15:25,0,-1
3/10/2021 15:30,0,-1
3/10/2021 15:35,0,-1
3/10/2021 15:40,0,-1
3/10/2021 15:45,0,-1
3/10/2021 15:50,0,-1
3/10/2021 15:55,0,-1
3/10/2021 16:00,0,-1
3/10/2021 16:05,0,-1
3/10/2021 16:10,0,-1
3/10/2021 16:15,0,-1
3/10/2021 16:20,0,-1
3/10/2021 16:25,0,-1
3/10/2021 16:30,0,-1
3/10/2021 16:35,0,-1
3/10/2021 16:40,0,-1
3/10/2021 16:45,0,-1
3/10/2021 16:50,0,-1
3/10/2021 16:55,0,-1
3/10/2021 17:00,0,-1
3/10/2021 17:05,0,-1
3/10/2021 17:10,0,-1
3/10/2021 17:15,0,-1
3/10/2021 17:20,0,-1
3/10/2021 17:25,0,-1
3/10/2021 17:30,0,-1
3/10/2021 17:35,0,-1
3/10/2021 17:40,0,-1
3/10/2021 17:45,0,-1
3/10/2021 17:50,0,-1
3/10/2021 17:55,0,-1
3/10/2021 18:00,0,-1
3/10/2021 18:05,0,-1
3/10/2021 18:10,0,-1
3/10/2021 18:15,0,-1
3/10/2021 18:20,0,-1
3/10/2021 18:25,0,-1
3/10/2021 18:30,0,-1
3/10/2021 18:35,0,-1
3/10/2021 18:40,0,-1
3/10/2021 18:45,0,-1
3/10/2021 18:50,0,-1
3/10/2021 18:55,0,-1
3/10/2021 19:00,0,-1
3/10/2021 19:05,0,-1
3/10/2021 19:10,0,-1
3/10/2021 19:15,0,-1
3/10/2021 19:20,0,-1
3/10/2021 19:25,0,-1
3/10/2021 19:30,0,-1
3/10/2021 19:35,0,-1
3/10/2021 19:40,0,-1
3/10/2021 19:45,0,-1
3/10/2021 19:50,0,-1
3/10/2021 19:55,0,-1
3/10/2021 20:00,0,-1
3/10/2021 20:05,0,-1
3/10/2021 20:10,0,-1
3/10/2021 20:15,0,-1
3/10/2021 20:20,0,-1
3/10/2021 20:25,0,-1
3/10/2021 20:30,0,-1
3/10/2021 20:35,0,-1
3/10/2021 20:40,0,-1
3/10/2021 20:45,0,-1
3/10/2021 20:50,0,-1
3/10/2021 20:55,0,-1
3/10/2021 21:00,0,-1
3/10/2021 21:05,0,-1
3/10/2021 21:10,0,-1
3/10/2021 21:15,0,-1
3/10/2021 21:20,0,-1
3/10/2021 21:25,0,-1
3/10/2021 21:30,0,-1
3/10/2021 21:35,0,-1
3/10/2021 21:40,0,-1
3/10/2021 21:45,0,-1
3/10/2021 21:50,0,-1
3/10/2021 21:55,0,-1
3/10/2021 22:00,0,-1
3/10/2021 22:05,0,-1
3/10/2021 22:10,0,-1
3/10/2021 22:15,0,-1
3/10/2021 22:20,0,-1
3/10/2021 22:25,0,-1
3/10/2021 22:30,0,-1
3/10/2021 22:35,0,-1
3/10/2021 22:40,0,-1
3/10/2021 22:45,0,-1
3/10/2021 22:50,0,-1
3/10/2021 22:55,0,-1
3/10/2021 23:00,0,-1
3/10/2021 23:05,0,-1
3/10/2021 23:10,0,-1
3/10/2021 23:15,0,-1
3/10/2021 23:20,0,-1
3/10/2021 23:25,0,-1
3/10/2021 23:30,0,-1
3/10/2021 23:35,0,-1
3/10/2021 23:40,0,-1
3/10/2021 23:45,0,-1
3/10/2021 23:50,0,-1
3/10/2021 23:55,0,-1
3/11/2021 0:00,0,-1
3/11/2021 0:05,0,-1
3/11/2021 0:10,0,-1
3/11/2021 0:15,0,-1
3/11/2021 0:20,0,-1
3/11/2021 0:25,0,-1
3/11/2021 0:30,0,-1
3/11/2021 0:35,0,-1
3/11/2021 0:40,0,-1
3/11/2021 0:45,0,-1
3/11/2021 0:50,0,-1
3/11/2021 0:55,0,-1
3/11/2021 1:00,0,-1
3/11/2021 1:05,0,-1
3/11/2021 1:10,0,-1
3/11/2021 1:15,0,-1
3/11/2021 1:20,0,-1
3/11/2021 1:25,0,-1
3/11/2021 1:30,0,-1
3/11/2021 1:35,0,-1
3/11/2021 1:40,0,-1
3/11/2021 1:45,0,-1
3/11/2021 1:50,0,-1
3/11/2021 1:55,0,-1
3/11/2021 2:00,0,-1
3/11/2021 2:05,0,-1
3/11/2021 2:10,0,-1
3/11/2021 2:15,0,-1
3/11/2021 2:20,0,-1
3/11/2021 2:25,0,-1
3/11/2021 2:30,0,-1
3/11/2021 2:35,0,-1
3/11/2021 2:40,0,-1
3/11/2021 2:45,0,-1
3/11/2021 2:50,0,-1
3/11/2021 2:55,0,-1
3/11/2021 3:00,0,-1
3/11/2021 3:05,0,-1
3/11/2021 3:10,0,-1
3/11/2021 3:15,0,-1
3/11/2021 3:20,0,-1
3/11/2021 3:25,0,-1
3/11/2021 3:30,0,-1
3/11/2021 3:35,0,-1
3/11/2021 3:40,0,-1
3/11/2021 3:45,0,-1
3/11/2021 3:50,0,-1
3/11/2021 3:55,0,-1
3/11/2021 4:00,0,-1
3/11/2021 4:05,0,-1
3/11/2021 4:10,0,-1
3/11/2021 4:15,0,-1
3/11/2021 4:20,0,-1
3/11/2021 4:25,0,-1
3/11/2021 4:30,0,-1
3/11/2021 4:35,0,-1
3/11/2021 4:40,0,-1
3/11/2021 4:45,0,-1
3/11/2021 4:50,0,-1
3/11/2021 4:55,0,-1
3/11/2021 5:00,0,-1
3/11/2021 5:05,0,-1
3/11/2021 5:10,0,-1
3/11/2021 5:15,0,-1
3/11/2021 5:20,0,-1
3/11/2021 5:25,0,-1
3/11/2021 5:30,0,-1
3/11/2021 5:35,0,-1
3/11/2021 5:40,0,-1
3/11/2021 5:45,0,-1
3/11/2021 5:50,0,-1
3/11/2021 5:55,0,-1
3/11/2021 6:00,0,-1
3/11/2021 6:05,0,-1
3/11/2021 6:10,0,-1
3/11/2021 6:15,0,-1
3/11/2021 6:20,0,-1
3/11/2021 6:25,0,-1
3/11/2021 6:30,0,-1
3/11/2021 6:35,0,-1
3/11/2021 6:40,0,-1
3/11/2021 6:45,0,-1
3/11/2021 6:50,0,-1
3/11/2021 6:55,0,-1
3/11/2021 7:00,0,-1
3/11/2021 7:05,0,-1
3/11/2021 7:10,0,-1
3/11/2021 7:15,0,-1
3/11/2021 7:20,0,-1
3/11/2021 7:25,0,-1
3/11/2021 7:30,0,-1
3/11/2021 7:35,0,-1
3/11/2021 7:40,0,-1
3/11/2021 7:45,0,-1
3/11/2021 7:50,0,-1
3/11/2021 7:55,0,-1
3/11/2021 8:00,0,-1
3/11/2021 8:05,0,-1
3/11/2021 8:10,0,-1
3/11/2021 8:15,0,-1
3/11/2021 8:20,0,-1
3/11/2021 8:25,0,-1
3/11/2021 8:30,0,-1
3/11/2021 8:35,0,-1
3/11/2021 8:40,0,-1
3/11/2021 8:45,0,-1
3/11/2021 8:50,0,-1
3/11/2021 8:55,0,-1
3/11/2021 9:00,0,-1
3/11/2021 9:05,0,-1
3/11/2021 9:10,0,-1
3/11/2021 9:15,0,-1
3/11/2021 9:20,0,-1
3/11/2021 9:25,0,-1
3/11/2021 9:30,0,-1
3/11/2021 9:35,0,-1
3/11/2021 9:40,0,-1
3/11/2021 9:45,0,-1
3/11/2021 9:50,0,-1
3/11/2021 9:55,0,-1
3/11/2021 10:00,0,-1
3/11/2021 10:05,0,-1
3/11/2021 10:10,0,-1
3/11/2021 10:15,0,-1
3/11/2021 10:20,0,-1
3/11/2021 10:25,0,-1
3/11/2021 10:30,0,-1
3/11/2021 10:35,0,-1
3/11/2021 10:40,0,-1
3/11/2021 10:45,0,-1
3/11/2021 10:50,0,-1
3/11/2021 10:55,0,-1
3/11/2021 11:00,0,-1
3/11/2021 11:05,0,-1
3/11/2021 11:10,0,-1
3/11/2021 11:15,0,-1
3/11/2021 11:20,0,-1
3/11/2021 11:25,0,-1
3/11/2021 11:30,0,-1
3/11/2021 11:35,0,-1
3/11/2021 11:40,0,-1
3/11/2021 11:45,0,-1
3/11/2021 11:50,0,-1
3/11/2021 11:55,0,-1
3/11/2021 12:00,0,-1
3/11/2021 12:05,0,-1
3/11/2021 12:10,0,-1
3/11/2021 12:15,0,-1
3/11/2021 12:20,0,-1
3/11/2021 12:25,0,-1
3/11/2021 12:30,0,-1
3/11/2021 12:35,0,-1
3/11/2021 12:40,0,-1
3/11/2021 12:45,0,-1
3/11/2021 12:50,0,-1
3/11/2021 12:55,0,-1
3/11/2021 13:00,0,-1
3/11/2021 13:05,0,-1
3/11/2021 13:10,0,-1
3/11/2021 13:15,0,-1
3/11/2021 13:20,0,-1
3/11/2021 13:25,0,-1
3/11/2021 13:30,0,-1
3/11/2021 13:35,0,-1
3/11/2021 13:40,0,-1
3/11/2021 13:45,0,-1
3/11/2021 13:50,0,-1
3/11/2021 13:55,0,-1
3/11/2021 14:00,0,-1
3/11/2021 14:05,0,-1
3/11/2021 14:10,0,-1
3/11/2021 14:15,0,-1
3/11/2021 14:20,0,-1
3/11/2021 14:25,0,-1
3/11/2021 14:30,0,-1
3/11/2021 14:35,0,-1
3/11/2021 14:40,0,-1
3/11/2021 14:45,0,-1
3/11/2021 14:50,0,-1
3/11/2021 14:55,0,-1
3/11/2021 15:00,0,-1
3/11/2021 15:05,0,-1
3/11/2021 15:10,0,-1
3/11/2021 15:15,0,-1
3/11/2021 15:20,0,-1
3/11/2021 15:25,0,-1
3/11/2021 15:30,0,-1
3/11/2021 15:35,0,-1
3/11/2021 15:40,0,-1
3/11/2021 15:45,0,-1
3/11/2021 15:50,0,-1
3/11/2021 15:55,0,-1
3/11/2021 16:00,0,-1
3/11/2021 16:05,0,-1
3/11/2021 16:10,0,-1
3/11/2021 16:15,0,-1
3/11/2021 16:20,0,-1
3/11/2021 16:25,0,-1
3/11/2021 16:30,0,-1
3/11/2021 16:35,0,-1
3/11/2021 16:40,0,-1
3/11/2021 16:45,0,-1
3/11/2021 16:50,0,-1
3/11/2021 16:55,0,-1
3/11/2021 17:00,0,-1
3/11/2021 17:05,0,-1
3/11/2021 17:10,0,-1
3/11/2021 17:15,0,-1
3/11/2021 17:20,0,-1
3/11/2021 17:25,0,-1
3/11/2021 17:30,0,-1
3/11/2021 17:35,0,-1
3/11/2021 17:40,0,-1
3/11/2021 17:45,0,-1
3/11/2021 17:50,0,-1
3/11/2021 17:55,0,-1
3/11/2021 18:00,0,-1
3/11/2021 18:05,0,-1
3/11/2021 18:10,0,-1
3/11/2021 18:15,0,-1
3/11/2021 18:20,0,-1
3/11/2021 18:25,0,-1
3/11/2021 18:30,0,-1
3/11/2021 18:35,0,-1
3/11/2021 18:40,0,-1
3/11/2021 18:45,0,-1
3/11/2021 18:50,0,-1
3/11/2021 18:55,0,-1
3/11/2021 19:00,0,-1
3/11/2021 19:05,0,-1
3/11/2021 19:10,0,-1
3/11/2021 19:15,0,-1
3/11/2021 19:20,0,-1
3/11/2021 19:25,0,-1
3/11/2021 19:30,0,-1
3/11/2021 19:35,0,-1
3/11/2021 19:40,0,-1
3/11/2021 19:45,0,-1
3/11/2021 19:50,0,-1
3/11/2021 19:55,0,-1
3/11/2021 20:00,0,-1
3/11/2021 20:05,0,-1
3/11/2021 20:10,0,-1
3/11/2021 20:15,0,-1
3/11/2021 20:20,0,-1
3/11/2021 20:25,0,-1
3/11/2021 20:30,0,-1
3/11/2021 20:35,0,-1
3/11/2021 20:40,0,-1
3/11/2021 20:45,0,-1
3/11/2021 20:50,0,-1
3/11/2021 20:55,0,-1
3/11/2021 21:00,0,-1
3/11/2021 21:05,0,-1
3/11/2021 21:10,0,-1
3/11/2021 21:15,0,-1
3/11/2021 21:20,0,-1
3/11/2021 21:25,0,-1
3/11/2021 21:30,0,-1
3/11/2021 21:35,0,-1
3/11/2021 21:40,0,-1
3/11/2021 21:45,0,-1
3/11/2021 21:50,0,-1
3/11/2021 21:55,0,-1
3/11/2021 22:00,0,-1
3/11/2021 22:05,0,-1
3/11/2021 22:10,0,-1
3/11/2021 22:15,0,-1
3/11/2021 22:20,0,-1
3/11/2021 22:25,0,-1
3/11/2021 22:30,0,-1
3/11/2021 22:35,0,-1
3/11/2021 22:40,0,-1
3/11/2021 22:45,0,-1
3/11/2021 22:50,0,-1
3/11/2021 22:55,0,-1
3/11/2021 23:00,0,-1
3/11/2021 23:05,0,-1
3/11/2021 23:10,0,-1
3/11/2021 23:15,0,-1
3/11/2021 23:20,0,-1
3/11/2021 23:25,0,-1
3/11/2021 23:30,0,-1
3/11/2021 23:35,0,-1
3/11/2021 23:40,0,-1
3/11/2021 23:45,0,-1
3/11/2021 23:50,0,-1
3/11/2021 23:55,0,-1
3/12/2021 0:00,0,-1
3/12/2021 0:05,0,-1
3/12/2021 0:10,0,-1
3/12/2021 0:15,0,-1
3/12/2021 0:20,0,-1
3/12/2021 0:25,0,-1
3/12/2021 0:30,0,0.1404151
3/12/2021 0:35,0,-1
3/12/2021 0:40,0,-1
3/12/2021 0:45,0,-1
3/12/2021 0:50,0,-1
3/12/2021 0:55,0,-1
3/12/2021 1:00,0,-1
3/12/2021 1:05,0,-1
3/12/2021 1:10,0,-1
3/12/2021 1:15,0,-1
3/12/2021 1:20,0,-1
3/12/2021 1:25,0,-1
3/12/2021 1:30,0,-1
3/12/2021 1:35,0,-1
3/12/2021 1:40,0,-1
3/12/2021 1:45,0,-1
3/12/2021 1:50,0,-1
3/12/2021 1:55,0,-1
3/12/2021 2:00,0,-1
3/12/2021 2:05,0,-1
3/12/2021 2:10,0,-1
3/12/2021 2:15,0,-1
3/12/2021 2:20,0,-1
3/12/2021 2:25,0,-1
3/12/2021 2:30,0,-1
3/12/2021 2:35,0,-1
3/12/2021 2:40,0,-1
3/12/2021 2:45,0,-1
3/12/2021 2:50,0,-1
3/12/2021 2:55,0,-1
3/12/2021 3:00,0,-1
3/12/2021 3:05,0,-1
3/12/2021 3:10,0,-1
3/12/2021 3:15,0,-1
3/12/2021 3:20,0,-1
3/12/2021 3:25,0,-1
3/12/2021 3:30,0,-1
3/12/2021 3:35,0,-1
3/12/2021 3:40,0,-1
3/12/2021 3:45,0,-1
3/12/2021 3:50,0,-1
3/12/2021 3:55,0,-1
3/12/2021 4:00,0,-1
3/12/2021 4:05,0,-1
3/12/2021 4:10,0,-1
3/12/2021 4:15,0,-1
3/12/2021 4:20,0,-1
3/12/2021 4:25,0,-1
3/12/2021 4:30,0,-1
3/12/2021 4:35,0,-1
3/12/2021 4:40,0,-1
3/12/2021 4:45,0,-1
3/12/2021 4:50,0,-1
3/12/2021 4:55,0,-1
3/12/2021 5:00,0,-1
3/12/2021 5:05,0,-1
3/12/2021 5:10,0,-1
3/12/2021 5:15,0,-1
3/12/2021 5:20,0,-1
3/12/2021 5:25,0,-1
3/12/2021 5:30,0,-1
3/12/2021 5:35,0,-1
3/12/2021 5:40,0,-1
3/12/2021 5:45,0,-1
3/12/2021 5:50,0,-1
3/12/2021 5:55,0,-1
3/12/2021 6:00,0,-1
3/12/2021 6:05,0,-1
3/12/2021 6:10,0,-1
3/12/2021 6:15,0,-1
3/12/2021 6:20,0,-1
3/12/2021 6:25,0,-1
3/12/2021 6:30,0,-1
3/12/2021 6:35,0,-1
3/12/2021 6:40,0,-1
3/12/2021 6:45,0,-1
3/12/2021 6:50,0,-1
3/12/2021 6:55,0,-1
3/12/2021 7:00,0,-1
3/12/2021 7:05,0,-1
3/12/2021 7:10,0,-1
3/12/2021 7:15,0,-1
3/12/2021 7:20,0,-1
3/12/2021 7:25,0,-1
3/12/2021 7:30,0,-1
3/12/2021 7:35,0,-1
3/12/2021 7:40,0,-1
3/12/2021 7:45,0,-1
3/12/2021 7:50,0,-1
3/12/2021 7:55,0,-1
3/12/2021 8:00,0,-1
3/12/2021 8:05,0,-1
3/12/2021 8:10,0,-1
3/12/2021 8:15,0,-1
3/12/2021 8:20,0,-1
3/12/2021 8:25,0,-1
3/12/2021 8:30,0,-1
3/12/2021 8:35,0,-1
3/12/2021 8:40,0,-1
3/12/2021 8:45,0,-1
3/12/2021 8:50,0,-1
3/12/2021 8:55,0,-1
3/12/2021 9:00,0,-1
3/12/2021 9:05,0,-1
3/12/2021 9:10,0,-1
3/12/2021 9:15,0,-1
3/12/2021 9:20,0,-1
3/12/2021 9:25,0,-1
3/12/2021 9:30,0,-1
3/12/2021 9:35,0,-1
3/12/2021 9:40,0,-1
3/12/2021 9:45,0,-1
3/12/2021 9:50,0,-1
3/12/2021 9:55,0,-1
3/12/2021 10:00,0,-1
3/12/2021 10:05,0,-1
3/12/2021 10:10,0,-1
3/12/2021 10:15,0,-1
3/12/2021 10:20,0,-1
3/12/2021 10:25,0,-1
3/12/2021 10:30,0,-1
3/12/2021 10:35,0,-1
3/12/2021 10:40,0,-1
3/12/2021 10:45,0,-1
3/12/2021 10:50,0,-1
3/12/2021 10:55,0,-1
3/12/2021 11:00,0,-1
3/12/2021 11:05,0,-1
3/12/2021 11:10,0,-1
3/12/2021 11:15,0,-1
3/12/2021 11:20,0,-1
3/12/2021 11:25,0,-1
3/12/2021 11:30,0,-1
3/12/2021 11:35,0,-1
3/12/2021 11:40,0,-1
3/12/2021 11:45,0,-1
3/12/2021 11:50,0,-1
3/12/2021 11:55,0,-1
3/12/2021 12:00,0,-1
3/12/2021 12:05,0,-1
3/12/2021 12:10,0,-1
3/12/2021 12:15,0,-1
3/12/2021 12:20,0,-1
3/12/2021 12:25,0,-1
3/12/2021 12:30,0,-1
3/12/2021 12:35,0,-1
3/12/2021 12:40,0,-1
3/12/2021 12:45,0,-1
3/12/2021 12:50,0,-1
3/12/2021 12:55,0,-1
3/12/2021 13:00,0,-1
3/12/2021 13:05,0,-1
3/12/2021 13:10,0,-1
3/12/2021 13:15,0,-1
3/12/2021 13:20,0,-1
3/12/2021 13:25,0,-1
3/12/2021 13:30,0,-1
3/12/2021 13:35,0,-1
3/12/2021 13:40,0,-1
3/12/2021 13:45,0,-1
3/12/2021 13:50,0,-1
3/12/2021 13:55,0,-1
3/12/2021 14:00,0,-1
3/12/2021 14:05,0,-1
3/12/2021 14:10,0,-1
3/12/2021 14:15,0,-1
3/12/2021 14:20,0,-1
3/12/2021 14:25,0,-1
3/12/2021 14:30,0,-1
3/12/2021 14:35,0,-1
3/12/2021 14:40,0,-1
3/12/2021 14:45,0,-1
3/12/2021 14:50,0,-1
3/12/2021 14:55,0,-1
3/12/2021 15:00,0,-1
3/12/2021 15:05,0,-1
3/12/2021 15:10,0,-1
3/12/2021 15:15,0,-1
3/12/2021 15:20,0,-1
3/12/2021 15:25,0,-1
3/12/2021 15:30,0,-1
3/12/2021 15:35,0,-1
3/12/2021 15:40,0,-1
3/12/2021 15:45,0,-1
3/12/2021 15:50,0,-1
3/12/2021 15:55,0,-1
3/12/2021 16:00,0,-1
3/12/2021 16:05,0,-1
3/12/2021 16:10,0,-1
3/12/2021 16:15,0,-1
3/12/2021 16:20,0,-1
3/12/2021 16:25,0,-1
3/12/2021 16:30,0,-1
3/12/2021 16:35,0,-1
3/12/2021 16:40,0,-1
3/12/2021 16:45,0,-1
3/12/2021 16:50,0,-1
3/12/2021 16:55,0,-1
3/12/2021 17:00,0,-1
3/12/2021 17:05,0,-1
3/12/2021 17:10,0,-1
3/12/2021 17:15,0,-1
3/12/2021 17:20,0,-1
3/12/2021 17:25,0,-1
3/12/2021 17:30,0,-1
3/12/2021 17:35,0,-1
3/12/2021 17:40,0,-1
3/12/2021 17:45,0,-1
3/12/2021 17:50,0,-1
3/12/2021 17:55,0,-1
3/12/2021 18:00,0,-1
3/12/2021 18:05,0,-1
3/12/2021 18:10,0,-1
3/12/2021 18:15,0,-1
3/12/2021 18:20,0,-1
3/12/2021 18:25,0,-1
3/12/2021 18:30,0,-1
3/12/2021 18:35,0,-1
3/12/2021 18:40,0,-1
3/12/2021 18:45,0,-1
3/12/2021 18:50,0,-1
3/12/2021 18:55,0,-1
3/12/2021 19:00,0,-1
3/12/2021 19:05,0,-1
3/12/2021 19:10,0,-1
3/12/2021 19:15,0,-1
3/12/2021 19:20,0,-1
3/12/2021 19:25,0,-1
3/12/2021 19:30,0,-1
3/12/2021 19:35,0,-1
3/12/2021 19:40,0,-1
3/12/2021 19:45,0,-1
3/12/2021 19:50,0,-1
3/12/2021 19:55,0,-1
3/12/2021 20:00,0,-1
3/12/2021 20:05,0,-1
3/12/2021 20:10,0,-1
3/12/2021 20:15,0,-1
3/12/2021 20:20,0,-1
3/12/2021 20:25,0,-1
3/12/2021 20:30,0,-1
3/12/2021 20:35,0,-1
3/12/2021 20:40,0,-1
3/12/2021 20:45,0,-1
3/12/2021 20:50,0,-1
3/12/2021 20:55,0,-1
3/12/2021 21:00,0,-1
3/12/2021 21:05,0,-1
3/12/2021 21:10,0,-1
3/12/2021 21:15,0,-1
3/12/2021 21:20,0,-1
3/12/2021 21:25,0,-1
3/12/2021 21:30,0,-1
3/12/2021 21:35,0,-1
3/12/2021 21:40,0,-1
3/12/2021 21:45,0,-1
3/12/2021 21:50,0,-1
3/12/2021 21:55,0,-1
3/12/2021 22:00,0,-1
3/12/2021 22:05,0,-1
3/12/2021 22:10,0,-1
3/12/2021 22:15,0,-1
3/12/2021 22:20,0,-1
3/12/2021 22:25,0,-1
3/12/2021 22:30,0,-1
3/12/2021 22:35,0,-1
3/12/2021 22:40,0,-1
3/12/2021 22:45,0,-1
3/12/2021 22:50,0,-1
3/12/2021 22:55,0,-1
3/12/2021 23:00,0,-1
3/12/2021 23:05,0,-1
3/12/2021 23:10,0,-1
3/12/2021 23:15,0,-1
3/12/2021 23:20,0,-1
3/12/2021 23:25,0,-1
3/12/2021 23:30,0,-1
3/12/2021 23:35,0,-1
3/12/2021 23:40,0,-1
3/12/2021 23:45,0,-1
3/12/2021 23:50,0,-1
3/12/2021 23:55,0,-1
3/13/2021 0:00,0,-1
3/13/2021 0:05,0,-1
3/13/2021 0:10,0,-1
3/13/2021 0:15,0,-1
3/13/2021 0:20,0,-1
3/13/2021 0:25,0,-1
3/13/2021 0:30,0,-1
3/13/2021 0:35,0,-1
3/13/2021 0:40,0,-1
3/13/2021 0:45,0,-1
3/13/2021 0:50,0,-1
3/13/2021 0:55,0,-1
3/13/2021 1:00,0,-1
3/13/2021 1:05,0,-1
3/13/2021 1:10,0,-1
3/13/2021 1:15,0,-1
3/13/2021 1:20,0,-1
3/13/2021 1:25,0,-1
3/13/2021 1:30,0,-1
3/13/2021 1:35,0,-1
3/13/2021 1:40,0,-1
3/13/2021 1:45,0,-1
3/13/2021 1:50,0,-1
3/13/2021 1:55,0,-1
3/13/2021 2:00,0,-1
3/13/2021 2:05,0,-1
3/13/2021 2:10,0,-1
3/13/2021 2:15,0,-1
3/13/2021 2:20,0,-1
3/13/2021 2:25,0,-1
3/13/2021 2:30,0,-1
3/13/2021 2:35,0,-1
3/13/2021 2:40,0,-1
3/13/2021 2:45,0,-1
3/13/2021 2:50,0,-1
3/13/2021 2:55,0,-1
3/13/2021 3:00,0,-1
3/13/2021 3:05,0,-1
3/13/2021 3:10,0,-1
3/13/2021 3:15,0,-1
3/13/2021 3:20,0,-1
3/13/2021 3:25,0,-1
3/13/2021 3:30,0,-1
3/13/2021 3:35,0,-1
3/13/2021 3:40,0,-1
3/13/2021 3:45,0,-1
3/13/2021 3:50,0,-1
3/13/2021 3:55,0,-1
3/13/2021 4:00,0,-1
3/13/2021 4:05,0,-1
3/13/2021 4:10,0,-1
3/13/2021 4:15,0,-1
3/13/2021 4:20,0,-1
3/13/2021 4:25,0,-1
3/13/2021 4:30,0,-1
3/13/2021 4:35,0,-1
3/13/2021 4:40,0,-1
3/13/2021 4:45,0,-1
3/13/2021 4:50,0,-1
3/13/2021 4:55,0,-1
3/13/2021 5:00,0,-1
3/13/2021 5:05,0,-1
3/13/2021 5:10,0,-1
3/13/2021 5:15,0,-1
3/13/2021 5:20,0,-1
3/13/2021 5:25,0,-1
3/13/2021 5:30,0,-1
3/13/2021 5:35,0,-1
3/13/2021 5:40,0,-1
3/13/2021 5:45,0,-1
3/13/2021 5:50,0,-1
3/13/2021 5:55,0,-1
3/13/2021 6:00,0,-1
3/13/2021 6:05,0,-1
3/13/2021 6:10,0,-1
3/13/2021 6:15,0,-1
3/13/2021 6:20,0,-1
3/13/2021 6:25,0,-1
3/13/2021 6:30,0,-1
3/13/2021 6:35,0,-1
3/13/2021 6:40,0,-1
3/13/2021 6:45,0,-1
3/13/2021 6:50,0,-1
3/13/2021 6:55,0,-1
3/13/2021 7:00,0,-1
3/13/2021 7:05,0,-1
3/13/2021 7:10,0,-1
3/13/2021 7:15,0,-1
3/13/2021 7:20,0,-1
3/13/2021 7:25,0,-1
3/13/2021 7:30,0,-1
3/13/2021 7:35,0,-1
3/13/2021 7:40,0,-1
3/13/2021 7:45,0,-1
3/13/2021 7:50,0,-1
3/13/2021 7:55,0,-1
3/13/2021 8:00,0,-1
3/13/2021 8:05,0,-1
3/13/2021 8:10,0,-1
3/13/2021 8:15,0,-1
3/13/2021 8:20,0,-1
3/13/2021 8:25,0,-1
3/13/2021 8:30,0,-1
3/13/2021 8:35,0,-1
3/13/2021 8:40,0,-1
3/13/2021 8:45,0,-1
3/13/2021 8:50,0,-1
3/13/2021 8:55,0,-1
3/13/2021 9:00,0,-1
3/13/2021 9:05,0,-1
3/13/2021 9:10,0,-1
3/13/2021 9:15,0,-1
3/13/2021 9:20,0,-1
3/13/2021 9:25,0,-1
3/13/2021 9:30,0,-1
3/13/2021 9:35,0,-1
3/13/2021 9:40,0,-1
3/13/2021 9:45,0,-1
3/13/2021 9:50,0,-1
3/13/2021 9:55,0,-1
3/13/2021 10:00,0,-1
3/13/2021 10:05,0,-1
3/13/2021 10:10,0,-1
3/13/2021 10:15,0,-1
3/13/2021 10:20,0,-1
3/13/2021 10:25,0,-1
3/13/2021 10:30,0,-1
3/13/2021 10:35,0,-1
3/13/2021 10:40,0,-1
3/13/2021 10:45,0,-1
3/13/2021 10:50,0,-1
3/13/2021 10:55,0,-1
3/13/2021 11:00,0,-1
3/13/2021 11:05,0,-1
3/13/2021 11:10,0,-1
3/13/2021 11:15,0,-1
3/13/2021 11:20,0,-1
3/13/2021 11:25,0,-1
3/13/2021 11:30,0,-1
3/13/2021 11:35,0,-1
3/13/2021 11:40,0,-1
3/13/2021 11:45,0,-1
3/13/2021 11:50,0,-1
3/13/2021 11:55,0,-1
3/13/2021 12:00,0,-1
3/13/2021 12:05,0,-1
3/13/2021 12:10,0,-1
3/13/2021 12:15,0,-1
3/13/2021 12:20,0,-1
3/13/2021 12:25,0,-1
3/13/2021 12:30,0,-1
3/13/2021 12:35,0,-1
3/13/2021 12:40,0,-1
3/13/2021 12:45,0,-1
3/13/2021 12:50,0,-1
3/13/2021 12:55,0,-1
3/13/2021 13:00,0,-1
3/13/2021 13:05,0,-1
3/13/2021 13:10,0,-1
3/13/2021 13:15,0,-1
3/13/2021 13:20,0,-1
3/13/2021 13:25,0,-1
3/13/2021 13:30,0,-1
3/13/2021 13:35,0,-1
3/13/2021 13:40,0,-1
3/13/2021 13:45,0,-1
3/13/2021 13:50,0,-1
3/13/2021 13:55,0,-1
3/13/2021 14:00,0,-1
3/13/2021 14:05,0,-1
3/13/2021 14:10,0,-1
3/13/2021 14:15,0,-1
3/13/2021 14:20,0,-1
3/13/2021 14:25,0,-1
3/13/2021 14:30,0,-1
3/13/2021 14:35,0,-1
3/13/2021 14:40,0,-1
3/13/2021 14:45,0,-1
3/13/2021 14:50,0,-1
3/13/2021 14:55,0,-1
3/13/2021 15:00,0,0.1391941
3/13/2021 15:05,0,-1
3/13/2021 15:10,0,-1
3/13/2021 15:15,0,-1
3/13/2021 15:20,0,-1
3/13/2021 15:25,0,-1
3/13/2021 15:30,0,-1
3/13/2021 15:35,0,-1
3/13/2021 15:40,0,-1
3/13/2021 15:45,0,-1
3/13/2021 15:50,0,-1
3/13/2021 15:55,0,-1
3/13/2021 16:00,0,-1
3/13/2021 16:05,0,-1
3/13/2021 16:10,0,-1
3/13/2021 16:15,0,-1
3/13/2021 16:20,0,-1
3/13/2021 16:25,0,-1
3/13/2021 16:30,0,-1
3/13/2021 16:35,0,-1
3/13/2021 16:40,0,-1
3/13/2021 16:45,0,-1
3/13/2021 16:50,0,-1
3/13/2021 16:55,0,-1
3/13/2021 17:00,0,-1
3/13/2021 17:05,0,-1
3/13/2021 17:10,0,-1
3/13/2021 17:15,0,-1
3/13/2021 17:20,0,-1
3/13/2021 17:25,0,-1
3/13/2021 17:30,0,-1
3/13/2021 17:35,0,-1
3/13/2021 17:40,0,-1
3/13/2021 17:45,0,-1
3/13/2021 17:50,0,-1
3/13/2021 17:55,0,-1
3/13/2021 18:00,0,-1
3/13/2021 18:05,0,-1
3/13/2021 18:10,0,-1
3/13/2021 18:15,0,-1
3/13/2021 18:20,0,-1
3/13/2021 18:25,0,-1
3/13/2021 18:30,0,-1
3/13/2021 18:35,0,-1
3/13/2021 18:40,0,-1
3/13/2021 18:45,0,-1
3/13/2021 18:50,0,-1
3/13/2021 18:55,0,-1
3/13/2021 19:00,0,-1
3/13/2021 19:05,0,-1
3/13/2021 19:10,0,-1
3/13/2021 19:15,0,-1
3/13/2021 19:20,0,-1
3/13/2021 19:25,0,-1
3/13/2021 19:30,0,-1
3/13/2021 19:35,0,-1
3/13/2021 19:40,0,-1
3/13/2021 19:45,0,-1
3/13/2021 19:50,0,-1
3/13/2021 19:55,0,-1
3/13/2021 20:00,0,-1
3/13/2021 20:05,0,-1
3/13/2021 20:10,0,-1
3/13/2021 20:15,0,-1
3/13/2021 20:20,0,-1
3/13/2021 20:25,0,-1
3/13/2021 20:30,0,-1
3/13/2021 20:35,0,-1
3/13/2021 20:40,0,-1
3/13/2021 20:45,0,-1
3/13/2021 20:50,0,-1
3/13/2021 20:55,0,-1
3/13/2021 21:00,0,-1
3/13/2021 21:05,0,-1
3/13/2021 21:10,0,-1
3/13/2021 21:15,0,-1
3/13/2021 21:20,0,-1
3/13/2021 21:25,0,-1
3/13/2021 21:30,0,-1
3/13/2021 21:35,0,-1
3/13/2021 21:40,0,-1
3/13/2021 21:45,0,-1
3/13/2021 21:50,0,-1
3/13/2021 21:55,0,-1
3/13/2021 22:00,0,-1
3/13/2021 22:05,0,-1
3/13/2021 22:10,0,-1
3/13/2021 22:15,0,-1
3/13/2021 22:20,0,-1
3/13/2021 22:25,0,-1
3/13/2021 22:30,0,-1
3/13/2021 22:35,0,-1
3/13/2021 22:40,0,-1
3/13/2021 22:45,0,-1
3/13/2021 22:50,0,-1
3/13/2021 22:55,0,-1
3/13/2021 23:00,0,-1
3/13/2021 23:05,0,-1
3/13/2021 23:10,0,-1
3/13/2021 23:15,0,-1
3/13/2021 23:20,0,-1
3/13/2021 23:25,0,-1
3/13/2021 23:30,0,-1
3/13/2021 23:35,0,-1
3/13/2021 23:40,0,-1
3/13/2021 23:45,0,-1
3/13/2021 23:50,0,-1
3/13/2021 23:55,0,-1
3/14/2021 0:00,0,-1
3/14/2021 0:05,0,-1
3/14/2021 0:10,0,-1
3/14/2021 0:15,0,-1
3/14/2021 0:20,0,-1
3/14/2021 0:25,0,-1
3/14/2021 0:30,0,-1
3/14/2021 0:35,0,-1
3/14/2021 0:40,0,-1
3/14/2021 0:45,0,-1
3/14/2021 0:50,0,-1
3/14/2021 0:55,0,-1
3/14/2021 1:00,0,-1
3/14/2021 1:05,0,-1
3/14/2021 1:10,0,-1
3/14/2021 1:15,0,-1
3/14/2021 1:20,0,-1
3/14/2021 1:25,0,-1
3/14/2021 1:30,0,-1
3/14/2021 1:35,0,-1
3/14/2021 1:40,0,-1
3/14/2021 1:45,0,-1
3/14/2021 1:50,0,-1
3/14/2021 1:55,0,-1
3/14/2021 3:00,0,-1
3/14/2021 3:05,0,-1
3/14/2021 3:10,0,-1
3/14/2021 3:15,0,-1
3/14/2021 3:20,0,-1
3/14/2021 3:25,0,-1
3/14/2021 3:30,0,-1
3/14/2021 3:35,0,-1
3/14/2021 3:40,0,-1
3/14/2021 3:45,0,-1
3/14/2021 3:50,0,-1
3/14/2021 3:55,0,-1
3/14/2021 4:00,0,-1
3/14/2021 4:05,0,-1
3/14/2021 4:10,0,-1
3/14/2021 4:15,0,-1
3/14/2021 4:20,0,-1
3/14/2021 4:25,0,-1
3/14/2021 4:30,0,-1
3/14/2021 4:35,0,-1
3/14/2021 4:40,0,-1
3/14/2021 4:45,0,-1
3/14/2021 4:50,0,-1
3/14/2021 4:55,0,-1
3/14/2021 5:00,0,-1
3/14/2021 5:05,0,-1
3/14/2021 5:10,0,-1
3/14/2021 5:15,0,-1
3/14/2021 5:20,0,-1
3/14/2021 5:25,0,-1
3/14/2021 5:30,0,-1
3/14/2021 5:35,0,-1
3/14/2021 5:40,0,-1
3/14/2021 5:45,0,-1
3/14/2021 5:50,0,-1
3/14/2021 5:55,0,-1
3/14/2021 6:00,0,-1
3/14/2021 6:05,0,-1
3/14/2021 6:10,0,-1
3/14/2021 6:15,0,-1
3/14/2021 6:20,0,-1
3/14/2021 6:25,0,-1
3/14/2021 6:30,0,-1
3/14/2021 6:35,0,-1
3/14/2021 6:40,0,-1
3/14/2021 6:45,0,-1
3/14/2021 6:50,0,-1
3/14/2021 6:55,0,-1
3/14/2021 7:00,0,-1
3/14/2021 7:05,0,-1
3/14/2021 7:10,0,-1
3/14/2021 7:15,0,-1
3/14/2021 7:20,0,-1
3/14/2021 7:25,0,-1
3/14/2021 7:30,0,-1
3/14/2021 7:35,0,-1
3/14/2021 7:40,0,-1
3/14/2021 7:45,0,-1
3/14/2021 7:50,0,-1
3/14/2021 7:55,0,-1
3/14/2021 8:00,0,-1
3/14/2021 8:05,0,-1
3/14/2021 8:10,0,-1
3/14/2021 8:15,0,-1
3/14/2021 8:20,0,-1
3/14/2021 8:25,0,-1
3/14/2021 8:30,0,-1
3/14/2021 8:35,0,-1
3/14/2021 8:40,0,-1
3/14/2021 8:45,0,-1
3/14/2021 8:50,0,-1
3/14/2021 8:55,0,-1
3/14/2021 9:00,0,-1
3/14/2021 9:05,0,-1
3/14/2021 9:10,0,-1
3/14/2021 9:15,0,-1
3/14/2021 9:20,0,-1
3/14/2021 9:25,0,-1
3/14/2021 9:30,0,-1
3/14/2021 9:35,0,-1
3/14/2021 9:40,0,-1
3/14/2021 9:45,0,-1
3/14/2021 9:50,0,-1
3/14/2021 9:55,0,-1
3/14/2021 10:00,0,-1
3/14/2021 10:05,0,-1
3/14/2021 10:10,0,-1
3/14/2021 10:15,0,-1
3/14/2021 10:20,0,-1
3/14/2021 10:25,0,-1
3/14/2021 10:30,0,-1
3/14/2021 10:35,0,-1
3/14/2021 10:40,0,-1
3/14/2021 10:45,0,-1
3/14/2021 10:50,0,-1
3/14/2021 10:55,0,-1
3/14/2021 11:00,0,-1
3/14/2021 11:05,0,-1
3/14/2021 11:10,0,-1
3/14/2021 11:15,0,-1
3/14/2021 11:20,0,-1
3/14/2021 11:25,0,-1
3/14/2021 11:30,0,-1
3/14/2021 11:35,0,-1
3/14/2021 11:40,0,-1
3/14/2021 11:45,0,-1
3/14/2021 11:50,0,-1
3/14/2021 11:55,0,-1
3/14/2021 12:00,0,-1
3/14/2021 12:05,0,-1
3/14/2021 12:10,0,-1
3/14/2021 12:15,0,-1
3/14/2021 12:20,0,-1
3/14/2021 12:25,0,-1
3/14/2021 12:30,0,-1
3/14/2021 12:35,0,-1
3/14/2021 12:40,0,0.1367521
3/14/2021 12:45,0,-1
3/14/2021 12:50,0,-1
3/14/2021 12:55,0,-1
3/14/2021 13:00,0,-1
3/14/2021 13:05,0,-1
3/14/2021 13:10,0,-1
3/14/2021 13:15,0,-1
3/14/2021 13:20,0,-1
3/14/2021 13:25,0,-1
3/14/2021 13:30,0,-1
3/14/2021 13:35,0,-1
3/14/2021 13:40,0,-1
3/14/2021 13:45,0,-1
3/14/2021 13:50,0,-1
3/14/2021 13:55,0,-1
3/14/2021 14:00,0,-1
3/14/2021 14:05,0,-1
3/14/2021 14:10,0,-1
3/14/2021 14:15,0,-1
3/14/2021 14:20,0,-1
3/14/2021 14:25,0,-1
3/14/2021 14:30,0,-1
3/14/2021 14:35,0,-1
3/14/2021 14:40,0,-1
3/14/2021 14:45,0,-1
3/14/2021 14:50,0,-1
3/14/2021 14:55,0,-1
3/14/2021 15:00,0,-1
3/14/2021 15:05,0,-1
3/14/2021 15:10,0,-1
3/14/2021 15:15,0,-1
3/14/2021 15:20,0,-1
3/14/2021 15:25,0,-1
3/14/2021 15:30,0,-1
3/14/2021 15:35,0,-1
3/14/2021 15:40,0,-1
3/14/2021 15:45,0,-1
3/14/2021 15:50,0,-1
3/14/2021 15:55,0,-1
3/14/2021 16:00,0,-1
3/14/2021 16:05,0,-1
3/14/2021 16:10,0,-1
3/14/2021 16:15,0,-1
3/14/2021 16:20,0,-1
3/14/2021 16:25,0,-1
3/14/2021 16:30,0,-1
3/14/2021 16:35,0,-1
3/14/2021 16:40,0,-1
3/14/2021 16:45,0,-1
3/14/2021 16:50,0,-1
3/14/2021 16:55,0,-1
3/14/2021 17:00,0,-1
3/14/2021 17:05,0,-1
3/14/2021 17:10,0,-1
3/14/2021 17:15,0,-1
3/14/2021 17:20,0,-1
3/14/2021 17:25,0,-1
3/14/2021 17:30,0,-1
3/14/2021 17:35,0,-1
3/14/2021 17:40,0,-1
3/14/2021 17:45,0,-1
3/14/2021 17:50,0,-1
3/14/2021 17:55,0,-1
3/14/2021 18:00,0,-1
3/14/2021 18:05,0,-1
3/14/2021 18:10,0,-1
3/14/2021 18:15,0,-1
3/14/2021 18:20,0,-1
3/14/2021 18:25,0,-1
3/14/2021 18:30,0,-1
3/14/2021 18:35,0,-1
3/14/2021 18:40,0,-1
3/14/2021 18:45,0,-1
3/14/2021 18:50,0,-1
3/14/2021 18:55,0,-1
3/14/2021 19:00,0,-1
3/14/2021 19:05,0,-1
3/14/2021 19:10,0,-1
3/14/2021 19:15,0,-1
3/14/2021 19:20,0,-1
3/14/2021 19:25,0,-1
3/14/2021 19:30,0,-1
3/14/2021 19:35,0,-1
3/14/2021 19:40,0,-1
3/14/2021 19:45,0,-1
3/14/2021 19:50,0,-1
3/14/2021 19:55,0,-1
3/14/2021 20:00,0,-1
3/14/2021 20:05,0,-1
3/14/2021 20:10,0,-1
3/14/2021 20:15,0,-1
3/14/2021 20:20,0,-1
3/14/2021 20:25,0,-1
3/14/2021 20:30,0,-1
3/14/2021 20:35,0,-1
3/14/2021 20:40,0,-1
3/14/2021 20:45,0,-1
3/14/2021 20:50,0,-1
3/14/2021 20:55,0,-1
3/14/2021 21:00,0,-1
3/14/2021 21:05,0,-1
3/14/2021 21:10,0,-1
3/14/2021 21:15,0,-1
3/14/2021 21:20,0,-1
3/14/2021 21:25,0,-1
3/14/2021 21:30,0,-1
3/14/2021 21:35,0,-1
3/14/2021 21:40,0,-1
3/14/2021 21:45,0,-1
3/14/2021 21:50,0,-1
3/14/2021 21:55,0,-1
3/14/2021 22:00,0,-1
3/14/2021 22:05,0,-1
3/14/2021 22:10,0,-1
3/14/2021 22:15,0,-1
3/14/2021 22:20,0,-1
3/14/2021 22:25,0,-1
3/14/2021 22:30,0,-1
3/14/2021 22:35,0,-1
3/14/2021 22:40,0,-1
3/14/2021 22:45,0,-1
3/14/2021 22:50,0,-1
3/14/2021 22:55,0,-1
3/14/2021 23:00,0,-1
3/14/2021 23:05,0,-1
3/14/2021 23:10,0,-1
3/14/2021 23:15,0,-1
3/14/2021 23:20,0,-1
3/14/2021 23:25,0,-1
3/14/2021 23:30,0,-1
3/14/2021 23:35,0,-1
3/14/2021 23:40,0,-1
3/14/2021 23:45,0,-1
3/14/2021 23:50,0,-1
3/14/2021 23:55,0,-1
3/15/2021 0:00,0,-1
3/15/2021 0:05,0,-1
3/15/2021 0:10,0,-1
3/15/2021 0:15,0,-1
3/15/2021 0:20,0,-1
3/15/2021 0:25,0,-1
3/15/2021 0:30,0,-1
3/15/2021 0:35,0,-1
3/15/2021 0:40,0,-1
3/15/2021 0:45,0,-1
3/15/2021 0:50,0,-1
3/15/2021 0:55,0,-1
3/15/2021 1:00,0,-1
3/15/2021 1:05,0,-1
3/15/2021 1:10,0,-1
3/15/2021 1:15,0,-1
3/15/2021 1:20,0,-1
3/15/2021 1:25,0,-1
3/15/2021 1:30,0,-1
3/15/2021 1:35,0,-1
3/15/2021 1:40,0,-1
3/15/2021 1:45,0,-1
3/15/2021 1:50,0,-1
3/15/2021 1:55,0,-1
3/15/2021 2:00,0,-1
3/15/2021 2:05,0,-1
3/15/2021 2:10,0,-1
3/15/2021 2:15,0,-1
3/15/2021 2:20,0,-1
3/15/2021 2:25,0,-1
3/15/2021 2:30,0,-1
3/15/2021 2:35,0,-1
3/15/2021 2:40,0,-1
3/15/2021 2:45,0,-1
3/15/2021 2:50,0,-1
3/15/2021 2:55,0,-1
3/15/2021 3:00,0,-1
3/15/2021 3:05,0,-1
3/15/2021 3:10,0,-1
3/15/2021 3:15,0,-1
3/15/2021 3:20,0,-1
3/15/2021 3:25,0,-1
3/15/2021 3:30,0,-1
3/15/2021 3:35,0,-1
3/15/2021 3:40,0,-1
3/15/2021 3:45,0,-1
3/15/2021 3:50,0,-1
3/15/2021 3:55,0,-1
3/15/2021 4:00,0,-1
3/15/2021 4:05,0,-1
3/15/2021 4:10,0,-1
3/15/2021 4:15,0,-1
3/15/2021 4:20,0,-1
3/15/2021 4:25,0,-1
3/15/2021 4:30,0,-1
3/15/2021 4:35,0,-1
3/15/2021 4:40,0,-1
3/15/2021 4:45,0,-1
3/15/2021 4:50,0,-1
3/15/2021 4:55,0,-1
3/15/2021 5:00,0,-1
3/15/2021 5:05,0,-1
3/15/2021 5:10,0,-1
3/15/2021 5:15,0,-1
3/15/2021 5:20,0,-1
3/15/2021 5:25,0,-1
3/15/2021 5:30,0,-1
3/15/2021 5:35,0,-1
3/15/2021 5:40,0,-1
3/15/2021 5:45,0,-1
3/15/2021 5:50,0,-1
3/15/2021 5:55,0,-1
3/15/2021 6:00,0,-1
3/15/2021 6:05,0,-1
3/15/2021 6:10,0,-1
3/15/2021 6:15,0,-1
3/15/2021 6:20,0,-1
3/15/2021 6:25,0,-1
3/15/2021 6:30,0,-1
3/15/2021 6:35,0,-1
3/15/2021 6:40,0,-1
3/15/2021 6:45,0,-1
3/15/2021 6:50,0,-1
3/15/2021 6:55,0,-1
3/15/2021 7:00,0,-1
3/15/2021 7:05,0,-1
3/15/2021 7:10,0,-1
3/15/2021 7:15,0,-1
3/15/2021 7:20,0,-1
3/15/2021 7:25,0,-1
3/15/2021 7:30,0,-1
3/15/2021 7:35,0,-1
3/15/2021 7:40,0,-1
3/15/2021 7:45,0,-1
3/15/2021 7:50,0,-1
3/15/2021 7:55,0,-1
3/15/2021 8:00,0,-1
3/15/2021 8:05,0,-1
3/15/2021 8:10,0,-1
3/15/2021 8:15,0,-1
3/15/2021 8:20,0,-1
3/15/2021 8:25,0,-1
3/15/2021 8:30,0,-1
3/15/2021 8:35,0,-1
3/15/2021 8:40,0,-1
3/15/2021 8:45,0,-1
3/15/2021 8:50,0,-1
3/15/2021 8:55,0,-1
3/15/2021 9:00,0,-1
3/15/2021 9:05,0,-1
3/15/2021 9:10,0,-1
3/15/2021 9:15,0,-1
3/15/2021 9:20,0,-1
3/15/2021 9:25,0,-1
3/15/2021 9:30,0,-1
3/15/2021 9:35,0,-1
3/15/2021 9:40,0,-1
3/15/2021 9:45,0,-1
3/15/2021 9:50,0,-1
3/15/2021 9:55,0,-1
3/15/2021 10:00,0,-1
3/15/2021 10:05,0,-1
3/15/2021 10:10,0,-1
3/15/2021 10:15,0,-1
3/15/2021 10:20,0,-1
3/15/2021 10:25,0,-1
3/15/2021 10:30,0,-1
3/15/2021 10:35,0,-1
3/15/2021 10:40,0,-1
3/15/2021 10:45,0,-1
3/15/2021 10:50,0,-1
3/15/2021 10:55,0,-1
3/15/2021 11:00,0,-1
3/15/2021 11:05,0,-1
3/15/2021 11:10,0,-1
3/15/2021 11:15,0,-1
3/15/2021 11:20,0,-1
3/15/2021 11:25,0,-1
3/15/2021 11:30,0,-1
3/15/2021 11:35,0,-1
3/15/2021 11:40,0,-1
3/15/2021 11:45,0,-1
3/15/2021 11:50,0,-1
3/15/2021 11:55,0,-1
3/15/2021 12:00,0,-1
3/15/2021 12:05,0,-1
3/15/2021 12:10,0,-1
3/15/2021 12:15,0,-1
3/15/2021 12:20,0,-1
3/15/2021 12:25,0,-1
3/15/2021 12:30,0,-1
3/15/2021 12:35,0,-1
3/15/2021 12:40,0,-1
3/15/2021 12:45,0,-1
3/15/2021 12:50,0,-1
3/15/2021 12:55,0,-1
3/15/2021 13:00,0,-1
3/15/2021 13:05,0,-1
3/15/2021 13:10,0,-1
3/15/2021 13:15,0,-1
3/15/2021 13:20,0,-1
3/15/2021 13:25,0,-1
3/15/2021 13:30,0,-1
3/15/2021 13:35,0,-1
3/15/2021 13:40,0,-1
3/15/2021 13:45,0,-1
3/15/2021 13:50,0,-1
3/15/2021 13:55,0,-1
3/15/2021 14:00,0,-1
3/15/2021 14:05,0,-1
3/15/2021 14:10,0,-1
3/15/2021 14:15,0,-1
3/15/2021 14:20,0,-1
3/15/2021 14:25,0,-1
3/15/2021 14:30,0,-1
3/15/2021 14:35,0,-1
3/15/2021 14:40,0,-1
3/15/2021 14:45,0,-1
3/15/2021 14:50,0,-1
3/15/2021 14:55,0,-1
3/15/2021 15:00,0,-1
3/15/2021 15:05,0,-1
3/15/2021 15:10,0,-1
3/15/2021 15:15,0,-1
3/15/2021 15:20,0,-1
3/15/2021 15:25,0,-1
3/15/2021 15:30,0,-1
3/15/2021 15:35,0,-1
3/15/2021 15:40,0,-1
3/15/2021 15:45,0,-1
3/15/2021 15:50,0,-1
3/15/2021 15:55,0,-1
3/15/2021 16:00,0,-1
3/15/2021 16:05,0,-1
3/15/2021 16:10,0,-1
3/15/2021 16:15,0,-1
3/15/2021 16:20,0,-1
3/15/2021 16:25,0,-1
3/15/2021 16:30,0,-1
3/15/2021 16:35,0,-1
3/15/2021 16:40,0,-1
3/15/2021 16:45,0,-1
3/15/2021 16:50,0,-1
3/15/2021 16:55,0,-1
3/15/2021 17:00,0,-1
3/15/2021 17:05,0,-1
3/15/2021 17:10,0,-1
3/15/2021 17:15,0,-1
3/15/2021 17:20,0,-1
3/15/2021 17:25,0,-1
3/15/2021 17:30,0,-1
3/15/2021 17:35,0,-1
3/15/2021 17:40,0,-1
3/15/2021 17:45,0,-1
3/15/2021 17:50,0,-1
3/15/2021 17:55,0,-1
3/15/2021 18:00,0,-1
3/15/2021 18:05,0,-1
3/15/2021 18:10,0,-1
3/15/2021 18:15,0,-1
3/15/2021 18:20,0,-1
3/15/2021 18:25,0,-1
3/15/2021 18:30,0,-1
3/15/2021 18:35,0,-1
3/15/2021 18:40,0,-1
3/15/2021 18:45,0,-1
3/15/2021 18:50,0,-1
3/15/2021 18:55,0,-1
3/15/2021 19:00,0,-1
3/15/2021 19:05,0,-1
3/15/2021 19:10,0,-1
3/15/2021 19:15,0,-1
3/15/2021 19:20,0,-1
3/15/2021 19:25,0,-1
3/15/2021 19:30,0,-1
3/15/2021 19:35,0,-1
3/15/2021 19:40,0,-1
3/15/2021 19:45,0,-1
3/15/2021 19:50,0,-1
3/15/2021 19:55,0,-1
3/15/2021 20:00,0,-1
3/15/2021 20:05,0,-1
3/15/2021 20:10,0,-1
3/15/2021 20:15,0,-1
3/15/2021 20:20,0,-1
3/15/2021 20:25,0,-1
3/15/2021 20:30,0,-1
3/15/2021 20:35,0,-1
3/15/2021 20:40,0,-1
3/15/2021 20:45,0,-1
3/15/2021 20:50,0,-1
3/15/2021 20:55,0,-1
3/15/2021 21:00,0,-1
3/15/2021 21:05,0,-1
3/15/2021 21:10,0,-1
3/15/2021 21:15,0,-1
3/15/2021 21:20,0,-1
3/15/2021 21:25,0,-1
3/15/2021 21:30,0,-1
3/15/2021 21:35,0,-1
3/15/2021 21:40,0,-1
3/15/2021 21:45,0,-1
3/15/2021 21:50,0,-1
3/15/2021 21:55,0,-1
3/15/2021 22:00,0,-1
3/15/2021 22:05,0,-1
3/15/2021 22:10,0,-1
3/15/2021 22:15,0,-1
3/15/2021 22:20,0,-1
3/15/2021 22:25,0,-1
3/15/2021 22:30,0,-1
3/15/2021 22:35,0,-1
3/15/2021 22:40,0,-1
3/15/2021 22:45,0,-1
3/15/2021 22:50,0,-1
3/15/2021 22:55,0,-1
3/15/2021 23:00,0,-1
3/15/2021 23:05,0,-1
3/15/2021 23:10,0,-1
3/15/2021 23:15,0,-1
3/15/2021 23:20,0,-1
3/15/2021 23:25,0,-1
3/15/2021 23:30,0,-1
3/15/2021 23:35,0,-1
3/15/2021 23:40,0,-1
3/15/2021 23:45,0,-1
3/15/2021 23:50,0,-1
3/15/2021 23:55,0,-1
3/16/2021 0:00,0,-1
3/16/2021 0:05,0,-1
3/16/2021 0:10,0,-1
3/16/2021 0:15,0,-1
3/16/2021 0:20,0,-1
3/16/2021 0:25,0,-1
3/16/2021 0:30,0,-1
3/16/2021 0:35,0,-1
3/16/2021 0:40,0,-1
3/16/2021 0:45,0,-1
3/16/2021 0:50,0,-1
3/16/2021 0:55,0,-1
3/16/2021 1:00,0,-1
3/16/2021 1:05,0,-1
3/16/2021 1:10,0,-1
3/16/2021 1:15,0,-1
3/16/2021 1:20,0,-1
3/16/2021 1:25,0,-1
3/16/2021 1:30,0,-1
3/16/2021 1:35,0,-1
3/16/2021 1:40,0,-1
3/16/2021 1:45,0,-1
3/16/2021 1:50,0,-1
3/16/2021 1:55,0,-1
3/16/2021 2:00,0,-1
3/16/2021 2:05,0,-1
3/16/2021 2:10,0,-1
3/16/2021 2:15,0,-1
3/16/2021 2:20,0,-1
3/16/2021 2:25,0,-1
3/16/2021 2:30,0,-1
3/16/2021 2:35,0,-1
3/16/2021 2:40,0,-1
3/16/2021 2:45,0,-1
3/16/2021 2:50,0,-1
3/16/2021 2:55,0,-1
3/16/2021 3:00,0,-1
3/16/2021 3:05,0,-1
3/16/2021 3:10,0,-1
3/16/2021 3:15,0,-1
3/16/2021 3:20,0,-1
3/16/2021 3:25,0,-1
3/16/2021 3:30,0,-1
3/16/2021 3:35,0,-1
3/16/2021 3:40,0,-1
3/16/2021 3:45,0,-1
3/16/2021 3:50,0,-1
3/16/2021 3:55,0,-1
3/16/2021 4:00,0,-1
3/16/2021 4:05,0,-1
3/16/2021 4:10,0,-1
3/16/2021 4:15,0,-1
3/16/2021 4:20,0,-1
3/16/2021 4:25,0,-1
3/16/2021 4:30,0,-1
3/16/2021 4:35,0,-1
3/16/2021 4:40,0,-1
3/16/2021 4:45,0,-1
3/16/2021 4:50,0,-1
3/16/2021 4:55,0,-1
3/16/2021 5:00,0,-1
3/16/2021 5:05,0,-1
3/16/2021 5:10,0,-1
3/16/2021 5:15,0,-1
3/16/2021 5:20,0,-1
3/16/2021 5:25,0,-1
3/16/2021 5:30,0,-1
3/16/2021 5:35,0,-1
3/16/2021 5:40,0,-1
3/16/2021 5:45,0,-1
3/16/2021 5:50,0,-1
3/16/2021 5:55,0,-1
3/16/2021 6:00,0,-1
3/16/2021 6:05,0,-1
3/16/2021 6:10,0,-1
3/16/2021 6:15,0,-1
3/16/2021 6:20,0,-1
3/16/2021 6:25,0,-1
3/16/2021 6:30,0,-1
3/16/2021 6:35,0,-1
3/16/2021 6:40,0,-1
3/16/2021 6:45,0,-1
3/16/2021 6:50,0,-1
3/16/2021 6:55,0,-1
3/16/2021 7:00,0,-1
3/16/2021 7:05,0,-1
3/16/2021 7:10,0,-1
3/16/2021 7:15,0,-1
3/16/2021 7:20,0,-1
3/16/2021 7:25,0,-1
3/16/2021 7:30,0,-1
3/16/2021 7:35,0,-1
3/16/2021 7:40,0,-1
3/16/2021 7:45,0,-1
3/16/2021 7:50,0,-1
3/16/2021 7:55,0,-1
3/16/2021 8:00,0,-1
3/16/2021 8:05,0,-1
3/16/2021 8:10,0,-1
3/16/2021 8:15,0,-1
3/16/2021 8:20,0,-1
3/16/2021 8:25,0,-1
3/16/2021 8:30,0,-1
3/16/2021 8:35,0,-1
3/16/2021 8:40,0,-1
3/16/2021 8:45,0,-1
3/16/2021 8:50,0,-1
3/16/2021 8:55,0,-1
3/16/2021 9:00,0,-1
3/16/2021 9:05,0,-1
3/16/2021 9:10,0,-1
3/16/2021 9:15,0,-1
3/16/2021 9:20,0,-1
3/16/2021 9:25,0,-1
3/16/2021 9:30,0,-1
3/16/2021 9:35,0,-1
3/16/2021 9:40,0,-1
3/16/2021 9:45,0,-1
3/16/2021 9:50,0,-1
3/16/2021 9:55,0,-1
3/16/2021 10:00,0,-1
3/16/2021 10:05,0,-1
3/16/2021 10:10,0,-1
3/16/2021 10:15,0,-1
3/16/2021 10:20,0,-1
3/16/2021 10:25,0,-1
3/16/2021 10:30,0,-1
3/16/2021 10:35,0,-1
3/16/2021 10:40,0,-1
3/16/2021 10:45,0,-1
3/16/2021 10:50,0,-1
3/16/2021 10:55,0,-1
3/16/2021 11:00,0,-1
3/16/2021 11:05,0,-1
3/16/2021 11:10,0,-1
3/16/2021 11:15,0,-1
3/16/2021 11:20,0,-1
3/16/2021 11:25,0,-1
3/16/2021 11:30,0,-1
3/16/2021 11:35,0,-1
3/16/2021 11:40,0,-1
3/16/2021 11:45,0,-1
3/16/2021 11:50,0,-1
3/16/2021 11:55,0,-1
3/16/2021 12:00,0,-1
3/16/2021 12:05,0,-1
3/16/2021 12:10,0,-1
3/16/2021 12:15,0,-1
3/16/2021 12:20,0,-1
3/16/2021 12:25,0,-1
3/16/2021 12:30,0,-1
3/16/2021 12:35,0,-1
3/16/2021 12:40,0,-1
3/16/2021 12:45,0,-1
3/16/2021 12:50,0,-1
3/16/2021 12:55,0,-1
3/16/2021 13:00,0,-1
3/16/2021 13:05,0,-1
3/16/2021 13:10,0,-1
3/16/2021 13:15,0,-1
3/16/2021 13:20,0,-1
3/16/2021 13:25,0,-1
3/16/2021 13:30,0,-1
3/16/2021 13:35,0,-1
3/16/2021 13:40,0,-1
3/16/2021 13:45,0,-1
3/16/2021 13:50,0,-1
3/16/2021 13:55,0,-1
3/16/2021 14:00,0,-1
3/16/2021 14:05,0,-1
3/16/2021 14:10,0,-1
3/16/2021 14:15,0,-1
3/16/2021 14:20,0,-1
3/16/2021 14:25,0,-1
3/16/2021 14:30,0,-1
3/16/2021 14:35,0,-1
3/16/2021 14:40,0,-1
3/16/2021 14:45,0,-1
3/16/2021 14:50,0,-1
3/16/2021 14:55,0,-1
3/16/2021 15:00,0,-1
3/16/2021 15:05,0,-1
3/16/2021 15:10,0,-1
3/16/2021 15:15,0,-1
3/16/2021 15:20,0,-1
3/16/2021 15:25,0,-1
3/16/2021 15:30,0,-1
3/16/2021 15:35,0,-1
3/16/2021 15:40,0,-1
3/16/2021 15:45,0,-1
3/16/2021 15:50,0,-1
3/16/2021 15:55,0,-1
3/16/2021 16:00,0,-1
3/16/2021 16:05,0,-1
3/16/2021 16:10,0,-1
3/16/2021 16:15,0,-1
3/16/2021 16:20,0,-1
3/16/2021 16:25,0,-1
3/16/2021 16:30,0,-1
3/16/2021 16:35,0,-1
3/16/2021 16:40,0,-1
3/16/2021 16:45,0,-1
3/16/2021 16:50,0,-1
3/16/2021 16:55,0,-1
3/16/2021 17:00,0,-1
3/16/2021 17:05,0,-1
3/16/2021 17:10,0,-1
3/16/2021 17:15,0,-1
3/16/2021 17:20,0,-1
3/16/2021 17:25,0,-1
3/16/2021 17:30,0,-1
3/16/2021 17:35,0,-1
3/16/2021 17:40,0,-1
3/16/2021 17:45,0,-1
3/16/2021 17:50,0,-1
3/16/2021 17:55,0,-1
3/16/2021 18:00,0,-1
3/16/2021 18:05,0,-1
3/16/2021 18:10,0,-1
3/16/2021 18:15,0,-1
3/16/2021 18:20,0,-1
3/16/2021 18:25,0,-1
3/16/2021 18:30,0,-1
3/16/2021 18:35,0,-1
3/16/2021 18:40,0,-1
3/16/2021 18:45,0,-1
3/16/2021 18:50,0,-1
3/16/2021 18:55,0,-1
3/16/2021 19:00,0,-1
3/16/2021 19:05,0,-1
3/16/2021 19:10,0,-1
3/16/2021 19:15,0,-1
3/16/2021 19:20,0,-1
3/16/2021 19:25,0,-1
3/16/2021 19:30,0,-1
3/16/2021 19:35,0,-1
3/16/2021 19:40,0,-1
3/16/2021 19:45,0,-1
3/16/2021 19:50,0,-1
3/16/2021 19:55,0,-1
3/16/2021 20:00,0,-1
3/16/2021 20:05,0,-1
3/16/2021 20:10,0,-1
3/16/2021 20:15,0,-1
3/16/2021 20:20,0,-1
3/16/2021 20:25,0,-1
3/16/2021 20:30,0,-1
3/16/2021 20:35,0,-1
3/16/2021 20:40,0,-1
3/16/2021 20:45,0,-1
3/16/2021 20:50,0,-1
3/16/2021 20:55,0,-1
3/16/2021 21:00,0,-1
3/16/2021 21:05,0,-1
3/16/2021 21:10,0,-1
3/16/2021 21:15,0,-1
3/16/2021 21:20,0,-1
3/16/2021 21:25,0,-1
3/16/2021 21:30,0,-1
3/16/2021 21:35,0,-1
3/16/2021 21:40,0,-1
3/16/2021 21:45,0,-1
3/16/2021 21:50,0,-1
3/16/2021 21:55,0,-1
3/16/2021 22:00,0,-1
3/16/2021 22:05,0,-1
3/16/2021 22:10,0,-1
3/16/2021 22:15,0,-1
3/16/2021 22:20,0,-1
3/16/2021 22:25,0,-1
3/16/2021 22:30,0,-1
3/16/2021 22:35,0,-1
3/16/2021 22:40,0,-1
3/16/2021 22:45,0,-1
3/16/2021 22:50,0,-1
3/16/2021 22:55,0,-1
3/16/2021 23:00,0,-1
3/16/2021 23:05,0,-1
3/16/2021 23:10,0,-1
3/16/2021 23:15,0,-1
3/16/2021 23:20,0,-1
3/16/2021 23:25,0,-1
3/16/2021 23:30,0,-1
3/16/2021 23:35,0,-1
3/16/2021 23:40,0,-1
3/16/2021 23:45,0,-1
3/16/2021 23:50,0,-1
3/16/2021 23:55,0,-1
3/17/2021 0:00,0.4733538,0.1147741
3/17/2021 0:05,0.9134769,0.1025641
3/17/2021 0:10,0.9696,0.05982906
3/17/2021 0:15,1.019077,0.05372405
3/17/2021 0:20,1.001354,0.05250305
3/17/2021 0:25,1.007262,0.04639805
3/17/2021 0:30,1.010215,0.04395605
3/17/2021 0:35,1.007262,0.04273504
3/17/2021 0:40,1.005785,0.04273504
3/17/2021 0:45,1.008,0.04151404
3/17/2021 0:50,1.002831,0.04029304
3/17/2021 0:55,1.002092,0.03785104
3/17/2021 1:00,0.9976615,0.03785104
3/17/2021 1:05,0.9961846,0.03540904
3/17/2021 1:10,1.008,0.03540904
3/17/2021 1:15,0.9998769,0.03540904
3/17/2021 1:20,1.001354,0.03540904
3/17/2021 1:25,1.008,0.03540904
3/17/2021 1:30,1.013169,0.03540904
3/17/2021 1:35,1.007262,0.03540904
3/17/2021 1:40,1.010954,0.03663004
3/17/2021 1:45,1.005785,0.03418804
3/17/2021 1:50,1.001354,0.03418804
3/17/2021 1:55,1.007262,0.03418804
3/17/2021 2:00,0.9984,0.03418804
3/17/2021 2:05,0.9984,0.03418804
3/17/2021 2:10,1.008,0.03418804
3/17/2021 2:15,1.002092,0.03540904
3/17/2021 2:20,1.008,0.03418804
3/17/2021 2:25,0.9961846,0.03296703
3/17/2021 2:30,0.9917538,0.03296703
3/17/2021 2:35,0.9954461,0.03296703
3/17/2021 2:40,1.013908,0.03296703
3/17/2021 2:45,1.002831,0.03296703
3/17/2021 2:50,0.9976615,0.03296703
3/17/2021 2:55,0.9984,0.03296703
3/17/2021 3:00,1.001354,0.03174603
3/17/2021 3:05,1.008,0.03174603
3/17/2021 3:10,0.9932307,0.03174603
3/17/2021 3:15,0.9910154,0.03296703
3/17/2021 3:20,1.005785,0.03174603
3/17/2021 3:25,1.014646,0.03174603
3/17/2021 3:30,0.9984,0.03174603
3/17/2021 3:35,1.005046,0.03174603
3/17/2021 3:40,1.004308,0.03174603
3/17/2021 3:45,1.009477,0.03174603
3/17/2021 3:50,0.9991384,0.03174603
3/17/2021 3:55,1.002831,0.03174603
3/17/2021 4:00,0.996923,0.03174603
3/17/2021 4:05,0.9984,0.03174603
3/17/2021 4:10,1.005785,0.03174603
3/17/2021 4:15,0.996923,0.03174603
3/17/2021 4:20,1.010954,0.03540904
3/17/2021 4:25,1.005046,0.03296703
3/17/2021 4:30,1.015385,0.03296703
3/17/2021 4:35,1.009477,0.03296703
3/17/2021 4:40,1.021292,0.03296703
3/17/2021 4:45,1.0176,0.03296703
3/17/2021 4:50,1.015385,0.03296703
3/17/2021 4:55,1.010954,0.03296703
3/17/2021 5:00,1.012431,0.03296703
3/17/2021 5:05,1.021292,0.03296703
3/17/2021 5:10,1.013908,0.03296703
3/17/2021 5:15,1.013169,0.03296703
3/17/2021 5:20,1.013908,0.03296703
3/17/2021 5:25,1.016123,0.03296703
3/17/2021 5:30,1.010215,0.03296703
3/17/2021 5:35,0.9984,0.03296703
3/17/2021 5:40,1.005785,0.03296703
3/17/2021 5:45,1.011692,0.03296703
3/17/2021 5:50,0.9998769,0.03296703
3/17/2021 5:55,1.007262,0.03296703
3/17/2021 6:00,1.003569,0.03296703
3/17/2021 6:05,1.006523,0.03296703
3/17/2021 6:10,1.012431,0.03296703
3/17/2021 6:15,1.001354,0.03296703
3/17/2021 6:20,1.000615,0.03296703
3/17/2021 6:25,1.016123,0.03296703
3/17/2021 6:30,1.005785,0.03296703
3/17/2021 6:35,1.005785,0.03296703
3/17/2021 6:40,1.005785,0.03296703
3/17/2021 6:45,1.005785,0.03296703
3/17/2021 6:50,1.002831,0.03296703
3/17/2021 6:55,1.006523,0.03296703
3/17/2021 7:00,0.9917538,0.03296703
3/17/2021 7:05,0.996923,0.03296703
3/17/2021 7:10,1.008,0.03296703
3/17/2021 7:15,0.996923,0.03296703
3/17/2021 7:20,0.9961846,0.03296703
3/17/2021 7:25,1.002831,0.03296703
3/17/2021 7:30,0.9961846,0.03296703
3/17/2021 7:35,0.9984,0.03296703
3/17/2021 7:40,0.9932307,0.03296703
3/17/2021 7:45,0.996923,0.03296703
3/17/2021 7:50,1.001354,0.03296703
3/17/2021 7:55,0.9976615,0.03174603
3/17/2021 8:00,1.003569,0.03174603
3/17/2021 8:05,0.9917538,0.03174603
3/17/2021 8:10,0.9998769,0.03174603
3/17/2021 8:15,0.9954461,0.03174603
3/17/2021 8:20,1.002092,0.03052503
3/17/2021 8:25,0.9991384,0.03052503
3/17/2021 8:30,1.008,0.03052503
3/17/2021 8:35,0.9961846,0.03052503
3/17/2021 8:40,1.004308,0.03052503
3/17/2021 8:45,1.008738,0.03052503
3/17/2021 8:50,0.9939692,0.03052503
3/17/2021 8:55,0.9961846,0.03052503
3/17/2021 9:00,0.9998769,0.03052503
3/17/2021 9:05,0.9947076,0.03052503
3/17/2021 9:10,0.9947076,0.03052503
3/17/2021 9:15,0.9976615,0.03052503
3/17/2021 9:20,0.9924923,0.02930403
3/17/2021 9:25,0.996923,0.02930403
3/17/2021 9:30,0.9961846,0.02930403
3/17/2021 9:35,0.9917538,0.02930403
3/17/2021 9:40,0.9961846,0.02930403
3/17/2021 9:45,0.9961846,0.02930403
3/17/2021 9:50,0.9939692,0.02930403
3/17/2021 9:55,1.000615,0.02808303
3/17/2021 10:00,0.9939692,0.02808303
3/17/2021 10:05,0.9991384,0.02808303
3/17/2021 10:10,0.9947076,0.02808303
3/17/2021 10:15,1.0176,0.02808303
3/17/2021 10:20,1.002092,0.02808303
3/17/2021 10:25,0.996923,0.02808303
3/17/2021 10:30,0.9998769,0.02808303
3/17/2021 10:35,1.001354,0.02808303
3/17/2021 10:40,1.006523,0.02808303
3/17/2021 10:45,1.003569,0.02686203
3/17/2021 10:50,0.9961846,0.02686203
3/17/2021 10:55,1.004308,0.02686203
3/17/2021 11:00,0.9998769,0.02686203
3/17/2021 11:05,1.001354,0.02686203
3/17/2021 11:10,0.9984,0.02686203
3/17/2021 11:15,0.9947076,0.02564103
3/17/2021 11:20,1.013908,0.02564103
3/17/2021 11:25,0.996923,0.02564103
3/17/2021 11:30,0.9954461,0.02564103
3/17/2021 11:35,1.000615,0.02564103
3/17/2021 11:40,0.996923,0.02564103
3/17/2021 11:45,0.9917538,0.02564103
3/17/2021 11:50,0.9947076,0.02564103
3/17/2021 11:55,1.001354,0.02564103
3/17/2021 12:00,1.002831,0.02564103
3/17/2021 12:05,1.003569,0.02564103
3/17/2021 12:10,0.9976615,0.02564103
3/17/2021 12:15,0.9961846,0.02442002
3/17/2021 12:20,1.006523,0.02442002
3/17/2021 12:25,1.003569,0.02442002
3/17/2021 12:30,0.9961846,0.02442002
3/17/2021 12:35,0.9947076,0.02442002
3/17/2021 12:40,0.9998769,0.02442002
3/17/2021 12:45,0.9954461,0.02442002
3/17/2021 12:50,1.002092,0.02442002
3/17/2021 12:55,0.9932307,0.02442002
3/17/2021 13:00,1.002831,0.02442002
3/17/2021 13:05,1.005046,0.02442002
3/17/2021 13:10,0.9984,0.02442002
3/17/2021 13:15,0.9998769,0.02442002
3/17/2021 13:20,0.9917538,0.02442002
3/17/2021 13:25,0.9976615,0.02319902
3/17/2021 13:30,0.996923,0.02319902
3/17/2021 13:35,0.9976615,0.02319902
3/17/2021 13:40,1.004308,0.02319902
3/17/2021 13:45,1.001354,0.02319902
3/17/2021 13:50,0.9947076,0.02319902
3/17/2021 13:55,1.000615,0.02319902
3/17/2021 14:00,1.003569,0.02319902
3/17/2021 14:05,0.9895384,0.02197802
3/17/2021 14:10,0.9998769,0.02197802
3/17/2021 14:15,0.9947076,0.02197802
3/17/2021 14:20,0.9910154,0.02197802
3/17/2021 14:25,0.9961846,0.02197802
3/17/2021 14:30,0.9984,0.02197802
3/17/2021 14:35,0.987323,0.02197802
3/17/2021 14:40,0.996923,0.02197802
3/17/2021 14:45,0.9917538,0.02197802
3/17/2021 14:50,0.9932307,0.02197802
3/17/2021 14:55,0.9917538,0.02197802
3/17/2021 15:00,0.9998769,0.02197802
3/17/2021 15:05,0.9910154,0.02197802
3/17/2021 15:10,0.9961846,0.02197802
3/17/2021 15:15,1.003569,0.02197802
3/17/2021 15:20,1.004308,0.02197802
3/17/2021 15:25,0.9961846,0.02197802
3/17/2021 15:30,0.9843692,0.02197802
3/17/2021 15:35,0.9954461,0.02197802
3/17/2021 15:40,0.9858461,0.02197802
3/17/2021 15:45,0.9998769,0.02075702
3/17/2021 15:50,0.9851077,0.02075702
3/17/2021 15:55,0.9902769,0.02075702
3/17/2021 16:00,0.9880615,0.02075702
3/17/2021 16:05,0.9888,0.02075702
3/17/2021 16:10,0.9806769,0.02075702
3/17/2021 16:15,0.9865846,0.02075702
3/17/2021 16:20,0.9851077,0.02075702
3/17/2021 16:25,0.9851077,0.02075702
3/17/2021 16:30,0.9924923,0.02075702
3/17/2021 16:35,0.9740308,0.02075702
3/17/2021 16:40,0.9799384,0.02075702
3/17/2021 16:45,0.9910154,0.02075702
3/17/2021 16:50,0.9865846,0.02075702
3/17/2021 16:55,0.9836308,0.01953602
3/17/2021 17:00,0.9865846,0.01953602
3/17/2021 17:05,0.9806769,0.01953602
3/17/2021 17:10,0.9976615,0.01953602
3/17/2021 17:15,0.9939692,0.01953602
3/17/2021 17:20,0.9880615,0.01953602
3/17/2021 17:25,0.9924923,0.01953602
3/17/2021 17:30,0.9836308,0.01953602
3/17/2021 17:35,0.9865846,0.01953602
3/17/2021 17:40,0.9932307,0.01953602
3/17/2021 17:45,0.9902769,0.01953602
3/17/2021 17:50,1.001354,0.01953602
3/17/2021 17:55,0.9895384,0.01953602
3/17/2021 18:00,0.9880615,0.01953602
3/17/2021 18:05,0.9947076,0.01953602
3/17/2021 18:10,0.9865846,0.01953602
3/17/2021 18:15,0.9932307,0.01953602
3/17/2021 18:20,0.9902769,0.01953602
3/17/2021 18:25,0.9924923,0.01953602
3/17/2021 18:30,0.9865846,0.01953602
3/17/2021 18:35,0.9888,0.01953602
3/17/2021 18:40,0.987323,0.01953602
3/17/2021 18:45,0.9880615,0.01953602
3/17/2021 18:50,0.987323,0.01953602
3/17/2021 18:55,0.9961846,0.01953602
3/17/2021 19:00,0.987323,0.01953602
3/17/2021 19:05,0.9947076,0.01953602
3/17/2021 19:10,0.9895384,0.01953602
3/17/2021 19:15,0.9769846,0.01953602
3/17/2021 19:20,0.9223384,0.01953602
3/17/2021 19:25,0.8891077,0.01953602
3/17/2021 19:30,0.9001846,0.01953602
3/17/2021 19:35,0.8942769,0.01953602
3/17/2021 19:40,0.8957538,0.01953602
3/17/2021 19:45,0.8928,0.01953602
3/17/2021 19:50,0.8987077,0.01953602
3/17/2021 19:55,0.9009231,0.01953602
3/17/2021 20:00,0.8994461,0.01831502
3/17/2021 20:05,0.8994461,0.01831502
3/17/2021 20:10,0.9016615,0.01831502
3/17/2021 20:15,0.8979692,0.01831502
3/17/2021 20:20,0.9009231,0.01831502
3/17/2021 20:25,0.8964923,0.01831502
3/17/2021 20:30,0.8994461,0.01831502
3/17/2021 20:35,0.9038769,0.01831502
3/17/2021 20:40,0.8957538,0.01831502
3/17/2021 20:45,0.8928,0.01831502
3/17/2021 20:50,0.9024,0.01831502
3/17/2021 20:55,0.9068307,0.01831502
3/17/2021 21:00,0.9105231,0.01831502
3/17/2021 21:05,0.9024,0.01831502
3/17/2021 21:10,0.8979692,0.01831502
3/17/2021 21:15,0.9016615,0.01831502
3/17/2021 21:20,0.9046153,0.01831502
3/17/2021 21:25,0.9053538,0.01831502
3/17/2021 21:30,1.010954,0.01831502
3/17/2021 21:35,1.015385,0.01831502
3/17/2021 21:40,0.9570462,0.01831502
3/17/2021 21:45,1.008,0.01831502
3/17/2021 21:50,1.1136,0.01831502
3/17/2021 21:55,1.120985,0.01831502
3/17/2021 22:00,1.125415,0.01831502
3/17/2021 22:05,1.129108,0.01831502
3/17/2021 22:10,1.101785,0.01831502
3/17/2021 22:15,1.122462,0.01831502
3/17/2021 22:20,1.116554,0.01831502
3/17/2021 22:25,1.1136,0.01831502
3/17/2021 22:30,1.111385,0.01953602
3/17/2021 22:35,1.109908,0.01831502
3/17/2021 22:40,1.104738,0.01831502
3/17/2021 22:45,1.115077,0.01953602
3/17/2021 22:50,1.109908,0.01831502
3/17/2021 22:55,1.112862,0.01831502
3/17/2021 23:00,1.105477,0.01831502
3/17/2021 23:05,1.107692,0.01831502
3/17/2021 23:10,1.106954,0.01831502
3/17/2021 23:15,1.098831,0.01831502
3/17/2021 23:20,1.108431,0.01831502
3/17/2021 23:25,1.106215,0.01831502
3/17/2021 23:30,1.110646,0.01831502
3/17/2021 23:35,1.106215,0.01831502
3/17/2021 23:40,1.104,0.01831502
3/17/2021 23:45,1.108431,0.01831502
3/17/2021 23:50,1.112862,0.01831502
3/17/2021 23:55,1.105477,0.01831502
3/18/2021 0:00,1.0944,0.01831502
3/18/2021 0:05,1.105477,0.01831502
3/18/2021 0:10,1.107692,0.01831502
3/18/2021 0:15,1.112862,0.01831502
3/18/2021 0:20,1.097354,0.01831502
3/18/2021 0:25,1.089969,0.01831502
3/18/2021 0:30,1.095877,0.01831502
3/18/2021 0:35,1.099569,0.01831502
3/18/2021 0:40,1.098831,0.01831502
3/18/2021 0:45,1.103261,0.01953602
3/18/2021 0:50,1.116554,0.01831502
3/18/2021 0:55,1.099569,0.01831502
3/18/2021 1:00,1.095877,0.01831502
3/18/2021 1:05,1.104,0.01831502
3/18/2021 1:10,1.101046,0.01831502
3/18/2021 1:15,1.102523,0.01831502
3/18/2021 1:20,1.098831,0.01831502
3/18/2021 1:25,1.105477,0.01831502
3/18/2021 1:30,1.104,0.01831502
3/18/2021 1:35,1.106954,0.01831502
3/18/2021 1:40,1.106215,0.01831502
3/18/2021 1:45,1.100308,0.01831502
3/18/2021 1:50,1.107692,0.01831502
3/18/2021 1:55,1.108431,0.01831502
3/18/2021 2:00,1.112123,0.01831502
3/18/2021 2:05,1.109908,0.01831502
3/18/2021 2:10,1.104,0.01831502
3/18/2021 2:15,1.106954,0.01831502
3/18/2021 2:20,1.110646,0.01831502
3/18/2021 2:25,1.110646,0.01831502
3/18/2021 2:30,1.110646,0.01831502
3/18/2021 2:35,1.104,0.01831502
3/18/2021 2:40,1.089231,0.01831502
3/18/2021 2:45,1.104,0.01831502
3/18/2021 2:50,1.098092,0.01831502
3/18/2021 2:55,1.109908,0.01831502
3/18/2021 3:00,1.092185,0.01831502
3/18/2021 3:05,1.096615,0.01831502
3/18/2021 3:10,1.090708,0.01831502
3/18/2021 3:15,1.103261,0.01831502
3/18/2021 3:20,1.092185,0.01831502
3/18/2021 3:25,1.096615,0.01831502
3/18/2021 3:30,1.092185,0.01831502
3/18/2021 3:35,1.093662,0.01831502
3/18/2021 3:40,1.078892,0.01831502
3/18/2021 3:45,1.081108,0.01831502
3/18/2021 3:50,1.087754,0.01831502
3/18/2021 3:55,1.086277,0.01831502
3/18/2021 4:00,1.079631,0.01831502
3/18/2021 4:05,1.089969,0.01831502
3/18/2021 4:10,1.097354,0.01831502
3/18/2021 4:15,1.086277,0.01831502
3/18/2021 4:20,1.082585,0.01831502
3/18/2021 4:25,1.092185,0.01831502
3/18/2021 4:30,1.093662,0.01831502
3/18/2021 4:35,1.082585,0.01831502
3/18/2021 4:40,1.0848,0.01831502
3/18/2021 4:45,1.078892,0.01831502
3/18/2021 4:50,1.089969,0.01831502
3/18/2021 4:55,1.092185,0.01831502
3/18/2021 5:00,1.092185,0.01831502
3/18/2021 5:05,1.103261,0.01831502
3/18/2021 5:10,1.098831,0.01831502
3/18/2021 5:15,1.0944,0.01831502
3/18/2021 5:20,1.095877,0.01831502
3/18/2021 5:25,1.097354,0.01831502
3/18/2021 5:30,1.089969,0.01831502
3/18/2021 5:35,1.104,0.01831502
3/18/2021 5:40,1.106954,0.01831502
3/18/2021 5:45,1.095877,0.01831502
3/18/2021 5:50,1.095877,0.01831502
3/18/2021 5:55,1.105477,0.01831502
3/18/2021 6:00,1.098831,0.01831502
3/18/2021 6:05,1.103261,0.01831502
3/18/2021 6:10,1.101785,0.01831502
3/18/2021 6:15,1.093662,0.01831502
3/18/2021 6:20,1.097354,0.01831502
3/18/2021 6:25,1.097354,0.01831502
3/18/2021 6:30,1.092923,0.01831502
3/18/2021 6:35,1.095877,0.01831502
3/18/2021 6:40,1.101785,0.01709402
3/18/2021 6:45,1.097354,0.01709402
3/18/2021 6:50,1.0848,0.01709402
3/18/2021 6:55,1.097354,0.01709402
3/18/2021 7:00,1.0944,0.01709402
3/18/2021 7:05,1.087754,0.01709402
3/18/2021 7:10,1.092185,0.01709402
3/18/2021 7:15,1.089969,0.01709402
3/18/2021 7:20,1.095877,0.01709402
3/18/2021 7:25,1.100308,0.01709402
3/18/2021 7:30,1.090708,0.01709402
3/18/2021 7:35,1.104,0.01709402
3/18/2021 7:40,1.092923,0.01709402
3/18/2021 7:45,1.089969,0.01709402
3/18/2021 7:50,1.089231,0.01831502
3/18/2021 7:55,1.086277,0.01831502
3/18/2021 8:00,1.093662,0.01831502
3/18/2021 8:05,1.097354,0.01831502
3/18/2021 8:10,1.098092,0.01831502
3/18/2021 8:15,1.085538,0.01831502
3/18/2021 8:20,1.082585,0.01709402
3/18/2021 8:25,1.086277,0.01709402
3/18/2021 8:30,1.076677,0.01709402
3/18/2021 8:35,1.087754,0.01709402
3/18/2021 8:40,1.081846,0.01709402
3/18/2021 8:45,1.095877,0.01709402
3/18/2021 8:50,1.150523,0.01709402
3/18/2021 8:55,1.131323,0.01709402
3/18/2021 9:00,1.0656,0.01709402
3/18/2021 9:05,1.093662,0.01709402
3/18/2021 9:10,1.092923,0.01709402
3/18/2021 9:15,1.117292,0.01709402
3/18/2021 9:20,1.106954,0.01709402
3/18/2021 9:25,1.1136,0.01709402
3/18/2021 9:30,1.106954,0.01709402
3/18/2021 9:35,1.104,0.01709402
3/18/2021 9:40,1.109908,0.01709402
3/18/2021 9:45,1.115077,0.01709402
3/18/2021 9:50,1.106215,0.01709402
3/18/2021 9:55,1.102523,0.01831502
3/18/2021 10:00,1.098831,0.01709402
3/18/2021 10:05,1.106215,0.01709402
3/18/2021 10:10,1.105477,0.01709402
3/18/2021 10:15,1.106954,0.01709402
3/18/2021 10:20,1.105477,0.01709402
3/18/2021 10:25,1.107692,0.01709402
3/18/2021 10:30,1.1136,0.01709402
3/18/2021 10:35,1.104,0.01709402
3/18/2021 10:40,1.111385,0.01709402
3/18/2021 10:45,1.104738,0.01709402
3/18/2021 10:50,1.100308,0.01831502
3/18/2021 10:55,1.102523,0.01709402
3/18/2021 11:00,1.112123,0.01709402
3/18/2021 11:05,1.120985,0.01709402
3/18/2021 11:10,1.106954,0.01831502
3/18/2021 11:15,1.105477,0.01709402
3/18/2021 11:20,1.115815,0.01709402
3/18/2021 11:25,1.105477,0.01709402
3/18/2021 11:30,1.103261,0.01709402
3/18/2021 11:35,1.101785,0.01709402
3/18/2021 11:40,1.103261,0.01709402
3/18/2021 11:45,1.101785,0.01709402
3/18/2021 11:50,1.111385,0.01709402
3/18/2021 11:55,1.103261,0.01709402
3/18/2021 12:00,1.096615,0.01709402
3/18/2021 12:05,1.106954,0.01709402
3/18/2021 12:10,1.097354,0.01709402
3/18/2021 12:15,1.101785,0.01709402
3/18/2021 12:20,1.0944,0.01709402
3/18/2021 12:25,1.101046,0.01709402
3/18/2021 12:30,1.092923,0.01709402
3/18/2021 12:35,1.104,0.01709402
3/18/2021 12:40,1.092185,0.01709402
3/18/2021 12:45,1.104,0.01709402
3/18/2021 12:50,1.086277,0.01709402
3/18/2021 12:55,1.081846,0.01709402
3/18/2021 13:00,1.097354,0.01709402
3/18/2021 13:05,1.090708,0.01709402
3/18/2021 13:10,1.089231,0.01709402
3/18/2021 13:15,1.081108,0.01709402
3/18/2021 13:20,1.093662,0.01709402
3/18/2021 13:25,1.101046,0.01709402
3/18/2021 13:30,1.087015,0.01709402
3/18/2021 13:35,1.093662,0.01709402
3/18/2021 13:40,1.104,0.01709402
3/18/2021 13:45,1.089231,0.01709402
3/18/2021 13:50,1.108431,0.01709402
3/18/2021 13:55,1.0944,0.01709402
3/18/2021 14:00,1.097354,0.01831502
3/18/2021 14:05,1.099569,0.01709402
3/18/2021 14:10,1.098092,0.01709402
3/18/2021 14:15,1.100308,0.01709402
3/18/2021 14:20,1.101046,0.01709402
3/18/2021 14:25,1.096615,0.01709402
3/18/2021 14:30,1.111385,0.01709402
3/18/2021 14:35,1.093662,0.01709402
3/18/2021 14:40,1.093662,0.01709402
3/18/2021 14:45,1.104,0.01709402
3/18/2021 14:50,1.116554,0.01709402
3/18/2021 14:55,1.104,0.01709402
3/18/2021 15:00,1.104,0.01709402
3/18/2021 15:05,1.105477,0.01709402
3/18/2021 15:10,1.107692,0.01709402
3/18/2021 15:15,1.095138,0.01709402
3/18/2021 15:20,1.116554,0.01709402
3/18/2021 15:25,1.096615,0.01709402
3/18/2021 15:30,1.095877,0.01709402
3/18/2021 15:35,1.096615,0.01709402
3/18/2021 15:40,1.104,0.01709402
3/18/2021 15:45,1.105477,0.01709402
3/18/2021 15:50,1.092185,0.01709402
3/18/2021 15:55,1.106215,0.01709402
3/18/2021 16:00,1.095877,0.01709402
3/18/2021 16:05,1.102523,0.01709402
3/18/2021 16:10,1.100308,0.01709402
3/18/2021 16:15,1.098831,0.01709402
3/18/2021 16:20,1.109908,0.01709402
3/18/2021 16:25,1.096615,0.01709402
3/18/2021 16:30,1.099569,0.01709402
3/18/2021 16:35,1.104,0.01709402
3/18/2021 16:40,1.104,0.01709402
3/18/2021 16:45,1.101785,0.01709402
3/18/2021 16:50,1.101785,0.01709402
3/18/2021 16:55,1.101046,0.01709402
3/18/2021 17:00,1.102523,0.01709402
3/18/2021 17:05,1.097354,0.01709402
3/18/2021 17:10,1.098831,0.01709402
3/18/2021 17:15,1.103261,0.01709402
3/18/2021 17:20,1.104,0.01709402
3/18/2021 17:25,1.095877,0.01709402
3/18/2021 17:30,1.103261,0.01709402
3/18/2021 17:35,1.102523,0.01709402
3/18/2021 17:40,1.108431,0.01709402
3/18/2021 17:45,1.106215,0.01709402
3/18/2021 17:50,1.111385,0.01709402
3/18/2021 17:55,1.101046,0.01709402
3/18/2021 18:00,1.112862,0.01709402
3/18/2021 18:05,1.104,0.01709402
3/18/2021 18:10,1.106954,0.01709402
3/18/2021 18:15,1.106954,0.01709402
3/18/2021 18:20,1.106215,0.01709402
3/18/2021 18:25,1.114338,0.01709402
3/18/2021 18:30,1.114338,0.01709402
3/18/2021 18:35,1.115815,0.01709402
3/18/2021 18:40,1.116554,0.01709402
3/18/2021 18:45,1.120985,0.01709402
3/18/2021 18:50,1.1136,0.01709402
3/18/2021 18:55,1.1136,0.01709402
3/18/2021 19:00,1.110646,0.01709402
3/18/2021 19:05,1.109908,0.01709402
3/18/2021 19:10,1.117292,0.01709402
3/18/2021 19:15,1.112862,0.01709402
3/18/2021 19:20,1.097354,0.01709402
3/18/2021 19:25,1.106954,0.01709402
3/18/2021 19:30,1.108431,0.01709402
3/18/2021 19:35,1.098831,0.01709402
3/18/2021 19:40,1.108431,0.01709402
3/18/2021 19:45,1.105477,0.01709402
3/18/2021 19:50,1.100308,0.01709402
3/18/2021 19:55,1.0944,0.01709402
3/18/2021 20:00,1.102523,0.01709402
3/18/2021 20:05,1.100308,0.01709402
3/18/2021 20:10,1.100308,0.01709402
3/18/2021 20:15,1.103261,0.01709402
3/18/2021 20:20,1.103261,0.01709402
3/18/2021 20:25,1.087754,0.01709402
3/18/2021 20:30,1.099569,0.01709402
3/18/2021 20:35,1.089231,0.01709402
3/18/2021 20:40,1.089969,0.01709402
3/18/2021 20:45,1.092923,0.01709402
3/18/2021 20:50,1.092185,0.01709402
3/18/2021 20:55,1.082585,0.01709402
3/18/2021 21:00,1.092923,0.01709402
3/18/2021 21:05,1.093662,0.01709402
3/18/2021 21:10,1.090708,0.01709402
3/18/2021 21:15,1.087015,0.01831502
3/18/2021 21:20,1.087754,0.01831502
3/18/2021 21:25,1.092185,0.01831502
3/18/2021 21:30,1.081846,0.01831502
3/18/2021 21:35,1.098092,0.01709402
3/18/2021 21:40,1.082585,0.01709402
3/18/2021 21:45,1.084062,0.01709402
3/18/2021 21:50,1.083323,0.01709402
3/18/2021 21:55,1.082585,0.01709402
3/18/2021 22:00,1.080369,0.01831502
3/18/2021 22:05,1.048615,0.01831502
3/18/2021 22:10,1.109908,0.01831502
3/18/2021 22:15,1.108431,0.01831502
3/18/2021 22:20,1.110646,0.01831502
3/18/2021 22:25,1.120985,0.01831502
3/18/2021 22:30,1.0752,0.01831502
3/18/2021 22:35,1.097354,0.01831502
3/18/2021 22:40,1.089231,0.01831502
3/18/2021 22:45,1.098831,0.01831502
3/18/2021 22:50,1.098831,0.01709402
3/18/2021 22:55,1.101785,0.01831502
3/18/2021 23:00,1.099569,0.01831502
3/18/2021 23:05,1.101785,0.01831502
3/18/2021 23:10,1.119508,0.01831502
3/18/2021 23:15,1.104738,0.01831502
3/18/2021 23:20,1.112862,0.01709402
3/18/2021 23:25,1.1136,0.01831502
3/18/2021 23:30,1.108431,0.01831502
3/18/2021 23:35,1.108431,0.01831502
3/18/2021 23:40,1.111385,0.01831502
3/18/2021 23:45,1.108431,0.01831502
3/18/2021 23:50,1.108431,0.01831502
3/18/2021 23:55,1.106954,0.01831502
3/19/2021 0:00,1.105477,0.01831502
3/19/2021 0:05,1.109908,0.01831502
3/19/2021 0:10,1.108431,0.01831502
3/19/2021 0:15,1.103261,0.01831502
3/19/2021 0:20,1.111385,0.01831502
3/19/2021 0:25,1.100308,0.01831502
3/19/2021 0:30,1.104738,0.01831502
3/19/2021 0:35,1.101785,0.01831502
3/19/2021 0:40,1.103261,0.01831502
3/19/2021 0:45,1.106215,0.01831502
3/19/2021 0:50,1.104738,0.01831502
3/19/2021 0:55,1.112123,0.01831502
3/19/2021 1:00,1.098831,0.01831502
3/19/2021 1:05,1.106954,0.01831502
3/19/2021 1:10,1.109169,0.01831502
3/19/2021 1:15,1.104,0.01831502
3/19/2021 1:20,1.104738,0.01831502
3/19/2021 1:25,1.111385,0.01831502
3/19/2021 1:30,1.1136,0.01831502
3/19/2021 1:35,1.109908,0.01831502
3/19/2021 1:40,1.106215,0.01831502
3/19/2021 1:45,1.1136,0.01831502
3/19/2021 1:50,1.115077,0.01831502
3/19/2021 1:55,1.098831,0.01831502
3/19/2021 2:00,1.115077,0.01831502
3/19/2021 2:05,1.106954,0.01831502
3/19/2021 2:10,1.1136,0.01831502
3/19/2021 2:15,1.109908,0.01831502
3/19/2021 2:20,1.112862,0.01831502
3/19/2021 2:25,1.112123,0.01831502
3/19/2021 2:30,1.106954,0.01831502
3/19/2021 2:35,1.1136,0.01831502
3/19/2021 2:40,1.112123,0.01831502
3/19/2021 2:45,1.112862,0.01831502
3/19/2021 2:50,1.111385,0.01831502
3/19/2021 2:55,1.064862,0.01831502
3/19/2021 3:00,1.109908,0.01831502
3/19/2021 3:05,1.112862,0.01831502
3/19/2021 3:10,1.1136,0.01953602
3/19/2021 3:15,1.117292,0.01831502
3/19/2021 3:20,1.106954,0.01831502
3/19/2021 3:25,1.101785,0.01831502
3/19/2021 3:30,1.108431,0.01831502
3/19/2021 3:35,1.116554,0.01831502
3/19/2021 3:40,1.1136,0.01831502
3/19/2021 3:45,1.107692,0.01831502
3/19/2021 3:50,1.107692,0.01831502
3/19/2021 3:55,1.106954,0.01831502
3/19/2021 4:00,1.109169,0.01831502
3/19/2021 4:05,1.112862,0.01831502
3/19/2021 4:10,1.104738,0.01831502
3/19/2021 4:15,1.109169,0.01831502
3/19/2021 4:20,1.100308,0.01831502
3/19/2021 4:25,1.111385,0.01831502
3/19/2021 4:30,1.109908,0.01831502
3/19/2021 4:35,1.107692,0.01831502
3/19/2021 4:40,1.100308,0.01831502
3/19/2021 4:45,1.106954,0.01831502
3/19/2021 4:50,1.104738,0.01831502
3/19/2021 4:55,1.087754,0.01831502
3/19/2021 5:00,1.093662,0.01831502
3/19/2021 5:05,1.100308,0.01831502
3/19/2021 5:10,1.100308,0.01831502
3/19/2021 5:15,1.090708,0.01831502
3/19/2021 5:20,1.096615,0.01831502
3/19/2021 5:25,1.092185,0.01831502
3/19/2021 5:30,1.085538,0.01831502
3/19/2021 5:35,1.084062,0.01831502
3/19/2021 5:40,1.090708,0.01831502
3/19/2021 5:45,1.092923,0.01831502
3/19/2021 5:50,1.103261,0.01831502
3/19/2021 5:55,1.084062,0.01831502
3/19/2021 6:00,1.093662,0.01831502
3/19/2021 6:05,1.116554,0.01831502
3/19/2021 6:10,1.093662,0.01831502
3/19/2021 6:15,1.098092,0.01953602
3/19/2021 6:20,1.093662,0.01953602
3/19/2021 6:25,1.089969,0.01953602
3/19/2021 6:30,1.093662,0.01953602
3/19/2021 6:35,1.099569,0.01953602
3/19/2021 6:40,1.089231,0.01953602
3/19/2021 6:45,1.088492,0.01953602
3/19/2021 6:50,1.087754,0.01953602
3/19/2021 6:55,1.079631,0.01953602
3/19/2021 7:00,1.090708,0.01953602
3/19/2021 7:05,1.084062,0.01953602
3/19/2021 7:10,1.092185,0.01953602
3/19/2021 7:15,1.133538,0.01953602
3/19/2021 7:20,1.108431,0.01953602
3/19/2021 7:25,1.112862,0.01953602
3/19/2021 7:30,1.115077,0.01953602
3/19/2021 7:35,1.114338,0.01953602
3/19/2021 7:40,1.109169,0.01953602
3/19/2021 7:45,1.118031,0.01953602
3/19/2021 7:50,1.118031,0.01953602
3/19/2021 7:55,1.119508,0.01953602
3/19/2021 8:00,1.109908,0.01953602
3/19/2021 8:05,1.112862,0.01953602
3/19/2021 8:10,1.106215,0.01953602
3/19/2021 8:15,1.109169,0.01953602
3/19/2021 8:20,1.104,0.01953602
3/19/2021 8:25,1.104,0.01953602
3/19/2021 8:30,1.103261,0.01953602
3/19/2021 8:35,1.101785,0.01953602
3/19/2021 8:40,1.103261,0.01953602
3/19/2021 8:45,1.103261,0.01953602
3/19/2021 8:50,1.100308,0.01953602
3/19/2021 8:55,1.101046,0.01953602
3/19/2021 9:00,1.112862,0.01953602
3/19/2021 9:05,1.095877,0.01953602
3/19/2021 9:10,1.107692,0.01953602
3/19/2021 9:15,1.108431,0.01953602
3/19/2021 9:20,1.1136,0.01953602
3/19/2021 9:25,1.104738,0.01953602
3/19/2021 9:30,1.102523,0.01953602
3/19/2021 9:35,1.097354,0.01953602
3/19/2021 9:40,1.104,0.01953602
3/19/2021 9:45,1.106215,0.01953602
3/19/2021 9:50,1.106954,0.01953602
3/19/2021 9:55,1.109908,0.01953602
3/19/2021 10:00,1.106954,0.01953602
3/19/2021 10:05,1.1136,0.01953602
3/19/2021 10:10,1.110646,0.01953602
3/19/2021 10:15,1.109908,0.01953602
3/19/2021 10:20,1.1136,0.01953602
3/19/2021 10:25,1.110646,0.01953602
3/19/2021 10:30,1.109908,0.01953602
3/19/2021 10:35,1.115815,0.01953602
3/19/2021 10:40,1.1136,0.01953602
3/19/2021 10:45,1.106954,0.01953602
3/19/2021 10:50,1.105477,0.01953602
3/19/2021 10:55,1.101785,0.01953602
3/19/2021 11:00,1.098831,0.01953602
3/19/2021 11:05,1.104,0.01953602
3/19/2021 11:10,1.103261,0.01953602
3/19/2021 11:15,1.097354,0.01953602
3/19/2021 11:20,1.100308,0.01953602
3/19/2021 11:25,1.097354,0.01953602
3/19/2021 11:30,1.101785,0.01953602
3/19/2021 11:35,1.103261,0.01953602
3/19/2021 11:40,1.106954,0.01953602
3/19/2021 11:45,1.098092,0.01953602
3/19/2021 11:50,1.104,0.01953602
3/19/2021 11:55,1.096615,0.01953602
3/19/2021 12:00,1.104738,0.01953602
3/19/2021 12:05,1.097354,0.01953602
3/19/2021 12:10,1.102523,0.01953602
3/19/2021 12:15,1.086277,0.01953602
3/19/2021 12:20,1.0944,0.01953602
3/19/2021 12:25,1.105477,0.01953602
3/19/2021 12:30,1.097354,0.01953602
3/19/2021 12:35,1.105477,0.01953602
3/19/2021 12:40,1.096615,0.01953602
3/19/2021 12:45,1.102523,0.02075702
3/19/2021 12:50,1.093662,0.02075702
3/19/2021 12:55,1.093662,0.02075702
3/19/2021 13:00,1.090708,0.02075702
3/19/2021 13:05,1.093662,0.02075702
3/19/2021 13:10,1.100308,0.02075702
3/19/2021 13:15,1.095877,0.02075702
3/19/2021 13:20,1.098831,0.02075702
3/19/2021 13:25,1.112862,0.02075702
3/19/2021 13:30,1.095877,0.02075702
3/19/2021 13:35,1.106954,0.02075702
3/19/2021 13:40,1.097354,0.02075702
3/19/2021 13:45,1.102523,0.02075702
3/19/2021 13:50,1.0848,0.02075702
3/19/2021 13:55,1.096615,0.02075702
3/19/2021 14:00,1.101785,0.02075702
3/19/2021 14:05,1.095877,0.02075702
3/19/2021 14:10,1.098831,0.02075702
3/19/2021 14:15,1.104,0.02075702
3/19/2021 14:20,1.097354,0.02075702
3/19/2021 14:25,1.106954,0.02075702
3/19/2021 14:30,1.097354,0.02075702
3/19/2021 14:35,1.101785,0.02075702
3/19/2021 14:40,1.097354,0.02075702
3/19/2021 14:45,1.103261,0.02075702
3/19/2021 14:50,1.099569,0.02075702
3/19/2021 14:55,1.103261,0.02075702
3/19/2021 15:00,1.101785,0.02075702
3/19/2021 15:05,1.098831,0.02075702
3/19/2021 15:10,1.098831,0.02075702
3/19/2021 15:15,1.049354,0.02075702
3/19/2021 15:20,1.101785,0.02075702
3/19/2021 15:25,1.115077,0.02075702
3/19/2021 15:30,1.091446,0.02075702
3/19/2021 15:35,1.0944,0.02075702
3/19/2021 15:40,1.087754,0.02075702
3/19/2021 15:45,1.091446,0.02075702
3/19/2021 15:50,1.095877,0.02075702
3/19/2021 15:55,1.093662,0.02075702
3/19/2021 16:00,1.089231,0.02075702
3/19/2021 16:05,1.092923,0.02075702
3/19/2021 16:10,1.092185,0.02075702
3/19/2021 16:15,1.087754,0.02075702
3/19/2021 16:20,1.079631,0.02075702
3/19/2021 16:25,1.090708,0.02075702
3/19/2021 16:30,1.0944,0.02075702
3/19/2021 16:35,1.0944,0.02075702
3/19/2021 16:40,1.089231,0.02075702
3/19/2021 16:45,1.095138,0.02075702
3/19/2021 16:50,1.086277,0.02075702
3/19/2021 16:55,1.087754,0.02075702
3/19/2021 17:00,1.084062,0.02075702
3/19/2021 17:05,1.097354,0.02075702
3/19/2021 17:10,1.093662,0.02075702
3/19/2021 17:15,1.089969,0.02075702
3/19/2021 17:20,1.086277,0.02075702
3/19/2021 17:25,1.096615,0.02075702
3/19/2021 17:30,1.098831,0.02075702
3/19/2021 17:35,1.089231,0.02075702
3/19/2021 17:40,1.103261,0.02075702
3/19/2021 17:45,1.097354,0.02075702
3/19/2021 17:50,1.098092,0.02075702
3/19/2021 17:55,1.100308,0.02075702
3/19/2021 18:00,1.097354,0.02075702
3/19/2021 18:05,1.092185,0.02075702
3/19/2021 18:10,1.088492,0.02075702
3/19/2021 18:15,1.090708,0.02075702
3/19/2021 18:20,1.095877,0.02075702
3/19/2021 18:25,1.091446,0.02075702
3/19/2021 18:30,1.100308,0.02075702
3/19/2021 18:35,1.0944,0.02075702
3/19/2021 18:40,1.0944,0.02075702
3/19/2021 18:45,1.097354,0.02075702
3/19/2021 18:50,1.090708,0.02075702
3/19/2021 18:55,1.095138,0.02075702
3/19/2021 19:00,1.097354,0.02075702
3/19/2021 19:05,1.091446,0.02075702
3/19/2021 19:10,1.103261,0.02075702
3/19/2021 19:15,1.089231,0.02075702
3/19/2021 19:20,1.105477,0.02075702
3/19/2021 19:25,1.101046,0.02075702
3/19/2021 19:30,1.106215,0.02075702
3/19/2021 19:35,1.109908,0.02075702
3/19/2021 19:40,1.100308,0.02075702
3/19/2021 19:45,1.106215,0.02075702
3/19/2021 19:50,1.109169,0.02075702
3/19/2021 19:55,1.108431,0.02075702
3/19/2021 20:00,1.115815,0.02075702
3/19/2021 20:05,1.111385,0.02075702
3/19/2021 20:10,1.106954,0.01953602
3/19/2021 20:15,1.1136,0.01953602
3/19/2021 20:20,1.104,0.01953602
3/19/2021 20:25,1.1136,0.01953602
3/19/2021 20:30,1.109908,0.01953602
3/19/2021 20:35,1.092923,0.01953602
3/19/2021 20:40,1.105477,0.01953602
3/19/2021 20:45,1.109908,0.01953602
3/19/2021 20:50,1.101785,0.01953602
3/19/2021 20:55,1.104738,0.01953602
3/19/2021 21:00,1.104,0.01953602
3/19/2021 21:05,1.104,0.01953602
3/19/2021 21:10,1.105477,0.01953602
3/19/2021 21:15,1.115077,0.01953602
3/19/2021 21:20,1.108431,0.02075702
3/19/2021 21:25,1.115077,0.01953602
3/19/2021 21:30,1.1136,0.01953602
3/19/2021 21:35,1.109908,0.01953602
3/19/2021 21:40,1.1136,0.01953602
3/19/2021 21:45,1.105477,0.01953602
3/19/2021 21:50,1.109169,0.01953602
3/19/2021 21:55,1.103261,0.01953602
3/19/2021 22:00,1.112123,0.01953602
3/19/2021 22:05,1.118031,0.01953602
3/19/2021 22:10,1.114338,0.01953602
3/19/2021 22:15,1.1136,0.01953602
3/19/2021 22:20,1.098831,0.01953602
3/19/2021 22:25,1.090708,0.01953602
3/19/2021 22:30,1.103261,0.01953602
3/19/2021 22:35,1.098092,0.01953602
3/19/2021 22:40,1.097354,0.01953602
3/19/2021 22:45,1.090708,0.01953602
3/19/2021 22:50,1.102523,0.01953602
3/19/2021 22:55,1.100308,0.01953602
3/19/2021 23:00,1.096615,0.01953602
3/19/2021 23:05,1.0944,0.01953602
3/19/2021 23:10,1.101785,0.01953602
3/19/2021 23:15,1.095877,0.01953602
3/19/2021 23:20,1.097354,0.01953602
3/19/2021 23:25,1.089969,0.01953602
3/19/2021 23:30,1.082585,0.01953602
3/19/2021 23:35,1.082585,0.01953602
3/19/2021 23:40,1.089969,0.01953602
3/19/2021 23:45,1.089231,0.01953602
3/19/2021 23:50,1.079631,0.01953602
3/19/2021 23:55,1.089231,0.01953602
3/20/2021 0:00,1.081846,0.01953602
3/20/2021 0:05,1.089969,0.01953602
3/20/2021 0:10,1.097354,0.02075702
3/20/2021 0:15,1.092185,0.02075702
3/20/2021 0:20,1.095138,0.02075702
3/20/2021 0:25,1.0848,0.02075702
3/20/2021 0:30,1.086277,0.02075702
3/20/2021 0:35,1.086277,0.02075702
3/20/2021 0:40,1.079631,0.02075702
3/20/2021 0:45,1.086277,0.02075702
3/20/2021 0:50,1.119508,0.02075702
3/20/2021 0:55,1.098092,0.02075702
3/20/2021 1:00,1.104,0.02075702
3/20/2021 1:05,1.106954,0.02075702
3/20/2021 1:10,1.099569,0.02075702
3/20/2021 1:15,1.093662,0.02075702
3/20/2021 1:20,1.103261,0.02075702
3/20/2021 1:25,1.104,0.02075702
3/20/2021 1:30,1.092185,0.02075702
3/20/2021 1:35,1.101785,0.02075702
3/20/2021 1:40,1.104738,0.02075702
3/20/2021 1:45,1.108431,0.02075702
3/20/2021 1:50,1.101046,0.02075702
3/20/2021 1:55,1.101046,0.02075702
3/20/2021 2:00,1.103261,0.02075702
3/20/2021 2:05,1.101046,0.02075702
3/20/2021 2:10,1.097354,0.02075702
3/20/2021 2:15,1.108431,0.02075702
3/20/2021 2:20,1.104738,0.02075702
3/20/2021 2:25,1.103261,0.02075702
3/20/2021 2:30,1.106954,0.02075702
3/20/2021 2:35,1.105477,0.02075702
3/20/2021 2:40,1.097354,0.02075702
3/20/2021 2:45,1.108431,0.02075702
3/20/2021 2:50,1.116554,0.02075702
3/20/2021 2:55,1.210338,0.02197802
3/20/2021 3:00,1.202954,0.02197802
3/20/2021 3:05,1.202215,0.02075702
3/20/2021 3:10,1.201477,0.02075702
3/20/2021 3:15,1.198523,0.02197802
3/20/2021 3:20,1.205908,0.02075702
3/20/2021 3:25,1.194831,0.02075702
3/20/2021 3:30,1.207385,0.02075702
3/20/2021 3:35,1.202954,0.02075702
3/20/2021 3:40,1.185231,0.02075702
3/20/2021 3:45,1.191138,0.02075702
3/20/2021 3:50,1.197785,0.02075702
3/20/2021 3:55,1.187446,0.02075702
3/20/2021 4:00,1.189662,0.02075702
3/20/2021 4:05,1.189662,0.02197802
3/20/2021 4:10,1.186708,0.02197802
3/20/2021 4:15,1.180062,0.02197802
3/20/2021 4:20,1.181538,0.02197802
3/20/2021 4:25,1.189662,0.02197802
3/20/2021 4:30,1.101046,0.02197802
3/20/2021 4:35,1.098831,0.02197802
3/20/2021 4:40,1.096615,0.02197802
3/20/2021 4:45,1.103261,0.02197802
3/20/2021 4:50,1.093662,0.02197802
3/20/2021 4:55,1.097354,0.02197802
3/20/2021 5:00,1.095877,0.02197802
3/20/2021 5:05,1.0944,0.02197802
3/20/2021 5:10,1.101785,0.02197802
3/20/2021 5:15,1.095877,0.02197802
3/20/2021 5:20,1.092923,0.02197802
3/20/2021 5:25,1.101046,0.02197802
3/20/2021 5:30,1.095877,0.02197802
3/20/2021 5:35,1.103261,0.02197802
3/20/2021 5:40,1.097354,0.02197802
3/20/2021 5:45,1.089231,0.02197802
3/20/2021 5:50,1.092185,0.02197802
3/20/2021 5:55,1.100308,0.02197802
3/20/2021 6:00,1.104,0.02197802
3/20/2021 6:05,1.100308,0.02197802
3/20/2021 6:10,1.102523,0.02197802
3/20/2021 6:15,1.095877,0.02197802
3/20/2021 6:20,1.098831,0.02197802
3/20/2021 6:25,1.104738,0.02197802
3/20/2021 6:30,1.096615,0.02197802
3/20/2021 6:35,1.096615,0.02197802
3/20/2021 6:40,1.101785,0.02197802
3/20/2021 6:45,1.097354,0.02197802
3/20/2021 6:50,1.099569,0.02197802
3/20/2021 6:55,1.098831,0.02197802
3/20/2021 7:00,1.093662,0.02197802
3/20/2021 7:05,1.101785,0.02197802
3/20/2021 7:10,1.092185,0.02197802
3/20/2021 7:15,1.089231,0.02197802
3/20/2021 7:20,1.095138,0.02197802
3/20/2021 7:25,1.091446,0.02197802
3/20/2021 7:30,1.0944,0.02197802
3/20/2021 7:35,1.0944,0.02197802
3/20/2021 7:40,1.098092,0.02197802
3/20/2021 7:45,1.089231,0.02197802
3/20/2021 7:50,1.092185,0.02197802
3/20/2021 7:55,1.087754,0.02197802
3/20/2021 8:00,1.098092,0.02197802
3/20/2021 8:05,1.086277,0.02197802
3/20/2021 8:10,1.090708,0.02197802
3/20/2021 8:15,1.086277,0.02197802
3/20/2021 8:20,1.084062,0.02197802
3/20/2021 8:25,1.0848,0.02197802
3/20/2021 8:30,1.091446,0.02197802
3/20/2021 8:35,1.091446,0.02197802
3/20/2021 8:40,1.088492,0.02197802
3/20/2021 8:45,1.086277,0.02197802
3/20/2021 8:50,1.089231,0.02197802
3/20/2021 8:55,1.087754,0.02197802
3/20/2021 9:00,1.092923,0.02197802
3/20/2021 9:05,1.092185,0.02197802
3/20/2021 9:10,1.084062,0.02197802
3/20/2021 9:15,1.084062,0.02197802
3/20/2021 9:20,1.0848,0.02197802
3/20/2021 9:25,1.081108,0.02197802
3/20/2021 9:30,1.088492,0.02197802
3/20/2021 9:35,1.083323,0.02197802
3/20/2021 9:40,1.084062,0.02197802
3/20/2021 9:45,1.081108,0.02197802
3/20/2021 9:50,1.0848,0.02197802
3/20/2021 9:55,1.078154,0.02197802
3/20/2021 10:00,1.095138,0.02197802
3/20/2021 10:05,1.091446,0.02197802
3/20/2021 10:10,1.103261,0.02197802
3/20/2021 10:15,1.098831,0.02197802
3/20/2021 10:20,1.089969,0.02197802
3/20/2021 10:25,1.093662,0.02197802
3/20/2021 10:30,1.087754,0.02197802
3/20/2021 10:35,1.097354,0.02197802
3/20/2021 10:40,1.086277,0.02197802
3/20/2021 10:45,1.087754,0.02197802
3/20/2021 10:50,1.0944,0.02197802
3/20/2021 10:55,1.086277,0.02197802
3/20/2021 11:00,1.092185,0.02197802
3/20/2021 11:05,1.082585,0.02197802
3/20/2021 11:10,1.090708,0.02197802
3/20/2021 11:15,1.087754,0.02197802
3/20/2021 11:20,1.091446,0.02197802
3/20/2021 11:25,1.0848,0.02197802
3/20/2021 11:30,1.090708,0.02197802
3/20/2021 11:35,1.091446,0.02197802
3/20/2021 11:40,1.092185,0.02197802
3/20/2021 11:45,1.095138,0.02197802
3/20/2021 11:50,1.0848,0.02197802
3/20/2021 11:55,1.092185,0.02197802
3/20/2021 12:00,1.089231,0.02197802
3/20/2021 12:05,1.098092,0.02197802
3/20/2021 12:10,1.0848,0.02197802
3/20/2021 12:15,1.0848,0.02197802
3/20/2021 12:20,1.092923,0.02197802
3/20/2021 12:25,1.091446,0.02197802
3/20/2021 12:30,1.093662,0.02197802
3/20/2021 12:35,1.083323,0.02197802
3/20/2021 12:40,1.087754,0.02197802
3/20/2021 12:45,1.1424,0.02197802
3/20/2021 12:50,1.120985,0.02197802
3/20/2021 12:55,1.0944,0.02197802
3/20/2021 13:00,1.102523,0.02197802
3/20/2021 13:05,1.105477,0.02197802
3/20/2021 13:10,1.096615,0.02197802
3/20/2021 13:15,1.101785,0.02197802
3/20/2021 13:20,1.105477,0.02197802
3/20/2021 13:25,1.095138,0.02197802
3/20/2021 13:30,1.093662,0.02197802
3/20/2021 13:35,1.103261,0.02197802
3/20/2021 13:40,1.095877,0.02197802
3/20/2021 13:45,1.100308,0.02197802
3/20/2021 13:50,1.101785,0.02197802
3/20/2021 13:55,1.098831,0.02197802
3/20/2021 14:00,1.102523,0.02197802
3/20/2021 14:05,1.087754,0.02197802
3/20/2021 14:10,1.102523,0.02197802
3/20/2021 14:15,1.110646,0.02197802
3/20/2021 14:20,1.098831,0.02197802
3/20/2021 14:25,1.101785,0.02197802
3/20/2021 14:30,1.095877,0.02197802
3/20/2021 14:35,1.096615,0.02197802
3/20/2021 14:40,1.082585,0.02197802
3/20/2021 14:45,1.092185,0.02197802
3/20/2021 14:50,1.0944,0.02197802
3/20/2021 14:55,1.086277,0.02197802
3/20/2021 15:00,1.098831,0.02197802
3/20/2021 15:05,1.0944,0.02197802
3/20/2021 15:10,1.086277,0.02197802
3/20/2021 15:15,1.101785,0.02197802
3/20/2021 15:20,1.086277,0.02197802
3/20/2021 15:25,1.096615,0.02197802
3/20/2021 15:30,1.091446,0.02197802
3/20/2021 15:35,1.100308,0.02197802
3/20/2021 15:40,1.101785,0.02197802
3/20/2021 15:45,1.104,0.02197802
3/20/2021 15:50,1.104,0.02197802
3/20/2021 15:55,1.100308,0.02197802
3/20/2021 16:00,1.100308,0.02197802
3/20/2021 16:05,1.096615,0.02197802
3/20/2021 16:10,1.100308,0.02197802
3/20/2021 16:15,1.109908,0.02197802
3/20/2021 16:20,1.095138,0.02197802
3/20/2021 16:25,1.101785,0.02197802
3/20/2021 16:30,1.100308,0.02197802
3/20/2021 16:35,1.095877,0.02197802
3/20/2021 16:40,1.092923,0.02197802
3/20/2021 16:45,1.093662,0.02197802
3/20/2021 16:50,1.093662,0.02197802
3/20/2021 16:55,1.097354,0.02197802
3/20/2021 17:00,1.089231,0.02197802
3/20/2021 17:05,1.0944,0.02197802
3/20/2021 17:10,1.091446,0.02197802
3/20/2021 17:15,1.093662,0.02197802
3/20/2021 17:20,1.106954,0.02197802
3/20/2021 17:25,1.097354,0.02197802
3/20/2021 17:30,1.096615,0.02197802
3/20/2021 17:35,1.102523,0.02197802
3/20/2021 17:40,0,-1
3/20/2021 17:45,0,-1
3/20/2021 17:50,0,-1
3/20/2021 17:55,0,-1
3/20/2021 18:00,0,-1
3/20/2021 18:05,0,-1
3/20/2021 18:10,0,-1
3/20/2021 18:15,0,-1
3/20/2021 18:20,0,-1
3/20/2021 18:25,0,-1
3/20/2021 18:30,0,-1
3/20/2021 18:35,0,-1
3/20/2021 18:40,0,-1
3/20/2021 18:45,0,-1
3/20/2021 18:50,0,-1
3/20/2021 18:55,0,-1
3/20/2021 19:00,0,-1
3/20/2021 19:05,0,-1
3/20/2021 19:10,0,-1
3/20/2021 19:15,0,-1
3/20/2021 19:20,0,-1
3/20/2021 19:25,0,-1
3/20/2021 19:30,0,-1
3/20/2021 19:35,0,-1
3/20/2021 19:40,0,-1
3/20/2021 19:45,0,-1
3/20/2021 19:50,0,-1
3/20/2021 19:55,0,-1
3/20/2021 20:00,0,-1
3/20/2021 20:05,0,-1
3/20/2021 20:10,0,-1
3/20/2021 20:15,0,-1
3/20/2021 20:20,0,-1
3/20/2021 20:25,0,-1
3/20/2021 20:30,0,-1
3/20/2021 20:35,0,-1
3/20/2021 20:40,0,-1
3/20/2021 20:45,0,-1
3/20/2021 20:50,0,-1
3/20/2021 20:55,0,-1
3/20/2021 21:00,0,-1
3/20/2021 21:05,0,-1
3/20/2021 21:10,0,-1
3/20/2021 21:15,0,-1
3/20/2021 21:20,0,-1
3/20/2021 21:25,0,-1
3/20/2021 21:30,0,-1
3/20/2021 21:35,0,-1
3/20/2021 21:40,0,-1
3/20/2021 21:45,0,-1
3/20/2021 21:50,0,-1
3/20/2021 21:55,0,-1
3/20/2021 22:00,0,-1
3/20/2021 22:05,0,-1
3/20/2021 22:10,0,-1
3/20/2021 22:15,0,-1
3/20/2021 22:20,0,-1
3/20/2021 22:25,0,-1
3/20/2021 22:30,0,-1
3/20/2021 22:35,0,-1
3/20/2021 22:40,0,-1
3/20/2021 22:45,0,-1
3/20/2021 22:50,0,-1
3/20/2021 22:55,0,-1
3/20/2021 23:00,0,-1
3/20/2021 23:05,0,-1
3/20/2021 23:10,0,-1
3/20/2021 23:15,0,-1
3/20/2021 23:20,0,-1
3/20/2021 23:25,0,-1
3/20/2021 23:30,0,-1
3/20/2021 23:35,0,-1
3/20/2021 23:40,0,-1
3/20/2021 23:45,0,-1
3/20/2021 23:50,0,-1
3/20/2021 23:55,0,-1
3/21/2021 0:00,0,-1
3/21/2021 0:05,0,-1
3/21/2021 0:10,0,-1
3/21/2021 0:15,0,-1
3/21/2021 0:20,0,-1
3/21/2021 0:25,0,-1
3/21/2021 0:30,0,-1
3/21/2021 0:35,0,-1
3/21/2021 0:40,0,-1
3/21/2021 0:45,0,-1
3/21/2021 0:50,0,-1
3/21/2021 0:55,0,-1
3/21/2021 1:00,0,-1
3/21/2021 1:05,0,-1
3/21/2021 1:10,0,-1
3/21/2021 1:15,0,-1
3/21/2021 1:20,0,-1
3/21/2021 1:25,0,-1
3/21/2021 1:30,0,-1
3/21/2021 1:35,0,-1
3/21/2021 1:40,0,-1
3/21/2021 1:45,0,-1
3/21/2021 1:50,0,-1
3/21/2021 1:55,0,-1
3/21/2021 2:00,0,-1
3/21/2021 2:05,0,-1
3/21/2021 2:10,0,-1
3/21/2021 2:15,0,-1
3/21/2021 2:20,0,-1
3/21/2021 2:25,0,-1
3/21/2021 2:30,0,-1
3/21/2021 2:35,0,-1
3/21/2021 2:40,0,-1
3/21/2021 2:45,0,-1
3/21/2021 2:50,0,-1
3/21/2021 2:55,0,-1
3/21/2021 3:00,0,-1
3/21/2021 3:05,0,-1
3/21/2021 3:10,0,-1
3/21/2021 3:15,0,-1
3/21/2021 3:20,0,-1
3/21/2021 3:25,0,-1
3/21/2021 3:30,0,-1
3/21/2021 3:35,0,-1
3/21/2021 3:40,0,0.06471307
3/21/2021 3:45,0,-1
3/21/2021 3:50,0,-1
3/21/2021 3:55,0,-1
3/21/2021 4:00,0,-1
3/21/2021 4:05,0,-1
3/21/2021 4:10,0,-1
3/21/2021 4:15,0,-1
3/21/2021 4:20,0,-1
3/21/2021 4:25,0,-1
3/21/2021 4:30,0,-1
3/21/2021 4:35,0,-1
3/21/2021 4:40,0,-1
3/21/2021 4:45,0,-1
3/21/2021 4:50,0,-1
3/21/2021 4:55,0,-1
3/21/2021 5:00,0,-1
3/21/2021 5:05,0,-1
3/21/2021 5:10,0,-1
3/21/2021 5:15,0,-1
3/21/2021 5:20,0,-1
3/21/2021 5:25,0,-1
3/21/2021 5:30,0,-1
3/21/2021 5:35,0,-1
3/21/2021 5:40,0,-1
3/21/2021 5:45,0,-1
3/21/2021 5:50,0,-1
3/21/2021 5:55,0,-1
3/21/2021 6:00,0,-1
3/21/2021 6:05,0,-1
3/21/2021 6:10,0,-1
3/21/2021 6:15,0,-1
3/21/2021 6:20,0,-1
3/21/2021 6:25,0,-1
3/21/2021 6:30,0,-1
3/21/2021 6:35,0,-1
3/21/2021 6:40,0,-1
3/21/2021 6:45,0,-1
3/21/2021 6:50,0,-1
3/21/2021 6:55,0,-1
3/21/2021 7:00,0,-1
3/21/2021 7:05,0,-1
3/21/2021 7:10,0,-1
3/21/2021 7:15,0,-1
3/21/2021 7:20,0,-1
3/21/2021 7:25,0,-1
3/21/2021 7:30,0,-1
3/21/2021 7:35,0,-1
3/21/2021 7:40,0,-1
3/21/2021 7:45,0,-1
3/21/2021 7:50,0,-1
3/21/2021 7:55,0,-1
3/21/2021 8:00,0,-1
3/21/2021 8:05,0,-1
3/21/2021 8:10,0,-1
3/21/2021 8:15,0,-1
3/21/2021 8:20,0,-1
3/21/2021 8:25,0,-1
3/21/2021 8:30,0,-1
3/21/2021 8:35,0,-1
3/21/2021 8:40,0,-1
3/21/2021 8:45,0,-1
3/21/2021 8:50,0,-1
3/21/2021 8:55,0,-1
3/21/2021 9:00,0,-1
3/21/2021 9:05,0,-1
3/21/2021 9:10,0,-1
3/21/2021 9:15,0,-1
3/21/2021 9:20,0,-1
3/21/2021 9:25,0,-1
3/21/2021 9:30,0,-1
3/21/2021 9:35,0,-1
3/21/2021 9:40,0,-1
3/21/2021 9:45,0,-1
3/21/2021 9:50,0,-1
3/21/2021 9:55,0,-1
3/21/2021 10:00,0,-1
3/21/2021 10:05,0,-1
3/21/2021 10:10,0,-1
3/21/2021 10:15,0,-1
3/21/2021 10:20,0,-1
3/21/2021 10:25,0,-1
3/21/2021 10:30,0,-1
3/21/2021 10:35,0,-1
3/21/2021 10:40,0,-1
3/21/2021 10:45,0,-1
3/21/2021 10:50,0,-1
3/21/2021 10:55,0,-1
3/21/2021 11:00,0,-1
3/21/2021 11:05,0,-1
3/21/2021 11:10,0,-1
3/21/2021 11:15,0,-1
3/21/2021 11:20,0,-1
3/21/2021 11:25,0,-1
3/21/2021 11:30,0,-1
3/21/2021 11:35,0,-1
3/21/2021 11:40,0,-1
3/21/2021 11:45,0,-1
3/21/2021 11:50,0,-1
3/21/2021 11:55,0,-1
3/21/2021 12:00,0,-1
3/21/2021 12:05,0,-1
3/21/2021 12:10,0,-1
3/21/2021 12:15,0,-1
3/21/2021 12:20,0,-1
3/21/2021 12:25,0,-1
3/21/2021 12:30,0,-1
3/21/2021 12:35,0,-1
3/21/2021 12:40,0,-1
3/21/2021 12:45,0,-1
3/21/2021 12:50,0,-1
3/21/2021 12:55,0,-1
3/21/2021 13:00,0,-1
3/21/2021 13:05,0,-1
3/21/2021 13:10,0,-1
3/21/2021 13:15,0,-1
3/21/2021 13:20,0,-1
3/21/2021 13:25,0,-1
3/21/2021 13:30,0,-1
3/21/2021 13:35,0,-1
3/21/2021 13:40,0,-1
3/21/2021 13:45,0,-1
3/21/2021 13:50,0,-1
3/21/2021 13:55,0,-1
3/21/2021 14:00,0,-1
3/21/2021 14:05,0,-1
3/21/2021 14:10,0,-1
3/21/2021 14:15,0,-1
3/21/2021 14:20,0,-1
3/21/2021 14:25,0,-1
3/21/2021 14:30,0,-1
3/21/2021 14:35,0,-1
3/21/2021 14:40,0,-1
3/21/2021 14:45,0,-1
3/21/2021 14:50,0,-1
3/21/2021 14:55,0,-1
3/21/2021 15:00,0,-1
3/21/2021 15:05,0,-1
3/21/2021 15:10,0,-1
3/21/2021 15:15,0,-1
3/21/2021 15:20,0,-1
3/21/2021 15:25,0,-1
3/21/2021 15:30,0,-1
3/21/2021 15:35,0,-1
3/21/2021 15:40,0,-1
3/21/2021 15:45,0,-1
3/21/2021 15:50,0,-1
3/21/2021 15:55,0,-1
3/21/2021 16:00,0,-1
3/21/2021 16:05,0,-1
3/21/2021 16:10,0,-1
3/21/2021 16:15,0,-1
3/21/2021 16:20,0,-1
3/21/2021 16:25,0,-1
3/21/2021 16:30,0,-1
3/21/2021 16:35,0,-1
3/21/2021 16:40,0,-1
3/21/2021 16:45,0,-1
3/21/2021 16:50,0,-1
3/21/2021 16:55,0,-1
3/21/2021 17:00,0,-1
3/21/2021 17:05,0,-1
3/21/2021 17:10,0,-1
3/21/2021 17:15,0,-1
3/21/2021 17:20,0,-1
3/21/2021 17:25,0,-1
3/21/2021 17:30,0,-1
3/21/2021 17:35,0,-1
3/21/2021 17:40,0,-1
3/21/2021 17:45,0,-1
3/21/2021 17:50,0,-1
3/21/2021 17:55,0,-1
3/21/2021 18:00,0,-1
3/21/2021 18:05,0,-1
3/21/2021 18:10,0,-1
3/21/2021 18:15,0,-1
3/21/2021 18:20,0,-1
3/21/2021 18:25,0,-1
3/21/2021 18:30,0,-1
3/21/2021 18:35,0,-1
3/21/2021 18:40,0,-1
3/21/2021 18:45,0,-1
3/21/2021 18:50,0,-1
3/21/2021 18:55,0,-1
3/21/2021 19:00,0,-1
3/21/2021 19:05,0,-1
3/21/2021 19:10,0,-1
3/21/2021 19:15,0,-1
3/21/2021 19:20,0,-1
3/21/2021 19:25,0,-1
3/21/2021 19:30,0,-1
3/21/2021 19:35,0,-1
3/21/2021 19:40,0,-1
3/21/2021 19:45,0,-1
3/21/2021 19:50,0,-1
3/21/2021 19:55,0,-1
3/21/2021 20:00,0,-1
3/21/2021 20:05,0,-1
3/21/2021 20:10,0,-1
3/21/2021 20:15,0,-1
3/21/2021 20:20,0,-1
3/21/2021 20:25,0,-1
3/21/2021 20:30,0,-1
3/21/2021 20:35,0,-1
3/21/2021 20:40,0,-1
3/21/2021 20:45,0,-1
3/21/2021 20:50,0,-1
3/21/2021 20:55,0,-1
3/21/2021 21:00,0,-1
3/21/2021 21:05,0,-1
3/21/2021 21:10,0,-1
3/21/2021 21:15,0,-1
3/21/2021 21:20,0,-1
3/21/2021 21:25,0,-1
3/21/2021 21:30,0,-1
3/21/2021 21:35,0,-1
3/21/2021 21:40,0,-1
3/21/2021 21:45,0,-1
3/21/2021 21:50,0,-1
3/21/2021 21:55,0,-1
3/21/2021 22:00,0,-1
3/21/2021 22:05,0,-1
3/21/2021 22:10,0,-1
3/21/2021 22:15,0,-1
3/21/2021 22:20,0,-1
3/21/2021 22:25,0,-1
3/21/2021 22:30,0,-1
3/21/2021 22:35,0,-1
3/21/2021 22:40,0,-1
3/21/2021 22:45,0,-1
3/21/2021 22:50,0,-1
3/21/2021 22:55,0,-1
3/21/2021 23:00,0,-1
3/21/2021 23:05,0,-1
3/21/2021 23:10,0,-1
3/21/2021 23:15,0,-1
3/21/2021 23:20,0,-1
3/21/2021 23:25,0,-1
3/21/2021 23:30,0,-1
3/21/2021 23:35,0,-1
3/21/2021 23:40,0,-1
3/21/2021 23:45,0,-1
3/21/2021 23:50,0,-1
3/21/2021 23:55,0,-1
3/22/2021 0:00,0,-1
3/22/2021 0:05,0,-1
3/22/2021 0:10,0,-1
3/22/2021 0:15,0,-1
3/22/2021 0:20,0,-1
3/22/2021 0:25,0,-1
3/22/2021 0:30,0,-1
3/22/2021 0:35,0,-1
3/22/2021 0:40,0,-1
3/22/2021 0:45,0,-1
3/22/2021 0:50,0,-1
3/22/2021 0:55,0,-1
3/22/2021 1:00,0,-1
3/22/2021 1:05,0,-1
3/22/2021 1:10,0,-1
3/22/2021 1:15,0,-1
3/22/2021 1:20,0,-1
3/22/2021 1:25,0,-1
3/22/2021 1:30,0,-1
3/22/2021 1:35,0,-1
3/22/2021 1:40,0,-1
3/22/2021 1:45,0,-1
3/22/2021 1:50,0,-1
3/22/2021 1:55,0,-1
3/22/2021 2:00,0,-1
3/22/2021 2:05,0,-1
3/22/2021 2:10,0,-1
3/22/2021 2:15,0,-1
3/22/2021 2:20,0,-1
3/22/2021 2:25,0,-1
3/22/2021 2:30,0,-1
3/22/2021 2:35,0,-1
3/22/2021 2:40,0,-1
3/22/2021 2:45,0,-1
3/22/2021 2:50,0,-1
3/22/2021 2:55,0,-1
3/22/2021 3:00,0,-1
3/22/2021 3:05,0,-1
3/22/2021 3:10,0,-1
3/22/2021 3:15,0,-1
3/22/2021 3:20,0,-1
3/22/2021 3:25,0,-1
3/22/2021 3:30,0,-1
3/22/2021 3:35,0,-1
3/22/2021 3:40,0,-1
3/22/2021 3:45,0,-1
3/22/2021 3:50,0,-1
3/22/2021 3:55,0,-1
3/22/2021 4:00,0,-1
3/22/2021 4:05,0,-1
3/22/2021 4:10,0,-1
3/22/2021 4:15,0,-1
3/22/2021 4:20,0,-1
3/22/2021 4:25,0,-1
3/22/2021 4:30,0,-1
3/22/2021 4:35,0,-1
3/22/2021 4:40,0,-1
3/22/2021 4:45,0,-1
3/22/2021 4:50,0,-1
3/22/2021 4:55,0,-1
3/22/2021 5:00,0,-1
3/22/2021 5:05,0,-1
3/22/2021 5:10,0,-1
3/22/2021 5:15,0,-1
3/22/2021 5:20,0,-1
3/22/2021 5:25,0,-1
3/22/2021 5:30,0,-1
3/22/2021 5:35,0,-1
3/22/2021 5:40,0,-1
3/22/2021 5:45,0,-1
3/22/2021 5:50,0,-1
3/22/2021 5:55,0,-1
3/22/2021 6:00,0,-1
3/22/2021 6:05,0,-1
3/22/2021 6:10,0,-1
3/22/2021 6:15,0,-1
3/22/2021 6:20,0,-1
3/22/2021 6:25,0,-1
3/22/2021 6:30,0,-1
3/22/2021 6:35,0,-1
3/22/2021 6:40,0,-1
3/22/2021 6:45,0,-1
3/22/2021 6:50,0,-1
3/22/2021 6:55,0,-1
3/22/2021 7:00,0,-1
3/22/2021 7:05,0,-1
3/22/2021 7:10,0,-1
3/22/2021 7:15,0,-1
3/22/2021 7:20,0,-1
3/22/2021 7:25,0,-1
3/22/2021 7:30,0,-1
3/22/2021 7:35,0,-1
3/22/2021 7:40,0,-1
3/22/2021 7:45,0,-1
3/22/2021 7:50,0,-1
3/22/2021 7:55,0,-1
3/22/2021 8:00,0,-1
3/22/2021 8:05,0,-1
3/22/2021 8:10,0,-1
3/22/2021 8:15,0,-1
3/22/2021 8:20,0,-1
3/22/2021 8:25,0,-1
3/22/2021 8:30,0,-1
3/22/2021 8:35,0,-1
3/22/2021 8:40,0,-1
3/22/2021 8:45,0,-1
3/22/2021 8:50,0,-1
3/22/2021 8:55,0,-1
3/22/2021 9:00,0,-1
3/22/2021 9:05,0,-1
3/22/2021 9:10,0,-1
3/22/2021 9:15,0,-1
3/22/2021 9:20,0,-1
3/22/2021 9:25,0,-1
3/22/2021 9:30,0,-1
3/22/2021 9:35,0,-1
3/22/2021 9:40,0,-1
3/22/2021 9:45,0,-1
3/22/2021 9:50,0,-1
3/22/2021 9:55,0,-1
3/22/2021 10:00,0,-1
3/22/2021 10:05,0,-1
3/22/2021 10:10,0,-1
3/22/2021 10:15,0,-1
3/22/2021 10:20,0,-1
3/22/2021 10:25,0,-1
3/22/2021 10:30,0,-1
3/22/2021 10:35,0,-1
3/22/2021 10:40,0,-1
3/22/2021 10:45,0,-1
3/22/2021 10:50,0,-1
3/22/2021 10:55,0,-1
3/22/2021 11:00,0,-1
3/22/2021 11:05,0,-1
3/22/2021 11:10,0,-1
3/22/2021 11:15,0,-1
3/22/2021 11:20,0,-1
3/22/2021 11:25,0,-1
3/22/2021 11:30,0,-1
3/22/2021 11:35,0,-1
3/22/2021 11:40,0,-1
3/22/2021 11:45,0,-1
3/22/2021 11:50,0,-1
3/22/2021 11:55,0,-1
3/22/2021 12:00,0,-1
3/22/2021 12:05,0,-1
3/22/2021 12:10,0,0.09035409
3/22/2021 12:15,0,-1
3/22/2021 12:20,0,-1
3/22/2021 12:25,0,-1
3/22/2021 12:30,0,-1
3/22/2021 12:35,0,-1
3/22/2021 12:40,0,-1
3/22/2021 12:45,0,-1
3/22/2021 12:50,0,-1
3/22/2021 12:55,0,-1
3/22/2021 13:00,0,-1
3/22/2021 13:05,0,-1
3/22/2021 13:10,0,-1
3/22/2021 13:15,0,-1
3/22/2021 13:20,0,-1
3/22/2021 13:25,0,-1
3/22/2021 13:30,0,-1
3/22/2021 13:35,0,-1
3/22/2021 13:40,0,-1
3/22/2021 13:45,0,-1
3/22/2021 13:50,0,-1
3/22/2021 13:55,0,-1
3/22/2021 14:00,0,-1
3/22/2021 14:05,0,-1
3/22/2021 14:10,0,-1
3/22/2021 14:15,0,-1
3/22/2021 14:20,0,-1
3/22/2021 14:25,0,-1
3/22/2021 14:30,0,-1
3/22/2021 14:35,0,-1
3/22/2021 14:40,0,-1
3/22/2021 14:45,0,-1
3/22/2021 14:50,0,-1
3/22/2021 14:55,0,-1
3/22/2021 15:00,0,-1
3/22/2021 15:05,0,-1
3/22/2021 15:10,0,-1
3/22/2021 15:15,0,-1
3/22/2021 15:20,0,-1
3/22/2021 15:25,0,-1
3/22/2021 15:30,0,-1
3/22/2021 15:35,0,-1
3/22/2021 15:40,0,-1
3/22/2021 15:45,0,-1
3/22/2021 15:50,0,-1
3/22/2021 15:55,0,-1
3/22/2021 16:00,0,-1
3/22/2021 16:05,0,-1
3/22/2021 16:10,0,-1
3/22/2021 16:15,0,-1
3/22/2021 16:20,0,-1
3/22/2021 16:25,0,-1
3/22/2021 16:30,0,-1
3/22/2021 16:35,0,-1
3/22/2021 16:40,0,-1
3/22/2021 16:45,0,-1
3/22/2021 16:50,0,-1
3/22/2021 16:55,0,-1
3/22/2021 17:00,0,-1
3/22/2021 17:05,0,-1
3/22/2021 17:10,0,-1
3/22/2021 17:15,0,-1
3/22/2021 17:20,0,-1
3/22/2021 17:25,0,-1
3/22/2021 17:30,0,-1
3/22/2021 17:35,0,-1
3/22/2021 17:40,0,0.0989011
3/22/2021 17:45,0,-1
3/22/2021 17:50,0,-1
3/22/2021 17:55,0,-1
3/22/2021 18:00,0,-1
3/22/2021 18:05,0,-1
3/22/2021 18:10,0,-1
3/22/2021 18:15,0,-1
3/22/2021 18:20,0,-1
3/22/2021 18:25,0,-1
3/22/2021 18:30,0,-1
3/22/2021 18:35,0,-1
3/22/2021 18:40,0,-1
3/22/2021 18:45,0,-1
3/22/2021 18:50,0,-1
3/22/2021 18:55,0,0.08544922
3/22/2021 19:00,0,-1
3/22/2021 19:05,0,-1
3/22/2021 19:10,0,-1
3/22/2021 19:15,0,-1
3/22/2021 19:20,0,-1
3/22/2021 19:25,0,-1
3/22/2021 19:30,0,-1
3/22/2021 19:35,0,-1
3/22/2021 19:40,0,-1
3/22/2021 19:45,0,-1
3/22/2021 19:50,0,-1
3/22/2021 19:55,0,-1
3/22/2021 20:00,0,-1
3/22/2021 20:05,0,-1
3/22/2021 20:10,0,-1
3/22/2021 20:15,0,-1
3/22/2021 20:20,0,-1
3/22/2021 20:25,0,-1
3/22/2021 20:30,0,-1
3/22/2021 20:35,0,-1
3/22/2021 20:40,0,-1
3/22/2021 20:45,0,-1
3/22/2021 20:50,0,-1
3/22/2021 20:55,0,-1
3/22/2021 21:00,0,-1
3/22/2021 21:05,0,-1
3/22/2021 21:10,0,-1
3/22/2021 21:15,0,-1
3/22/2021 21:20,0,-1
3/22/2021 21:25,0,-1
3/22/2021 21:30,0,-1
3/22/2021 21:35,0,-1
3/22/2021 21:40,0,-1
3/22/2021 21:45,0,-1
3/22/2021 21:50,0,-1
3/22/2021 21:55,0,-1
3/22/2021 22:00,0,-1
3/22/2021 22:05,0,-1
3/22/2021 22:10,0,-1
3/22/2021 22:15,0,-1
3/22/2021 22:20,0,-1
3/22/2021 22:25,0,-1
3/22/2021 22:30,0,-1
3/22/2021 22:35,0,-1
3/22/2021 22:40,0,-1
3/22/2021 22:45,0,-1
3/22/2021 22:50,0,-1
3/22/2021 22:55,0,-1
3/22/2021 23:00,0,-1
3/22/2021 23:05,0,-1
3/22/2021 23:10,0,-1
3/22/2021 23:15,0,-1
3/22/2021 23:20,0,-1
3/22/2021 23:25,0,-1
3/22/2021 23:30,0,-1
3/22/2021 23:35,0,-1
3/22/2021 23:40,0,-1
3/22/2021 23:45,0,-1
3/22/2021 23:50,0,-1
3/22/2021 23:55,0,-1
3/23/2021 0:00,0,-1
3/23/2021 0:05,0,-1
3/23/2021 0:10,0,-1
3/23/2021 0:15,0,-1
3/23/2021 0:20,0,-1
3/23/2021 0:25,0,-1
3/23/2021 0:30,0.3293538,0.1111111
3/23/2021 0:35,0.7037538,0.07081807
3/23/2021 0:40,0.6771692,0.08058608
3/23/2021 0:45,0.6557539,0.08791209
3/23/2021 0:50,0.7074462,0.07814408
3/23/2021 0:55,0.9644307,0.07936508
3/23/2021 1:00,1.039754,0.05982906
3/23/2021 1:05,1.0272,0.05372405
3/23/2021 1:10,0.9614769,0.04884005
3/23/2021 1:15,1.002831,0.04395605
3/23/2021 1:20,1.000615,0.04151404
3/23/2021 1:25,1.008738,0.03907204
3/23/2021 1:30,1.005785,0.03785104
3/23/2021 1:35,1.002831,0.03540904
3/23/2021 1:40,1.002831,0.03418804
3/23/2021 1:45,0.9998769,0.03296703
3/23/2021 1:50,1.004308,0.03540904
3/23/2021 1:55,1.007262,0.03174603
3/23/2021 2:00,1.000615,0.03052503
3/23/2021 2:05,1.014646,0.03052503
3/23/2021 2:10,1.002831,0.03052503
3/23/2021 2:15,1.010215,0.02930403
3/23/2021 2:20,1.112123,0.02808303
3/23/2021 2:25,1.095877,0.02808303
3/23/2021 2:30,1.106954,0.02808303
3/23/2021 2:35,1.095138,0.02808303
3/23/2021 2:40,1.102523,0.02808303
3/23/2021 2:45,1.111385,0.02808303
3/23/2021 2:50,1.112862,0.02808303
3/23/2021 2:55,1.109169,0.02686203
3/23/2021 3:00,1.104,0.02564103
3/23/2021 3:05,1.1232,0.02564103
3/23/2021 3:10,1.112862,0.02564103
3/23/2021 3:15,1.108431,0.02564103
3/23/2021 3:20,1.112862,0.02564103
3/23/2021 3:25,1.108431,0.02564103
3/23/2021 3:30,1.107692,0.02564103
3/23/2021 3:35,1.119508,0.02564103
3/23/2021 3:40,1.108431,0.02442002
3/23/2021 3:45,1.110646,0.02442002
3/23/2021 3:50,1.102523,0.02442002
3/23/2021 3:55,1.103261,0.02442002
3/23/2021 4:00,1.103261,0.02442002
3/23/2021 4:05,1.093662,0.02442002
3/23/2021 4:10,1.103261,0.02442002
3/23/2021 4:15,1.106954,0.02442002
3/23/2021 4:20,1.092923,0.02442002
3/23/2021 4:25,1.093662,0.02442002
3/23/2021 4:30,1.104738,0.02442002
3/23/2021 4:35,1.101785,0.02442002
3/23/2021 4:40,1.101785,0.02319902
3/23/2021 4:45,1.105477,0.02319902
3/23/2021 4:50,1.095877,0.02319902
3/23/2021 4:55,1.104738,0.02319902
3/23/2021 5:00,1.109169,0.02319902
3/23/2021 5:05,1.106215,0.02319902
3/23/2021 5:10,1.104,0.02319902
3/23/2021 5:15,1.101785,0.02319902
3/23/2021 5:20,1.101046,0.02319902
3/23/2021 5:25,1.0944,0.02319902
3/23/2021 5:30,1.107692,0.02319902
3/23/2021 5:35,1.100308,0.02197802
3/23/2021 5:40,1.093662,0.02197802
3/23/2021 5:45,1.092185,0.02197802
3/23/2021 5:50,1.097354,0.02197802
3/23/2021 5:55,1.098831,0.02197802
3/23/2021 6:00,1.097354,0.02197802
3/23/2021 6:05,1.0944,0.02197802
3/23/2021 6:10,1.095877,0.02197802
3/23/2021 6:15,1.100308,0.02197802
3/23/2021 6:20,1.098831,0.02197802
3/23/2021 6:25,1.102523,0.02197802
3/23/2021 6:30,1.088492,0.02197802
3/23/2021 6:35,1.090708,0.02197802
3/23/2021 6:40,1.089969,0.02197802
3/23/2021 6:45,1.0944,0.02197802
3/23/2021 6:50,1.097354,0.02197802
3/23/2021 6:55,1.089231,0.02197802
3/23/2021 7:00,1.105477,0.02197802
3/23/2021 7:05,1.092185,0.02197802
3/23/2021 7:10,1.100308,0.02197802
3/23/2021 7:15,1.097354,0.02197802
3/23/2021 7:20,1.089231,0.02197802
3/23/2021 7:25,1.086277,0.02197802
3/23/2021 7:30,1.101785,0.02197802
3/23/2021 7:35,1.092923,0.02197802
3/23/2021 7:40,1.095877,0.02197802
3/23/2021 7:45,1.098092,0.02197802
3/23/2021 7:50,1.101046,0.02197802
3/23/2021 7:55,1.096615,0.02197802
3/23/2021 8:00,1.101785,0.02197802
3/23/2021 8:05,1.104,0.02197802
3/23/2021 8:10,1.106954,0.02197802
3/23/2021 8:15,1.107692,0.02197802
3/23/2021 8:20,1.105477,0.02197802
3/23/2021 8:25,1.119508,0.02197802
3/23/2021 8:30,1.103261,0.02197802
3/23/2021 8:35,1.105477,0.02197802
3/23/2021 8:40,1.105477,0.02197802
3/23/2021 8:45,1.115077,0.02197802
3/23/2021 8:50,1.106954,0.02197802
3/23/2021 8:55,1.104,0.02197802
3/23/2021 9:00,1.105477,0.02197802
3/23/2021 9:05,1.107692,0.02197802
3/23/2021 9:10,1.106215,0.02197802
3/23/2021 9:15,1.112123,0.02197802
3/23/2021 9:20,1.208862,0.02197802
3/23/2021 9:25,1.208862,0.02197802
3/23/2021 9:30,1.211077,0.02197802
3/23/2021 9:35,1.212554,0.02197802
3/23/2021 9:40,1.214769,0.02197802
3/23/2021 9:45,1.207385,0.02197802
3/23/2021 9:50,1.130584,0.02197802
3/23/2021 9:55,1.211077,0.02197802
3/23/2021 10:00,1.220677,0.02197802
3/23/2021 10:05,1.212554,0.02197802
3/23/2021 10:10,1.208123,0.02197802
3/23/2021 10:15,1.207385,0.02197802
3/23/2021 10:20,1.205908,0.02197802
3/23/2021 10:25,1.210338,0.02197802
3/23/2021 10:30,1.203692,0.02197802
3/23/2021 10:35,1.201477,0.02197802
3/23/2021 10:40,1.201477,0.02197802
3/23/2021 10:45,1.208862,0.02197802
3/23/2021 10:50,1.211077,0.02197802
3/23/2021 10:55,1.207385,0.02197802
3/23/2021 11:00,1.204431,0.02197802
3/23/2021 11:05,1.203692,0.02197802
3/23/2021 11:10,1.202215,0.02197802
3/23/2021 11:15,1.206646,0.02197802
3/23/2021 11:20,1.205908,0.02197802
3/23/2021 11:25,1.202215,0.02197802
3/23/2021 11:30,1.201477,0.02197802
3/23/2021 11:35,1.197785,0.02197802
3/23/2021 11:40,1.210338,0.02197802
3/23/2021 11:45,1.202215,0.02197802
3/23/2021 11:50,1.200738,0.02197802
3/23/2021 11:55,1.205169,0.02197802
3/23/2021 12:00,1.2,0.02197802
3/23/2021 12:05,1.194831,0.02197802
3/23/2021 12:10,1.208123,0.02197802
3/23/2021 12:15,1.2096,0.02197802
3/23/2021 12:20,1.205908,0.02197802
3/23/2021 12:25,1.205908,0.02197802
3/23/2021 12:30,1.202954,0.02197802
3/23/2021 12:35,1.194831,0.02197802
3/23/2021 12:40,1.211077,0.02197802
3/23/2021 12:45,1.200738,0.02197802
3/23/2021 12:50,1.1904,0.02197802
3/23/2021 12:55,1.205908,0.02197802
3/23/2021 13:00,1.192615,0.02197802
3/23/2021 13:05,1.193354,0.02197802
3/23/2021 13:10,1.188184,0.02197802
3/23/2021 13:15,1.189662,0.02197802
3/23/2021 13:20,1.174892,0.02197802
3/23/2021 13:25,1.178585,0.02197802
3/23/2021 13:30,1.1808,0.02197802
3/23/2021 13:35,1.181538,0.02197802
3/23/2021 13:40,1.174892,0.02197802
3/23/2021 13:45,1.236185,0.02197802
3/23/2021 13:50,1.154954,0.02197802
3/23/2021 13:55,1.229538,0.02197802
3/23/2021 14:00,1.164554,0.02197802
3/23/2021 14:05,1.2384,0.02197802
3/23/2021 14:10,1.191877,0.02197802
3/23/2021 14:15,1.189662,0.02197802
3/23/2021 14:20,1.185969,0.02197802
3/23/2021 14:25,1.191138,0.02197802
3/23/2021 14:30,1.194831,0.02197802
3/23/2021 14:35,1.191138,0.02197802
3/23/2021 14:40,1.2,0.02197802
3/23/2021 14:45,1.191138,0.02197802
3/23/2021 14:50,1.200738,0.02197802
3/23/2021 14:55,1.2,0.02197802
3/23/2021 15:00,1.192615,0.02197802
3/23/2021 15:05,1.1904,0.02197802
3/23/2021 15:10,1.195569,0.02197802
3/23/2021 15:15,1.192615,0.02197802
3/23/2021 15:20,1.191877,0.02197802
3/23/2021 15:25,1.202215,0.02197802
3/23/2021 15:30,1.183754,0.02197802
3/23/2021 15:35,1.194831,0.02197802
3/23/2021 15:40,1.197785,0.02197802
3/23/2021 15:45,1.202954,0.02197802
3/23/2021 15:50,1.186708,0.02197802
3/23/2021 15:55,1.205908,0.02197802
3/23/2021 16:00,1.214031,0.02197802
3/23/2021 16:05,1.204431,0.02197802
3/23/2021 16:10,1.202954,0.02197802
3/23/2021 16:15,1.203692,0.02197802
3/23/2021 16:20,1.204431,0.02197802
3/23/2021 16:25,1.208123,0.02197802
3/23/2021 16:30,1.206646,0.02197802
3/23/2021 16:35,1.213292,0.02197802
3/23/2021 16:40,1.201477,0.02197802
3/23/2021 16:45,1.201477,0.02197802
3/23/2021 16:50,1.210338,0.02197802
3/23/2021 16:55,1.200738,0.02197802
3/23/2021 17:00,1.211077,0.02197802
3/23/2021 17:05,1.211077,0.02197802
3/23/2021 17:10,1.215508,0.02197802
3/23/2021 17:15,1.211077,0.02197802
3/23/2021 17:20,1.2096,0.02197802
3/23/2021 17:25,1.211077,0.02197802
3/23/2021 17:30,1.204431,0.02197802
3/23/2021 17:35,1.222154,0.02197802
3/23/2021 17:40,1.225846,0.02197802
3/23/2021 17:45,1.199262,0.02197802
3/23/2021 17:50,1.211815,0.02197802
3/23/2021 17:55,1.211077,0.02197802
3/23/2021 18:00,1.214769,0.02075702
3/23/2021 18:05,1.208862,0.02075702
3/23/2021 18:10,1.204431,0.02075702
3/23/2021 18:15,1.210338,0.02075702
3/23/2021 18:20,1.212554,0.02075702
3/23/2021 18:25,1.202215,0.02075702
3/23/2021 18:30,1.199262,0.02075702
3/23/2021 18:35,1.206646,0.02075702
3/23/2021 18:40,1.211815,0.02075702
3/23/2021 18:45,1.205908,0.02075702
3/23/2021 18:50,1.201477,0.02075702
3/23/2021 18:55,1.213292,0.02075702
3/23/2021 19:00,1.207385,0.02075702
3/23/2021 19:05,1.208862,0.02075702
3/23/2021 19:10,1.208862,0.02075702
3/23/2021 19:15,1.202954,0.02075702
3/23/2021 19:20,1.205908,0.02075702
3/23/2021 19:25,1.191877,0.02075702
3/23/2021 19:30,1.208862,0.02075702
3/23/2021 19:35,1.205169,0.02075702
3/23/2021 19:40,1.207385,0.02075702
3/23/2021 19:45,1.218462,0.02075702
3/23/2021 19:50,1.204431,0.02075702
3/23/2021 19:55,1.207385,0.02075702
3/23/2021 20:00,1.215508,0.02075702
3/23/2021 20:05,1.216246,0.02075702
3/23/2021 20:10,1.223631,0.02075702
3/23/2021 20:15,1.215508,0.02075702
3/23/2021 20:20,1.215508,0.02075702
3/23/2021 20:25,1.204431,0.02075702
3/23/2021 20:30,1.212554,0.02075702
3/23/2021 20:35,1.214031,0.02075702
3/23/2021 20:40,1.210338,0.02075702
3/23/2021 20:45,1.219938,0.02075702
3/23/2021 20:50,1.213292,0.02075702
3/23/2021 20:55,1.211077,0.02075702
3/23/2021 21:00,1.202954,0.02075702
3/23/2021 21:05,1.205908,0.02075702
3/23/2021 21:10,1.207385,0.02075702
3/23/2021 21:15,1.213292,0.02075702
3/23/2021 21:20,1.208123,0.02075702
3/23/2021 21:25,1.2096,0.02075702
3/23/2021 21:30,1.208123,0.02075702
3/23/2021 21:35,1.208862,0.02075702
3/23/2021 21:40,1.216985,0.02075702
3/23/2021 21:45,1.216985,0.02075702
3/23/2021 21:50,1.216246,0.02075702
3/23/2021 21:55,1.219938,0.02075702
3/23/2021 22:00,1.216246,0.01953602
3/23/2021 22:05,1.183754,0.01953602
3/23/2021 22:10,1.174892,0.01953602
3/23/2021 22:15,1.162338,0.01953602
3/23/2021 22:20,1.201477,0.01953602
3/23/2021 22:25,1.214031,0.01953602
3/23/2021 22:30,1.216246,0.01953602
3/23/2021 22:35,1.211077,0.01953602
3/23/2021 22:40,1.205908,0.01953602
3/23/2021 22:45,1.208123,0.01953602
3/23/2021 22:50,1.215508,0.01953602
3/23/2021 22:55,1.205169,0.01953602
3/23/2021 23:00,1.205908,0.01953602
3/23/2021 23:05,1.216985,0.01953602
3/23/2021 23:10,1.211815,0.01953602
3/23/2021 23:15,1.202954,0.01953602
3/23/2021 23:20,1.214031,0.01953602
3/23/2021 23:25,1.207385,0.01953602
3/23/2021 23:30,1.195569,0.01953602
3/23/2021 23:35,1.191138,0.01953602
3/23/2021 23:40,1.191138,0.01953602
3/23/2021 23:45,1.191138,0.01953602
3/23/2021 23:50,1.193354,0.01953602
3/23/2021 23:55,1.185969,0.01953602
3/24/2021 0:00,1.194092,0.01953602
3/24/2021 0:05,1.199262,0.01953602
3/24/2021 0:10,1.2,0.01953602
3/24/2021 0:15,1.193354,0.01953602
3/24/2021 0:20,1.205908,0.01953602
3/24/2021 0:25,1.191138,0.01953602
3/24/2021 0:30,1.197785,0.01953602
3/24/2021 0:35,1.191138,0.01953602
3/24/2021 0:40,1.197785,0.01953602
3/24/2021 0:45,1.186708,0.01953602
3/24/2021 0:50,1.197046,0.01953602
3/24/2021 0:55,1.191138,0.01953602
3/24/2021 1:00,1.195569,0.01953602
3/24/2021 1:05,1.188184,0.01953602
3/24/2021 1:10,1.192615,0.01953602
3/24/2021 1:15,1.202215,0.01953602
3/24/2021 1:20,1.192615,0.01953602
3/24/2021 1:25,1.194831,0.01953602
3/24/2021 1:30,1.200738,0.01953602
3/24/2021 1:35,1.206646,0.01953602
3/24/2021 1:40,1.199262,0.01953602
3/24/2021 1:45,1.206646,0.01953602
3/24/2021 1:50,1.198523,0.01953602
3/24/2021 1:55,1.2096,0.01953602
3/24/2021 2:00,1.206646,0.01953602
3/24/2021 2:05,1.197046,0.01953602
3/24/2021 2:10,1.200738,0.01953602
3/24/2021 2:15,1.205169,0.01953602
3/24/2021 2:20,1.200738,0.01953602
3/24/2021 2:25,1.215508,0.01953602
3/24/2021 2:30,1.203692,0.01953602
3/24/2021 2:35,1.197785,0.01953602
3/24/2021 2:40,1.203692,0.01953602
3/24/2021 2:45,1.194831,0.01953602
3/24/2021 2:50,1.201477,0.01953602
3/24/2021 2:55,1.202954,0.01953602
3/24/2021 3:00,1.189662,0.01953602
3/24/2021 3:05,1.199262,0.01953602
3/24/2021 3:10,1.177846,0.01953602
3/24/2021 3:15,1.187446,0.01953602
3/24/2021 3:20,1.186708,0.01953602
3/24/2021 3:25,1.182277,0.01953602
3/24/2021 3:30,1.191877,0.01953602
3/24/2021 3:35,1.185231,0.01953602
3/24/2021 3:40,1.180062,0.01953602
3/24/2021 3:45,1.182277,0.01953602
3/24/2021 3:50,1.188184,0.01953602
3/24/2021 3:55,1.175631,0.01953602
3/24/2021 4:00,1.225846,0.01953602
3/24/2021 4:05,1.215508,0.01953602
3/24/2021 4:10,1.222154,0.01953602
3/24/2021 4:15,1.203692,0.01953602
3/24/2021 4:20,1.200738,0.01953602
3/24/2021 4:25,1.197785,0.01953602
3/24/2021 4:30,1.188923,0.01953602
3/24/2021 4:35,1.194092,0.01953602
3/24/2021 4:40,1.183754,0.01953602
3/24/2021 4:45,1.199262,0.01953602
3/24/2021 4:50,1.199262,0.01953602
3/24/2021 4:55,1.199262,0.01953602
3/24/2021 5:00,1.196308,0.01953602
3/24/2021 5:05,1.202954,0.01953602
3/24/2021 5:10,1.197785,0.01953602
3/24/2021 5:15,1.199262,0.01953602
3/24/2021 5:20,1.202954,0.01953602
3/24/2021 5:25,1.205169,0.01953602
3/24/2021 5:30,1.191877,0.01953602
3/24/2021 5:35,1.202215,0.01953602
3/24/2021 5:40,1.197785,0.01953602
3/24/2021 5:45,1.194831,0.01953602
3/24/2021 5:50,1.208862,0.01953602
3/24/2021 5:55,1.194092,0.01953602
3/24/2021 6:00,1.191877,0.01953602
3/24/2021 6:05,1.183015,0.01953602
3/24/2021 6:10,1.185969,0.01953602
3/24/2021 6:15,1.183754,0.01953602
3/24/2021 6:20,1.191138,0.01953602
3/24/2021 6:25,1.194831,0.01953602
3/24/2021 6:30,1.185231,0.01953602
3/24/2021 6:35,1.191877,0.01953602
3/24/2021 6:40,1.187446,0.01953602
3/24/2021 6:45,1.184492,0.01953602
3/24/2021 6:50,1.191877,0.01953602
3/24/2021 6:55,1.188923,0.01953602
3/24/2021 7:00,1.188184,0.01953602
3/24/2021 7:05,1.182277,0.01953602
3/24/2021 7:10,1.185231,0.01953602
3/24/2021 7:15,1.185231,0.01953602
3/24/2021 7:20,1.188923,0.01953602
3/24/2021 7:25,1.247261,0.01953602
3/24/2021 7:30,1.221415,0.01953602
3/24/2021 7:35,1.177108,0.01953602
3/24/2021 7:40,1.211077,0.01953602
3/24/2021 7:45,1.210338,0.01953602
3/24/2021 7:50,1.208123,0.01953602
3/24/2021 7:55,1.208862,0.01953602
3/24/2021 8:00,1.205908,0.01953602
3/24/2021 8:05,1.207385,0.01953602
3/24/2021 8:10,1.211077,0.01953602
3/24/2021 8:15,1.2096,0.01953602
3/24/2021 8:20,1.211815,0.01953602
3/24/2021 8:25,1.210338,0.01953602
3/24/2021 8:30,1.151262,0.01953602
3/24/2021 8:35,1.211077,0.01953602
3/24/2021 8:40,1.197785,0.01953602
3/24/2021 8:45,1.203692,0.01953602
3/24/2021 8:50,1.207385,0.01953602
3/24/2021 8:55,1.204431,0.01953602
3/24/2021 9:00,1.202215,0.01953602
3/24/2021 9:05,1.210338,0.01953602
3/24/2021 9:10,1.204431,0.01953602
3/24/2021 9:15,1.215508,0.01953602
3/24/2021 9:20,1.2096,0.01953602
3/24/2021 9:25,1.216985,0.01953602
3/24/2021 9:30,1.217723,0.01953602
3/24/2021 9:35,1.222154,0.01953602
3/24/2021 9:40,1.219938,0.01953602
3/24/2021 9:45,1.212554,0.01953602
3/24/2021 9:50,1.163815,0.01953602
3/24/2021 9:55,1.199262,0.01953602
3/24/2021 10:00,1.205169,0.01953602
3/24/2021 10:05,1.200738,0.01953602
3/24/2021 10:10,1.206646,0.01953602
3/24/2021 10:15,1.202954,0.01953602
3/24/2021 10:20,1.210338,0.01953602
3/24/2021 10:25,1.2096,0.01953602
3/24/2021 10:30,1.211815,0.01953602
3/24/2021 10:35,1.205908,0.01953602
3/24/2021 10:40,1.202954,0.01953602
3/24/2021 10:45,1.216985,0.01953602
3/24/2021 10:50,1.212554,0.01953602
3/24/2021 10:55,1.205908,0.01953602
3/24/2021 11:00,1.2,0.01953602
3/24/2021 11:05,1.215508,0.01953602
3/24/2021 11:10,1.202954,0.01953602
3/24/2021 11:15,1.214031,0.01953602
3/24/2021 11:20,1.2,0.01953602
3/24/2021 11:25,1.2096,0.01953602
3/24/2021 11:30,1.208862,0.01953602
3/24/2021 11:35,1.2,0.01953602
3/24/2021 11:40,1.196308,0.01953602
3/24/2021 11:45,1.197785,0.01953602
3/24/2021 11:50,1.200738,0.01953602
3/24/2021 11:55,1.194092,0.01953602
3/24/2021 12:00,1.194831,0.01953602
3/24/2021 12:05,1.205169,0.01953602
3/24/2021 12:10,1.197785,0.01953602
3/24/2021 12:15,1.193354,0.01953602
3/24/2021 12:20,1.182277,0.01953602
3/24/2021 12:25,1.195569,0.01953602
3/24/2021 12:30,1.202954,0.01953602
3/24/2021 12:35,1.198523,0.01953602
3/24/2021 12:40,1.194831,0.01953602
3/24/2021 12:45,1.193354,0.01953602
3/24/2021 12:50,1.191138,0.01953602
3/24/2021 12:55,1.194092,0.01953602
3/24/2021 13:00,1.196308,0.01953602
3/24/2021 13:05,1.189662,0.01953602
3/24/2021 13:10,1.199262,0.01953602
3/24/2021 13:15,1.210338,0.01953602
3/24/2021 13:20,1.208862,0.01953602
3/24/2021 13:25,1.199262,0.01953602
3/24/2021 13:30,1.2,0.01953602
3/24/2021 13:35,1.207385,0.01953602
3/24/2021 13:40,1.203692,0.01953602
3/24/2021 13:45,1.2,0.01953602
3/24/2021 13:50,1.197785,0.01953602
3/24/2021 13:55,1.205169,0.01953602
3/24/2021 14:00,1.205908,0.01953602
3/24/2021 14:05,1.207385,0.01953602
3/24/2021 14:10,1.2096,0.01953602
3/24/2021 14:15,1.202215,0.01953602
3/24/2021 14:20,1.204431,0.01953602
3/24/2021 14:25,1.207385,0.01953602
3/24/2021 14:30,1.201477,0.01953602
3/24/2021 14:35,1.2096,0.01953602
3/24/2021 14:40,1.208123,0.01953602
3/24/2021 14:45,1.214031,0.01953602
3/24/2021 14:50,1.196308,0.01953602
3/24/2021 14:55,1.2096,0.01953602
3/24/2021 15:00,1.208123,0.01953602
3/24/2021 15:05,1.207385,0.01953602
3/24/2021 15:10,1.205908,0.01953602
3/24/2021 15:15,1.210338,0.01953602
3/24/2021 15:20,1.225108,0.01953602
3/24/2021 15:25,1.205908,0.01953602
3/24/2021 15:30,1.212554,0.01953602
3/24/2021 15:35,1.201477,0.01953602
3/24/2021 15:40,1.215508,0.02075702
3/24/2021 15:45,1.222892,0.02075702
3/24/2021 15:50,1.218462,0.02075702
3/24/2021 15:55,1.215508,0.02075702
3/24/2021 16:00,1.215508,0.02075702
3/24/2021 16:05,1.2192,0.02075702
3/24/2021 16:10,1.214769,0.02075702
3/24/2021 16:15,1.207385,0.02075702
3/24/2021 16:20,1.212554,0.02197802
3/24/2021 16:25,1.208123,0.02197802
3/24/2021 16:30,1.210338,0.02197802
3/24/2021 16:35,1.214031,0.02197802
3/24/2021 16:40,1.205908,0.02197802
3/24/2021 16:45,1.211077,0.02197802
3/24/2021 16:50,1.199262,0.02197802
3/24/2021 16:55,1.205908,0.02197802
3/24/2021 17:00,1.196308,0.02197802
3/24/2021 17:05,1.197785,0.02197802
3/24/2021 17:10,1.212554,0.02197802
3/24/2021 17:15,1.196308,0.02197802
3/24/2021 17:20,1.210338,0.02197802
3/24/2021 17:25,1.202954,0.02197802
3/24/2021 17:30,1.197046,0.02197802
3/24/2021 17:35,1.194831,0.02197802
3/24/2021 17:40,1.200738,0.02197802
3/24/2021 17:45,1.196308,0.02197802
3/24/2021 17:50,1.200738,0.02197802
3/24/2021 17:55,1.195569,0.02197802
3/24/2021 18:00,1.205908,0.02197802
3/24/2021 18:05,1.198523,0.02197802
3/24/2021 18:10,1.203692,0.02197802
3/24/2021 18:15,1.197785,0.02197802
3/24/2021 18:20,1.204431,0.02197802
3/24/2021 18:25,1.205169,0.02197802
3/24/2021 18:30,1.207385,0.02197802
3/24/2021 18:35,1.191138,0.02197802
3/24/2021 18:40,1.208123,0.02197802
3/24/2021 18:45,1.197046,0.02197802
3/24/2021 18:50,1.200738,0.02197802
3/24/2021 18:55,1.208123,0.02197802
3/24/2021 19:00,1.196308,0.02197802
3/24/2021 19:05,1.205908,0.02197802
3/24/2021 19:10,1.216985,0.02197802
3/24/2021 19:15,1.197785,0.02197802
3/24/2021 19:20,1.197785,0.02197802
3/24/2021 19:25,1.208862,0.02197802
3/24/2021 19:30,1.197785,0.02197802
3/24/2021 19:35,1.207385,0.02197802
3/24/2021 19:40,1.2096,0.02197802
3/24/2021 19:45,1.208862,0.02197802
3/24/2021 19:50,1.212554,0.02197802
3/24/2021 19:55,1.211077,0.02197802
3/24/2021 20:00,1.199262,0.02197802
3/24/2021 20:05,1.212554,0.02197802
3/24/2021 20:10,1.207385,0.02197802
3/24/2021 20:15,1.204431,0.02197802
3/24/2021 20:20,1.216985,0.02197802
3/24/2021 20:25,1.214031,0.02197802
3/24/2021 20:30,1.202215,0.02197802
3/24/2021 20:35,1.204431,0.02197802
3/24/2021 20:40,1.211077,0.02197802
3/24/2021 20:45,1.211077,0.02197802
3/24/2021 20:50,1.219938,0.02197802
3/24/2021 20:55,1.219938,0.02197802
3/24/2021 21:00,1.2096,0.02197802
3/24/2021 21:05,1.205908,0.02197802
3/24/2021 21:10,1.213292,0.02197802
3/24/2021 21:15,1.211077,0.02197802
3/24/2021 21:20,1.211815,0.02197802
3/24/2021 21:25,1.197785,0.02197802
3/24/2021 21:30,1.214031,0.02197802
3/24/2021 21:35,1.210338,0.02197802
3/24/2021 21:40,1.211077,0.02197802
3/24/2021 21:45,1.211077,0.02197802
3/24/2021 21:50,1.210338,0.02197802
3/24/2021 21:55,1.208862,0.02197802
3/24/2021 22:00,1.218462,0.02197802
3/24/2021 22:05,1.204431,0.02197802
3/24/2021 22:10,1.201477,0.02197802
3/24/2021 22:15,1.213292,0.02197802
3/24/2021 22:20,1.213292,0.02197802
3/24/2021 22:25,1.201477,0.02197802
3/24/2021 22:30,1.208862,0.02197802
3/24/2021 22:35,1.208123,0.02197802
3/24/2021 22:40,1.205908,0.02197802
3/24/2021 22:45,1.1904,0.02197802
3/24/2021 22:50,1.2,0.02197802
3/24/2021 22:55,1.216985,0.02197802
3/24/2021 23:00,1.216246,0.02197802
3/24/2021 23:05,1.207385,0.02197802
3/24/2021 23:10,1.204431,0.02197802
3/24/2021 23:15,1.199262,0.02319902
3/24/2021 23:20,1.199262,0.02319902
3/24/2021 23:25,1.208862,0.02319902
3/24/2021 23:30,1.193354,0.02319902
3/24/2021 23:35,1.2,0.02319902
3/24/2021 23:40,1.198523,0.02319902
3/24/2021 23:45,1.205169,0.02319902
3/24/2021 23:50,1.191138,0.02319902
3/24/2021 23:55,1.191877,0.02319902
3/25/2021 0:00,1.199262,0.02319902
3/25/2021 0:05,1.188184,0.02319902
3/25/2021 0:10,1.194092,0.02197802
3/25/2021 0:15,1.194092,0.02197802
3/25/2021 0:20,1.1904,0.02197802
3/25/2021 0:25,1.193354,0.02197802
3/25/2021 0:30,1.189662,0.02197802
3/25/2021 0:35,1.196308,0.02197802
3/25/2021 0:40,1.195569,0.02197802
3/25/2021 0:45,1.191138,0.02319902
3/25/2021 0:50,1.183015,0.02319902
3/25/2021 0:55,1.189662,0.02319902
3/25/2021 1:00,1.188923,0.02197802
3/25/2021 1:05,1.191138,0.02197802
3/25/2021 1:10,1.197046,0.02197802
3/25/2021 1:15,1.193354,0.02197802
3/25/2021 1:20,0.9636922,0.02197802
3/25/2021 1:25,1.015385,0.02197802
3/25/2021 1:30,1.016123,0.02197802
3/25/2021 1:35,1.119508,0.02197802
3/25/2021 1:40,1.118031,0.02197802
3/25/2021 1:45,1.114338,0.02197802
3/25/2021 1:50,1.109169,0.02197802
3/25/2021 1:55,1.119508,0.02197802
3/25/2021 2:00,1.073723,0.02197802
3/25/2021 2:05,1.095877,0.02197802
3/25/2021 2:10,1.097354,0.02197802
3/25/2021 2:15,1.095877,0.02197802
3/25/2021 2:20,1.0944,0.02319902
3/25/2021 2:25,1.101785,0.02197802
3/25/2021 2:30,1.104,0.02197802
3/25/2021 2:35,1.092923,0.02197802
3/25/2021 2:40,1.0944,0.02197802
3/25/2021 2:45,1.104,0.02197802
3/25/2021 2:50,1.093662,0.02197802
3/25/2021 2:55,1.102523,0.02197802
3/25/2021 3:00,1.089231,0.02197802
3/25/2021 3:05,1.095877,0.02197802
3/25/2021 3:10,1.088492,0.02197802
3/25/2021 3:15,1.093662,0.02197802
3/25/2021 3:20,1.086277,0.02197802
3/25/2021 3:25,1.089969,0.02197802
3/25/2021 3:30,1.097354,0.02197802
3/25/2021 3:35,1.097354,0.02197802
3/25/2021 3:40,1.084062,0.02197802
3/25/2021 3:45,1.084062,0.02197802
3/25/2021 3:50,1.088492,0.02197802
3/25/2021 3:55,1.078154,0.02197802
3/25/2021 4:00,1.078154,0.02197802
3/25/2021 4:05,1.089969,0.02197802
3/25/2021 4:10,1.078892,0.02197802
3/25/2021 4:15,1.089231,0.02197802
3/25/2021 4:20,1.091446,0.02197802
3/25/2021 4:25,1.087015,0.02197802
3/25/2021 4:30,1.082585,0.02197802
3/25/2021 4:35,1.098831,0.02197802
3/25/2021 4:40,1.097354,0.02197802
3/25/2021 4:45,1.088492,0.02197802
3/25/2021 4:50,1.073723,0.02197802
3/25/2021 4:55,1.115815,0.02197802
3/25/2021 5:00,1.118031,0.02197802
3/25/2021 5:05,1.1136,0.02197802
3/25/2021 5:10,1.109908,0.02197802
3/25/2021 5:15,1.112123,0.02197802
3/25/2021 5:20,1.115077,0.02197802
3/25/2021 5:25,1.115077,0.02197802
3/25/2021 5:30,1.105477,0.02197802
3/25/2021 5:35,1.102523,0.02197802
3/25/2021 5:40,1.107692,0.02197802
3/25/2021 5:45,1.106954,0.02197802
3/25/2021 5:50,1.110646,0.02197802
3/25/2021 5:55,1.112862,0.02197802
3/25/2021 6:00,1.115815,0.02197802
3/25/2021 6:05,1.1136,0.02197802
3/25/2021 6:10,1.106954,0.02197802
3/25/2021 6:15,1.101046,0.02197802
3/25/2021 6:20,1.111385,0.02197802
3/25/2021 6:25,1.105477,0.02197802
3/25/2021 6:30,1.098831,0.02197802
3/25/2021 6:35,1.106954,0.02197802
3/25/2021 6:40,1.104,0.02197802
3/25/2021 6:45,1.101785,0.02197802
3/25/2021 6:50,1.102523,0.02197802
3/25/2021 6:55,1.089969,0.02197802
3/25/2021 7:00,1.093662,0.02197802
3/25/2021 7:05,1.084062,0.02197802
3/25/2021 7:10,1.092185,0.02197802
3/25/2021 7:15,1.093662,0.02197802
3/25/2021 7:20,1.097354,0.02197802
3/25/2021 7:25,1.089231,0.02197802
3/25/2021 7:30,1.088492,0.02197802
3/25/2021 7:35,1.082585,0.02197802
3/25/2021 7:40,1.151262,0.02197802
3/25/2021 7:45,1.0848,0.02197802
3/25/2021 7:50,1.087754,0.02197802
3/25/2021 7:55,1.084062,0.02197802
3/25/2021 8:00,1.090708,0.02197802
3/25/2021 8:05,1.076677,0.02197802
3/25/2021 8:10,1.087754,0.02197802
3/25/2021 8:15,1.047877,0.02197802
3/25/2021 8:20,0.9570462,0.02197802
3/25/2021 8:25,1.021292,0.02197802
3/25/2021 8:30,0.9924923,0.02197802
3/25/2021 8:35,0.9895384,0.02197802
3/25/2021 8:40,0.9939692,0.02197802
3/25/2021 8:45,0.9932307,0.02197802
3/25/2021 8:50,0.987323,0.02197802
3/25/2021 8:55,0.9954461,0.02197802
3/25/2021 9:00,0.9888,0.02197802
3/25/2021 9:05,0.9777231,0.02197802
3/25/2021 9:10,0.9880615,0.02197802
3/25/2021 9:15,0.9910154,0.02197802
3/25/2021 9:20,0.9924923,0.02197802
3/25/2021 9:25,0.9917538,0.02197802
3/25/2021 9:30,1.001354,0.02197802
3/25/2021 9:35,0.9947076,0.02197802
3/25/2021 9:40,1.002831,0.02197802
3/25/2021 9:45,1.004308,0.02197802
3/25/2021 9:50,0.9932307,0.02197802
3/25/2021 9:55,0.9947076,0.02197802
3/25/2021 10:00,1.001354,0.02197802
3/25/2021 10:05,0.9998769,0.02197802
3/25/2021 10:10,1.001354,0.02197802
3/25/2021 10:15,0.9984,0.02197802
3/25/2021 10:20,1.005785,0.02197802
3/25/2021 10:25,1.004308,0.02197802
3/25/2021 10:30,1.010954,0.02197802
3/25/2021 10:35,1.003569,0.02197802
3/25/2021 10:40,1.002092,0.02197802
3/25/2021 10:45,0.9976615,0.02197802
3/25/2021 10:50,1.013908,0.02197802
3/25/2021 10:55,1.002831,0.02197802
3/25/2021 11:00,1.004308,0.02197802
3/25/2021 11:05,1.006523,0.02197802
3/25/2021 11:10,1.009477,0.02197802
3/25/2021 11:15,1.005046,0.02197802
3/25/2021 11:20,1.010215,0.02197802
3/25/2021 11:25,1.010215,0.02197802
3/25/2021 11:30,1.005046,0.02197802
3/25/2021 11:35,0.9984,0.02197802
3/25/2021 11:40,1.006523,0.02197802
3/25/2021 11:45,1.002831,0.02197802
3/25/2021 11:50,1.004308,0.02197802
3/25/2021 11:55,1.007262,0.02197802
3/25/2021 12:00,1.001354,0.02197802
3/25/2021 12:05,1.018338,0.02197802
3/25/2021 12:10,1.008,0.02197802
3/25/2021 12:15,1.009477,0.02197802
3/25/2021 12:20,1.008,0.02197802
3/25/2021 12:25,1.002831,0.02197802
3/25/2021 12:30,1.010954,0.02197802
3/25/2021 12:35,1.008,0.02197802
3/25/2021 12:40,1.0176,0.02197802
3/25/2021 12:45,1.005785,0.02197802
3/25/2021 12:50,1.019077,0.02197802
3/25/2021 12:55,1.010954,0.02197802
3/25/2021 13:00,1.019815,0.02197802
3/25/2021 13:05,1.015385,0.02197802
3/25/2021 13:10,1.0176,0.02197802
3/25/2021 13:15,1.008,0.02197802
3/25/2021 13:20,1.012431,0.02197802
3/25/2021 13:25,1.016123,0.02197802
3/25/2021 13:30,1.011692,0.02197802
3/25/2021 13:35,1.002831,0.02197802
3/25/2021 13:40,1.012431,0.02197802
3/25/2021 13:45,0.9924923,0.02197802
3/25/2021 13:50,0.9932307,0.02197802
3/25/2021 13:55,0.9865846,0.02197802
3/25/2021 14:00,0.9910154,0.02197802
3/25/2021 14:05,0.9947076,0.02197802
3/25/2021 14:10,1.033846,0.02197802
3/25/2021 14:15,1.1232,0.02197802
3/25/2021 14:20,1.103261,0.02197802
3/25/2021 14:25,1.097354,0.02197802
3/25/2021 14:30,1.106954,0.02197802
3/25/2021 14:35,1.115077,0.02197802
3/25/2021 14:40,1.106954,0.02197802
3/25/2021 14:45,1.105477,0.02197802
3/25/2021 14:50,1.104738,0.02197802
3/25/2021 14:55,1.204431,0.02197802
3/25/2021 15:00,1.212554,0.02197802
3/25/2021 15:05,1.212554,0.02197802
3/25/2021 15:10,1.206646,0.02197802
3/25/2021 15:15,1.208862,0.02197802
3/25/2021 15:20,1.203692,0.02197802
3/25/2021 15:25,1.208862,0.02197802
3/25/2021 15:30,1.206646,0.02197802
3/25/2021 15:35,1.205169,0.02197802
3/25/2021 15:40,1.210338,0.02197802
3/25/2021 15:45,1.188184,0.02197802
3/25/2021 15:50,1.204431,0.02197802
3/25/2021 15:55,1.194092,0.02197802
3/25/2021 16:00,1.202954,0.02197802
3/25/2021 16:05,1.193354,0.02197802
3/25/2021 16:10,1.191138,0.02197802
3/25/2021 16:15,1.193354,0.02197802
3/25/2021 16:20,1.200738,0.02197802
3/25/2021 16:25,1.195569,0.02197802
3/25/2021 16:30,1.192615,0.02197802
3/25/2021 16:35,1.186708,0.02197802
3/25/2021 16:40,1.194092,0.02197802
3/25/2021 16:45,1.198523,0.02197802
3/25/2021 16:50,1.186708,0.02197802
3/25/2021 16:55,1.184492,0.02197802
3/25/2021 17:00,1.197046,0.02197802
3/25/2021 17:05,1.189662,0.02197802
3/25/2021 17:10,1.198523,0.02197802
3/25/2021 17:15,1.187446,0.02197802
3/25/2021 17:20,1.193354,0.02197802
3/25/2021 17:25,1.191138,0.02197802
3/25/2021 17:30,1.188923,0.02197802
3/25/2021 17:35,1.189662,0.02197802
3/25/2021 17:40,1.197785,0.02197802
3/25/2021 17:45,1.199262,0.02197802
3/25/2021 17:50,1.1904,0.02197802
3/25/2021 17:55,1.188923,0.02197802
3/25/2021 18:00,1.188923,0.02197802
3/25/2021 18:05,1.196308,0.02197802
3/25/2021 18:10,1.193354,0.02197802
3/25/2021 18:15,1.191877,0.02197802
3/25/2021 18:20,1.197046,0.02197802
3/25/2021 18:25,1.188184,0.02197802
3/25/2021 18:30,1.198523,0.02197802
3/25/2021 18:35,1.191138,0.02197802
3/25/2021 18:40,1.196308,0.02197802
3/25/2021 18:45,1.188923,0.02197802
3/25/2021 18:50,1.188184,0.02197802
3/25/2021 18:55,1.186708,0.02197802
3/25/2021 19:00,1.188184,0.02197802
3/25/2021 19:05,1.185969,0.02197802
3/25/2021 19:10,1.187446,0.02197802
3/25/2021 19:15,1.189662,0.02197802
3/25/2021 19:20,1.2768,0.02197802
3/25/2021 19:25,1.197046,0.02197802
3/25/2021 19:30,1.191877,0.02197802
3/25/2021 19:35,1.193354,0.02197802
3/25/2021 19:40,1.196308,0.02197802
3/25/2021 19:45,1.183754,0.02197802
3/25/2021 19:50,1.191138,0.02197802
3/25/2021 19:55,1.189662,0.02197802
3/25/2021 20:00,1.177846,0.02197802
3/25/2021 20:05,1.180062,0.02197802
3/25/2021 20:10,1.186708,0.02197802
3/25/2021 20:15,1.178585,0.02197802
3/25/2021 20:20,1.179323,0.02197802
3/25/2021 20:25,1.183754,0.02197802
3/25/2021 20:30,1.216246,0.02197802
3/25/2021 20:35,1.185969,0.02197802
3/25/2021 20:40,1.203692,0.02197802
3/25/2021 20:45,1.208862,0.02197802
3/25/2021 20:50,1.126154,0.02197802
3/25/2021 20:55,1.086277,0.02197802
3/25/2021 21:00,1.0656,0.02197802
3/25/2021 21:05,1.106954,0.02197802
3/25/2021 21:10,1.115815,0.02197802
3/25/2021 21:15,1.121723,0.02197802
3/25/2021 21:20,1.108431,0.02197802
3/25/2021 21:25,1.114338,0.02197802
3/25/2021 21:30,1.097354,0.02197802
3/25/2021 21:35,1.103261,0.02197802
3/25/2021 21:40,1.105477,0.02197802
3/25/2021 21:45,1.099569,0.02197802
3/25/2021 21:50,1.098831,0.02197802
3/25/2021 21:55,1.116554,0.02197802
3/25/2021 22:00,1.097354,0.02197802
3/25/2021 22:05,1.105477,0.02197802
3/25/2021 22:10,1.104,0.02197802
3/25/2021 22:15,1.109908,0.02197802
3/25/2021 22:20,1.106954,0.02197802
3/25/2021 22:25,1.116554,0.02197802
3/25/2021 22:30,1.112123,0.02197802
3/25/2021 22:35,1.109908,0.02197802
3/25/2021 22:40,1.100308,0.02197802
3/25/2021 22:45,1.107692,0.02197802
3/25/2021 22:50,1.102523,0.02197802
3/25/2021 22:55,1.106954,0.02197802
3/25/2021 23:00,1.098092,0.02197802
3/25/2021 23:05,1.095138,0.02197802
3/25/2021 23:10,1.106954,0.02197802
3/25/2021 23:15,1.109169,0.02197802
3/25/2021 23:20,1.106954,0.02197802
3/25/2021 23:25,1.101785,0.02197802
3/25/2021 23:30,1.105477,0.02197802
3/25/2021 23:35,1.101785,0.02197802
3/25/2021 23:40,1.107692,0.02197802
3/25/2021 23:45,1.108431,0.02197802
3/25/2021 23:50,1.098831,0.02197802
3/25/2021 23:55,1.110646,0.02197802
3/26/2021 0:00,1.115077,0.02197802
3/26/2021 0:05,1.108431,0.02197802
3/26/2021 0:10,1.111385,0.02197802
3/26/2021 0:15,1.124677,0.02197802
3/26/2021 0:20,1.107692,0.02197802
3/26/2021 0:25,1.104738,0.02197802
3/26/2021 0:30,1.120985,0.02197802
3/26/2021 0:35,1.110646,0.02197802
3/26/2021 0:40,1.110646,0.02197802
3/26/2021 0:45,1.1136,0.02197802
3/26/2021 0:50,1.103261,0.02197802
3/26/2021 0:55,1.104738,0.02197802
3/26/2021 1:00,1.109908,0.02197802
3/26/2021 1:05,1.108431,0.02197802
3/26/2021 1:10,1.110646,0.02197802
3/26/2021 1:15,1.108431,0.02197802
3/26/2021 1:20,1.111385,0.02197802
3/26/2021 1:25,1.112862,0.02197802
3/26/2021 1:30,1.106954,0.02197802
3/26/2021 1:35,1.1232,0.02197802
3/26/2021 1:40,1.122462,0.02197802
3/26/2021 1:45,1.106215,0.02197802
3/26/2021 1:50,1.082585,0.02197802
3/26/2021 1:55,1.103261,0.02197802
3/26/2021 2:00,1.104,0.02197802
3/26/2021 2:05,1.100308,0.02197802
3/26/2021 2:10,1.105477,0.02197802
3/26/2021 2:15,1.108431,0.02197802
3/26/2021 2:20,1.1136,0.02197802
3/26/2021 2:25,1.104738,0.02197802
3/26/2021 2:30,1.108431,0.02197802
3/26/2021 2:35,1.110646,0.02197802
3/26/2021 2:40,1.112123,0.02197802
3/26/2021 2:45,1.104,0.02197802
3/26/2021 2:50,1.098831,0.02197802
3/26/2021 2:55,1.105477,0.02197802
3/26/2021 3:00,1.109908,0.02197802
3/26/2021 3:05,1.106954,0.02197802
3/26/2021 3:10,1.100308,0.02197802
3/26/2021 3:15,1.108431,0.02197802
3/26/2021 3:20,1.108431,0.02197802
3/26/2021 3:25,1.100308,0.02197802
3/26/2021 3:30,1.097354,0.02197802
3/26/2021 3:35,1.098831,0.02197802
3/26/2021 3:40,1.103261,0.02197802
3/26/2021 3:45,1.092923,0.02197802
3/26/2021 3:50,1.092185,0.02197802
3/26/2021 3:55,1.093662,0.02197802
3/26/2021 4:00,1.089231,0.02197802
3/26/2021 4:05,1.087754,0.02197802
3/26/2021 4:10,1.090708,0.02197802
3/26/2021 4:15,1.088492,0.02197802
3/26/2021 4:20,1.087015,0.02197802
3/26/2021 4:25,1.098831,0.02197802
3/26/2021 4:30,1.092923,0.02197802
3/26/2021 4:35,1.089231,0.02197802
3/26/2021 4:40,1.099569,0.02197802
3/26/2021 4:45,1.089231,0.02197802
3/26/2021 4:50,1.092185,0.02197802
3/26/2021 4:55,1.104,0.02197802
3/26/2021 5:00,1.092923,0.02197802
3/26/2021 5:05,1.106954,0.02197802
3/26/2021 5:10,1.092923,0.02197802
3/26/2021 5:15,1.093662,0.02197802
3/26/2021 5:20,1.092185,0.02197802
3/26/2021 5:25,1.086277,0.02197802
3/26/2021 5:30,1.096615,0.02197802
3/26/2021 5:35,1.095138,0.02197802
3/26/2021 5:40,1.0944,0.02197802
3/26/2021 5:45,1.092185,0.02197802
3/26/2021 5:50,1.079631,0.02197802
3/26/2021 5:55,1.088492,0.02197802
3/26/2021 6:00,1.106954,0.02197802
3/26/2021 6:05,1.097354,0.02197802
3/26/2021 6:10,1.092185,0.02197802
3/26/2021 6:15,1.096615,0.02197802
3/26/2021 6:20,1.092923,0.02197802
3/26/2021 6:25,1.0944,0.02197802
3/26/2021 6:30,1.082585,0.02197802
3/26/2021 6:35,1.086277,0.02197802
3/26/2021 6:40,1.078892,0.02197802
3/26/2021 6:45,1.086277,0.02197802
3/26/2021 6:50,1.086277,0.02197802
3/26/2021 6:55,1.084062,0.02197802
3/26/2021 7:00,1.084062,0.02197802
3/26/2021 7:05,1.079631,0.02197802
3/26/2021 7:10,1.081846,0.02197802
3/26/2021 7:15,1.089231,0.02197802
3/26/2021 7:20,1.0752,0.02197802
3/26/2021 7:25,1.084062,0.02197802
3/26/2021 7:30,1.135754,0.02197802
3/26/2021 7:35,1.071508,0.02197802
3/26/2021 7:40,1.120246,0.02197802
3/26/2021 7:45,1.098092,0.02197802
3/26/2021 7:50,1.098831,0.02197802
3/26/2021 7:55,1.101046,0.02197802
3/26/2021 8:00,1.093662,0.02197802
3/26/2021 8:05,1.004308,0.02197802
3/26/2021 8:10,1.000615,0.02197802
3/26/2021 8:15,0.9991384,0.02197802
3/26/2021 8:20,0.9991384,0.02197802
3/26/2021 8:25,0.996923,0.02197802
3/26/2021 8:30,1.005785,0.02197802
3/26/2021 8:35,0.9998769,0.02197802
3/26/2021 8:40,1.005785,0.02197802
3/26/2021 8:45,0.9984,0.02197802
3/26/2021 8:50,1.001354,0.02197802
3/26/2021 8:55,0.9917538,0.02197802
3/26/2021 9:00,0.9917538,0.02197802
3/26/2021 9:05,0.9961846,0.02197802
3/26/2021 9:10,0.9998769,0.02197802
3/26/2021 9:15,0.9895384,0.02197802
3/26/2021 9:20,0.9998769,0.02197802
3/26/2021 9:25,0.9961846,0.02197802
3/26/2021 9:30,0.9984,0.02197802
3/26/2021 9:35,0.9902769,0.02197802
3/26/2021 9:40,0.9917538,0.02197802
3/26/2021 9:45,0.9917538,0.02197802
3/26/2021 9:50,0.9947076,0.02197802
3/26/2021 9:55,0.9961846,0.02197802
3/26/2021 10:00,0.9917538,0.02197802
3/26/2021 10:05,0.9984,0.02197802
3/26/2021 10:10,1.001354,0.02197802
3/26/2021 10:15,0.9991384,0.02197802
3/26/2021 10:20,0.9932307,0.02197802
3/26/2021 10:25,0.9939692,0.02197802
3/26/2021 10:30,0.9917538,0.02197802
3/26/2021 10:35,1.006523,0.02197802
3/26/2021 10:40,0.9998769,0.02197802
3/26/2021 10:45,0.9961846,0.02197802
3/26/2021 10:50,0.9984,0.02197802
3/26/2021 10:55,0.996923,0.02197802
3/26/2021 11:00,1.005785,0.02197802
3/26/2021 11:05,0.9976615,0.02197802
3/26/2021 11:10,1.000615,0.02197802
3/26/2021 11:15,1.000615,0.02197802
3/26/2021 11:20,0.9924923,0.02197802
3/26/2021 11:25,1.004308,0.02197802
3/26/2021 11:30,1.002092,0.02197802
3/26/2021 11:35,1.002831,0.02197802
3/26/2021 11:40,1.016123,0.02197802
3/26/2021 11:45,0.9932307,0.02197802
3/26/2021 11:50,1.010215,0.02197802
3/26/2021 11:55,1.005785,0.02197802
3/26/2021 12:00,1.002831,0.02197802
3/26/2021 12:05,1.010215,0.02197802
3/26/2021 12:10,1.010215,0.02197802
3/26/2021 12:15,1.002831,0.02197802
3/26/2021 12:20,1.006523,0.02197802
3/26/2021 12:25,0.9998769,0.02197802
3/26/2021 12:30,1.012431,0.02197802
3/26/2021 12:35,0.9947076,0.02197802
3/26/2021 12:40,1.006523,0.02197802
3/26/2021 12:45,0.9991384,0.02319902
3/26/2021 12:50,0.9961846,0.02197802
3/26/2021 12:55,0.9991384,0.02197802
3/26/2021 13:00,1.003569,0.02197802
3/26/2021 13:05,0.9939692,0.02197802
3/26/2021 13:10,0.9984,0.02197802
3/26/2021 13:15,0.9984,0.02197802
3/26/2021 13:20,0.996923,0.02197802
3/26/2021 13:25,0.9991384,0.02197802
3/26/2021 13:30,0.9836308,0.02197802
3/26/2021 13:35,0.9932307,0.02197802
3/26/2021 13:40,0.9924923,0.02197802
3/26/2021 13:45,0.9932307,0.02197802
3/26/2021 13:50,0.9947076,0.02197802
3/26/2021 13:55,0.9939692,0.02197802
3/26/2021 14:00,0.9924923,0.02197802
3/26/2021 14:05,0.996923,0.02197802
3/26/2021 14:10,0.9888,0.02197802
3/26/2021 14:15,0.9961846,0.02197802
3/26/2021 14:20,0.9954461,0.02197802
3/26/2021 14:25,0.9947076,0.02197802
3/26/2021 14:30,1.004308,0.02197802
3/26/2021 14:35,1.000615,0.02197802
3/26/2021 14:40,1.008738,0.02197802
3/26/2021 14:45,0.9947076,0.02197802
3/26/2021 14:50,1.002831,0.02197802
3/26/2021 14:55,1.002831,0.02197802
3/26/2021 15:00,0.9998769,0.02197802
3/26/2021 15:05,1.005046,0.02197802
3/26/2021 15:10,0.9961846,0.02197802
3/26/2021 15:15,1.006523,0.02197802
3/26/2021 15:20,0.9984,0.02197802
3/26/2021 15:25,0.9998769,0.02197802
3/26/2021 15:30,0.9998769,0.02197802
3/26/2021 15:35,1.001354,0.02197802
3/26/2021 15:40,0.9976615,0.02197802
3/26/2021 15:45,1.001354,0.02197802
3/26/2021 15:50,0.9984,0.02197802
3/26/2021 15:55,0.9998769,0.02197802
3/26/2021 16:00,0.996923,0.02197802
3/26/2021 16:05,0.9924923,0.02197802
3/26/2021 16:10,0.9910154,0.02197802
3/26/2021 16:15,0.9932307,0.02197802
3/26/2021 16:20,0.9924923,0.02197802
3/26/2021 16:25,0.9924923,0.02197802
3/26/2021 16:30,0.9998769,0.02197802
3/26/2021 16:35,0.9888,0.02197802
3/26/2021 16:40,0.9888,0.02197802
3/26/2021 16:45,0.9947076,0.02197802
3/26/2021 16:50,0.9917538,0.02197802
3/26/2021 16:55,0.9961846,0.02197802
3/26/2021 17:00,0.9924923,0.02197802
3/26/2021 17:05,1.013169,0.02197802
3/26/2021 17:10,1.002092,0.02197802
3/26/2021 17:15,1.107692,0.02197802
3/26/2021 17:20,1.100308,0.02197802
3/26/2021 17:25,1.106215,0.02197802
3/26/2021 17:30,1.112862,0.02197802
3/26/2021 17:35,1.1136,0.02197802
3/26/2021 17:40,1.115815,0.02197802
3/26/2021 17:45,1.115815,0.02197802
3/26/2021 17:50,1.112123,0.02197802
3/26/2021 17:55,1.118769,0.02197802
3/26/2021 18:00,1.104,0.02197802
3/26/2021 18:05,1.110646,0.02197802
3/26/2021 18:10,1.107692,0.02197802
3/26/2021 18:15,1.111385,0.02197802
3/26/2021 18:20,1.112862,0.02197802
3/26/2021 18:25,1.109169,0.02197802
3/26/2021 18:30,1.109169,0.02197802
3/26/2021 18:35,1.104,0.02197802
3/26/2021 18:40,1.112123,0.02197802
3/26/2021 18:45,1.220677,0.02197802
3/26/2021 18:50,1.222154,0.02197802
3/26/2021 18:55,1.153477,0.02197802
3/26/2021 19:00,1.215508,0.02197802
3/26/2021 19:05,1.2192,0.02197802
3/26/2021 19:10,1.216985,0.02197802
3/26/2021 19:15,1.218462,0.02197802
3/26/2021 19:20,1.210338,0.02197802
3/26/2021 19:25,1.212554,0.02197802
3/26/2021 19:30,1.217723,0.02197802
3/26/2021 19:35,1.223631,0.02197802
3/26/2021 19:40,1.2096,0.02197802
3/26/2021 19:45,1.212554,0.02197802
3/26/2021 19:50,1.2192,0.02197802
3/26/2021 19:55,1.233231,0.02197802
3/26/2021 20:00,1.214031,0.02197802
3/26/2021 20:05,1.214031,0.02197802
3/26/2021 20:10,1.212554,0.02197802
3/26/2021 20:15,1.212554,0.02197802
3/26/2021 20:20,1.218462,0.02197802
3/26/2021 20:25,1.214769,0.02197802
3/26/2021 20:30,1.211077,0.02197802
3/26/2021 20:35,1.215508,0.02197802
3/26/2021 20:40,1.212554,0.02197802
3/26/2021 20:45,1.205908,0.02197802
3/26/2021 20:50,1.211815,0.02197802
3/26/2021 20:55,1.210338,0.02197802
3/26/2021 21:00,1.199262,0.02197802
3/26/2021 21:05,1.204431,0.02197802
3/26/2021 21:10,1.210338,0.02197802
3/26/2021 21:15,1.202215,0.02075702
3/26/2021 21:20,1.195569,0.02075702
3/26/2021 21:25,1.197785,0.02075702
3/26/2021 21:30,1.1904,0.02075702
3/26/2021 21:35,1.188184,0.02075702
3/26/2021 21:40,1.191138,0.02075702
3/26/2021 21:45,1.198523,0.02075702
3/26/2021 21:50,1.193354,0.02075702
3/26/2021 21:55,1.192615,0.02075702
3/26/2021 22:00,1.197046,0.02075702
3/26/2021 22:05,1.196308,0.02075702
3/26/2021 22:10,1.187446,0.02075702
3/26/2021 22:15,1.186708,0.02075702
3/26/2021 22:20,1.197785,0.02075702
3/26/2021 22:25,1.2,0.02075702
3/26/2021 22:30,1.194831,0.02075702
3/26/2021 22:35,1.186708,0.02075702
3/26/2021 22:40,1.189662,0.02075702
3/26/2021 22:45,1.199262,0.02075702
3/26/2021 22:50,1.194831,0.02075702
3/26/2021 22:55,1.180062,0.02075702
3/26/2021 23:00,1.183754,0.02075702
3/26/2021 23:05,1.188923,0.02075702
3/26/2021 23:10,1.185231,0.02075702
3/26/2021 23:15,1.172677,0.02075702
3/26/2021 23:20,1.187446,0.02075702
3/26/2021 23:25,1.188184,0.02075702
3/26/2021 23:30,1.174154,0.02075702
3/26/2021 23:35,1.211077,0.02075702
3/26/2021 23:40,1.216246,0.02075702
3/26/2021 23:45,1.211815,0.02075702
3/26/2021 23:50,1.207385,0.02075702
3/26/2021 23:55,1.208862,0.02075702
3/27/2021 0:00,1.2096,0.02075702
3/27/2021 0:05,1.213292,0.02075702
3/27/2021 0:10,0,-1
3/27/2021 0:15,0,-1
3/27/2021 0:20,0,-1
3/27/2021 0:25,0,-1
3/27/2021 0:30,0,-1
3/27/2021 0:35,0,-1
3/27/2021 0:40,0,-1
3/27/2021 0:45,0,-1
3/27/2021 0:50,0,-1
3/27/2021 0:55,0,-1
3/27/2021 1:00,0,-1
3/27/2021 1:05,0,-1
3/27/2021 1:10,0,-1
3/27/2021 1:15,0,-1
3/27/2021 1:20,0,-1
3/27/2021 1:25,0,-1
3/27/2021 1:30,0,-1
3/27/2021 1:35,0,-1
3/27/2021 1:40,0,-1
3/27/2021 1:45,0,-1
3/27/2021 1:50,0,-1
3/27/2021 1:55,0,-1
3/27/2021 2:00,0,-1
3/27/2021 2:05,0,-1
3/27/2021 2:10,0,-1
3/27/2021 2:15,0,-1
3/27/2021 2:20,0,-1
3/27/2021 2:25,0,-1
3/27/2021 2:30,0,-1
3/27/2021 2:35,0,-1
3/27/2021 2:40,0,-1
3/27/2021 2:45,0,-1
3/27/2021 2:50,0,-1
3/27/2021 2:55,0,-1
3/27/2021 3:00,0,-1
3/27/2021 3:05,0,-1
3/27/2021 3:10,0,-1
3/27/2021 3:15,0,-1
3/27/2021 3:20,0,-1
3/27/2021 3:25,0,-1
3/27/2021 3:30,0,-1
3/27/2021 3:35,0,-1
3/27/2021 3:40,0,-1
3/27/2021 3:45,0,-1
3/27/2021 3:50,0,-1
3/27/2021 3:55,0,-1
3/27/2021 4:00,0,-1
3/27/2021 4:05,0,-1
3/27/2021 4:10,0,-1
3/27/2021 4:15,0,-1
3/27/2021 4:20,0,-1
3/27/2021 4:25,0,-1
3/27/2021 4:30,0,-1
3/27/2021 4:35,0,-1
3/27/2021 4:40,0,-1
3/27/2021 4:45,0,-1
3/27/2021 4:50,0,-1
3/27/2021 4:55,0,-1
3/27/2021 5:00,0,-1
3/27/2021 5:05,0,-1
3/27/2021 5:10,0,-1
3/27/2021 5:15,0,-1
3/27/2021 5:20,0,-1
3/27/2021 5:25,0,-1
3/27/2021 5:30,0,-1
3/27/2021 5:35,0,-1
3/27/2021 5:40,0,-1
3/27/2021 5:45,0,-1
3/27/2021 5:50,0,-1
3/27/2021 5:55,0,-1
3/27/2021 6:00,0,-1
3/27/2021 6:05,0,-1
3/27/2021 6:10,0,-1
3/27/2021 6:15,0,-1
3/27/2021 6:20,0,-1
3/27/2021 6:25,0,-1
3/27/2021 6:30,0,-1
3/27/2021 6:35,0,-1
3/27/2021 6:40,0,-1
3/27/2021 6:45,0,-1
3/27/2021 6:50,0,-1
3/27/2021 6:55,0,-1
3/27/2021 7:00,0,-1
3/27/2021 7:05,0,-1
3/27/2021 7:10,0,-1
3/27/2021 7:15,0,-1
3/27/2021 7:20,0,-1
3/27/2021 7:25,0,-1
3/27/2021 7:30,0,-1
3/27/2021 7:35,0,-1
3/27/2021 7:40,0,-1
3/27/2021 7:45,0,-1
3/27/2021 7:50,0,-1
3/27/2021 7:55,0,-1
3/27/2021 8:00,0,-1
3/27/2021 8:05,0,-1
3/27/2021 8:10,0,-1
3/27/2021 8:15,0,-1
3/27/2021 8:20,0,-1
3/27/2021 8:25,0,-1
3/27/2021 8:30,0,-1
3/27/2021 8:35,0,-1
3/27/2021 8:40,0,-1
3/27/2021 8:45,0,-1
3/27/2021 8:50,0,-1
3/27/2021 8:55,0,-1
3/27/2021 9:00,0,-1
3/27/2021 9:05,0,-1
3/27/2021 9:10,0,-1
3/27/2021 9:15,0,-1
3/27/2021 9:20,0,-1
3/27/2021 9:25,0,-1
3/27/2021 9:30,0,-1
3/27/2021 9:35,0,-1
3/27/2021 9:40,0,-1
3/27/2021 9:45,0,-1
3/27/2021 9:50,0,-1
3/27/2021 9:55,0,-1
3/27/2021 10:00,0,-1
3/27/2021 10:05,0,-1
3/27/2021 10:10,0,-1
3/27/2021 10:15,0,-1
3/27/2021 10:20,0,-1
3/27/2021 10:25,0,-1
3/27/2021 10:30,0,-1
3/27/2021 10:35,0,-1
3/27/2021 10:40,0,-1
3/27/2021 10:45,0,-1
3/27/2021 10:50,0,-1
3/27/2021 10:55,0,-1
3/27/2021 11:00,0,-1
3/27/2021 11:05,0,-1
3/27/2021 11:10,0,-1
3/27/2021 11:15,0,-1
3/27/2021 11:20,0,-1
3/27/2021 11:25,0,-1
3/27/2021 11:30,0,-1
3/27/2021 11:35,0,-1
3/27/2021 11:40,0,-1
3/27/2021 11:45,0,-1
3/27/2021 11:50,0,-1
3/27/2021 11:55,0,-1
3/27/2021 12:00,0,-1
3/27/2021 12:05,0,-1
3/27/2021 12:10,0,-1
3/27/2021 12:15,0,-1
3/27/2021 12:20,0,-1
3/27/2021 12:25,0,-1
3/27/2021 12:30,0,-1
3/27/2021 12:35,0,-1
3/27/2021 12:40,0,-1
3/27/2021 12:45,0,-1
3/27/2021 12:50,0,-1
3/27/2021 12:55,0,-1
3/27/2021 13:00,0,-1
3/27/2021 13:05,0,-1
3/27/2021 13:10,0,-1
3/27/2021 13:15,0,-1
3/27/2021 13:20,0,-1
3/27/2021 13:25,0,-1
3/27/2021 13:30,0,-1
3/27/2021 13:35,0,-1
3/27/2021 13:40,0,-1
3/27/2021 13:45,0,-1
3/27/2021 13:50,0,-1
3/27/2021 13:55,0,-1
3/27/2021 14:00,0,-1
3/27/2021 14:05,0,-1
3/27/2021 14:10,0,-1
3/27/2021 14:15,0,-1
3/27/2021 14:20,0,-1
3/27/2021 14:25,0,-1
3/27/2021 14:30,0,-1
3/27/2021 14:35,0,-1
3/27/2021 14:40,0,-1
3/27/2021 14:45,0,-1
3/27/2021 14:50,0,-1
3/27/2021 14:55,0,-1
3/27/2021 15:00,0,-1
3/27/2021 15:05,0,-1
3/27/2021 15:10,0,-1
3/27/2021 15:15,0,-1
3/27/2021 15:20,0,-1
3/27/2021 15:25,0,-1
3/27/2021 15:30,0,-1
3/27/2021 15:35,0,-1
3/27/2021 15:40,0,-1
3/27/2021 15:45,0,-1
3/27/2021 15:50,0,-1
3/27/2021 15:55,0,-1
3/27/2021 16:00,0,-1
3/27/2021 16:05,0,-1
3/27/2021 16:10,0,-1
3/27/2021 16:15,0,-1
3/27/2021 16:20,0,-1
3/27/2021 16:25,0,-1
3/27/2021 16:30,0,-1
3/27/2021 16:35,0,-1
3/27/2021 16:40,0,-1
3/27/2021 16:45,0,-1
3/27/2021 16:50,0,-1
3/27/2021 16:55,0,-1
3/27/2021 17:00,0,-1
3/27/2021 17:05,0,-1
3/27/2021 17:10,0,-1
3/27/2021 17:15,0,-1
3/27/2021 17:20,0,-1
3/27/2021 17:25,0,-1
3/27/2021 17:30,0,-1
3/27/2021 17:35,0,-1
3/27/2021 17:40,0,-1
3/27/2021 17:45,0,-1
3/27/2021 17:50,0,-1
3/27/2021 17:55,0,-1
3/27/2021 18:00,0,-1
3/27/2021 18:05,0,-1
3/27/2021 18:10,0,-1
3/27/2021 18:15,0,-1
3/27/2021 18:20,0,-1
3/27/2021 18:25,0,-1
3/27/2021 18:30,0,-1
3/27/2021 18:35,0,-1
3/27/2021 18:40,0,-1
3/27/2021 18:45,0,-1
3/27/2021 18:50,0,-1
3/27/2021 18:55,0,-1
3/27/2021 19:00,0,-1
3/27/2021 19:05,0,-1
3/27/2021 19:10,0,-1
3/27/2021 19:15,0,-1
3/27/2021 19:20,0,-1
3/27/2021 19:25,0,-1
3/27/2021 19:30,0,-1
3/27/2021 19:35,0,-1
3/27/2021 19:40,0,-1
3/27/2021 19:45,0,-1
3/27/2021 19:50,0,-1
3/27/2021 19:55,0,-1
3/27/2021 20:00,0,-1
3/27/2021 20:05,0,-1
3/27/2021 20:10,0,-1
3/27/2021 20:15,0,-1
3/27/2021 20:20,0,-1
3/27/2021 20:25,0,-1
3/27/2021 20:30,0,-1
3/27/2021 20:35,0,-1
3/27/2021 20:40,0,-1
3/27/2021 20:45,0,-1
3/27/2021 20:50,0,-1
3/27/2021 20:55,0,-1
3/27/2021 21:00,0,-1
3/27/2021 21:05,0,-1
3/27/2021 21:10,0,-1
3/27/2021 21:15,0,-1
3/27/2021 21:20,0,-1
3/27/2021 21:25,0,-1
3/27/2021 21:30,0,-1
3/27/2021 21:35,0,-1
3/27/2021 21:40,0,-1
3/27/2021 21:45,0,-1
3/27/2021 21:50,0,-1
3/27/2021 21:55,0,-1
3/27/2021 22:00,0,-1
3/27/2021 22:05,0,-1
3/27/2021 22:10,0,-1
3/27/2021 22:15,0,-1
3/27/2021 22:20,0,-1
3/27/2021 22:25,0,-1
3/27/2021 22:30,0,-1
3/27/2021 22:35,0,-1
3/27/2021 22:40,0,-1
3/27/2021 22:45,0,-1
3/27/2021 22:50,0,-1
3/27/2021 22:55,0,-1
3/27/2021 23:00,0,-1
3/27/2021 23:05,0,-1
3/27/2021 23:10,0,-1
3/27/2021 23:15,0,-1
3/27/2021 23:20,0,-1
3/27/2021 23:25,0,-1
3/27/2021 23:30,0,-1
3/27/2021 23:35,0,-1
3/27/2021 23:40,0,-1
3/27/2021 23:45,0,-1
3/27/2021 23:50,0,-1
3/27/2021 23:55,0,-1
3/28/2021 0:00,0,-1
3/28/2021 0:05,0,-1
3/28/2021 0:10,0,-1
3/28/2021 0:15,0,-1
3/28/2021 0:20,0,-1
3/28/2021 0:25,0,-1
3/28/2021 0:30,0,-1
3/28/2021 0:35,0,-1
3/28/2021 0:40,0,-1
3/28/2021 0:45,0,-1
3/28/2021 0:50,0,-1
3/28/2021 0:55,0,-1
3/28/2021 1:00,0,-1
3/28/2021 1:05,0,-1
3/28/2021 1:10,0,-1
3/28/2021 1:15,0,-1
3/28/2021 1:20,0,-1
3/28/2021 1:25,0,-1
3/28/2021 1:30,0,-1
3/28/2021 1:35,0,-1
3/28/2021 1:40,0,-1
3/28/2021 1:45,0,-1
3/28/2021 1:50,0,-1
3/28/2021 1:55,0,-1
3/28/2021 2:00,0,-1
3/28/2021 2:05,0,-1
3/28/2021 2:10,0,-1
3/28/2021 2:15,0,-1
3/28/2021 2:20,0,-1
3/28/2021 2:25,0,-1
3/28/2021 2:30,0,-1
3/28/2021 2:35,0,-1
3/28/2021 2:40,0,-1
3/28/2021 2:45,0,-1
3/28/2021 2:50,0,-1
3/28/2021 2:55,0,-1
3/28/2021 3:00,0,-1
3/28/2021 3:05,0,-1
3/28/2021 3:10,0,-1
3/28/2021 3:15,0,-1
3/28/2021 3:20,0,-1
3/28/2021 3:25,0,-1
3/28/2021 3:30,0,-1
3/28/2021 3:35,0,-1
3/28/2021 3:40,0,-1
3/28/2021 3:45,0,-1
3/28/2021 3:50,0,-1
3/28/2021 3:55,0,-1
3/28/2021 4:00,0,-1
3/28/2021 4:05,0,-1
3/28/2021 4:10,0,-1
3/28/2021 4:15,0,-1
3/28/2021 4:20,0,-1
3/28/2021 4:25,0,-1
3/28/2021 4:30,0,-1
3/28/2021 4:35,0,-1
3/28/2021 4:40,0,-1
3/28/2021 4:45,0,-1
3/28/2021 4:50,0,-1
3/28/2021 4:55,0,-1
3/28/2021 5:00,0,-1
3/28/2021 5:05,0,-1
3/28/2021 5:10,0,-1
3/28/2021 5:15,0,-1
3/28/2021 5:20,0,-1
3/28/2021 5:25,0,-1
3/28/2021 5:30,0,-1
3/28/2021 5:35,0,-1
3/28/2021 5:40,0,-1
3/28/2021 5:45,0,-1
3/28/2021 5:50,0,-1
3/28/2021 5:55,0,-1
3/28/2021 6:00,0,-1
3/28/2021 6:05,0,-1
3/28/2021 6:10,0,-1
3/28/2021 6:15,0,-1
3/28/2021 6:20,0,-1
3/28/2021 6:25,0,-1
3/28/2021 6:30,0,-1
3/28/2021 6:35,0,-1
3/28/2021 6:40,0,-1
3/28/2021 6:45,0,-1
3/28/2021 6:50,0,-1
3/28/2021 6:55,0,-1
3/28/2021 7:00,0,-1
3/28/2021 7:05,0,-1
3/28/2021 7:10,0,-1
3/28/2021 7:15,0,-1
3/28/2021 7:20,0,-1
3/28/2021 7:25,0,-1
3/28/2021 7:30,0,-1
3/28/2021 7:35,0,-1
3/28/2021 7:40,0,-1
3/28/2021 7:45,0,-1
3/28/2021 7:50,0,-1
3/28/2021 7:55,0,-1
3/28/2021 8:00,0,-1
3/28/2021 8:05,0,-1
3/28/2021 8:10,0,-1
3/28/2021 8:15,0,-1
3/28/2021 8:20,0,-1
3/28/2021 8:25,0,-1
3/28/2021 8:30,0,-1
3/28/2021 8:35,0,-1
3/28/2021 8:40,0,-1
3/28/2021 8:45,0,-1
3/28/2021 8:50,0,-1
3/28/2021 8:55,0,-1
3/28/2021 9:00,0,-1
3/28/2021 9:05,0,-1
3/28/2021 9:10,0,-1
3/28/2021 9:15,0,-1
3/28/2021 9:20,0,-1
3/28/2021 9:25,0,-1
3/28/2021 9:30,0,-1
3/28/2021 9:35,0,-1
3/28/2021 9:40,0,-1
3/28/2021 9:45,0,-1
3/28/2021 9:50,0,-1
3/28/2021 9:55,0,-1
3/28/2021 10:00,0,-1
3/28/2021 10:05,0,-1
3/28/2021 10:10,0,-1
3/28/2021 10:15,0,-1
3/28/2021 10:20,0,-1
3/28/2021 10:25,0,-1
3/28/2021 10:30,0,-1
3/28/2021 10:35,0,-1
3/28/2021 10:40,0,-1
3/28/2021 10:45,0,-1
3/28/2021 10:50,0,-1
3/28/2021 10:55,0,-1
3/28/2021 11:00,0,-1
3/28/2021 11:05,0,-1
3/28/2021 11:10,0,-1
3/28/2021 11:15,0,-1
3/28/2021 11:20,0,-1
3/28/2021 11:25,0,-1
3/28/2021 11:30,0,-1
3/28/2021 11:35,0,-1
3/28/2021 11:40,0,-1
3/28/2021 11:45,0,-1
3/28/2021 11:50,0,-1
3/28/2021 11:55,0,-1
3/28/2021 12:00,0,-1
3/28/2021 12:05,0,-1
3/28/2021 12:10,0,-1
3/28/2021 12:15,0,-1
3/28/2021 12:20,0,-1
3/28/2021 12:25,0,-1
3/28/2021 12:30,0,-1
3/28/2021 12:35,0,-1
3/28/2021 12:40,0,-1
3/28/2021 12:45,0,-1
3/28/2021 12:50,0,-1
3/28/2021 12:55,0,-1
3/28/2021 13:00,0,-1
3/28/2021 13:05,0,-1
3/28/2021 13:10,0,-1
3/28/2021 13:15,0,-1
3/28/2021 13:20,0,-1
3/28/2021 13:25,0,-1
3/28/2021 13:30,0,-1
3/28/2021 13:35,0,-1
3/28/2021 13:40,0,-1
3/28/2021 13:45,0,-1
3/28/2021 13:50,0,-1
3/28/2021 13:55,0,-1
3/28/2021 14:00,0,-1
3/28/2021 14:05,0,-1
3/28/2021 14:10,0,-1
3/28/2021 14:15,0,-1
3/28/2021 14:20,0,-1
3/28/2021 14:25,0,-1
3/28/2021 14:30,0,-1
3/28/2021 14:35,0,-1
3/28/2021 14:40,0,-1
3/28/2021 14:45,0,-1
3/28/2021 14:50,0,-1
3/28/2021 14:55,0,-1
3/28/2021 15:00,0,-1
3/28/2021 15:05,0,-1
3/28/2021 15:10,0,-1
3/28/2021 15:15,0,-1
3/28/2021 15:20,0,-1
3/28/2021 15:25,0,-1
3/28/2021 15:30,0,-1
3/28/2021 15:35,0,-1
3/28/2021 15:40,0,-1
3/28/2021 15:45,0,-1
3/28/2021 15:50,0,-1
3/28/2021 15:55,0,-1
3/28/2021 16:00,0,-1
3/28/2021 16:05,0,-1
3/28/2021 16:10,0,-1
3/28/2021 16:15,0,-1
3/28/2021 16:20,0,-1
3/28/2021 16:25,0,-1
3/28/2021 16:30,0,-1
3/28/2021 16:35,0,-1
3/28/2021 16:40,0,-1
3/28/2021 16:45,0,-1
3/28/2021 16:50,0,-1
3/28/2021 16:55,0,-1
3/28/2021 17:00,0,-1
3/28/2021 17:05,0,-1
3/28/2021 17:10,0,-1
3/28/2021 17:15,0,-1
3/28/2021 17:20,0,-1
3/28/2021 17:25,0,-1
3/28/2021 17:30,0,-1
3/28/2021 17:35,0,-1
3/28/2021 17:40,0,-1
3/28/2021 17:45,0,-1
3/28/2021 17:50,0,-1
3/28/2021 17:55,0,-1
3/28/2021 18:00,0,-1
3/28/2021 18:05,0,-1
3/28/2021 18:10,0,-1
3/28/2021 18:15,0,-1
3/28/2021 18:20,0,-1
3/28/2021 18:25,0,-1
3/28/2021 18:30,0,-1
3/28/2021 18:35,0,-1
3/28/2021 18:40,0,-1
3/28/2021 18:45,0,-1
3/28/2021 18:50,0,-1
3/28/2021 18:55,0,-1
3/28/2021 19:00,0,-1
3/28/2021 19:05,0,-1
3/28/2021 19:10,0,-1
3/28/2021 19:15,0,-1
3/28/2021 19:20,0,-1
3/28/2021 19:25,0,-1
3/28/2021 19:30,0,-1
3/28/2021 19:35,0,-1
3/28/2021 19:40,0,-1
3/28/2021 19:45,0,-1
3/28/2021 19:50,0,-1
3/28/2021 19:55,0,-1
3/28/2021 20:00,0,-1
3/28/2021 20:05,0,-1
3/28/2021 20:10,0,-1
3/28/2021 20:15,0,-1
3/28/2021 20:20,0,-1
3/28/2021 20:25,0,-1
3/28/2021 20:30,0,-1
3/28/2021 20:35,0,-1
3/28/2021 20:40,0,-1
3/28/2021 20:45,0,-1
3/28/2021 20:50,0,-1
3/28/2021 20:55,0,-1
3/28/2021 21:00,0,-1
3/28/2021 21:05,0,-1
3/28/2021 21:10,0,-1
3/28/2021 21:15,0,-1
3/28/2021 21:20,0,-1
3/28/2021 21:25,0,-1
3/28/2021 21:30,0,-1
3/28/2021 21:35,0,-1
3/28/2021 21:40,0,-1
3/28/2021 21:45,0,-1
3/28/2021 21:50,0,-1
3/28/2021 21:55,0,-1
3/28/2021 22:00,0,-1
3/28/2021 22:05,0,-1
3/28/2021 22:10,0,-1
3/28/2021 22:15,0,-1
3/28/2021 22:20,0,-1
3/28/2021 22:25,0,-1
3/28/2021 22:30,0,-1
3/28/2021 22:35,0,-1
3/28/2021 22:40,0,-1
3/28/2021 22:45,0,-1
3/28/2021 22:50,0,-1
3/28/2021 22:55,0,-1
3/28/2021 23:00,0,-1
3/28/2021 23:05,0,-1
3/28/2021 23:10,0,-1
3/28/2021 23:15,0,-1
3/28/2021 23:20,0,-1
3/28/2021 23:25,0,-1
3/28/2021 23:30,0,-1
3/28/2021 23:35,0,-1
3/28/2021 23:40,0,-1
3/28/2021 23:45,0,-1
3/28/2021 23:50,0,-1
3/28/2021 23:55,0,-1
3/29/2021 0:00,0,-1
3/29/2021 0:05,0,-1
3/29/2021 0:10,0,-1
3/29/2021 0:15,0,-1
3/29/2021 0:20,0,-1
3/29/2021 0:25,0,-1
3/29/2021 0:30,0,-1
3/29/2021 0:35,0,-1
3/29/2021 0:40,0,-1
3/29/2021 0:45,0,-1
3/29/2021 0:50,0,-1
3/29/2021 0:55,0,-1
3/29/2021 1:00,0,-1
3/29/2021 1:05,0,-1
3/29/2021 1:10,0,-1
3/29/2021 1:15,0,-1
3/29/2021 1:20,0,-1
3/29/2021 1:25,0,-1
3/29/2021 1:30,0,-1
3/29/2021 1:35,0,-1
3/29/2021 1:40,0,-1
3/29/2021 1:45,0,-1
3/29/2021 1:50,0,-1
3/29/2021 1:55,0,-1
3/29/2021 2:00,0,-1
3/29/2021 2:05,0,-1
3/29/2021 2:10,0,-1
3/29/2021 2:15,0,-1
3/29/2021 2:20,0,-1
3/29/2021 2:25,0,-1
3/29/2021 2:30,0,-1
3/29/2021 2:35,0,-1
3/29/2021 2:40,0,-1
3/29/2021 2:45,0,-1
3/29/2021 2:50,0,-1
3/29/2021 2:55,0,-1
3/29/2021 3:00,0,-1
3/29/2021 3:05,0,-1
3/29/2021 3:10,0,-1
3/29/2021 3:15,0,-1
3/29/2021 3:20,0,-1
3/29/2021 3:25,0,-1
3/29/2021 3:30,0,-1
3/29/2021 3:35,0,-1
3/29/2021 3:40,0,-1
3/29/2021 3:45,0,-1
3/29/2021 3:50,0,-1
3/29/2021 3:55,0,-1
3/29/2021 4:00,0,-1
3/29/2021 4:05,0,-1
3/29/2021 4:10,0,-1
3/29/2021 4:15,0,-1
3/29/2021 4:20,0,-1
3/29/2021 4:25,0,-1
3/29/2021 4:30,0,-1
3/29/2021 4:35,0,-1
3/29/2021 4:40,0,-1
3/29/2021 4:45,0,-1
3/29/2021 4:50,0,-1
3/29/2021 4:55,0,-1
3/29/2021 5:00,0,-1
3/29/2021 5:05,0,-1
3/29/2021 5:10,0,-1
3/29/2021 5:15,0,-1
3/29/2021 5:20,0,-1
3/29/2021 5:25,0,-1
3/29/2021 5:30,0,-1
3/29/2021 5:35,0,-1
3/29/2021 5:40,0,-1
3/29/2021 5:45,0,-1
3/29/2021 5:50,0,-1
3/29/2021 5:55,0,-1
3/29/2021 6:00,0,-1
3/29/2021 6:05,0,-1
3/29/2021 6:10,0,-1
3/29/2021 6:15,0,-1
3/29/2021 6:20,0,-1
3/29/2021 6:25,0,-1
3/29/2021 6:30,0,-1
3/29/2021 6:35,0,-1
3/29/2021 6:40,0,-1
3/29/2021 6:45,0,-1
3/29/2021 6:50,0,-1
3/29/2021 6:55,0,-1
3/29/2021 7:00,0,-1
3/29/2021 7:05,0,-1
3/29/2021 7:10,0,-1
3/29/2021 7:15,0,-1
3/29/2021 7:20,0,-1
3/29/2021 7:25,0,-1
3/29/2021 7:30,0,-1
3/29/2021 7:35,0,-1
3/29/2021 7:40,0,-1
3/29/2021 7:45,0,-1
3/29/2021 7:50,0,-1
3/29/2021 7:55,0,-1
3/29/2021 8:00,0,-1
3/29/2021 8:05,0,-1
3/29/2021 8:10,0,-1
3/29/2021 8:15,0,-1
3/29/2021 8:20,0,-1
3/29/2021 8:25,0,-1
3/29/2021 8:30,0,-1
3/29/2021 8:35,0,-1
3/29/2021 8:40,0,-1
3/29/2021 8:45,0,-1
3/29/2021 8:50,0,-1
3/29/2021 8:55,0,-1
3/29/2021 9:00,0,-1
3/29/2021 9:05,0,-1
3/29/2021 9:10,0,-1
3/29/2021 9:15,0,-1
3/29/2021 9:20,0,-1
3/29/2021 9:25,0,-1
3/29/2021 9:30,0,-1
3/29/2021 9:35,0,-1
3/29/2021 9:40,0,-1
3/29/2021 9:45,0,-1
3/29/2021 9:50,0,-1
3/29/2021 9:55,0,-1
3/29/2021 10:00,0,-1
3/29/2021 10:05,0,-1
3/29/2021 10:10,0,1.394383
3/29/2021 10:15,0,-1
3/29/2021 10:20,0,-1
3/29/2021 10:25,0,-1
3/29/2021 10:30,0,-1
3/29/2021 10:35,0,-1
3/29/2021 10:40,0,-1
3/29/2021 10:45,0,-1
3/29/2021 10:50,0,-1
3/29/2021 10:55,0,-1
3/29/2021 11:00,0,-1
3/29/2021 11:05,0,-1
3/29/2021 11:10,0,-1
3/29/2021 11:15,0,-1
3/29/2021 11:20,0,-1
3/29/2021 11:25,0,-1
3/29/2021 11:30,0,-1
3/29/2021 11:35,0,-1
3/29/2021 11:40,0,-1
3/29/2021 11:45,0,-1
3/29/2021 11:50,0,-1
3/29/2021 11:55,0,-1
3/29/2021 12:00,0,-1
3/29/2021 12:05,0,-1
3/29/2021 12:10,0,-1
3/29/2021 12:15,0,-1
3/29/2021 12:20,0,-1
3/29/2021 12:25,0,-1
3/29/2021 12:30,0,-1
3/29/2021 12:35,0,-1
3/29/2021 12:40,0,-1
3/29/2021 12:45,0,-1
3/29/2021 12:50,0,-1
3/29/2021 12:55,0,-1
3/29/2021 13:00,0,-1
3/29/2021 13:05,0,-1
3/29/2021 13:10,0,-1
3/29/2021 13:15,0,-1
3/29/2021 13:20,0,-1
3/29/2021 13:25,0,-1
3/29/2021 13:30,0,-1
3/29/2021 13:35,0,-1
3/29/2021 13:40,0,-1
3/29/2021 13:45,0,-1
3/29/2021 13:50,0,-1
3/29/2021 13:55,0,-1
3/29/2021 14:00,0,-1
3/29/2021 14:05,0,-1
3/29/2021 14:10,0,-1
3/29/2021 14:15,0,-1
3/29/2021 14:20,0,-1
3/29/2021 14:25,0,-1
3/29/2021 14:30,0,-1
3/29/2021 14:35,0,-1
3/29/2021 14:40,0,-1
3/29/2021 14:45,0,-1
3/29/2021 14:50,0,-1
3/29/2021 14:55,0,-1
3/29/2021 15:00,0,-1
3/29/2021 15:05,0,-1
3/29/2021 15:10,0,-1
3/29/2021 15:15,0,-1
3/29/2021 15:20,0,-1
3/29/2021 15:25,0,-1
3/29/2021 15:30,0,-1
3/29/2021 15:35,0,-1
3/29/2021 15:40,0,-1
3/29/2021 15:45,0,-1
3/29/2021 15:50,0,-1
3/29/2021 15:55,0,-1
3/29/2021 16:00,0,-1
3/29/2021 16:05,0,-1
3/29/2021 16:10,0,-1
3/29/2021 16:15,0,-1
3/29/2021 16:20,0,-1
3/29/2021 16:25,0,-1
3/29/2021 16:30,0,-1
3/29/2021 16:35,0,-1
3/29/2021 16:40,0,-1
3/29/2021 16:45,0,-1
3/29/2021 16:50,0,-1
3/29/2021 16:55,0,-1
3/29/2021 17:00,0,-1
3/29/2021 17:05,0,-1
3/29/2021 17:10,0,-1
3/29/2021 17:15,0,-1
3/29/2021 17:20,0,-1
3/29/2021 17:25,0,-1
3/29/2021 17:30,0,-1
3/29/2021 17:35,0,-1
3/29/2021 17:40,0,-1
3/29/2021 17:45,0,-1
3/29/2021 17:50,0,-1
3/29/2021 17:55,0,-1
3/29/2021 18:00,0,-1
3/29/2021 18:05,0,-1
3/29/2021 18:10,0,-1
3/29/2021 18:15,0,-1
3/29/2021 18:20,0,-1
3/29/2021 18:25,0,-1
3/29/2021 18:30,0,-1
3/29/2021 18:35,0,-1
3/29/2021 18:40,0,-1
3/29/2021 18:45,0,-1
3/29/2021 18:50,0,-1
3/29/2021 18:55,0,-1
3/29/2021 19:00,0,-1
3/29/2021 19:05,0,-1
3/29/2021 19:10,0,-1
3/29/2021 19:15,0,-1
3/29/2021 19:20,0,-1
3/29/2021 19:25,0,-1
3/29/2021 19:30,0,-1
3/29/2021 19:35,0,-1
3/29/2021 19:40,0,-1
3/29/2021 19:45,0,-1
3/29/2021 19:50,0,-1
3/29/2021 19:55,0,-1
3/29/2021 20:00,0,-1
3/29/2021 20:05,0,-1
3/29/2021 20:10,0,-1
3/29/2021 20:15,0,-1
3/29/2021 20:20,0,-1
3/29/2021 20:25,0,-1
3/29/2021 20:30,0,-1
3/29/2021 20:35,0,-1
3/29/2021 20:40,0,-1
3/29/2021 20:45,0,-1
3/29/2021 20:50,0,-1
3/29/2021 20:55,0,-1
3/29/2021 21:00,0,-1
3/29/2021 21:05,0,-1
3/29/2021 21:10,0,-1
3/29/2021 21:15,0,-1
3/29/2021 21:20,0,-1
3/29/2021 21:25,0,-1
3/29/2021 21:30,0,-1
3/29/2021 21:35,0,-1
3/29/2021 21:40,0,-1
3/29/2021 21:45,0,-1
3/29/2021 21:50,0,-1
3/29/2021 21:55,0,-1
3/29/2021 22:00,0,-1
3/29/2021 22:05,0,-1
3/29/2021 22:10,0,-1
3/29/2021 22:15,0,-1
3/29/2021 22:20,0,-1
3/29/2021 22:25,0,-1
3/29/2021 22:30,0,-1
3/29/2021 22:35,0,-1
3/29/2021 22:40,0,-1
3/29/2021 22:45,0,-1
3/29/2021 22:50,0,-1
3/29/2021 22:55,0,-1
3/29/2021 23:00,0,-1
3/29/2021 23:05,0,-1
3/29/2021 23:10,0,-1
3/29/2021 23:15,0,-1
3/29/2021 23:20,0,-1
3/29/2021 23:25,0,-1
3/29/2021 23:30,0,-1
3/29/2021 23:35,0,-1
3/29/2021 23:40,0,-1
3/29/2021 23:45,0,-1
3/29/2021 23:50,0,-1
3/29/2021 23:55,0,-1
3/30/2021 0:00,0,-1
3/30/2021 0:05,0,-1
3/30/2021 0:10,0,-1
3/30/2021 0:15,0,-1
3/30/2021 0:20,0,-1
3/30/2021 0:25,0,-1
3/30/2021 0:30,0,-1
3/30/2021 0:35,0,-1
3/30/2021 0:40,0,-1
3/30/2021 0:45,0,-1
3/30/2021 0:50,0,-1
3/30/2021 0:55,0,-1
3/30/2021 1:00,0,-1
3/30/2021 1:05,0,-1
3/30/2021 1:10,0,-1
3/30/2021 1:15,0,-1
3/30/2021 1:20,0,-1
3/30/2021 1:25,0,-1
3/30/2021 1:30,0,-1
3/30/2021 1:35,0,-1
3/30/2021 1:40,0,-1
3/30/2021 1:45,0,-1
3/30/2021 1:50,0,-1
3/30/2021 1:55,0,-1
3/30/2021 2:00,0,-1
3/30/2021 2:05,0,-1
3/30/2021 2:10,0,-1
3/30/2021 2:15,0,-1
3/30/2021 2:20,0,-1
3/30/2021 2:25,0,-1
3/30/2021 2:30,0,-1
3/30/2021 2:35,0,-1
3/30/2021 2:40,0,-1
3/30/2021 2:45,0,-1
3/30/2021 2:50,0,-1
3/30/2021 2:55,0,-1
3/30/2021 3:00,0,-1
3/30/2021 3:05,0,-1
3/30/2021 3:10,0,-1
3/30/2021 3:15,0,-1
3/30/2021 3:20,0,-1
3/30/2021 3:25,0,-1
3/30/2021 3:30,0,-1
3/30/2021 3:35,0,-1
3/30/2021 3:40,0,-1
3/30/2021 3:45,0,-1
3/30/2021 3:50,0,-1
3/30/2021 3:55,0,-1
3/30/2021 4:00,0,-1
3/30/2021 4:05,0,-1
3/30/2021 4:10,0,-1
3/30/2021 4:15,0,-1
3/30/2021 4:20,0,-1
3/30/2021 4:25,0,-1
3/30/2021 4:30,0,-1
3/30/2021 4:35,0,-1
3/30/2021 4:40,0,-1
3/30/2021 4:45,0,-1
3/30/2021 4:50,0,-1
3/30/2021 4:55,0,-1
3/30/2021 5:00,0,-1
3/30/2021 5:05,0,-1
3/30/2021 5:10,0,-1
3/30/2021 5:15,0,-1
3/30/2021 5:20,0,-1
3/30/2021 5:25,0,-1
3/30/2021 5:30,0,-1
3/30/2021 5:35,0,-1
3/30/2021 5:40,0,-1
3/30/2021 5:45,0,-1
3/30/2021 5:50,0,-1
3/30/2021 5:55,0,-1
3/30/2021 6:00,0,-1
3/30/2021 6:05,0,-1
3/30/2021 6:10,0,-1
3/30/2021 6:15,0,-1
3/30/2021 6:20,0,-1
3/30/2021 6:25,0,-1
3/30/2021 6:30,0,-1
3/30/2021 6:35,0,-1
3/30/2021 6:40,0,-1
3/30/2021 6:45,0,-1
3/30/2021 6:50,0,-1
3/30/2021 6:55,0,-1
3/30/2021 7:00,0,-1
3/30/2021 7:05,0,-1
3/30/2021 7:10,0,-1
3/30/2021 7:15,0,-1
3/30/2021 7:20,0,-1
3/30/2021 7:25,0,-1
3/30/2021 7:30,0,-1
3/30/2021 7:35,0,-1
3/30/2021 7:40,0,-1
3/30/2021 7:45,0,-1
3/30/2021 7:50,0,-1
3/30/2021 7:55,0,-1
3/30/2021 8:00,0,-1
3/30/2021 8:05,0,-1
3/30/2021 8:10,0,-1
3/30/2021 8:15,0,-1
3/30/2021 8:20,0,-1
3/30/2021 8:25,0,-1
3/30/2021 8:30,0,-1
3/30/2021 8:35,0,-1
3/30/2021 8:40,0,-1
3/30/2021 8:45,0,-1
3/30/2021 8:50,0,-1
3/30/2021 8:55,0,-1
3/30/2021 9:00,0,-1
3/30/2021 9:05,0,-1
3/30/2021 9:10,0,-1
3/30/2021 9:15,0,-1
3/30/2021 9:20,0,-1
3/30/2021 9:25,0,-1
3/30/2021 9:30,0,-1
3/30/2021 9:35,0,-1
3/30/2021 9:40,0,-1
3/30/2021 9:45,0,-1
3/30/2021 9:50,0,-1
3/30/2021 9:55,0,-1
3/30/2021 10:00,0,-1
3/30/2021 10:05,0,-1
3/30/2021 10:10,0,-1
3/30/2021 10:15,0,-1
3/30/2021 10:20,0,-1
3/30/2021 10:25,0,-1
3/30/2021 10:30,0,-1
3/30/2021 10:35,0,-1
3/30/2021 10:40,0,-1
3/30/2021 10:45,0,-1
3/30/2021 10:50,0,-1
3/30/2021 10:55,0,-1
3/30/2021 11:00,0,-1
3/30/2021 11:05,0,-1
3/30/2021 11:10,0,-1
3/30/2021 11:15,0,-1
3/30/2021 11:20,0,-1
3/30/2021 11:25,0,-1
3/30/2021 11:30,0,-1
3/30/2021 11:35,0,-1
3/30/2021 11:40,0,-1
3/30/2021 11:45,0,-1
3/30/2021 11:50,0,-1
3/30/2021 11:55,0,-1
3/30/2021 12:00,0,-1
3/30/2021 12:05,0,-1
3/30/2021 12:10,0,-1
3/30/2021 12:15,0,-1
3/30/2021 12:20,0,-1
3/30/2021 12:25,0,-1
3/30/2021 12:30,0,-1
3/30/2021 12:35,0,-1
3/30/2021 12:40,0,-1
3/30/2021 12:45,0,-1
3/30/2021 12:50,0,-1
3/30/2021 12:55,0,-1
3/30/2021 13:00,0,-1
3/30/2021 13:05,0,-1
3/30/2021 13:10,0,-1
3/30/2021 13:15,0,-1
3/30/2021 13:20,0,-1
3/30/2021 13:25,0,-1
3/30/2021 13:30,0,-1
3/30/2021 13:35,0,-1
3/30/2021 13:40,0,-1
3/30/2021 13:45,0,-1
3/30/2021 13:50,0,-1
3/30/2021 13:55,0,-1
3/30/2021 14:00,0,-1
3/30/2021 14:05,0,-1
3/30/2021 14:10,0,-1
3/30/2021 14:15,0,-1
3/30/2021 14:20,0,-1
3/30/2021 14:25,0,-1
3/30/2021 14:30,0,-1
3/30/2021 14:35,0,-1
3/30/2021 14:40,0,-1
3/30/2021 14:45,0,-1
3/30/2021 14:50,0,-1
3/30/2021 14:55,0,-1
3/30/2021 15:00,0,-1
3/30/2021 15:05,0,-1
3/30/2021 15:10,0,-1
3/30/2021 15:15,0,-1
3/30/2021 15:20,0,-1
3/30/2021 15:25,0,-1
3/30/2021 15:30,0,-1
3/30/2021 15:35,0,-1
3/30/2021 15:40,0,-1
3/30/2021 15:45,0,-1
3/30/2021 15:50,0,-1
3/30/2021 15:55,0,-1
3/30/2021 16:00,0,-1
3/30/2021 16:05,0,-1
3/30/2021 16:10,0,-1
3/30/2021 16:15,0,-1
3/30/2021 16:20,0,-1
3/30/2021 16:25,0,-1
3/30/2021 16:30,0,-1
3/30/2021 16:35,0,-1
3/30/2021 16:40,0,-1
3/30/2021 16:45,0,-1
3/30/2021 16:50,0,-1
3/30/2021 16:55,0,-1
3/30/2021 17:00,0,-1
3/30/2021 17:05,0,-1
3/30/2021 17:10,0,-1
3/30/2021 17:15,0,-1
3/30/2021 17:20,0,-1
3/30/2021 17:25,0,-1
3/30/2021 17:30,0,-1
3/30/2021 17:35,0,-1
3/30/2021 17:40,0,-1
3/30/2021 17:45,0,-1
3/30/2021 17:50,0,-1
3/30/2021 17:55,0,-1
3/30/2021 18:00,0,-1
3/30/2021 18:05,0,-1
3/30/2021 18:10,0,-1
3/30/2021 18:15,0,-1
3/30/2021 18:20,0,-1
3/30/2021 18:25,0,-1
3/30/2021 18:30,0,-1
3/30/2021 18:35,0,-1
3/30/2021 18:40,0,-1
3/30/2021 18:45,0,-1
3/30/2021 18:50,0,-1
3/30/2021 18:55,0,-1
3/30/2021 19:00,0,-1
3/30/2021 19:05,0,-1
3/30/2021 19:10,0,-1
3/30/2021 19:15,0,-1
3/30/2021 19:20,0,-1
3/30/2021 19:25,0,-1
3/30/2021 19:30,0,-1
3/30/2021 19:35,0,-1
3/30/2021 19:40,0,-1
3/30/2021 19:45,0,-1
3/30/2021 19:50,0,-1
3/30/2021 19:55,0,-1
3/30/2021 20:00,0,-1
3/30/2021 20:05,0,-1
3/30/2021 20:10,0,-1
3/30/2021 20:15,0,-1
3/30/2021 20:20,0,-1
3/30/2021 20:25,0,-1
3/30/2021 20:30,0,-1
3/30/2021 20:35,0,-1
3/30/2021 20:40,0,-1
3/30/2021 20:45,0,-1
3/30/2021 20:50,0,-1
3/30/2021 20:55,0,-1
3/30/2021 21:00,0,-1
3/30/2021 21:05,0,-1
3/30/2021 21:10,0,-1
3/30/2021 21:15,0,-1
3/30/2021 21:20,0,-1
3/30/2021 21:25,0,-1
3/30/2021 21:30,0,-1
3/30/2021 21:35,0,-1
3/30/2021 21:40,0,-1
3/30/2021 21:45,0,-1
3/30/2021 21:50,0,-1
3/30/2021 21:55,0,-1
3/30/2021 22:00,0,-1
3/30/2021 22:05,0,-1
3/30/2021 22:10,0,-1
3/30/2021 22:15,0,-1
3/30/2021 22:20,0,-1
3/30/2021 22:25,0,-1
3/30/2021 22:30,0,-1
3/30/2021 22:35,0,-1
3/30/2021 22:40,0,-1
3/30/2021 22:45,0,-1
3/30/2021 22:50,0,-1
3/30/2021 22:55,0,-1
3/30/2021 23:00,0,-1
3/30/2021 23:05,0,-1
3/30/2021 23:10,0,-1
3/30/2021 23:15,0,-1
3/30/2021 23:20,0,-1
3/30/2021 23:25,0,-1
3/30/2021 23:30,0,-1
3/30/2021 23:35,0,-1
3/30/2021 23:40,0,-1
3/30/2021 23:45,0,-1
3/30/2021 23:50,0,-1
3/30/2021 23:55,0,-1
3/31/2021 0:00,0,-1
3/31/2021 0:05,0,-1
3/31/2021 0:10,0,-1
3/31/2021 0:15,0,-1
3/31/2021 0:20,0,-1
3/31/2021 0:25,0,-1
3/31/2021 0:30,0,-1
3/31/2021 0:35,0,-1
3/31/2021 0:40,0,-1
3/31/2021 0:45,0,-1
3/31/2021 0:50,0,-1
3/31/2021 0:55,0,-1
3/31/2021 1:00,0,-1
3/31/2021 1:05,0,-1
3/31/2021 1:10,0,-1
3/31/2021 1:15,0,-1
3/31/2021 1:20,0,-1
3/31/2021 1:25,0,-1
3/31/2021 1:30,0,-1
3/31/2021 1:35,0,-1
3/31/2021 1:40,0,-1
3/31/2021 1:45,0,-1
3/31/2021 1:50,0,-1
3/31/2021 1:55,0,-1
3/31/2021 2:00,0,-1
3/31/2021 2:05,0,-1
3/31/2021 2:10,0,-1
3/31/2021 2:15,0,-1
3/31/2021 2:20,0,-1
3/31/2021 2:25,0,-1
3/31/2021 2:30,0,-1
3/31/2021 2:35,0,-1
3/31/2021 2:40,0,-1
3/31/2021 2:45,0,-1
3/31/2021 2:50,0,-1
3/31/2021 2:55,0,-1
3/31/2021 3:00,0,-1
3/31/2021 3:05,0,-1
3/31/2021 3:10,0,-1
3/31/2021 3:15,0,-1
3/31/2021 3:20,0,-1
3/31/2021 3:25,0,-1
3/31/2021 3:30,0,-1
3/31/2021 3:35,0,-1
3/31/2021 3:40,0,-1
3/31/2021 3:45,0,-1
3/31/2021 3:50,0,-1
3/31/2021 3:55,0,-1
3/31/2021 4:00,0,-1
3/31/2021 4:05,0,-1
3/31/2021 4:10,0,-1
3/31/2021 4:15,0,-1
3/31/2021 4:20,0,-1
3/31/2021 4:25,0,-1
3/31/2021 4:30,0,-1
3/31/2021 4:35,0,-1
3/31/2021 4:40,0,-1
3/31/2021 4:45,0,-1
3/31/2021 4:50,0,-1
3/31/2021 4:55,0,-1
3/31/2021 5:00,0,-1
3/31/2021 5:05,0,-1
3/31/2021 5:10,0,-1
3/31/2021 5:15,0,-1
3/31/2021 5:20,0,-1
3/31/2021 5:25,0,-1
3/31/2021 5:30,0,-1
3/31/2021 5:35,0,-1
3/31/2021 5:40,0,-1
3/31/2021 5:45,0,-1
3/31/2021 5:50,0,-1
3/31/2021 5:55,0,-1
3/31/2021 6:00,0,-1
3/31/2021 6:05,0,-1
3/31/2021 6:10,0,-1
3/31/2021 6:15,0,-1
3/31/2021 6:20,0,-1
3/31/2021 6:25,0,-1
3/31/2021 6:30,0,-1
3/31/2021 6:35,0,-1
3/31/2021 6:40,0,-1
3/31/2021 6:45,0,-1
3/31/2021 6:50,0,-1
3/31/2021 6:55,0,-1
3/31/2021 7:00,0,-1
3/31/2021 7:05,0,-1
3/31/2021 7:10,0,-1
3/31/2021 7:15,0,-1
3/31/2021 7:20,0,-1
3/31/2021 7:25,0,-1
3/31/2021 7:30,0,-1
3/31/2021 7:35,0,-1
3/31/2021 7:40,0,-1
3/31/2021 7:45,0,-1
3/31/2021 7:50,0,-1
3/31/2021 7:55,0,-1
3/31/2021 8:00,0,-1
3/31/2021 8:05,0,-1
3/31/2021 8:10,0,-1
3/31/2021 8:15,0,-1
3/31/2021 8:20,0,-1
3/31/2021 8:25,0,-1
3/31/2021 8:30,0,-1
3/31/2021 8:35,0,-1
3/31/2021 8:40,0,-1
3/31/2021 8:45,0,-1
3/31/2021 8:50,0,-1
3/31/2021 8:55,0,-1
3/31/2021 9:00,0,-1
3/31/2021 9:05,0,-1
3/31/2021 9:10,0,-1
3/31/2021 9:15,0,-1
3/31/2021 9:20,0,-1
3/31/2021 9:25,0,-1
3/31/2021 9:30,0,-1
3/31/2021 9:35,0,-1
3/31/2021 9:40,0,-1
3/31/2021 9:45,0,-1
3/31/2021 9:50,0,-1
3/31/2021 9:55,0,-1
3/31/2021 10:00,0,-1
3/31/2021 10:05,0,-1
3/31/2021 10:10,0,-1
3/31/2021 10:15,0,-1
3/31/2021 10:20,0,-1
3/31/2021 10:25,0,-1
3/31/2021 10:30,0,-1
3/31/2021 10:35,0,-1
3/31/2021 10:40,0,-1
3/31/2021 10:45,0,-1
3/31/2021 10:50,0,-1
3/31/2021 10:55,0,-1
3/31/2021 11:00,0,-1
3/31/2021 11:05,0,-1
3/31/2021 11:10,0,-1
3/31/2021 11:15,0,-1
3/31/2021 11:20,0,-1
3/31/2021 11:25,0,-1
3/31/2021 11:30,0,-1
3/31/2021 11:35,0,-1
3/31/2021 11:40,0,-1
3/31/2021 11:45,0,-1
3/31/2021 11:50,0,-1
3/31/2021 11:55,0,-1
3/31/2021 12:00,0,-1
3/31/2021 12:05,0,-1
3/31/2021 12:10,0,-1
3/31/2021 12:15,0,-1
3/31/2021 12:20,0,-1
3/31/2021 12:25,0,-1
3/31/2021 12:30,0,-1
3/31/2021 12:35,0,-1
3/31/2021 12:40,0,-1
3/31/2021 12:45,0,-1
3/31/2021 12:50,0,-1
3/31/2021 12:55,0,-1
3/31/2021 13:00,0,-1
3/31/2021 13:05,0,-1
3/31/2021 13:10,0,-1
3/31/2021 13:15,0,-1
3/31/2021 13:20,0,-1
3/31/2021 13:25,0,-1
3/31/2021 13:30,0,-1
3/31/2021 13:35,0,-1
3/31/2021 13:40,0,-1
3/31/2021 13:45,0,-1
3/31/2021 13:50,0,-1
3/31/2021 13:55,0,-1
3/31/2021 14:00,0,-1
3/31/2021 14:05,0,-1
3/31/2021 14:10,0,-1
3/31/2021 14:15,0,-1
3/31/2021 14:20,0,-1
3/31/2021 14:25,0,-1
3/31/2021 14:30,0,-1
3/31/2021 14:35,0,-1
3/31/2021 14:40,0,-1
3/31/2021 14:45,0,-1
3/31/2021 14:50,0,-1
3/31/2021 14:55,0,-1
3/31/2021 15:00,0,-1
3/31/2021 15:05,0,-1
3/31/2021 15:10,0,-1
3/31/2021 15:15,0,-1
3/31/2021 15:20,0,-1
3/31/2021 15:25,0,-1
3/31/2021 15:30,0,-1
3/31/2021 15:35,0,-1
3/31/2021 15:40,0,-1
3/31/2021 15:45,0,-1
3/31/2021 15:50,0,-1
3/31/2021 15:55,0,-1
3/31/2021 16:00,0,-1
3/31/2021 16:05,0,-1
3/31/2021 16:10,0,-1
3/31/2021 16:15,0,-1
3/31/2021 16:20,0,-1
3/31/2021 16:25,0,-1
3/31/2021 16:30,0,-1
3/31/2021 16:35,0,-1
3/31/2021 16:40,0,-1
3/31/2021 16:45,0,-1
3/31/2021 16:50,0,-1
3/31/2021 16:55,0,-1
3/31/2021 17:00,0,-1
3/31/2021 17:05,0,-1
3/31/2021 17:10,0,-1
3/31/2021 17:15,0,-1
3/31/2021 17:20,0,-1
3/31/2021 17:25,0,-1
3/31/2021 17:30,0,-1
3/31/2021 17:35,0,-1
3/31/2021 17:40,0,-1
3/31/2021 17:45,0,-1
3/31/2021 17:50,0,-1
3/31/2021 17:55,0,-1
3/31/2021 18:00,0,-1
3/31/2021 18:05,0,-1
3/31/2021 18:10,0,-1
3/31/2021 18:15,0,-1
3/31/2021 18:20,0,-1
3/31/2021 18:25,0,-1
3/31/2021 18:30,0,-1
3/31/2021 18:35,0,-1
3/31/2021 18:40,0,-1
3/31/2021 18:45,0,-1
3/31/2021 18:50,0,-1
3/31/2021 18:55,0,-1
3/31/2021 19:00,0,-1
3/31/2021 19:05,0,-1
3/31/2021 19:10,0,-1
3/31/2021 19:15,0,-1
3/31/2021 19:20,0,-1
3/31/2021 19:25,0,-1
3/31/2021 19:30,0,-1
3/31/2021 19:35,0,-1
3/31/2021 19:40,0,-1
3/31/2021 19:45,0,-1
3/31/2021 19:50,0,-1
3/31/2021 19:55,0,-1
3/31/2021 20:00,0,-1
3/31/2021 20:05,0,-1
3/31/2021 20:10,0,-1
3/31/2021 20:15,0,-1
3/31/2021 20:20,0,-1
3/31/2021 20:25,0,-1
3/31/2021 20:30,0,-1
3/31/2021 20:35,0,-1
3/31/2021 20:40,0,-1
3/31/2021 20:45,0,-1
3/31/2021 20:50,0,-1
3/31/2021 20:55,0,-1
3/31/2021 21:00,0,-1
3/31/2021 21:05,0,-1
3/31/2021 21:10,0,-1
3/31/2021 21:15,0,-1
3/31/2021 21:20,0,-1
3/31/2021 21:25,0,-1
3/31/2021 21:30,0,-1
3/31/2021 21:35,0,-1
3/31/2021 21:40,0,-1
3/31/2021 21:45,0,-1
3/31/2021 21:50,0,-1
3/31/2021 21:55,0,-1
3/31/2021 22:00,0,-1
3/31/2021 22:05,0,-1
3/31/2021 22:10,0,-1
3/31/2021 22:15,0,-1
3/31/2021 22:20,0,-1
3/31/2021 22:25,0,-1
3/31/2021 22:30,0,-1
3/31/2021 22:35,0,-1
3/31/2021 22:40,0,-1
3/31/2021 22:45,0,-1
3/31/2021 22:50,0,-1
3/31/2021 22:55,0,-1
3/31/2021 23:00,0,-1
3/31/2021 23:05,0,-1
3/31/2021 23:10,0,-1
3/31/2021 23:15,0,-1
3/31/2021 23:20,0,-1
3/31/2021 23:25,0,-1
3/31/2021 23:30,0,-1
3/31/2021 23:35,0,-1
3/31/2021 23:40,0,-1
3/31/2021 23:45,0,-1
3/31/2021 23:50,0,-1
3/31/2021 23:55,0,-1
4/1/2021 0:00,0,-1
4/1/2021 0:05,0,-1
4/1/2021 0:10,0,-1
4/1/2021 0:15,0,-1
4/1/2021 0:20,0,-1
4/1/2021 0:25,0,-1
4/1/2021 0:30,0,-1
4/1/2021 0:35,0,-1
4/1/2021 0:40,0,-1
4/1/2021 0:45,0,-1
4/1/2021 0:50,0,-1
4/1/2021 0:55,0,-1
4/1/2021 1:00,0,-1
4/1/2021 1:05,0,-1
4/1/2021 1:10,0,-1
4/1/2021 1:15,0,-1
4/1/2021 1:20,0,-1
4/1/2021 1:25,0,-1
4/1/2021 1:30,0,-1
4/1/2021 1:35,0,-1
4/1/2021 1:40,0,-1
4/1/2021 1:45,0,-1
4/1/2021 1:50,0,-1
4/1/2021 1:55,0,-1
4/1/2021 2:00,0,-1
4/1/2021 2:05,0,-1
4/1/2021 2:10,0,-1
4/1/2021 2:15,0,-1
4/1/2021 2:20,0,-1
4/1/2021 2:25,0,-1
4/1/2021 2:30,0,-1
4/1/2021 2:35,0,-1
4/1/2021 2:40,0,-1
4/1/2021 2:45,0,-1
4/1/2021 2:50,0,-1
4/1/2021 2:55,0,-1
4/1/2021 3:00,0,-1
4/1/2021 3:05,0,-1
4/1/2021 3:10,0,-1
4/1/2021 3:15,0,-1
4/1/2021 3:20,0,-1
4/1/2021 3:25,0,-1
4/1/2021 3:30,0,-1
4/1/2021 3:35,0,-1
4/1/2021 3:40,0,-1
4/1/2021 3:45,0,-1
4/1/2021 3:50,0,-1
4/1/2021 3:55,0,-1
4/1/2021 4:00,0,-1
4/1/2021 4:05,0,-1
4/1/2021 4:10,0,-1
4/1/2021 4:15,0,-1
4/1/2021 4:20,0,-1
4/1/2021 4:25,0,0.2832723
4/1/2021 4:30,0,-1
4/1/2021 4:35,0,-1
4/1/2021 4:40,0,-1
4/1/2021 4:45,0,-1
4/1/2021 4:50,0,-1
4/1/2021 4:55,0,-1
4/1/2021 5:00,0,-1
4/1/2021 5:05,0,-1
4/1/2021 5:10,0,-1
4/1/2021 5:15,0,-1
4/1/2021 5:20,0,-1
4/1/2021 5:25,0,-1
4/1/2021 5:30,0,-1
4/1/2021 5:35,0,-1
4/1/2021 5:40,0,-1
4/1/2021 5:45,0,-1
4/1/2021 5:50,0,-1
4/1/2021 5:55,0,-1
4/1/2021 6:00,0,-1
4/1/2021 6:05,0,-1
4/1/2021 6:10,0,-1
4/1/2021 6:15,0,-1
4/1/2021 6:20,0,-1
4/1/2021 6:25,0,-1
4/1/2021 6:30,0,-1
4/1/2021 6:35,0,-1
4/1/2021 6:40,0,-1
4/1/2021 6:45,0,-1
4/1/2021 6:50,0,-1
4/1/2021 6:55,0,-1
4/1/2021 7:00,0,-1
4/1/2021 7:05,0,-1
4/1/2021 7:10,0,-1
4/1/2021 7:15,0,-1
4/1/2021 7:20,0,-1
4/1/2021 7:25,0,-1
4/1/2021 7:30,0,-1
4/1/2021 7:35,0,-1
4/1/2021 7:40,0,-1
4/1/2021 7:45,0,-1
4/1/2021 7:50,0,-1
4/1/2021 7:55,0,-1
4/1/2021 8:00,0,-1
4/1/2021 8:05,0,-1
4/1/2021 8:10,0,-1
4/1/2021 8:15,0,-1
4/1/2021 8:20,0,-1
4/1/2021 8:25,0,-1
4/1/2021 8:30,0,-1
4/1/2021 8:35,0,-1
4/1/2021 8:40,0,-1
4/1/2021 8:45,0,-1
4/1/2021 8:50,0,-1
4/1/2021 8:55,0,-1
4/1/2021 9:00,0,-1
4/1/2021 9:05,0,-1
4/1/2021 9:10,0,-1
4/1/2021 9:15,0,-1
4/1/2021 9:20,0,-1
4/1/2021 9:25,0,-1
4/1/2021 9:30,0,-1
4/1/2021 9:35,0,-1
4/1/2021 9:40,0,-1
4/1/2021 9:45,0,-1
4/1/2021 9:50,0,-1
4/1/2021 9:55,0,-1
4/1/2021 10:00,0,-1
4/1/2021 10:05,0,-1
4/1/2021 10:10,0,-1
4/1/2021 10:15,0,-1
4/1/2021 10:20,0,-1
4/1/2021 10:25,0,-1
4/1/2021 10:30,0,-1
4/1/2021 10:35,0,-1
4/1/2021 10:40,0,-1
4/1/2021 10:45,0,-1
4/1/2021 10:50,0,-1
4/1/2021 10:55,0,-1
4/1/2021 11:00,0,-1
4/1/2021 11:05,0,-1
4/1/2021 11:10,0,-1
4/1/2021 11:15,0,-1
4/1/2021 11:20,0,-1
4/1/2021 11:25,0,-1
4/1/2021 11:30,0,-1
4/1/2021 11:35,0,-1
4/1/2021 11:40,0,-1
4/1/2021 11:45,0,-1
4/1/2021 11:50,0,-1
4/1/2021 11:55,0,-1
4/1/2021 12:00,0,-1
4/1/2021 12:05,0,-1
4/1/2021 12:10,0,-1
4/1/2021 12:15,0,-1
4/1/2021 12:20,0,-1
4/1/2021 12:25,0,-1
4/1/2021 12:30,0,-1
4/1/2021 12:35,0,-1
4/1/2021 12:40,0,-1
4/1/2021 12:45,0,-1
4/1/2021 12:50,0,-1
4/1/2021 12:55,0,-1
4/1/2021 13:00,0,-1
4/1/2021 13:05,0,-1
4/1/2021 13:10,0,-1
4/1/2021 13:15,0,-1
4/1/2021 13:20,0,-1
4/1/2021 13:25,0,-1
4/1/2021 13:30,0,-1
4/1/2021 13:35,0,-1
4/1/2021 13:40,0,-1
4/1/2021 13:45,0,-1
4/1/2021 13:50,0,-1
4/1/2021 13:55,0,-1
4/1/2021 14:00,0,-1
4/1/2021 14:05,0,-1
4/1/2021 14:10,0,-1
4/1/2021 14:15,0,-1
4/1/2021 14:20,0,-1
4/1/2021 14:25,0,-1
4/1/2021 14:30,0,-1
4/1/2021 14:35,0,-1
4/1/2021 14:40,0,-1
4/1/2021 14:45,0,-1
4/1/2021 14:50,0,-1
4/1/2021 14:55,0,-1
4/1/2021 15:00,0,-1
4/1/2021 15:05,0,-1
4/1/2021 15:10,0,-1
4/1/2021 15:15,0,-1
4/1/2021 15:20,0,-1
4/1/2021 15:25,0,-1
4/1/2021 15:30,0,-1
4/1/2021 15:35,0,-1
4/1/2021 15:40,0,-1
4/1/2021 15:45,0,-1
4/1/2021 15:50,0,-1
4/1/2021 15:55,0,-1
4/1/2021 16:00,0,-1
4/1/2021 16:05,0,-1
4/1/2021 16:10,0,-1
4/1/2021 16:15,0,-1
4/1/2021 16:20,0,-1
4/1/2021 16:25,0,-1
4/1/2021 16:30,0,-1
4/1/2021 16:35,0,-1
4/1/2021 16:40,0,-1
4/1/2021 16:45,0,-1
4/1/2021 16:50,0,-1
4/1/2021 16:55,0,-1
4/1/2021 17:00,0,-1
4/1/2021 17:05,0,-1
4/1/2021 17:10,0,-1
4/1/2021 17:15,0,-1
4/1/2021 17:20,0,-1
4/1/2021 17:25,0,-1
4/1/2021 17:30,0,-1
4/1/2021 17:35,0,-1
4/1/2021 17:40,0,-1
4/1/2021 17:45,0,-1
4/1/2021 17:50,0,-1
4/1/2021 17:55,0,-1
4/1/2021 18:00,0,-1
4/1/2021 18:05,0,-1
4/1/2021 18:10,0,-1
4/1/2021 18:15,0,-1
4/1/2021 18:20,0,-1
4/1/2021 18:25,0,-1
4/1/2021 18:30,0,-1
4/1/2021 18:35,0,-1
4/1/2021 18:40,0,-1
4/1/2021 18:45,0,-1
4/1/2021 18:50,0,-1
4/1/2021 18:55,0,-1
4/1/2021 19:00,0,-1
4/1/2021 19:05,0,-1
4/1/2021 19:10,0,-1
4/1/2021 19:15,0,-1
4/1/2021 19:20,0,-1
4/1/2021 19:25,0,-1
4/1/2021 19:30,0,-1
4/1/2021 19:35,0,-1
4/1/2021 19:40,0,-1
4/1/2021 19:45,0,-1
4/1/2021 19:50,0,-1
4/1/2021 19:55,0,-1
4/1/2021 20:00,0,-1
4/1/2021 20:05,0,-1
4/1/2021 20:10,0,-1
4/1/2021 20:15,0,-1
4/1/2021 20:20,0,-1
4/1/2021 20:25,0,-1
4/1/2021 20:30,0,-1
4/1/2021 20:35,0,-1
4/1/2021 20:40,0,-1
4/1/2021 20:45,0,-1
4/1/2021 20:50,0,-1
4/1/2021 20:55,0,-1
4/1/2021 21:00,0,-1
4/1/2021 21:05,0,-1
4/1/2021 21:10,0,-1
4/1/2021 21:15,0,-1
4/1/2021 21:20,0,-1
4/1/2021 21:25,0,-1
4/1/2021 21:30,0,-1
4/1/2021 21:35,0,-1
4/1/2021 21:40,0,-1
4/1/2021 21:45,0,-1
4/1/2021 21:50,0,-1
4/1/2021 21:55,0,-1
4/1/2021 22:00,0,-1
4/1/2021 22:05,0,-1
4/1/2021 22:10,0,-1
4/1/2021 22:15,0,-1
4/1/2021 22:20,0,-1
4/1/2021 22:25,0,-1
4/1/2021 22:30,0,-1
4/1/2021 22:35,0,-1
4/1/2021 22:40,0,-1
4/1/2021 22:45,0,-1
4/1/2021 22:50,0,-1
4/1/2021 22:55,0,-1
4/1/2021 23:00,0,-1
4/1/2021 23:05,0,-1
4/1/2021 23:10,0,-1
4/1/2021 23:15,0,-1
4/1/2021 23:20,0,-1
4/1/2021 23:25,0,-1
4/1/2021 23:30,0,-1
4/1/2021 23:35,0,-1
4/1/2021 23:40,0,-1
4/1/2021 23:45,0,-1
4/1/2021 23:50,0,-1
4/1/2021 23:55,0,-1
4/2/2021 0:00,0,-1
4/2/2021 0:05,0,-1
4/2/2021 0:10,0,-1
4/2/2021 0:15,0,-1
4/2/2021 0:20,0,-1
4/2/2021 0:25,0,-1
4/2/2021 0:30,0,-1
4/2/2021 0:35,0,-1
4/2/2021 0:40,0,-1
4/2/2021 0:45,0,-1
4/2/2021 0:50,0,-1
4/2/2021 0:55,0,-1
4/2/2021 1:00,0,-1
4/2/2021 1:05,0,-1
4/2/2021 1:10,0,-1
4/2/2021 1:15,0,-1
4/2/2021 1:20,0,-1
4/2/2021 1:25,0,-1
4/2/2021 1:30,0,-1
4/2/2021 1:35,0,-1
4/2/2021 1:40,0,-1
4/2/2021 1:45,0,-1
4/2/2021 1:50,0,-1
4/2/2021 1:55,0,-1
4/2/2021 2:00,0,-1
4/2/2021 2:05,0,-1
4/2/2021 2:10,0,-1
4/2/2021 2:15,0,-1
4/2/2021 2:20,0,-1
4/2/2021 2:25,0,-1
4/2/2021 2:30,0,-1
4/2/2021 2:35,0,-1
4/2/2021 2:40,0,-1
4/2/2021 2:45,0,-1
4/2/2021 2:50,0,-1
4/2/2021 2:55,0,-1
4/2/2021 3:00,0,-1
4/2/2021 3:05,0,-1
4/2/2021 3:10,0,-1
4/2/2021 3:15,0,-1
4/2/2021 3:20,0,-1
4/2/2021 3:25,0,-1
4/2/2021 3:30,0,-1
4/2/2021 3:35,0,-1
4/2/2021 3:40,0,-1
4/2/2021 3:45,0,-1
4/2/2021 3:50,0,-1
4/2/2021 3:55,0,-1
4/2/2021 4:00,0,-1
4/2/2021 4:05,0,-1
4/2/2021 4:10,0,-1
4/2/2021 4:15,0,-1
4/2/2021 4:20,0,-1
4/2/2021 4:25,0,-1
4/2/2021 4:30,0,-1
4/2/2021 4:35,0,-1
4/2/2021 4:40,0,-1
4/2/2021 4:45,0,-1
4/2/2021 4:50,0,-1
4/2/2021 4:55,0,-1
4/2/2021 5:00,0,-1
4/2/2021 5:05,0,-1
4/2/2021 5:10,0,-1
4/2/2021 5:15,0,-1
4/2/2021 5:20,0,-1
4/2/2021 5:25,0,-1
4/2/2021 5:30,0,-1
4/2/2021 5:35,0,-1
4/2/2021 5:40,0,-1
4/2/2021 5:45,0,-1
4/2/2021 5:50,0,-1
4/2/2021 5:55,0,-1
4/2/2021 6:00,0,-1
4/2/2021 6:05,0,-1
4/2/2021 6:10,0,-1
4/2/2021 6:15,0,-1
4/2/2021 6:20,0,-1
4/2/2021 6:25,0,-1
4/2/2021 6:30,0,-1
4/2/2021 6:35,0,-1
4/2/2021 6:40,0,-1
4/2/2021 6:45,0,-1
4/2/2021 6:50,0,-1
4/2/2021 6:55,0,-1
4/2/2021 7:00,0,-1
4/2/2021 7:05,0,-1
4/2/2021 7:10,0,-1
4/2/2021 7:15,0,-1
4/2/2021 7:20,0,-1
4/2/2021 7:25,0,-1
4/2/2021 7:30,0,-1
4/2/2021 7:35,0,-1
4/2/2021 7:40,0,-1
4/2/2021 7:45,0,-1
4/2/2021 7:50,0,-1
4/2/2021 7:55,0,-1
4/2/2021 8:00,0,-1
4/2/2021 8:05,0,-1
4/2/2021 8:10,0,-1
4/2/2021 8:15,0,-1
4/2/2021 8:20,0,-1
4/2/2021 8:25,0,-1
4/2/2021 8:30,0,-1
4/2/2021 8:35,0,-1
4/2/2021 8:40,0,-1
4/2/2021 8:45,0,-1
4/2/2021 8:50,0,-1
4/2/2021 8:55,0,-1
4/2/2021 9:00,0,-1
4/2/2021 9:05,0,-1
4/2/2021 9:10,0,-1
4/2/2021 9:15,0,-1
4/2/2021 9:20,0,-1
4/2/2021 9:25,0,-1
4/2/2021 9:30,0,-1
4/2/2021 9:35,0,-1
4/2/2021 9:40,0,-1
4/2/2021 9:45,0,-1
4/2/2021 9:50,0,-1
4/2/2021 9:55,0,-1
4/2/2021 10:00,0,-1
4/2/2021 10:05,0,-1
4/2/2021 10:10,0,-1
4/2/2021 10:15,0,-1
4/2/2021 10:20,0,-1
4/2/2021 10:25,0,-1
4/2/2021 10:30,0,-1
4/2/2021 10:35,0,-1
4/2/2021 10:40,0,-1
4/2/2021 10:45,0,-1
4/2/2021 10:50,0,-1
4/2/2021 10:55,0,-1
4/2/2021 11:00,0,-1
4/2/2021 11:05,0,-1
4/2/2021 11:10,0,-1
4/2/2021 11:15,0,-1
4/2/2021 11:20,0,-1
4/2/2021 11:25,0,-1
4/2/2021 11:30,0,-1
4/2/2021 11:35,0,-1
4/2/2021 11:40,0,-1
4/2/2021 11:45,0,-1
4/2/2021 11:50,0,-1
4/2/2021 11:55,0,-1
4/2/2021 12:00,0,-1
4/2/2021 12:05,0,-1
4/2/2021 12:10,0,-1
4/2/2021 12:15,0,-1
4/2/2021 12:20,0,-1
4/2/2021 12:25,0,-1
4/2/2021 12:30,0,-1
4/2/2021 12:35,0,-1
4/2/2021 12:40,0,-1
4/2/2021 12:45,0,-1
4/2/2021 12:50,0,-1
4/2/2021 12:55,0,-1
4/2/2021 13:00,0,-1
4/2/2021 13:05,0,-1
4/2/2021 13:10,0,-1
4/2/2021 13:15,0,-1
4/2/2021 13:20,0,-1
4/2/2021 13:25,0,-1
4/2/2021 13:30,0,-1
4/2/2021 13:35,0,-1
4/2/2021 13:40,0,-1
4/2/2021 13:45,0,-1
4/2/2021 13:50,0,-1
4/2/2021 13:55,0,-1
4/2/2021 14:00,0,-1
4/2/2021 14:05,0,-1
4/2/2021 14:10,0,-1
4/2/2021 14:15,0,-1
4/2/2021 14:20,0,-1
4/2/2021 14:25,0,-1
4/2/2021 14:30,0,-1
4/2/2021 14:35,0,-1
4/2/2021 14:40,0,-1
4/2/2021 14:45,0,-1
4/2/2021 14:50,0,-1
4/2/2021 14:55,0,-1
4/2/2021 15:00,0,-1
4/2/2021 15:05,0,-1
4/2/2021 15:10,0,-1
4/2/2021 15:15,0,-1
4/2/2021 15:20,0,-1
4/2/2021 15:25,0,-1
4/2/2021 15:30,0,-1
4/2/2021 15:35,0,-1
4/2/2021 15:40,0,-1
4/2/2021 15:45,0,-1
4/2/2021 15:50,0,-1
4/2/2021 15:55,0,-1
4/2/2021 16:00,0,-1
4/2/2021 16:05,0,-1
4/2/2021 16:10,0,-1
4/2/2021 16:15,0,-1
4/2/2021 16:20,0,-1
4/2/2021 16:25,0,-1
4/2/2021 16:30,0,-1
4/2/2021 16:35,0,-1
4/2/2021 16:40,0,-1
4/2/2021 16:45,0,-1
4/2/2021 16:50,0,-1
4/2/2021 16:55,0,-1
4/2/2021 17:00,0,-1
4/2/2021 17:05,0,-1
4/2/2021 17:10,0,-1
4/2/2021 17:15,0,-1
4/2/2021 17:20,0,-1
4/2/2021 17:25,0,-1
4/2/2021 17:30,0,-1
4/2/2021 17:35,0,-1
4/2/2021 17:40,0,-1
4/2/2021 17:45,0,-1
4/2/2021 17:50,0,-1
4/2/2021 17:55,0,-1
4/2/2021 18:00,0,-1
4/2/2021 18:05,0,-1
4/2/2021 18:10,0,-1
4/2/2021 18:15,0,-1
4/2/2021 18:20,0,-1
4/2/2021 18:25,0,-1
4/2/2021 18:30,0,-1
4/2/2021 18:35,0,-1
4/2/2021 18:40,0,-1
4/2/2021 18:45,0,-1
4/2/2021 18:50,0,-1
4/2/2021 18:55,0,-1
4/2/2021 19:00,0,-1
4/2/2021 19:05,0,-1
4/2/2021 19:10,0,-1
4/2/2021 19:15,0,-1
4/2/2021 19:20,0,-1
4/2/2021 19:25,0,-1
4/2/2021 19:30,0,-1
4/2/2021 19:35,0,-1
4/2/2021 19:40,0,-1
4/2/2021 19:45,0,-1
4/2/2021 19:50,0,-1
4/2/2021 19:55,0,-1
4/2/2021 20:00,0,-1
4/2/2021 20:05,0,-1
4/2/2021 20:10,0,-1
4/2/2021 20:15,0,-1
4/2/2021 20:20,0,-1
4/2/2021 20:25,0,-1
4/2/2021 20:30,0,-1
4/2/2021 20:35,0,-1
4/2/2021 20:40,0,-1
4/2/2021 20:45,0,-1
4/2/2021 20:50,0,-1
4/2/2021 20:55,0,-1
4/2/2021 21:00,0,-1
4/2/2021 21:05,0,-1
4/2/2021 21:10,0,-1
4/2/2021 21:15,0,-1
4/2/2021 21:20,0,-1
4/2/2021 21:25,0,-1
4/2/2021 21:30,0,-1
4/2/2021 21:35,0,-1
4/2/2021 21:40,0,-1
4/2/2021 21:45,0,-1
4/2/2021 21:50,0,-1
4/2/2021 21:55,0,-1
4/2/2021 22:00,0,-1
4/2/2021 22:05,0,-1
4/2/2021 22:10,0,-1
4/2/2021 22:15,0,-1
4/2/2021 22:20,0,-1
4/2/2021 22:25,0,-1
4/2/2021 22:30,0,-1
4/2/2021 22:35,0,-1
4/2/2021 22:40,0,-1
4/2/2021 22:45,0,-1
4/2/2021 22:50,0,-1
4/2/2021 22:55,0,-1
4/2/2021 23:00,0,-1
4/2/2021 23:05,0,-1
4/2/2021 23:10,0,-1
4/2/2021 23:15,0,-1
4/2/2021 23:20,0,-1
4/2/2021 23:25,0,-1
4/2/2021 23:30,0,-1
4/2/2021 23:35,0,-1
4/2/2021 23:40,0,-1
4/2/2021 23:45,0,-1
4/2/2021 23:50,0,-1
4/2/2021 23:55,0,-1
4/3/2021 0:00,0,-1
4/3/2021 0:05,0,-1
4/3/2021 0:10,0,-1
4/3/2021 0:15,0,-1
4/3/2021 0:20,0,-1
4/3/2021 0:25,0,-1
4/3/2021 0:30,0,-1
4/3/2021 0:35,0,-1
4/3/2021 0:40,0,-1
4/3/2021 0:45,0,-1
4/3/2021 0:50,0,-1
4/3/2021 0:55,0,-1
4/3/2021 1:00,0,-1
4/3/2021 1:05,0,-1
4/3/2021 1:10,0,-1
4/3/2021 1:15,0,-1
4/3/2021 1:20,0,-1
4/3/2021 1:25,0,-1
4/3/2021 1:30,0,-1
4/3/2021 1:35,0,-1
4/3/2021 1:40,0,-1
4/3/2021 1:45,0,-1
4/3/2021 1:50,0,-1
4/3/2021 1:55,0,-1
4/3/2021 2:00,0,-1
4/3/2021 2:05,0,-1
4/3/2021 2:10,0,-1
4/3/2021 2:15,0,-1
4/3/2021 2:20,0,-1
4/3/2021 2:25,0,-1
4/3/2021 2:30,0,-1
4/3/2021 2:35,0,-1
4/3/2021 2:40,0,-1
4/3/2021 2:45,0,-1
4/3/2021 2:50,0,-1
4/3/2021 2:55,0,-1
4/3/2021 3:00,0,-1
4/3/2021 3:05,0,-1
4/3/2021 3:10,0,-1
4/3/2021 3:15,0,-1
4/3/2021 3:20,0,-1
4/3/2021 3:25,0,-1
4/3/2021 3:30,0,-1
4/3/2021 3:35,0,-1
4/3/2021 3:40,0,-1
4/3/2021 3:45,0,-1
4/3/2021 3:50,0,-1
4/3/2021 3:55,0,-1
4/3/2021 4:00,0,-1
4/3/2021 4:05,0,-1
4/3/2021 4:10,0,-1
4/3/2021 4:15,0,-1
4/3/2021 4:20,0,-1
4/3/2021 4:25,0,-1
4/3/2021 4:30,0,-1
4/3/2021 4:35,0,-1
4/3/2021 4:40,0,-1
4/3/2021 4:45,0,-1
4/3/2021 4:50,0,-1
4/3/2021 4:55,0,-1
4/3/2021 5:00,0,-1
4/3/2021 5:05,0,-1
4/3/2021 5:10,0,-1
4/3/2021 5:15,0,-1
4/3/2021 5:20,0,-1
4/3/2021 5:25,0,-1
4/3/2021 5:30,0,-1
4/3/2021 5:35,0,-1
4/3/2021 5:40,0,-1
4/3/2021 5:45,0,-1
4/3/2021 5:50,0,-1
4/3/2021 5:55,0,-1
4/3/2021 6:00,0,-1
4/3/2021 6:05,0,-1
4/3/2021 6:10,0,-1
4/3/2021 6:15,0,-1
4/3/2021 6:20,0,-1
4/3/2021 6:25,0,-1
4/3/2021 6:30,0,-1
4/3/2021 6:35,0,-1
4/3/2021 6:40,0,-1
4/3/2021 6:45,0,-1
4/3/2021 6:50,0,-1
4/3/2021 6:55,0,-1
4/3/2021 7:00,0,-1
4/3/2021 7:05,0,-1
4/3/2021 7:10,0,-1
4/3/2021 7:15,0,-1
4/3/2021 7:20,0,-1
4/3/2021 7:25,0,-1
4/3/2021 7:30,0,-1
4/3/2021 7:35,0,-1
4/3/2021 7:40,0,-1
4/3/2021 7:45,0,-1
4/3/2021 7:50,0,-1
4/3/2021 7:55,0,-1
4/3/2021 8:00,0,-1
4/3/2021 8:05,0,-1
4/3/2021 8:10,0,-1
4/3/2021 8:15,0,-1
4/3/2021 8:20,0,-1
4/3/2021 8:25,0,-1
4/3/2021 8:30,0,-1
4/3/2021 8:35,0,-1
4/3/2021 8:40,0,-1
4/3/2021 8:45,0,-1
4/3/2021 8:50,0,-1
4/3/2021 8:55,0,-1
4/3/2021 9:00,0,-1
4/3/2021 9:05,0,-1
4/3/2021 9:10,0,-1
4/3/2021 9:15,0,-1
4/3/2021 9:20,0,-1
4/3/2021 9:25,0,-1
4/3/2021 9:30,0,-1
4/3/2021 9:35,0,-1
4/3/2021 9:40,0,-1
4/3/2021 9:45,0,-1
4/3/2021 9:50,0,-1
4/3/2021 9:55,0,-1
4/3/2021 10:00,0,-1
4/3/2021 10:05,0,-1
4/3/2021 10:10,0,-1
4/3/2021 10:15,0,-1
4/3/2021 10:20,0,-1
4/3/2021 10:25,0,-1
4/3/2021 10:30,0,-1
4/3/2021 10:35,0,-1
4/3/2021 10:40,0,-1
4/3/2021 10:45,0,-1
4/3/2021 10:50,0,-1
4/3/2021 10:55,0,-1
4/3/2021 11:00,0,-1
4/3/2021 11:05,0,-1
4/3/2021 11:10,0,-1
4/3/2021 11:15,0,-1
4/3/2021 11:20,0,-1
4/3/2021 11:25,0,-1
4/3/2021 11:30,0,-1
4/3/2021 11:35,0,-1
4/3/2021 11:40,0,-1
4/3/2021 11:45,0,-1
4/3/2021 11:50,0.4932923,0.1037851
4/3/2021 11:55,0.4955077,0.08547009
4/3/2021 12:00,0.5472,0.1233211
4/3/2021 12:05,0.8300307,0.1758242
4/3/2021 12:10,0.7443692,0.1587302
4/3/2021 12:15,0.6764308,0.1391941
4/3/2021 12:20,0.7148308,0.1208791
4/3/2021 12:25,0.7081846,0.1037851
4/3/2021 12:30,0.7059692,0.09279609
4/3/2021 12:35,1.057477,0.1257631
4/3/2021 12:40,1.028677,0.1025641
4/3/2021 12:45,1.099569,0.08669109
4/3/2021 12:50,1.092923,0.08302809
4/3/2021 12:55,1.093662,0.05860806
4/3/2021 13:00,1.092923,0.05738706
4/3/2021 13:05,1.092185,0.05372405
4/3/2021 13:10,1.087754,0.04761905
4/3/2021 13:15,1.102523,0.04273504
4/3/2021 13:20,1.0848,0.04029304
4/3/2021 13:25,1.090708,0.03663004
4/3/2021 13:30,1.0848,0.03540904
4/3/2021 13:35,1.081846,0.03540904
4/3/2021 13:40,1.086277,0.03296703
4/3/2021 13:45,1.086277,0.03174603
4/3/2021 13:50,1.096615,0.02930403
4/3/2021 13:55,1.093662,0.02930403
4/3/2021 14:00,1.109908,0.03296703
4/3/2021 14:05,1.095877,0.02808303
4/3/2021 14:10,1.087015,0.02686203
4/3/2021 14:15,1.090708,0.02686203
4/3/2021 14:20,1.0848,0.02564103
4/3/2021 14:25,1.092185,0.02564103
4/3/2021 14:30,1.0848,0.02686203
4/3/2021 14:35,1.127631,0.02564103
4/3/2021 14:40,1.123938,0.02564103
4/3/2021 14:45,1.104,0.02564103
4/3/2021 14:50,1.089231,0.02564103
4/3/2021 14:55,1.0944,0.02442002
4/3/2021 15:00,1.0848,0.02442002
4/3/2021 15:05,1.092923,0.02442002
4/3/2021 15:10,1.101785,0.02442002
4/3/2021 15:15,1.098831,0.02442002
4/3/2021 15:20,1.100308,0.02442002
4/3/2021 15:25,1.089231,0.02442002
4/3/2021 15:30,1.095877,0.02442002
4/3/2021 15:35,1.095877,0.02442002
4/3/2021 15:40,1.104,0.02442002
4/3/2021 15:45,1.101046,0.02319902
4/3/2021 15:50,1.093662,0.02319902
4/3/2021 15:55,1.100308,0.02319902
4/3/2021 16:00,1.100308,0.02319902
4/3/2021 16:05,1.097354,0.02319902
4/3/2021 16:10,1.101785,0.02319902
4/3/2021 16:15,1.102523,0.02319902
4/3/2021 16:20,1.099569,0.02319902
4/3/2021 16:25,1.106954,0.02319902
4/3/2021 16:30,1.109908,0.02319902
4/3/2021 16:35,1.098831,0.02319902
4/3/2021 16:40,1.086277,0.02319902
4/3/2021 16:45,1.103261,0.02319902
4/3/2021 16:50,1.095877,0.02319902
4/3/2021 16:55,1.091446,0.02319902
4/3/2021 17:00,1.091446,0.02319902
4/3/2021 17:05,1.081108,0.02197802
4/3/2021 17:10,1.095138,0.02197802
4/3/2021 17:15,1.090708,0.02197802
4/3/2021 17:20,1.076677,0.02197802
4/3/2021 17:25,1.095877,0.02197802
4/3/2021 17:30,1.092185,0.02197802
4/3/2021 17:35,1.096615,0.02197802
4/3/2021 17:40,1.086277,0.02197802
4/3/2021 17:45,1.092185,0.02197802
4/3/2021 17:50,1.088492,0.02197802
4/3/2021 17:55,1.082585,0.02197802
4/3/2021 18:00,1.0848,0.02197802
4/3/2021 18:05,1.081846,0.02197802
4/3/2021 18:10,1.0848,0.02197802
4/3/2021 18:15,1.082585,0.02197802
4/3/2021 18:20,1.074461,0.02197802
4/3/2021 18:25,1.133538,0.02197802
4/3/2021 18:30,1.118031,0.02197802
4/3/2021 18:35,1.1328,0.02197802
4/3/2021 18:40,1.103261,0.02197802
4/3/2021 18:45,1.098831,0.02197802
4/3/2021 18:50,1.104,0.02197802
4/3/2021 18:55,1.101785,0.02197802
4/3/2021 19:00,1.096615,0.02197802
4/3/2021 19:05,1.112862,0.02197802
4/3/2021 19:10,1.106954,0.02197802
4/3/2021 19:15,1.100308,0.02197802
4/3/2021 19:20,1.0944,0.02197802
4/3/2021 19:25,1.106215,0.02197802
4/3/2021 19:30,1.0944,0.02197802
4/3/2021 19:35,1.108431,0.02197802
4/3/2021 19:40,1.106954,0.02197802
4/3/2021 19:45,1.103261,0.02197802
4/3/2021 19:50,1.102523,0.02197802
4/3/2021 19:55,1.097354,0.02197802
4/3/2021 20:00,1.095877,0.02197802
4/3/2021 20:05,1.104738,0.02197802
4/3/2021 20:10,1.104738,0.02197802
4/3/2021 20:15,1.092923,0.02197802
4/3/2021 20:20,1.101785,0.02197802
4/3/2021 20:25,1.098092,0.02197802
4/3/2021 20:30,1.090708,0.02197802
4/3/2021 20:35,1.105477,0.02197802
4/3/2021 20:40,1.104,0.02197802
4/3/2021 20:45,1.100308,0.02197802
4/3/2021 20:50,1.105477,0.02197802
4/3/2021 20:55,1.101785,0.02197802
4/3/2021 21:00,1.100308,0.02197802
4/3/2021 21:05,1.092185,0.02197802
4/3/2021 21:10,1.104738,0.02197802
4/3/2021 21:15,1.103261,0.02197802
4/3/2021 21:20,1.115815,0.02197802
4/3/2021 21:25,1.115077,0.02197802
4/3/2021 21:30,1.103261,0.02197802
4/3/2021 21:35,1.115815,0.02197802
4/3/2021 21:40,1.108431,0.02197802
4/3/2021 21:45,1.109169,0.02197802
4/3/2021 21:50,1.110646,0.02197802
4/3/2021 21:55,1.118031,0.02075702
4/3/2021 22:00,1.101785,0.02075702
4/3/2021 22:05,1.106954,0.02197802
4/3/2021 22:10,1.109908,0.02075702
4/3/2021 22:15,1.110646,0.02075702
4/3/2021 22:20,1.109908,0.02075702
4/3/2021 22:25,1.111385,0.02075702
4/3/2021 22:30,1.121723,0.02075702
4/3/2021 22:35,1.104,0.02075702
4/3/2021 22:40,1.107692,0.02075702
4/3/2021 22:45,1.112862,0.02075702
4/3/2021 22:50,1.120246,0.02075702
4/3/2021 22:55,1.1232,0.02075702
4/3/2021 23:00,1.117292,0.02075702
4/3/2021 23:05,1.1136,0.02075702
4/3/2021 23:10,1.124677,0.02075702
4/3/2021 23:15,1.124677,0.02075702
4/3/2021 23:20,1.109908,0.02075702
4/3/2021 23:25,1.104,0.02075702
4/3/2021 23:30,1.106954,0.02075702
4/3/2021 23:35,1.114338,0.02075702
4/3/2021 23:40,1.104738,0.02075702
4/3/2021 23:45,1.109908,0.02075702
4/3/2021 23:50,1.112123,0.02075702
4/3/2021 23:55,1.110646,0.02075702
4/4/2021 0:00,1.114338,0.02075702
4/4/2021 0:05,1.109908,0.02197802
4/4/2021 0:10,1.101785,0.02075702
4/4/2021 0:15,1.111385,0.02075702
4/4/2021 0:20,1.1232,0.02075702
4/4/2021 0:25,1.118031,0.02075702
4/4/2021 0:30,1.109169,0.02075702
4/4/2021 0:35,1.114338,0.02075702
4/4/2021 0:40,1.112123,0.02075702
4/4/2021 0:45,1.111385,0.02075702
4/4/2021 0:50,1.106215,0.02075702
4/4/2021 0:55,1.104,0.01953602
4/4/2021 1:00,1.112862,0.01953602
4/4/2021 1:05,1.112862,0.01953602
4/4/2021 1:10,1.118031,0.01953602
4/4/2021 1:15,1.106215,0.01953602
4/4/2021 1:20,1.116554,0.01953602
4/4/2021 1:25,1.104,0.01953602
4/4/2021 1:30,1.1136,0.01953602
4/4/2021 1:35,1.112862,0.01953602
4/4/2021 1:40,1.124677,0.01953602
4/4/2021 1:45,1.111385,0.01953602
4/4/2021 1:50,1.112123,0.01953602
4/4/2021 1:55,1.109908,0.01953602
4/4/2021 2:00,1.120985,0.01953602
4/4/2021 2:05,1.117292,0.01953602
4/4/2021 2:10,1.118031,0.01953602
4/4/2021 2:15,1.118031,0.01953602
4/4/2021 2:20,1.111385,0.01953602
4/4/2021 2:25,1.053046,0.01953602
4/4/2021 2:30,1.115815,0.01953602
4/4/2021 2:35,1.118031,0.01953602
4/4/2021 2:40,1.1232,0.01953602
4/4/2021 2:45,1.110646,0.01953602
4/4/2021 2:50,1.103261,0.01953602
4/4/2021 2:55,1.114338,0.01953602
4/4/2021 3:00,1.109908,0.01953602
4/4/2021 3:05,1.112123,0.01953602
4/4/2021 3:10,1.098831,0.01953602
4/4/2021 3:15,1.103261,0.01953602
4/4/2021 3:20,1.105477,0.01953602
4/4/2021 3:25,1.106954,0.01953602
4/4/2021 3:30,1.098831,0.01953602
4/4/2021 3:35,1.101785,0.01953602
4/4/2021 3:40,1.108431,0.01953602
4/4/2021 3:45,1.100308,0.01953602
4/4/2021 3:50,1.100308,0.01953602
4/4/2021 3:55,1.095877,0.01953602
4/4/2021 4:00,1.100308,0.01953602
4/4/2021 4:05,1.100308,0.01953602
4/4/2021 4:10,1.098831,0.01953602
4/4/2021 4:15,1.098831,0.01953602
4/4/2021 4:20,1.107692,0.01953602
4/4/2021 4:25,1.092185,0.01953602
4/4/2021 4:30,1.097354,0.01953602
4/4/2021 4:35,1.095138,0.01953602
4/4/2021 4:40,1.097354,0.01953602
4/4/2021 4:45,1.086277,0.01831502
4/4/2021 4:50,1.092185,0.01831502
4/4/2021 4:55,1.106954,0.01831502
4/4/2021 5:00,1.090708,0.01831502
4/4/2021 5:05,1.104,0.01831502
4/4/2021 5:10,1.106954,0.01831502
4/4/2021 5:15,1.100308,0.01831502
4/4/2021 5:20,1.103261,0.01831502
4/4/2021 5:25,1.103261,0.01831502
4/4/2021 5:30,1.092185,0.01831502
4/4/2021 5:35,1.104,0.01831502
4/4/2021 5:40,1.103261,0.01831502
4/4/2021 5:45,1.106954,0.01831502
4/4/2021 5:50,1.092185,0.01831502
4/4/2021 5:55,1.092923,0.01831502
4/4/2021 6:00,1.103261,0.01831502
4/4/2021 6:05,1.098831,0.01831502
4/4/2021 6:10,1.105477,0.01831502
4/4/2021 6:15,1.105477,0.01831502
4/4/2021 6:20,1.106215,0.01831502
4/4/2021 6:25,1.104,0.01831502
4/4/2021 6:30,1.107692,0.01831502
4/4/2021 6:35,1.105477,0.01831502
4/4/2021 6:40,1.099569,0.01831502
4/4/2021 6:45,1.096615,0.01831502
4/4/2021 6:50,1.107692,0.01831502
4/4/2021 6:55,1.105477,0.01831502
4/4/2021 7:00,1.101785,0.01831502
4/4/2021 7:05,1.108431,0.01831502
4/4/2021 7:10,1.101046,0.01831502
4/4/2021 7:15,1.101785,0.01831502
4/4/2021 7:20,1.098092,0.01831502
4/4/2021 7:25,1.101785,0.01831502
4/4/2021 7:30,1.097354,0.01831502
4/4/2021 7:35,1.099569,0.01831502
4/4/2021 7:40,1.104,0.01831502
4/4/2021 7:45,1.098092,0.01831502
4/4/2021 7:50,1.106954,0.01831502
4/4/2021 7:55,1.105477,0.01831502
4/4/2021 8:00,1.112123,0.01831502
4/4/2021 8:05,1.0944,0.01831502
4/4/2021 8:10,1.106954,0.01831502
4/4/2021 8:15,1.108431,0.01831502
4/4/2021 8:20,1.102523,0.01831502
4/4/2021 8:25,1.115077,0.01831502
4/4/2021 8:30,1.106954,0.01709402
4/4/2021 8:35,1.107692,0.01831502
4/4/2021 8:40,1.107692,0.01709402
4/4/2021 8:45,1.118031,0.01709402
4/4/2021 8:50,1.108431,0.01709402
4/4/2021 8:55,1.106954,0.01709402
4/4/2021 9:00,1.112862,0.01709402
4/4/2021 9:05,1.104738,0.01709402
4/4/2021 9:10,1.115077,0.01709402
4/4/2021 9:15,1.106215,0.01709402
4/4/2021 9:20,1.109169,0.01709402
4/4/2021 9:25,1.109169,0.01709402
4/4/2021 9:30,1.104738,0.01709402
4/4/2021 9:35,1.112862,0.01709402
4/4/2021 9:40,1.109169,0.01709402
4/4/2021 9:45,1.1136,0.01709402
4/4/2021 9:50,1.112123,0.01709402
4/4/2021 9:55,1.122462,0.01709402
4/4/2021 10:00,1.105477,0.01709402
4/4/2021 10:05,1.111385,0.01709402
4/4/2021 10:10,1.1136,0.01709402
4/4/2021 10:15,1.107692,0.01709402
4/4/2021 10:20,1.105477,0.01709402
4/4/2021 10:25,1.1136,0.01709402
4/4/2021 10:30,1.111385,0.01709402
4/4/2021 10:35,1.104,0.01709402
4/4/2021 10:40,1.225108,0.01709402
4/4/2021 10:45,1.225846,0.01709402
4/4/2021 10:50,1.218462,0.01709402
4/4/2021 10:55,1.224369,0.01831502
4/4/2021 11:00,1.220677,0.01831502
4/4/2021 11:05,1.214031,0.01831502
4/4/2021 11:10,1.212554,0.01831502
4/4/2021 11:15,1.211077,0.01831502
4/4/2021 11:20,1.207385,0.01831502
4/4/2021 11:25,1.211077,0.01831502
4/4/2021 11:30,1.212554,0.01831502
4/4/2021 11:35,1.205908,0.01831502
4/4/2021 11:40,1.207385,0.01831502
4/4/2021 11:45,1.208862,0.01831502
4/4/2021 11:50,1.199262,0.01831502
4/4/2021 11:55,1.205908,0.01831502
4/4/2021 12:00,1.205169,0.01831502
4/4/2021 12:05,1.197046,0.01831502
4/4/2021 12:10,1.201477,0.01831502
4/4/2021 12:15,1.196308,0.01831502
4/4/2021 12:20,1.208862,0.01709402
4/4/2021 12:25,1.197785,0.01831502
4/4/2021 12:30,1.204431,0.01831502
4/4/2021 12:35,1.197785,0.01709402
4/4/2021 12:40,1.1904,0.01709402
4/4/2021 12:45,1.191877,0.01831502
4/4/2021 12:50,1.186708,0.01709402
4/4/2021 12:55,1.193354,0.01831502
4/4/2021 13:00,1.185969,0.01709402
4/4/2021 13:05,1.187446,0.01709402
4/4/2021 13:10,1.186708,0.01709402
4/4/2021 13:15,1.180062,0.01709402
4/4/2021 13:20,1.185231,0.01709402
4/4/2021 13:25,1.185231,0.01709402
4/4/2021 13:30,1.186708,0.01709402
4/4/2021 13:35,1.180062,0.01709402
4/4/2021 13:40,1.183754,0.01709402
4/4/2021 13:45,1.220677,0.01709402
4/4/2021 13:50,1.207385,0.01709402
4/4/2021 13:55,1.206646,0.01709402
4/4/2021 14:00,1.207385,0.01709402
4/4/2021 14:05,1.212554,0.01831502
4/4/2021 14:10,1.212554,0.01709402
4/4/2021 14:15,1.204431,0.01709402
4/4/2021 14:20,1.206646,0.01709402
4/4/2021 14:25,1.204431,0.01709402
4/4/2021 14:30,1.219938,0.01709402
4/4/2021 14:35,1.200738,0.01709402
4/4/2021 14:40,1.203692,0.01709402
4/4/2021 14:45,1.210338,0.01709402
4/4/2021 14:50,1.211077,0.01709402
4/4/2021 14:55,1.207385,0.01709402
4/4/2021 15:00,1.210338,0.01709402
4/4/2021 15:05,1.206646,0.01709402
4/4/2021 15:10,1.2,0.01709402
4/4/2021 15:15,1.200738,0.01709402
4/4/2021 15:20,1.199262,0.01709402
4/4/2021 15:25,1.197046,0.01709402
4/4/2021 15:30,1.198523,0.01709402
4/4/2021 15:35,1.200738,0.01709402
4/4/2021 15:40,1.202954,0.01709402
4/4/2021 15:45,1.195569,0.01709402
4/4/2021 15:50,1.196308,0.01709402
4/4/2021 15:55,1.208862,0.01709402
4/4/2021 16:00,1.194092,0.01709402
4/4/2021 16:05,1.197046,0.01709402
4/4/2021 16:10,1.194831,0.01709402
4/4/2021 16:15,1.186708,0.01709402
4/4/2021 16:20,1.186708,0.01709402
4/4/2021 16:25,1.192615,0.01709402
4/4/2021 16:30,1.183754,0.01709402
4/4/2021 16:35,1.191877,0.01709402
4/4/2021 16:40,1.187446,0.01709402
4/4/2021 16:45,1.195569,0.01709402
4/4/2021 16:50,1.192615,0.01709402
4/4/2021 16:55,1.195569,0.01709402
4/4/2021 17:00,1.194831,0.01709402
4/4/2021 17:05,1.191138,0.01709402
4/4/2021 17:10,1.191877,0.01709402
4/4/2021 17:15,1.188184,0.01709402
4/4/2021 17:20,1.191877,0.01709402
4/4/2021 17:25,1.195569,0.01709402
4/4/2021 17:30,1.191138,0.01709402
4/4/2021 17:35,1.1904,0.01709402
4/4/2021 17:40,1.193354,0.01709402
4/4/2021 17:45,1.200738,0.01709402
4/4/2021 17:50,1.199262,0.01709402
4/4/2021 17:55,1.191877,0.01709402
4/4/2021 18:00,1.196308,0.01709402
4/4/2021 18:05,1.193354,0.01709402
4/4/2021 18:10,1.2096,0.01709402
4/4/2021 18:15,1.1904,0.01709402
4/4/2021 18:20,1.195569,0.01709402
4/4/2021 18:25,1.199262,0.01709402
4/4/2021 18:30,1.193354,0.01709402
4/4/2021 18:35,1.202954,0.01709402
4/4/2021 18:40,1.194831,0.01709402
4/4/2021 18:45,1.198523,0.01709402
4/4/2021 18:50,1.189662,0.01709402
4/4/2021 18:55,1.191877,0.01709402
4/4/2021 19:00,1.195569,0.01709402
4/4/2021 19:05,1.202954,0.01709402
4/4/2021 19:10,1.199262,0.01709402
4/4/2021 19:15,1.194831,0.01709402
4/4/2021 19:20,1.183754,0.01709402
4/4/2021 19:25,1.1904,0.01709402
4/4/2021 19:30,1.189662,0.01709402
4/4/2021 19:35,1.191138,0.01709402
4/4/2021 19:40,1.184492,0.01709402
4/4/2021 19:45,1.191138,0.01709402
4/4/2021 19:50,1.194831,0.01709402
4/4/2021 19:55,1.181538,0.01709402
4/4/2021 20:00,1.185231,0.01709402
4/4/2021 20:05,1.1808,0.01709402
4/4/2021 20:10,1.183015,0.01709402
4/4/2021 20:15,1.200738,0.01709402
4/4/2021 20:20,1.188184,0.01709402
4/4/2021 20:25,1.191877,0.01709402
4/4/2021 20:30,1.194831,0.01709402
4/4/2021 20:35,1.188184,0.01709402
4/4/2021 20:40,1.188184,0.01709402
4/4/2021 20:45,1.191877,0.01709402
4/4/2021 20:50,1.191138,0.01709402
4/4/2021 20:55,1.194831,0.01709402
4/4/2021 21:00,1.193354,0.01709402
4/4/2021 21:05,1.194831,0.01709402
4/4/2021 21:10,1.202954,0.01709402
4/4/2021 21:15,1.199262,0.01709402
4/4/2021 21:20,1.200738,0.01709402
4/4/2021 21:25,1.207385,0.01709402
4/4/2021 21:30,1.203692,0.01709402
4/4/2021 21:35,1.211077,0.01709402
4/4/2021 21:40,1.211077,0.01709402
4/4/2021 21:45,1.212554,0.01709402
4/4/2021 21:50,1.205908,0.01709402
4/4/2021 21:55,1.207385,0.01709402
4/4/2021 22:00,1.216985,0.01709402
4/4/2021 22:05,1.211815,0.01709402
4/4/2021 22:10,1.217723,0.01709402
4/4/2021 22:15,1.217723,0.01709402
4/4/2021 22:20,1.212554,0.01709402
4/4/2021 22:25,1.220677,0.01709402
4/4/2021 22:30,1.216985,0.01709402
4/4/2021 22:35,1.231015,0.01709402
4/4/2021 22:40,1.229538,0.01709402
4/4/2021 22:45,1.207385,0.01709402
4/4/2021 22:50,1.198523,0.01709402
4/4/2021 22:55,1.195569,0.01709402
4/4/2021 23:00,1.210338,0.01709402
4/4/2021 23:05,1.202954,0.01709402
4/4/2021 23:10,1.2192,0.01709402
4/4/2021 23:15,1.204431,0.01709402
4/4/2021 23:20,1.205169,0.01709402
4/4/2021 23:25,1.207385,0.01709402
4/4/2021 23:30,1.213292,0.01709402
4/4/2021 23:35,1.214769,0.01709402
4/4/2021 23:40,1.215508,0.01709402
4/4/2021 23:45,1.216985,0.01709402
4/4/2021 23:50,1.193354,0.01709402
4/4/2021 23:55,1.195569,0.01709402
4/5/2021 0:00,1.199262,0.01709402
4/5/2021 0:05,1.197785,0.01709402
4/5/2021 0:10,1.194831,0.01709402
4/5/2021 0:15,1.203692,0.01709402
4/5/2021 0:20,1.202954,0.01709402
4/5/2021 0:25,1.205169,0.01709402
4/5/2021 0:30,1.207385,0.01709402
4/5/2021 0:35,1.211077,0.01709402
4/5/2021 0:40,1.210338,0.01709402
4/5/2021 0:45,1.202215,0.01709402
4/5/2021 0:50,1.204431,0.01709402
4/5/2021 0:55,1.201477,0.01709402
4/5/2021 1:00,1.207385,0.01709402
4/5/2021 1:05,1.214031,0.01709402
4/5/2021 1:10,1.215508,0.01709402
4/5/2021 1:15,1.207385,0.01709402
4/5/2021 1:20,1.208862,0.01709402
4/5/2021 1:25,1.211077,0.01709402
4/5/2021 1:30,1.204431,0.01709402
4/5/2021 1:35,1.210338,0.01709402
4/5/2021 1:40,1.214031,0.01709402
4/5/2021 1:45,1.150523,0.01709402
4/5/2021 1:50,1.207385,0.01709402
4/5/2021 1:55,1.202215,0.01709402
4/5/2021 2:00,1.194831,0.01709402
4/5/2021 2:05,1.192615,0.01709402
4/5/2021 2:10,1.200738,0.01709402
4/5/2021 2:15,1.199262,0.01709402
4/5/2021 2:20,1.202215,0.01709402
4/5/2021 2:25,1.202215,0.01587302
4/5/2021 2:30,1.200738,0.01587302
4/5/2021 2:35,1.199262,0.01587302
4/5/2021 2:40,1.202215,0.01587302
4/5/2021 2:45,1.199262,0.01587302
4/5/2021 2:50,1.207385,0.01587302
4/5/2021 2:55,1.199262,0.01587302
4/5/2021 3:00,1.194831,0.01587302
4/5/2021 3:05,1.191138,0.01587302
4/5/2021 3:10,1.198523,0.01587302
4/5/2021 3:15,1.191138,0.01587302
4/5/2021 3:20,1.188184,0.01587302
4/5/2021 3:25,1.178585,0.01587302
4/5/2021 3:30,1.249477,0.01587302
4/5/2021 3:35,1.196308,0.01587302
4/5/2021 3:40,1.203692,0.01587302
4/5/2021 3:45,1.194092,0.01587302
4/5/2021 3:50,1.204431,0.01587302
4/5/2021 3:55,1.204431,0.01587302
4/5/2021 4:00,1.2,0.01587302
4/5/2021 4:05,1.203692,0.01587302
4/5/2021 4:10,1.194831,0.01587302
4/5/2021 4:15,1.200738,0.01587302
4/5/2021 4:20,1.194831,0.01587302
4/5/2021 4:25,1.208123,0.01587302
4/5/2021 4:30,1.200738,0.01587302
4/5/2021 4:35,1.194831,0.01587302
4/5/2021 4:40,1.197785,0.01587302
4/5/2021 4:45,1.184492,0.01587302
4/5/2021 4:50,1.194092,0.01587302
4/5/2021 4:55,1.199262,0.01587302
4/5/2021 5:00,1.1904,0.01587302
4/5/2021 5:05,1.184492,0.01587302
4/5/2021 5:10,1.191138,0.01587302
4/5/2021 5:15,1.1904,0.01587302
4/5/2021 5:20,1.178585,0.01587302
4/5/2021 5:25,1.189662,0.01587302
4/5/2021 5:30,1.193354,0.01587302
4/5/2021 5:35,1.183754,0.01587302
4/5/2021 5:40,1.181538,0.01587302
4/5/2021 5:45,1.187446,0.01587302
4/5/2021 5:50,1.182277,0.01587302
4/5/2021 5:55,1.193354,0.01587302
4/5/2021 6:00,1.185231,0.01587302
4/5/2021 6:05,1.213292,0.01587302
4/5/2021 6:10,1.230277,0.01587302
4/5/2021 6:15,1.206646,0.01587302
4/5/2021 6:20,1.199262,0.01587302
4/5/2021 6:25,1.200738,0.01587302
4/5/2021 6:30,1.194831,0.01587302
4/5/2021 6:35,1.188923,0.01587302
4/5/2021 6:40,1.183754,0.01587302
4/5/2021 6:45,1.183754,0.01587302
4/5/2021 6:50,1.185231,0.01587302
4/5/2021 6:55,1.174154,0.01587302
4/5/2021 7:00,1.186708,0.01587302
4/5/2021 7:05,1.191138,0.01587302
4/5/2021 7:10,1.183754,0.01587302
4/5/2021 7:15,1.1904,0.01587302
4/5/2021 7:20,1.188184,0.01587302
4/5/2021 7:25,1.191138,0.01587302
4/5/2021 7:30,1.193354,0.01587302
4/5/2021 7:35,1.188184,0.01587302
4/5/2021 7:40,1.196308,0.01587302
4/5/2021 7:45,1.183754,0.01587302
4/5/2021 7:50,1.188923,0.01587302
4/5/2021 7:55,1.177108,0.01587302
4/5/2021 8:00,1.186708,0.01587302
4/5/2021 8:05,1.167508,0.01587302
4/5/2021 8:10,1.147569,0.01587302
4/5/2021 8:15,1.204431,0.01587302
4/5/2021 8:20,1.204431,0.01587302
4/5/2021 8:25,1.202954,0.01587302
4/5/2021 8:30,1.203692,0.01587302
4/5/2021 8:35,1.2096,0.01587302
4/5/2021 8:40,1.196308,0.01587302
4/5/2021 8:45,1.2,0.01587302
4/5/2021 8:50,1.197785,0.01587302
4/5/2021 8:55,1.200738,0.01587302
4/5/2021 9:00,1.194831,0.01587302
4/5/2021 9:05,1.189662,0.01587302
4/5/2021 9:10,1.199262,0.01587302
4/5/2021 9:15,1.189662,0.01587302
4/5/2021 9:20,1.195569,0.01587302
4/5/2021 9:25,1.183754,0.01587302
4/5/2021 9:30,1.195569,0.01587302
4/5/2021 9:35,1.198523,0.01587302
4/5/2021 9:40,1.191877,0.01587302
4/5/2021 9:45,1.200738,0.01587302
4/5/2021 9:50,1.202954,0.01587302
4/5/2021 9:55,1.205908,0.01587302
4/5/2021 10:00,1.200738,0.01587302
4/5/2021 10:05,1.193354,0.01587302
4/5/2021 10:10,1.2096,0.01587302
4/5/2021 10:15,1.199262,0.01587302
4/5/2021 10:20,1.198523,0.01587302
4/5/2021 10:25,1.201477,0.01587302
4/5/2021 10:30,1.202954,0.01587302
4/5/2021 10:35,1.195569,0.01587302
4/5/2021 10:40,1.202215,0.01587302
4/5/2021 10:45,1.201477,0.01587302
4/5/2021 10:50,1.202954,0.01587302
4/5/2021 10:55,1.208862,0.01587302
4/5/2021 11:00,1.202215,0.01587302
4/5/2021 11:05,1.205169,0.01587302
4/5/2021 11:10,1.208123,0.01587302
4/5/2021 11:15,1.208862,0.01587302
4/5/2021 11:20,1.210338,0.01587302
4/5/2021 11:25,1.206646,0.01587302
4/5/2021 11:30,1.213292,0.01587302
4/5/2021 11:35,1.212554,0.01587302
4/5/2021 11:40,1.214031,0.01587302
4/5/2021 11:45,1.214031,0.01587302
4/5/2021 11:50,1.2192,0.01587302
4/5/2021 11:55,1.213292,0.01709402
4/5/2021 12:00,1.210338,0.01709402
4/5/2021 12:05,1.210338,0.01709402
4/5/2021 12:10,1.212554,0.01709402
4/5/2021 12:15,1.202215,0.01709402
4/5/2021 12:20,1.204431,0.01709402
4/5/2021 12:25,1.208862,0.01709402
4/5/2021 12:30,1.207385,0.01709402
4/5/2021 12:35,1.202954,0.01709402
4/5/2021 12:40,1.214031,0.01709402
4/5/2021 12:45,1.208123,0.01709402
4/5/2021 12:50,1.208123,0.01709402
4/5/2021 12:55,1.205169,0.01709402
4/5/2021 13:00,1.210338,0.01709402
4/5/2021 13:05,1.214031,0.01709402
4/5/2021 13:10,1.2096,0.01709402
4/5/2021 13:15,1.214031,0.01709402
4/5/2021 13:20,1.223631,0.01709402
4/5/2021 13:25,1.214031,0.01709402
4/5/2021 13:30,1.207385,0.01709402
4/5/2021 13:35,1.208862,0.01709402
4/5/2021 13:40,1.205908,0.01709402
4/5/2021 13:45,1.208862,0.01709402
4/5/2021 13:50,1.210338,0.01709402
4/5/2021 13:55,1.208862,0.01709402
4/5/2021 14:00,1.210338,0.01709402
4/5/2021 14:05,1.222154,0.01709402
4/5/2021 14:10,1.0752,0.01709402
4/5/2021 14:15,0.9888,0.01709402
4/5/2021 14:20,0.9888,0.01709402
4/5/2021 14:25,1.012431,0.01709402
4/5/2021 14:30,1.021292,0.01709402
4/5/2021 14:35,1.0176,0.01709402
4/5/2021 14:40,0.9880615,0.01709402
4/5/2021 14:45,0.9902769,0.01709402
4/5/2021 14:50,0.9910154,0.01709402
4/5/2021 14:55,0.9902769,0.01709402
4/5/2021 15:00,0.9932307,0.01709402
4/5/2021 15:05,0.9961846,0.01709402
4/5/2021 15:10,0.9939692,0.01709402
4/5/2021 15:15,0.9917538,0.01709402
4/5/2021 15:20,0.987323,0.01709402
4/5/2021 15:25,0.9843692,0.01709402
4/5/2021 15:30,0.987323,0.01709402
4/5/2021 15:35,0.9851077,0.01709402
4/5/2021 15:40,0.9932307,0.01709402
4/5/2021 15:45,0.9792,0.01709402
4/5/2021 15:50,0.9880615,0.01709402
4/5/2021 15:55,0.9924923,0.01709402
4/5/2021 16:00,0.9806769,0.01709402
4/5/2021 16:05,0.9851077,0.01709402
4/5/2021 16:10,0.9910154,0.01709402
4/5/2021 16:15,0.9902769,0.01709402
4/5/2021 16:20,0.9843692,0.01709402
4/5/2021 16:25,0.987323,0.01709402
4/5/2021 16:30,0.996923,0.01709402
4/5/2021 16:35,0.9954461,0.01709402
4/5/2021 16:40,0.9888,0.01709402
4/5/2021 16:45,0.9880615,0.01709402
4/5/2021 16:50,0.9792,0.01709402
4/5/2021 16:55,0.9888,0.01709402
4/5/2021 17:00,0.9828923,0.01709402
4/5/2021 17:05,0.9895384,0.01709402
4/5/2021 17:10,0.9947076,0.01709402
4/5/2021 17:15,0.996923,0.01709402
4/5/2021 17:20,0.9961846,0.01709402
4/5/2021 17:25,0.9976615,0.01709402
4/5/2021 17:30,0.9865846,0.01709402
4/5/2021 17:35,0.9865846,0.01709402
4/5/2021 17:40,0.9895384,0.01709402
4/5/2021 17:45,0.9961846,0.01709402
4/5/2021 17:50,0.9961846,0.01709402
4/5/2021 17:55,0.9888,0.01709402
4/5/2021 18:00,0.9910154,0.01709402
4/5/2021 18:05,0.9939692,0.01709402
4/5/2021 18:10,1.002092,0.01709402
4/5/2021 18:15,0.9895384,0.01709402
4/5/2021 18:20,0.9858461,0.01709402
4/5/2021 18:25,0.9888,0.01709402
4/5/2021 18:30,0.987323,0.01709402
4/5/2021 18:35,0.9740308,0.01709402
4/5/2021 18:40,0.9806769,0.01709402
4/5/2021 18:45,1.006523,0.01709402
4/5/2021 18:50,1.009477,0.01709402
4/5/2021 18:55,1.012431,0.01709402
4/5/2021 19:00,1.013169,0.01709402
4/5/2021 19:05,1.004308,0.01709402
4/5/2021 19:10,1.007262,0.01709402
4/5/2021 19:15,1.013908,0.01709402
4/5/2021 19:20,1.019077,0.01709402
4/5/2021 19:25,1.016862,0.01709402
4/5/2021 19:30,1.010954,0.01709402
4/5/2021 19:35,1.003569,0.01709402
4/5/2021 19:40,1.012431,0.01709402
4/5/2021 19:45,1.010954,0.01709402
4/5/2021 19:50,1.008,0.01709402
4/5/2021 19:55,1.005785,0.01709402
4/5/2021 20:00,1.011692,0.01709402
4/5/2021 20:05,1.008,0.01709402
4/5/2021 20:10,1.001354,0.01709402
4/5/2021 20:15,1.016862,0.01709402
4/5/2021 20:20,1.008,0.01709402
4/5/2021 20:25,1.015385,0.01709402
4/5/2021 20:30,1.010215,0.01709402
4/5/2021 20:35,1.010954,0.01709402
4/5/2021 20:40,0.9895384,0.01709402
4/5/2021 20:45,0.9792,0.01709402
4/5/2021 20:50,0.9851077,0.01709402
4/5/2021 20:55,0.9836308,0.01709402
4/5/2021 21:00,0.987323,0.01709402
4/5/2021 21:05,0.9888,0.01709402
4/5/2021 21:10,0.9836308,0.01709402
4/5/2021 21:15,0.9836308,0.01709402
4/5/2021 21:20,0.9902769,0.01709402
4/5/2021 21:25,0.9806769,0.01709402
4/5/2021 21:30,0.9843692,0.01709402
4/5/2021 21:35,0.9806769,0.01709402
4/5/2021 21:40,0.996923,0.01709402
4/5/2021 21:45,0.9865846,0.01709402
4/5/2021 21:50,0.9836308,0.01587302
4/5/2021 21:55,0.9836308,0.01587302
4/5/2021 22:00,0.9947076,0.01587302
4/5/2021 22:05,0.9865846,0.01587302
4/5/2021 22:10,0.9902769,0.01587302
4/5/2021 22:15,0.9851077,0.01587302
4/5/2021 22:20,0.9821538,0.01587302
4/5/2021 22:25,0.9851077,0.01587302
4/5/2021 22:30,0.9858461,0.01587302
4/5/2021 22:35,0.987323,0.01587302
4/5/2021 22:40,0.9924923,0.01587302
4/5/2021 22:45,0.9821538,0.01587302
4/5/2021 22:50,0.9851077,0.01587302
4/5/2021 22:55,0.9755077,0.01587302
4/5/2021 23:00,0.987323,0.01587302
4/5/2021 23:05,0.9821538,0.01587302
4/5/2021 23:10,0.9858461,0.01587302
4/5/2021 23:15,0.9932307,0.01587302
4/5/2021 23:20,0.9895384,0.01587302
4/5/2021 23:25,1.003569,0.01587302
4/5/2021 23:30,0.9814154,0.01587302
4/5/2021 23:35,1.000615,0.01587302
4/5/2021 23:40,0.9895384,0.01587302
4/5/2021 23:45,0.9880615,0.01587302
4/5/2021 23:50,0.987323,0.01587302
4/5/2021 23:55,0.9917538,0.01587302
4/6/2021 0:00,0.9851077,0.01587302
4/6/2021 0:05,0.987323,0.01587302
4/6/2021 0:10,0.9888,0.01587302
4/6/2021 0:15,0.9828923,0.01587302
4/6/2021 0:20,0.9851077,0.01587302
4/6/2021 0:25,0.9777231,0.01587302
4/6/2021 0:30,0.9836308,0.01587302
4/6/2021 0:35,0.9814154,0.01587302
4/6/2021 0:40,0.9880615,0.01587302
4/6/2021 0:45,0.9821538,0.01587302
4/6/2021 0:50,0.9947076,0.01587302
4/6/2021 0:55,0.9792,0.01587302
4/6/2021 1:00,0.9806769,0.01587302
4/6/2021 1:05,0.9806769,0.01587302
4/6/2021 1:10,0.987323,0.01587302
4/6/2021 1:15,0.987323,0.01587302
4/6/2021 1:20,1.003569,0.01587302
4/6/2021 1:25,1.002831,0.01587302
4/6/2021 1:30,1.011692,0.01587302
4/6/2021 1:35,1.0176,0.01587302
4/6/2021 1:40,1.015385,0.01587302
4/6/2021 1:45,1.030154,0.01587302
4/6/2021 1:50,0.9880615,0.01587302
4/6/2021 1:55,0.9836308,0.01587302
4/6/2021 2:00,0.9865846,0.01587302
4/6/2021 2:05,0.9858461,0.01587302
4/6/2021 2:10,0.9888,0.01587302
4/6/2021 2:15,0.9932307,0.01587302
4/6/2021 2:20,0.9902769,0.01587302
4/6/2021 2:25,0.9880615,0.01587302
4/6/2021 2:30,0.9880615,0.01587302
4/6/2021 2:35,0.9895384,0.01587302
4/6/2021 2:40,0.9747692,0.01587302
4/6/2021 2:45,0.9932307,0.01587302
4/6/2021 2:50,0.9917538,0.01587302
4/6/2021 2:55,0.9799384,0.01587302
4/6/2021 3:00,0.9924923,0.01587302
4/6/2021 3:05,0.9910154,0.01587302
4/6/2021 3:10,0.9865846,0.01587302
4/6/2021 3:15,0.9806769,0.01587302
4/6/2021 3:20,0.9792,0.01587302
4/6/2021 3:25,0.9769846,0.01587302
4/6/2021 3:30,1.066338,0.01587302
4/6/2021 3:35,0.9814154,0.01587302
4/6/2021 3:40,0.9821538,0.01587302
4/6/2021 3:45,0.9888,0.01587302
4/6/2021 3:50,0.9718154,0.01587302
4/6/2021 3:55,1.016123,0.01587302
4/6/2021 4:00,1.006523,0.01587302
4/6/2021 4:05,1.010215,0.01587302
4/6/2021 4:10,1.004308,0.01587302
4/6/2021 4:15,1.006523,0.01587302
4/6/2021 4:20,1.015385,0.01587302
4/6/2021 4:25,1.013908,0.01587302
4/6/2021 4:30,1.018338,0.01587302
4/6/2021 4:35,1.007262,0.01587302
4/6/2021 4:40,1.006523,0.01587302
4/6/2021 4:45,1.006523,0.01587302
4/6/2021 4:50,1.009477,0.01587302
4/6/2021 4:55,1.009477,0.01587302
4/6/2021 5:00,1.0176,0.01587302
4/6/2021 5:05,1.019077,0.01587302
4/6/2021 5:10,1.020554,0.01587302
4/6/2021 5:15,1.013908,0.01587302
4/6/2021 5:20,1.009477,0.01587302
4/6/2021 5:25,1.008,0.01587302
4/6/2021 5:30,1.016123,0.01587302
4/6/2021 5:35,1.016123,0.01587302
4/6/2021 5:40,1.012431,0.01587302
4/6/2021 5:45,1.003569,0.01587302
4/6/2021 5:50,1.009477,0.01587302
4/6/2021 5:55,1.009477,0.01587302
4/6/2021 6:00,1.024985,0.01587302
4/6/2021 6:05,1.013908,0.01587302
4/6/2021 6:10,1.013169,0.01587302
4/6/2021 6:15,1.011692,0.01587302
4/6/2021 6:20,1.010954,0.01587302
4/6/2021 6:25,1.009477,0.01587302
4/6/2021 6:30,1.0176,0.01587302
4/6/2021 6:35,1.015385,0.01587302
4/6/2021 6:40,1.002831,0.01587302
4/6/2021 6:45,1.002092,0.01587302
4/6/2021 6:50,1.005785,0.01587302
4/6/2021 6:55,1.010215,0.01587302
4/6/2021 7:00,1.014646,0.01587302
4/6/2021 7:05,1.009477,0.01587302
4/6/2021 7:10,1.008,0.01587302
4/6/2021 7:15,1.019815,0.01587302
4/6/2021 7:20,1.006523,0.01587302
4/6/2021 7:25,1.010954,0.01587302
4/6/2021 7:30,,
4/6/2021 7:35,1.009477,0.01587302
4/6/2021 7:40,0.9880615,0.01587302
4/6/2021 7:45,0.987323,0.01465201
4/6/2021 7:50,0.9880615,0.01465201
4/6/2021 7:55,0.9924923,0.01465201
4/6/2021 8:00,0.9917538,0.01465201
4/6/2021 8:05,0.996923,0.01465201
4/6/2021 8:10,0.9836308,0.01465201
4/6/2021 8:15,0.9947076,0.01465201
4/6/2021 8:20,1.005046,0.01465201
4/6/2021 8:25,0.996923,0.01465201
4/6/2021 8:30,0.9984,0.01465201
4/6/2021 8:35,0.9924923,0.01465201
4/6/2021 8:40,0.9851077,0.01465201
4/6/2021 8:45,,
4/6/2021 8:50,,
4/6/2021 8:55,,
4/6/2021 9:00,,
4/6/2021 9:05,,
4/6/2021 9:10,,
4/6/2021 9:15,,
4/6/2021 9:20,,
4/6/2021 9:25,,
4/6/2021 9:30,,
4/6/2021 9:35,,
4/6/2021 9:40,,
4/6/2021 9:45,,
4/6/2021 9:50,,
4/6/2021 9:55,,
4/6/2021 10:00,,
4/6/2021 10:05,,
4/6/2021 10:10,,
4/6/2021 10:15,,
4/6/2021 10:20,,
4/6/2021 10:25,,
4/6/2021 10:30,,
4/6/2021 10:35,,
4/6/2021 10:40,,
4/6/2021 10:45,,
4/6/2021 10:50,,
4/6/2021 10:55,,
4/6/2021 11:00,,
4/6/2021 11:05,,
4/6/2021 11:10,,
4/6/2021 11:15,,
4/6/2021 11:20,,
4/6/2021 11:25,,
4/6/2021 11:30,,
4/6/2021 11:35,,
4/6/2021 11:40,,
4/6/2021 11:45,,
4/6/2021 11:50,0.996923,0.01587302
4/6/2021 11:55,0.9954461,0.01587302
4/6/2021 12:00,1.008,0.01587302
4/6/2021 12:05,0.9917538,0.01587302
4/6/2021 12:10,1.001354,0.01587302
4/6/2021 12:15,0.9939692,0.01587302
4/6/2021 12:20,0.9932307,0.01587302
4/6/2021 12:25,0.9998769,0.01587302
4/6/2021 12:30,0.9924923,0.01587302
4/6/2021 12:35,0.9932307,0.01587302
4/6/2021 12:40,0.9961846,0.01587302
4/6/2021 12:45,0.9932307,0.01587302
4/6/2021 12:50,0.9961846,0.01587302
4/6/2021 12:55,0.9939692,0.01587302
4/6/2021 13:00,0.9880615,0.01587302
4/6/2021 13:05,1.006523,0.01587302
4/6/2021 13:10,0.9961846,0.01587302
4/6/2021 13:15,0.9984,0.01587302
4/6/2021 13:20,0.996923,0.01587302
4/6/2021 13:25,0.9998769,0.01709402
4/6/2021 13:30,1.002831,0.01709402
4/6/2021 13:35,0.9998769,0.01709402
4/6/2021 13:40,0.9954461,0.01587302
4/6/2021 13:45,0.9910154,0.01587302
4/6/2021 13:50,1.000615,0.01587302
4/6/2021 13:55,1.002831,0.01587302
4/6/2021 14:00,0.996923,0.01587302
4/6/2021 14:05,0.996923,0.01587302
4/6/2021 14:10,0.9947076,0.01587302
4/6/2021 14:15,0.9961846,0.01587302
4/6/2021 14:20,1.002092,0.01587302
4/6/2021 14:25,0.9917538,0.01587302
4/6/2021 14:30,0.9917538,0.01709402
4/6/2021 14:35,0.9947076,0.01709402
4/6/2021 14:40,0.9984,0.01709402
4/6/2021 14:45,1.002831,0.01709402
4/6/2021 14:50,0.9888,0.01709402
4/6/2021 14:55,0.9976615,0.01709402
4/6/2021 15:00,1.002831,0.01709402
4/6/2021 15:05,0.987323,0.01709402
4/6/2021 15:10,1.006523,0.01709402
4/6/2021 15:15,1.001354,0.01709402
4/6/2021 15:20,0.9998769,0.01709402
4/6/2021 15:25,0.9961846,0.01709402
4/6/2021 15:30,0.9917538,0.01709402
4/6/2021 15:35,1.004308,0.01709402
4/6/2021 15:40,0.9954461,0.01709402
4/6/2021 15:45,0.996923,0.01709402
4/6/2021 15:50,1.001354,0.01709402
4/6/2021 15:55,0.9917538,0.01709402
4/6/2021 16:00,1.008,0.01709402
4/6/2021 16:05,1.002831,0.01709402
4/6/2021 16:10,1.006523,0.01709402
4/6/2021 16:15,1.070031,0.01709402
4/6/2021 16:20,1.070031,0.01709402
4/6/2021 16:25,1.114338,0.01709402
4/6/2021 16:30,1.109908,0.01709402
4/6/2021 16:35,1.107692,0.01709402
4/6/2021 16:40,1.106954,0.01709402
4/6/2021 16:45,1.106215,0.01709402
4/6/2021 16:50,1.107692,0.01709402
4/6/2021 16:55,1.109169,0.01709402
4/6/2021 17:00,1.097354,0.01709402
4/6/2021 17:05,1.108431,0.01709402
4/6/2021 17:10,1.098831,0.01709402
4/6/2021 17:15,1.109908,0.01709402
4/6/2021 17:20,1.101046,0.01709402
4/6/2021 17:25,1.102523,0.01709402
4/6/2021 17:30,1.106215,0.01709402
4/6/2021 17:35,1.106954,0.01709402
4/6/2021 17:40,1.112862,0.01709402
4/6/2021 17:45,1.106954,0.01709402
4/6/2021 17:50,1.109908,0.01709402
4/6/2021 17:55,1.104,0.01709402
4/6/2021 18:00,1.110646,0.01709402
4/6/2021 18:05,1.101785,0.01709402
4/6/2021 18:10,1.105477,0.01709402
4/6/2021 18:15,1.105477,0.01709402
4/6/2021 18:20,1.102523,0.01709402
4/6/2021 18:25,1.096615,0.01709402
4/6/2021 18:30,1.106954,0.01709402
4/6/2021 18:35,1.111385,0.01709402
4/6/2021 18:40,1.102523,0.01709402
4/6/2021 18:45,1.106215,0.01709402
4/6/2021 18:50,1.097354,0.01709402
4/6/2021 18:55,1.101785,0.01709402
4/6/2021 19:00,1.106954,0.01709402
4/6/2021 19:05,1.095877,0.01709402
4/6/2021 19:10,1.103261,0.01709402
4/6/2021 19:15,1.104,0.01709402
4/6/2021 19:20,1.101046,0.01709402
4/6/2021 19:25,1.096615,0.01709402
4/6/2021 19:30,1.092923,0.01709402
4/6/2021 19:35,1.087754,0.01709402
4/6/2021 19:40,1.104738,0.01709402
4/6/2021 19:45,1.092923,0.01709402
4/6/2021 19:50,1.106954,0.01709402
4/6/2021 19:55,1.095877,0.01709402
4/6/2021 20:00,1.106215,0.01709402
4/6/2021 20:05,1.101785,0.01709402
4/6/2021 20:10,1.097354,0.01709402
4/6/2021 20:15,1.092185,0.01709402
4/6/2021 20:20,1.089231,0.01709402
4/6/2021 20:25,1.097354,0.01831502
4/6/2021 20:30,1.090708,0.01709402
4/6/2021 20:35,1.087015,0.01709402
4/6/2021 20:40,1.092923,0.01831502
4/6/2021 20:45,1.0944,0.01831502
4/6/2021 20:50,1.085538,0.01831502
4/6/2021 20:55,1.087754,0.01831502
4/6/2021 21:00,1.093662,0.01831502
4/6/2021 21:05,1.081846,0.01831502
4/6/2021 21:10,1.089231,0.01831502
4/6/2021 21:15,1.087015,0.01831502
4/6/2021 21:20,1.089231,0.01831502
4/6/2021 21:25,1.089969,0.01831502
4/6/2021 21:30,1.084062,0.01831502
4/6/2021 21:35,1.095138,0.01831502
4/6/2021 21:40,1.0848,0.01831502
4/6/2021 21:45,1.071508,0.01831502
4/6/2021 21:50,1.092185,0.01831502
4/6/2021 21:55,1.080369,0.01831502
4/6/2021 22:00,1.084062,0.01831502
4/6/2021 22:05,1.080369,0.01831502
4/6/2021 22:10,1.092185,0.01831502
4/6/2021 22:15,1.087754,0.01831502
4/6/2021 22:20,1.086277,0.01831502
4/6/2021 22:25,1.097354,0.01831502
4/6/2021 22:30,1.078154,0.01831502
4/6/2021 22:35,1.081846,0.01831502
4/6/2021 22:40,1.0656,0.01831502
4/6/2021 22:45,1.1136,0.01831502
4/6/2021 22:50,1.118769,0.01831502
4/6/2021 22:55,1.091446,0.01831502
4/6/2021 23:00,1.090708,0.01831502
4/6/2021 23:05,1.092923,0.01831502
4/6/2021 23:10,1.093662,0.01831502
4/6/2021 23:15,1.092185,0.01831502
4/6/2021 23:20,1.093662,0.01831502
4/6/2021 23:25,1.089231,0.01831502
4/6/2021 23:30,1.087015,0.01831502
4/6/2021 23:35,1.087015,0.01831502
4/6/2021 23:40,1.087754,0.01831502
4/6/2021 23:45,1.0944,0.01831502
4/6/2021 23:50,1.079631,0.01831502
4/6/2021 23:55,1.081108,0.01831502
4/7/2021 0:00,1.079631,0.01831502
4/7/2021 0:05,1.084062,0.01831502
4/7/2021 0:10,1.079631,0.01831502
4/7/2021 0:15,1.061169,0.01831502
4/7/2021 0:20,1.111385,0.01831502
4/7/2021 0:25,1.112862,0.01831502
4/7/2021 0:30,1.109169,0.01831502
4/7/2021 0:35,1.104738,0.01831502
4/7/2021 0:40,1.116554,0.01831502
4/7/2021 0:45,1.098831,0.01831502
4/7/2021 0:50,1.098092,0.01831502
4/7/2021 0:55,1.106954,0.01831502
4/7/2021 1:00,1.103261,0.01831502
4/7/2021 1:05,1.095138,0.01831502
4/7/2021 1:10,1.098831,0.01831502
4/7/2021 1:15,1.098092,0.01831502
4/7/2021 1:20,1.100308,0.01831502
4/7/2021 1:25,1.090708,0.01831502
4/7/2021 1:30,1.098092,0.01831502
4/7/2021 1:35,1.095138,0.01831502
4/7/2021 1:40,1.084062,0.01831502
4/7/2021 1:45,1.100308,0.01831502
4/7/2021 1:50,1.091446,0.01831502
4/7/2021 1:55,1.096615,0.01831502
4/7/2021 2:00,1.089231,0.01831502
4/7/2021 2:05,1.091446,0.01831502
4/7/2021 2:10,1.093662,0.01831502
4/7/2021 2:15,1.092185,0.01831502
4/7/2021 2:20,1.093662,0.01831502
4/7/2021 2:25,1.096615,0.01831502
4/7/2021 2:30,1.105477,0.01831502
4/7/2021 2:35,1.098831,0.01831502
4/7/2021 2:40,1.0944,0.01831502
4/7/2021 2:45,1.095877,0.01831502
4/7/2021 2:50,1.099569,0.01831502
4/7/2021 2:55,1.0944,0.01831502
4/7/2021 3:00,1.098831,0.01831502
4/7/2021 3:05,1.092923,0.01831502
4/7/2021 3:10,1.106215,0.01831502
4/7/2021 3:15,1.103261,0.01831502
4/7/2021 3:20,1.0944,0.01831502
4/7/2021 3:25,1.101785,0.01831502
4/7/2021 3:30,1.095877,0.01831502
4/7/2021 3:35,1.103261,0.01953602
4/7/2021 3:40,1.098092,0.01953602
4/7/2021 3:45,1.097354,0.01953602
4/7/2021 3:50,1.092185,0.01953602
4/7/2021 3:55,1.095138,0.01953602
4/7/2021 4:00,1.095138,0.01953602
4/7/2021 4:05,1.092185,0.01953602
4/7/2021 4:10,1.098831,0.01953602
4/7/2021 4:15,1.089969,0.01953602
4/7/2021 4:20,1.101046,0.01953602
4/7/2021 4:25,1.093662,0.01953602
4/7/2021 4:30,1.098092,0.01953602
4/7/2021 4:35,1.086277,0.01953602
4/7/2021 4:40,1.084062,0.01953602
4/7/2021 4:45,1.093662,0.01953602
4/7/2021 4:50,1.095877,0.01953602
4/7/2021 4:55,1.086277,0.01953602
4/7/2021 5:00,1.089969,0.01953602
4/7/2021 5:05,1.093662,0.01953602
4/7/2021 5:10,1.087754,0.01953602
4/7/2021 5:15,1.093662,0.01953602
4/7/2021 5:20,1.089231,0.01953602
4/7/2021 5:25,1.091446,0.01953602
4/7/2021 5:30,1.0944,0.01953602
4/7/2021 5:35,1.093662,0.01953602
4/7/2021 5:40,1.086277,0.01953602
4/7/2021 5:45,1.083323,0.01953602
4/7/2021 5:50,1.095877,0.01953602
4/7/2021 5:55,1.095138,0.01953602
4/7/2021 6:00,1.085538,0.01953602
4/7/2021 6:05,1.087015,0.01953602
4/7/2021 6:10,1.089969,0.01953602
4/7/2021 6:15,1.091446,0.01953602
4/7/2021 6:20,1.101046,0.01953602
4/7/2021 6:25,1.092185,0.01953602
4/7/2021 6:30,1.085538,0.01953602
4/7/2021 6:35,1.089231,0.01953602
4/7/2021 6:40,1.087015,0.01953602
4/7/2021 6:45,1.092185,0.01953602
4/7/2021 6:50,1.097354,0.01953602
4/7/2021 6:55,1.092185,0.01953602
4/7/2021 7:00,1.098831,0.01953602
4/7/2021 7:05,1.092185,0.01953602
4/7/2021 7:10,1.097354,0.01953602
4/7/2021 7:15,1.092185,0.01953602
4/7/2021 7:20,1.086277,0.01953602
4/7/2021 7:25,1.096615,0.01953602
4/7/2021 7:30,1.086277,0.01953602
4/7/2021 7:35,1.090708,0.01953602
4/7/2021 7:40,1.097354,0.01953602
4/7/2021 7:45,1.097354,0.01953602
4/7/2021 7:50,1.100308,0.01953602
4/7/2021 7:55,1.101785,0.01953602
4/7/2021 8:00,1.087754,0.01953602
4/7/2021 8:05,1.104,0.01953602
4/7/2021 8:10,1.096615,0.01953602
4/7/2021 8:15,1.098092,0.01953602
4/7/2021 8:20,1.100308,0.01953602
4/7/2021 8:25,1.099569,0.01953602
4/7/2021 8:30,1.108431,0.01953602
4/7/2021 8:35,1.101785,0.01953602
4/7/2021 8:40,1.104,0.01953602
4/7/2021 8:45,1.097354,0.01953602
4/7/2021 8:50,1.109908,0.01953602
4/7/2021 8:55,1.103261,0.01953602
4/7/2021 9:00,1.090708,0.01953602
4/7/2021 9:05,1.105477,0.01953602
4/7/2021 9:10,1.0944,0.01953602
4/7/2021 9:15,1.098831,0.01953602
4/7/2021 9:20,1.0944,0.01953602
4/7/2021 9:25,1.096615,0.01953602
4/7/2021 9:30,1.091446,0.01953602
4/7/2021 9:35,1.092923,0.01953602
4/7/2021 9:40,1.095877,0.01953602
4/7/2021 9:45,1.092185,0.01953602
4/7/2021 9:50,1.104,0.01953602
4/7/2021 9:55,1.095877,0.01953602
4/7/2021 10:00,1.096615,0.01953602
4/7/2021 10:05,1.101046,0.01953602
4/7/2021 10:10,1.095877,0.01953602
4/7/2021 10:15,1.095877,0.01953602
4/7/2021 10:20,1.095138,0.01953602
4/7/2021 10:25,1.095877,0.01953602
4/7/2021 10:30,1.087754,0.01953602
4/7/2021 10:35,1.092923,0.01953602
4/7/2021 10:40,1.098092,0.01953602
4/7/2021 10:45,1.091446,0.01953602
4/7/2021 10:50,1.098831,0.01953602
4/7/2021 10:55,1.097354,0.01953602
4/7/2021 11:00,1.098092,0.01953602
4/7/2021 11:05,1.103261,0.01953602
4/7/2021 11:10,1.101785,0.01953602
4/7/2021 11:15,1.100308,0.01953602
4/7/2021 11:20,1.096615,0.01953602
4/7/2021 11:25,1.102523,0.01953602
4/7/2021 11:30,1.109169,0.01953602
4/7/2021 11:35,1.106954,0.01953602
4/7/2021 11:40,1.108431,0.01953602
4/7/2021 11:45,1.109908,0.01953602
4/7/2021 11:50,1.112123,0.01953602
4/7/2021 11:55,1.110646,0.01953602
4/7/2021 12:00,1.107692,0.01953602
4/7/2021 12:05,1.106215,0.01953602
4/7/2021 12:10,1.107692,0.01953602
4/7/2021 12:15,1.112862,0.01953602
4/7/2021 12:20,1.112862,0.01953602
4/7/2021 12:25,1.112862,0.01953602
4/7/2021 12:30,1.106215,0.01953602
4/7/2021 12:35,0,0.01953602
4/7/2021 12:40,0,-1
4/7/2021 12:45,0,-1
4/7/2021 12:50,0,-1
4/7/2021 12:55,0,-1
4/7/2021 13:00,0,-1
4/7/2021 13:05,0,-1
4/7/2021 13:10,0,-1
4/7/2021 13:15,0,-1
4/7/2021 13:20,0,-1
4/7/2021 13:25,0,-1
4/7/2021 13:30,0,-1
4/7/2021 13:35,0,-1
4/7/2021 13:40,0,-1
4/7/2021 13:45,0,-1
4/7/2021 13:50,0,-1
4/7/2021 13:55,0,-1
4/7/2021 14:00,0,-1
4/7/2021 14:05,0,-1
4/7/2021 14:10,0,-1
4/7/2021 14:15,0,-1
4/7/2021 14:20,0,-1
4/7/2021 14:25,0,-1
4/7/2021 14:30,0,-1
4/7/2021 14:35,0,-1
4/7/2021 14:40,0,-1
4/7/2021 14:45,0,-1
4/7/2021 14:50,0,-1
4/7/2021 14:55,0,-1
4/7/2021 15:00,0,-1
4/7/2021 15:05,0,-1
4/7/2021 15:10,0,-1
4/7/2021 15:15,0,-1
4/7/2021 15:20,0,-1
4/7/2021 15:25,0,-1
4/7/2021 15:30,0,-1
4/7/2021 15:35,0,-1
4/7/2021 15:40,0,-1
4/7/2021 15:45,0,-1
4/7/2021 15:50,0,-1
4/7/2021 15:55,0,-1
4/7/2021 16:00,0,-1
4/7/2021 16:05,0,-1
4/7/2021 16:10,0,-1
4/7/2021 16:15,0,-1
4/7/2021 16:20,0,-1
4/7/2021 16:25,0,-1
4/7/2021 16:30,0,-1
4/7/2021 16:35,0,-1
4/7/2021 16:40,0,-1
4/7/2021 16:45,0,-1
4/7/2021 16:50,0,-1
4/7/2021 16:55,0,-1
4/7/2021 17:00,0,-1
4/7/2021 17:05,0,-1
4/7/2021 17:10,0,-1
4/7/2021 17:15,0,-1
4/7/2021 17:20,0,-1
4/7/2021 17:25,0,-1
4/7/2021 17:30,0,-1
4/7/2021 17:35,0,-1
4/7/2021 17:40,0,-1
4/7/2021 17:45,0,-1
4/7/2021 17:50,0,-1
4/7/2021 17:55,0,-1
4/7/2021 18:00,0,-1
4/7/2021 18:05,0,-1
4/7/2021 18:10,0,-1
4/7/2021 18:15,0,-1
4/7/2021 18:20,0,-1
4/7/2021 18:25,0,-1
4/7/2021 18:30,0,-1
4/7/2021 18:35,0,-1
4/7/2021 18:40,0,-1
4/7/2021 18:45,0,-1
4/7/2021 18:50,0,-1
4/7/2021 18:55,0,-1
4/7/2021 19:00,0,-1
4/7/2021 19:05,0,-1
4/7/2021 19:10,0,-1
4/7/2021 19:15,0,-1
4/7/2021 19:20,0,-1
4/7/2021 19:25,0,-1
4/7/2021 19:30,0,-1
4/7/2021 19:35,0,-1
4/7/2021 19:40,0,-1
4/7/2021 19:45,0,-1
4/7/2021 19:50,0,-1
4/7/2021 19:55,0,-1
4/7/2021 20:00,0,-1
4/7/2021 20:05,0,-1
4/7/2021 20:10,0,-1
4/7/2021 20:15,0,-1
4/7/2021 20:20,0,-1
4/7/2021 20:25,0,-1
4/7/2021 20:30,0,-1
4/7/2021 20:35,0,-1
4/7/2021 20:40,0,-1
4/7/2021 20:45,0,-1
4/7/2021 20:50,0,-1
4/7/2021 20:55,0,-1
4/7/2021 21:00,0,-1
4/7/2021 21:05,0,-1
4/7/2021 21:10,0,-1
4/7/2021 21:15,0,-1
4/7/2021 21:20,0,-1
4/7/2021 21:25,0,-1
4/7/2021 21:30,0,-1
4/7/2021 21:35,0,-1
4/7/2021 21:40,0,-1
4/7/2021 21:45,0,-1
4/7/2021 21:50,0,-1
4/7/2021 21:55,0,-1
4/7/2021 22:00,0,-1
4/7/2021 22:05,0,-1
4/7/2021 22:10,0,-1
4/7/2021 22:15,0,-1
4/7/2021 22:20,0,-1
4/7/2021 22:25,0,-1
4/7/2021 22:30,0,-1
4/7/2021 22:35,0,-1
4/7/2021 22:40,0,-1
4/7/2021 22:45,0,-1
4/7/2021 22:50,0,-1
4/7/2021 22:55,0,-1
4/7/2021 23:00,0,-1
4/7/2021 23:05,0,-1
4/7/2021 23:10,0,-1
4/7/2021 23:15,0,-1
4/7/2021 23:20,0,-1
4/7/2021 23:25,0,-1
4/7/2021 23:30,0,-1
4/7/2021 23:35,0,-1
4/7/2021 23:40,0,-1
4/7/2021 23:45,0,-1
4/7/2021 23:50,0,-1
4/7/2021 23:55,0,-1
4/8/2021 0:00,0,-1
4/8/2021 0:05,0,-1
4/8/2021 0:10,0,-1
4/8/2021 0:15,0,-1
4/8/2021 0:20,0,-1
4/8/2021 0:25,0,-1
4/8/2021 0:30,0,-1
4/8/2021 0:35,0,-1
4/8/2021 0:40,0,-1
4/8/2021 0:45,0,-1
4/8/2021 0:50,0,-1
4/8/2021 0:55,0,-1
4/8/2021 1:00,0,-1
4/8/2021 1:05,0,-1
4/8/2021 1:10,0,-1
4/8/2021 1:15,0,-1
4/8/2021 1:20,0,-1
4/8/2021 1:25,0,-1
4/8/2021 1:30,0,-1
4/8/2021 1:35,0,-1
4/8/2021 1:40,0,-1
4/8/2021 1:45,0,-1
4/8/2021 1:50,0,-1
4/8/2021 1:55,0,-1
4/8/2021 2:00,0,-1
4/8/2021 2:05,0,-1
4/8/2021 2:10,0,-1
4/8/2021 2:15,0,-1
4/8/2021 2:20,0,-1
4/8/2021 2:25,0,-1
4/8/2021 2:30,0,-1
4/8/2021 2:35,0,-1
4/8/2021 2:40,0,-1
4/8/2021 2:45,0,-1
4/8/2021 2:50,0,-1
4/8/2021 2:55,0,-1
4/8/2021 3:00,0,-1
4/8/2021 3:05,0,-1
4/8/2021 3:10,0,-1
4/8/2021 3:15,0,-1
4/8/2021 3:20,0,-1
4/8/2021 3:25,0,-1
4/8/2021 3:30,0,-1
4/8/2021 3:35,0,-1
4/8/2021 3:40,0,-1
4/8/2021 3:45,0,-1
4/8/2021 3:50,0,-1
4/8/2021 3:55,0,-1
4/8/2021 4:00,0,-1
4/8/2021 4:05,0,-1
4/8/2021 4:10,0,-1
4/8/2021 4:15,0,-1
4/8/2021 4:20,0,-1
4/8/2021 4:25,0,-1
4/8/2021 4:30,0,-1
4/8/2021 4:35,0,-1
4/8/2021 4:40,0,-1
4/8/2021 4:45,0,-1
4/8/2021 4:50,0,-1
4/8/2021 4:55,0,-1
4/8/2021 5:00,0,-1
4/8/2021 5:05,0,-1
4/8/2021 5:10,0,-1
4/8/2021 5:15,0,-1
4/8/2021 5:20,0,-1
4/8/2021 5:25,0,-1
4/8/2021 5:30,0,-1
4/8/2021 5:35,0,-1
4/8/2021 5:40,0,-1
4/8/2021 5:45,0,-1
4/8/2021 5:50,0,-1
4/8/2021 5:55,0,-1
4/8/2021 6:00,0,-1
4/8/2021 6:05,0,-1
4/8/2021 6:10,0,-1
4/8/2021 6:15,0,-1
4/8/2021 6:20,0,-1
4/8/2021 6:25,0,-1
4/8/2021 6:30,0,-1
4/8/2021 6:35,0,-1
4/8/2021 6:40,0,-1
4/8/2021 6:45,0,-1
4/8/2021 6:50,0,-1
4/8/2021 6:55,0,-1
4/8/2021 7:00,0,-1
4/8/2021 7:05,0,-1
4/8/2021 7:10,0,-1
4/8/2021 7:15,0,-1
4/8/2021 7:20,0,-1
4/8/2021 7:25,0,-1
4/8/2021 7:30,0,-1
4/8/2021 7:35,0,-1
4/8/2021 7:40,0,-1
4/8/2021 7:45,0,-1
4/8/2021 7:50,0,-1
4/8/2021 7:55,0,-1
4/8/2021 8:00,0,-1
4/8/2021 8:05,0,-1
4/8/2021 8:10,0,-1
4/8/2021 8:15,0,-1
4/8/2021 8:20,0,-1
4/8/2021 8:25,0,-1
4/8/2021 8:30,0,-1
4/8/2021 8:35,0,-1
4/8/2021 8:40,0,-1
4/8/2021 8:45,0,-1
4/8/2021 8:50,0,-1
4/8/2021 8:55,0,-1
4/8/2021 9:00,0,-1
4/8/2021 9:05,0,-1
4/8/2021 9:10,0,-1
4/8/2021 9:15,0,-1
4/8/2021 9:20,0,-1
4/8/2021 9:25,0,-1
4/8/2021 9:30,0,-1
4/8/2021 9:35,0,-1
4/8/2021 9:40,0,-1
4/8/2021 9:45,0,-1
4/8/2021 9:50,0,-1
4/8/2021 9:55,0,-1
4/8/2021 10:00,0,-1
4/8/2021 10:05,0,-1
4/8/2021 10:10,0,-1
4/8/2021 10:15,0,-1
4/8/2021 10:20,0,-1
4/8/2021 10:25,0,-1
4/8/2021 10:30,0,-1
4/8/2021 10:35,0,-1
4/8/2021 10:40,0,-1
4/8/2021 10:45,0,-1
4/8/2021 10:50,0,-1
4/8/2021 10:55,0,-1
4/8/2021 11:00,0,-1
4/8/2021 11:05,0,-1
4/8/2021 11:10,0,-1
4/8/2021 11:15,0,-1
4/8/2021 11:20,0,-1
4/8/2021 11:25,0,-1
4/8/2021 11:30,0,-1
4/8/2021 11:35,0,-1
4/8/2021 11:40,0,-1
4/8/2021 11:45,0,-1
4/8/2021 11:50,0,-1
4/8/2021 11:55,0,-1
4/8/2021 12:00,0,-1
4/8/2021 12:05,0,-1
4/8/2021 12:10,0,-1
4/8/2021 12:15,0,-1
4/8/2021 12:20,0,-1
4/8/2021 12:25,0,-1
4/8/2021 12:30,0,-1
4/8/2021 12:35,0,-1
4/8/2021 12:40,0,-1
4/8/2021 12:45,0,-1
4/8/2021 12:50,0,-1
4/8/2021 12:55,0,-1
4/8/2021 13:00,0,-1
4/8/2021 13:05,0,-1
4/8/2021 13:10,0,-1
4/8/2021 13:15,0,-1
4/8/2021 13:20,0,-1
4/8/2021 13:25,0,-1
4/8/2021 13:30,0,-1
4/8/2021 13:35,0,-1
4/8/2021 13:40,0,-1
4/8/2021 13:45,0,-1
4/8/2021 13:50,0,-1
4/8/2021 13:55,0,-1
4/8/2021 14:00,0,-1
4/8/2021 14:05,0,-1
4/8/2021 14:10,0,-1
4/8/2021 14:15,0,-1
4/8/2021 14:20,0,-1
4/8/2021 14:25,0,-1
4/8/2021 14:30,0,-1
4/8/2021 14:35,0,-1
4/8/2021 14:40,0,-1
4/8/2021 14:45,0,-1
4/8/2021 14:50,0,-1
4/8/2021 14:55,0,-1
4/8/2021 15:00,0,-1
4/8/2021 15:05,0,-1
4/8/2021 15:10,0,-1
4/8/2021 15:15,0,-1
4/8/2021 15:20,0,-1
4/8/2021 15:25,0,-1
4/8/2021 15:30,0,-1
4/8/2021 15:35,0,-1
4/8/2021 15:40,0,-1
4/8/2021 15:45,0,-1
4/8/2021 15:50,0,-1
4/8/2021 15:55,0,-1
4/8/2021 16:00,0,-1
4/8/2021 16:05,0,-1
4/8/2021 16:10,0,-1
4/8/2021 16:15,0,-1
4/8/2021 16:20,0,-1
4/8/2021 16:25,0,-1
4/8/2021 16:30,0,-1
4/8/2021 16:35,0,-1
4/8/2021 16:40,0,-1
4/8/2021 16:45,0,-1
4/8/2021 16:50,0,-1
4/8/2021 16:55,0,-1
4/8/2021 17:00,0,-1
4/8/2021 17:05,0,-1
4/8/2021 17:10,0,-1
4/8/2021 17:15,0,-1
4/8/2021 17:20,0,-1
4/8/2021 17:25,0,-1
4/8/2021 17:30,0,-1
4/8/2021 17:35,0,-1
4/8/2021 17:40,0,-1
4/8/2021 17:45,0,-1
4/8/2021 17:50,0,-1
4/8/2021 17:55,0,-1
4/8/2021 18:00,0,-1
4/8/2021 18:05,0,-1
4/8/2021 18:10,0,-1
4/8/2021 18:15,0,-1
4/8/2021 18:20,0,-1
4/8/2021 18:25,0,-1
4/8/2021 18:30,0,-1
4/8/2021 18:35,0,-1
4/8/2021 18:40,0,-1
4/8/2021 18:45,0,-1
4/8/2021 18:50,0,-1
4/8/2021 18:55,0,-1
4/8/2021 19:00,0,-1
4/8/2021 19:05,0,-1
4/8/2021 19:10,0,-1
4/8/2021 19:15,0,-1
4/8/2021 19:20,0,-1
4/8/2021 19:25,0,-1
4/8/2021 19:30,0,-1
4/8/2021 19:35,0,-1
4/8/2021 19:40,0,-1
4/8/2021 19:45,0,-1
4/8/2021 19:50,0,-1
4/8/2021 19:55,0,-1
4/8/2021 20:00,0,-1
4/8/2021 20:05,0,-1
4/8/2021 20:10,0,-1
4/8/2021 20:15,0,-1
4/8/2021 20:20,0,-1
4/8/2021 20:25,0,-1
4/8/2021 20:30,0,-1
4/8/2021 20:35,0,-1
4/8/2021 20:40,0,-1
4/8/2021 20:45,0,-1
4/8/2021 20:50,0,-1
4/8/2021 20:55,0,-1
4/8/2021 21:00,0,-1
4/8/2021 21:05,0,-1
4/8/2021 21:10,0,-1
4/8/2021 21:15,0,-1
4/8/2021 21:20,0,-1
4/8/2021 21:25,0,-1
4/8/2021 21:30,0,-1
4/8/2021 21:35,0,-1
4/8/2021 21:40,0,-1
4/8/2021 21:45,0,-1
4/8/2021 21:50,0,-1
4/8/2021 21:55,0,-1
4/8/2021 22:00,0,-1
4/8/2021 22:05,0,-1
4/8/2021 22:10,0,-1
4/8/2021 22:15,0,-1
4/8/2021 22:20,0,-1
4/8/2021 22:25,0,-1
4/8/2021 22:30,0,-1
4/8/2021 22:35,0,-1
4/8/2021 22:40,0,-1
4/8/2021 22:45,0,-1
4/8/2021 22:50,0,-1
4/8/2021 22:55,0,-1
4/8/2021 23:00,0,-1
4/8/2021 23:05,0,-1
4/8/2021 23:10,0,-1
4/8/2021 23:15,0,-1
4/8/2021 23:20,0,-1
4/8/2021 23:25,0,-1
4/8/2021 23:30,0,-1
4/8/2021 23:35,0,-1
4/8/2021 23:40,0,-1
4/8/2021 23:45,0,-1
4/8/2021 23:50,0,-1
4/8/2021 23:55,0,-1
4/9/2021 0:00,0,-1
4/9/2021 0:05,0,-1
4/9/2021 0:10,0,-1
4/9/2021 0:15,0,-1
4/9/2021 0:20,0,-1
4/9/2021 0:25,0,-1
4/9/2021 0:30,0,-1
4/9/2021 0:35,0,-1
4/9/2021 0:40,0,-1
4/9/2021 0:45,0,-1
4/9/2021 0:50,0,-1
4/9/2021 0:55,0,-1
4/9/2021 1:00,0,-1
4/9/2021 1:05,0,-1
4/9/2021 1:10,0,-1
4/9/2021 1:15,0,-1
4/9/2021 1:20,0,-1
4/9/2021 1:25,0,-1
4/9/2021 1:30,0,-1
4/9/2021 1:35,0,-1
4/9/2021 1:40,0,-1
4/9/2021 1:45,0,-1
4/9/2021 1:50,0,-1
4/9/2021 1:55,0,-1
4/9/2021 2:00,0,-1
4/9/2021 2:05,0,-1
4/9/2021 2:10,0,-1
4/9/2021 2:15,0,-1
4/9/2021 2:20,0,-1
4/9/2021 2:25,0,-1
4/9/2021 2:30,0,-1
4/9/2021 2:35,0,-1
4/9/2021 2:40,0,-1
4/9/2021 2:45,0,-1
4/9/2021 2:50,0,-1
4/9/2021 2:55,0,-1
4/9/2021 3:00,0,-1
4/9/2021 3:05,0,-1
4/9/2021 3:10,0,-1
4/9/2021 3:15,0,-1
4/9/2021 3:20,0,-1
4/9/2021 3:25,0,-1
4/9/2021 3:30,0,-1
4/9/2021 3:35,0,-1
4/9/2021 3:40,0,-1
4/9/2021 3:45,0,-1
4/9/2021 3:50,0,-1
4/9/2021 3:55,0,-1
4/9/2021 4:00,0,-1
4/9/2021 4:05,0,-1
4/9/2021 4:10,0,-1
4/9/2021 4:15,0,-1
4/9/2021 4:20,0,-1
4/9/2021 4:25,0,-1
4/9/2021 4:30,0,-1
4/9/2021 4:35,0,-1
4/9/2021 4:40,0,-1
4/9/2021 4:45,0,-1
4/9/2021 4:50,0,-1
4/9/2021 4:55,0,-1
4/9/2021 5:00,0,-1
4/9/2021 5:05,0,-1
4/9/2021 5:10,0,-1
4/9/2021 5:15,0,-1
4/9/2021 5:20,0,-1
4/9/2021 5:25,0,-1
4/9/2021 5:30,0,-1
4/9/2021 5:35,0,-1
4/9/2021 5:40,0,-1
4/9/2021 5:45,0,-1
4/9/2021 5:50,0,-1
4/9/2021 5:55,0,-1
4/9/2021 6:00,0,-1
4/9/2021 6:05,0,-1
4/9/2021 6:10,0,-1
4/9/2021 6:15,0,-1
4/9/2021 6:20,0,-1
4/9/2021 6:25,0,-1
4/9/2021 6:30,0,-1
4/9/2021 6:35,0,-1
4/9/2021 6:40,0,-1
4/9/2021 6:45,0,-1
4/9/2021 6:50,0,-1
4/9/2021 6:55,0,-1
4/9/2021 7:00,0,-1
4/9/2021 7:05,0,-1
4/9/2021 7:10,0,-1
4/9/2021 7:15,0,-1
4/9/2021 7:20,0,-1
4/9/2021 7:25,0,-1
4/9/2021 7:30,0,-1
4/9/2021 7:35,0,-1
4/9/2021 7:40,0,-1
4/9/2021 7:45,0,-1
4/9/2021 7:50,0,-1
4/9/2021 7:55,0,-1
4/9/2021 8:00,0,-1
4/9/2021 8:05,0,-1
4/9/2021 8:10,0,-1
4/9/2021 8:15,0,-1
4/9/2021 8:20,0,-1
4/9/2021 8:25,0,-1
4/9/2021 8:30,0,-1
4/9/2021 8:35,0,-1
4/9/2021 8:40,0,-1
4/9/2021 8:45,0,-1
4/9/2021 8:50,0,-1
4/9/2021 8:55,0,-1
4/9/2021 9:00,0,-1
4/9/2021 9:05,0,-1
4/9/2021 9:10,0,-1
4/9/2021 9:15,0,-1
4/9/2021 9:20,0,-1
4/9/2021 9:25,0,-1
4/9/2021 9:30,0,-1
4/9/2021 9:35,0,-1
4/9/2021 9:40,0,-1
4/9/2021 9:45,0,-1
4/9/2021 9:50,0,-1
4/9/2021 9:55,0,-1
4/9/2021 10:00,0,-1
4/9/2021 10:05,0,-1
4/9/2021 10:10,0,-1
4/9/2021 10:15,0,-1
4/9/2021 10:20,0,-1
4/9/2021 10:25,0,-1
4/9/2021 10:30,0,-1
4/9/2021 10:35,0,-1
4/9/2021 10:40,0,-1
4/9/2021 10:45,0,-1
4/9/2021 10:50,0,-1
4/9/2021 10:55,0,-1
4/9/2021 11:00,0,-1
4/9/2021 11:05,0,-1
4/9/2021 11:10,0,-1
4/9/2021 11:15,0,-1
4/9/2021 11:20,0,-1
4/9/2021 11:25,0,-1
4/9/2021 11:30,0,-1
4/9/2021 11:35,0,-1
4/9/2021 11:40,0,-1
4/9/2021 11:45,0,-1
4/9/2021 11:50,0,-1
4/9/2021 11:55,0,-1
4/9/2021 12:00,0,-1
4/9/2021 12:05,0,-1
4/9/2021 12:10,0,-1
4/9/2021 12:15,0,-1
4/9/2021 12:20,0,-1
4/9/2021 12:25,0,-1
4/9/2021 12:30,0,-1
4/9/2021 12:35,0,-1
4/9/2021 12:40,0,-1
4/9/2021 12:45,0,-1
4/9/2021 12:50,0,-1
4/9/2021 12:55,0,-1
4/9/2021 13:00,0,-1
4/9/2021 13:05,0,-1
4/9/2021 13:10,0,-1
4/9/2021 13:15,0,-1
4/9/2021 13:20,0,-1
4/9/2021 13:25,0,-1
4/9/2021 13:30,0,-1
4/9/2021 13:35,0,-1
4/9/2021 13:40,0,-1
4/9/2021 13:45,0,-1
4/9/2021 13:50,0,-1
4/9/2021 13:55,0,-1
4/9/2021 14:00,0,-1
4/9/2021 14:05,0,-1
4/9/2021 14:10,0,-1
4/9/2021 14:15,0,-1
4/9/2021 14:20,0,-1
4/9/2021 14:25,0,-1
4/9/2021 14:30,0,-1
4/9/2021 14:35,0,-1
4/9/2021 14:40,0,-1
4/9/2021 14:45,0,-1
4/9/2021 14:50,0,-1
4/9/2021 14:55,0,-1
4/9/2021 15:00,0,-1
4/9/2021 15:05,0,-1
4/9/2021 15:10,0,-1
4/9/2021 15:15,0,-1
4/9/2021 15:20,0,-1
4/9/2021 15:25,0,-1
4/9/2021 15:30,0,-1
4/9/2021 15:35,0,-1
4/9/2021 15:40,0,-1
4/9/2021 15:45,0,-1
4/9/2021 15:50,0,-1
4/9/2021 15:55,0,-1
4/9/2021 16:00,0,-1
4/9/2021 16:05,0,-1
4/9/2021 16:10,0,-1
4/9/2021 16:15,0,-1
4/9/2021 16:20,0,-1
4/9/2021 16:25,0,-1
4/9/2021 16:30,0,-1
4/9/2021 16:35,0,-1
4/9/2021 16:40,0,-1
4/9/2021 16:45,0,-1
4/9/2021 16:50,0,-1
4/9/2021 16:55,0,-1
4/9/2021 17:00,0,-1
4/9/2021 17:05,0,-1
4/9/2021 17:10,0,-1
4/9/2021 17:15,0,-1
4/9/2021 17:20,0,-1
4/9/2021 17:25,0,-1
4/9/2021 17:30,0,-1
4/9/2021 17:35,0,-1
4/9/2021 17:40,0,-1
4/9/2021 17:45,0,-1
4/9/2021 17:50,0,-1
4/9/2021 17:55,0,-1
4/9/2021 18:00,0,-1
4/9/2021 18:05,0,-1
4/9/2021 18:10,0,-1
4/9/2021 18:15,0,-1
4/9/2021 18:20,0,-1
4/9/2021 18:25,0,-1
4/9/2021 18:30,0,-1
4/9/2021 18:35,0,-1
4/9/2021 18:40,0,-1
4/9/2021 18:45,0,-1
4/9/2021 18:50,0,-1
4/9/2021 18:55,0,-1
4/9/2021 19:00,0,-1
4/9/2021 19:05,0,-1
4/9/2021 19:10,0,-1
4/9/2021 19:15,0,-1
4/9/2021 19:20,0,-1
4/9/2021 19:25,0,-1
4/9/2021 19:30,0,-1
4/9/2021 19:35,0,-1
4/9/2021 19:40,0,-1
4/9/2021 19:45,0,-1
4/9/2021 19:50,0,-1
4/9/2021 19:55,0,-1
4/9/2021 20:00,0,-1
4/9/2021 20:05,0,-1
4/9/2021 20:10,0,-1
4/9/2021 20:15,0,-1
4/9/2021 20:20,0,-1
4/9/2021 20:25,0,-1
4/9/2021 20:30,0,-1
4/9/2021 20:35,1.101785,0.08180708
4/9/2021 20:40,1.088492,0.05494506
4/9/2021 20:45,1.101785,0.04395605
4/9/2021 20:50,1.100308,0.04395605
4/9/2021 20:55,1.095138,0.04029304
4/9/2021 21:00,1.101046,0.03907204
4/9/2021 21:05,1.104738,0.04029304
4/9/2021 21:10,1.092923,0.03785104
4/9/2021 21:15,1.103261,0.03785104
4/9/2021 21:20,1.104738,0.03663004
4/9/2021 21:25,1.105477,0.03540904
4/9/2021 21:30,1.105477,0.03540904
4/9/2021 21:35,1.098831,0.03540904
4/9/2021 21:40,1.098831,0.03540904
4/9/2021 21:45,1.097354,0.03418804
4/9/2021 21:50,1.101785,0.03296703
4/9/2021 21:55,1.101785,0.03296703
4/9/2021 22:00,1.095877,0.03296703
4/9/2021 22:05,1.104,0.03296703
4/9/2021 22:10,1.103261,0.03296703
4/9/2021 22:15,1.093662,0.03296703
4/9/2021 22:20,1.091446,0.03174603
4/9/2021 22:25,1.0944,0.03174603
4/9/2021 22:30,1.104,0.03052503
4/9/2021 22:35,1.087015,0.03052503
4/9/2021 22:40,1.0944,0.03052503
4/9/2021 22:45,1.089231,0.03052503
4/9/2021 22:50,1.0944,0.03052503
4/9/2021 22:55,1.087015,0.03052503
4/9/2021 23:00,1.082585,0.03052503
4/9/2021 23:05,1.081846,0.02930403
4/9/2021 23:10,1.089231,0.02930403
4/9/2021 23:15,1.077415,0.02930403
4/9/2021 23:20,1.124677,0.02930403
4/9/2021 23:25,1.127631,0.02930403
4/9/2021 23:30,1.101785,0.02808303
4/9/2021 23:35,1.104,0.02808303
4/9/2021 23:40,1.100308,0.02808303
4/9/2021 23:45,1.109908,0.02808303
4/9/2021 23:50,1.100308,0.02808303
4/9/2021 23:55,1.106954,0.02808303
4/10/2021 0:00,1.109908,0.02808303
4/10/2021 0:05,1.111385,0.02808303
4/10/2021 0:10,1.103261,0.02808303
4/10/2021 0:15,1.109169,0.02808303
4/10/2021 0:20,1.104,0.02808303
4/10/2021 0:25,1.103261,0.02808303
4/10/2021 0:30,1.095138,0.02808303
4/10/2021 0:35,1.096615,0.02808303
4/10/2021 0:40,1.105477,0.02808303
4/10/2021 0:45,1.106215,0.02686203
4/10/2021 0:50,1.104738,0.02686203
4/10/2021 0:55,1.103261,0.02686203
4/10/2021 1:00,1.110646,0.02686203
4/10/2021 1:05,1.106954,0.02686203
4/10/2021 1:10,1.099569,0.02686203
4/10/2021 1:15,1.099569,0.02686203
4/10/2021 1:20,1.099569,0.02686203
4/10/2021 1:25,1.0944,0.02686203
4/10/2021 1:30,1.108431,0.02686203
4/10/2021 1:35,1.115077,0.02686203
4/10/2021 1:40,1.106215,0.02686203
4/10/2021 1:45,1.097354,0.02686203
4/10/2021 1:50,1.095138,0.02686203
4/10/2021 1:55,1.103261,0.02686203
4/10/2021 2:00,1.109169,0.02686203
4/10/2021 2:05,1.104,0.02686203
4/10/2021 2:10,1.105477,0.02686203
4/10/2021 2:15,1.105477,0.02686203
4/10/2021 2:20,1.105477,0.02686203
4/10/2021 2:25,1.109908,0.02686203
4/10/2021 2:30,1.109908,0.02686203
4/10/2021 2:35,1.103261,0.02686203
4/10/2021 2:40,1.111385,0.02686203
4/10/2021 2:45,1.105477,0.02686203
4/10/2021 2:50,1.109908,0.02686203
4/10/2021 2:55,1.106954,0.02686203
4/10/2021 3:00,1.098092,0.02686203
4/10/2021 3:05,1.100308,0.02686203
4/10/2021 3:10,1.112123,0.02686203
4/10/2021 3:15,1.110646,0.02686203
4/10/2021 3:20,1.101046,0.02686203
4/10/2021 3:25,1.097354,0.02564103
4/10/2021 3:30,1.095877,0.02564103
4/10/2021 3:35,1.0848,0.02564103
4/10/2021 3:40,1.101785,0.02564103
4/10/2021 3:45,1.092185,0.02564103
4/10/2021 3:50,1.092923,0.02564103
4/10/2021 3:55,1.101785,0.02564103
4/10/2021 4:00,1.095877,0.02564103
4/10/2021 4:05,1.092185,0.02564103
4/10/2021 4:10,1.089231,0.02564103
4/10/2021 4:15,1.099569,0.02564103
4/10/2021 4:20,1.0944,0.02564103
4/10/2021 4:25,1.100308,0.02564103
4/10/2021 4:30,1.095877,0.02564103
4/10/2021 4:35,1.099569,0.02564103
4/10/2021 4:40,1.090708,0.02564103
4/10/2021 4:45,1.101046,0.02564103
4/10/2021 4:50,1.089231,0.02564103
4/10/2021 4:55,1.088492,0.02564103
4/10/2021 5:00,1.095138,0.02564103
4/10/2021 5:05,1.104,0.02564103
4/10/2021 5:10,1.106954,0.02564103
4/10/2021 5:15,1.099569,0.02564103
4/10/2021 5:20,1.102523,0.02564103
4/10/2021 5:25,1.095877,0.02564103
4/10/2021 5:30,1.107692,0.02564103
4/10/2021 5:35,1.103261,0.02564103
4/10/2021 5:40,1.106215,0.02564103
4/10/2021 5:45,1.115815,0.02686203
4/10/2021 5:50,1.100308,0.02686203
4/10/2021 5:55,1.109169,0.02686203
4/10/2021 6:00,1.092185,0.02686203
4/10/2021 6:05,1.108431,0.02686203
4/10/2021 6:10,1.103261,0.02686203
4/10/2021 6:15,1.098831,0.02686203
4/10/2021 6:20,1.109169,0.02686203
4/10/2021 6:25,1.105477,0.02686203
4/10/2021 6:30,1.109908,0.02686203
4/10/2021 6:35,1.112862,0.02686203
4/10/2021 6:40,1.111385,0.02686203
4/10/2021 6:45,1.109169,0.02686203
4/10/2021 6:50,1.108431,0.02686203
4/10/2021 6:55,1.111385,0.02686203
4/10/2021 7:00,1.111385,0.02686203
4/10/2021 7:05,1.105477,0.02686203
4/10/2021 7:10,1.119508,0.02686203
4/10/2021 7:15,1.1136,0.02686203
4/10/2021 7:20,1.108431,0.02686203
4/10/2021 7:25,1.098831,0.02686203
4/10/2021 7:30,1.098092,0.02686203
4/10/2021 7:35,1.099569,0.02686203
4/10/2021 7:40,1.107692,0.02686203
4/10/2021 7:45,1.095877,0.02686203
4/10/2021 7:50,1.089231,0.02686203
4/10/2021 7:55,1.100308,0.02686203
4/10/2021 8:00,1.095877,0.02686203
4/10/2021 8:05,1.092185,0.02686203
4/10/2021 8:10,1.088492,0.02686203
4/10/2021 8:15,1.0944,0.02686203
4/10/2021 8:20,1.102523,0.02686203
4/10/2021 8:25,1.091446,0.02686203
4/10/2021 8:30,1.095877,0.02686203
4/10/2021 8:35,1.097354,0.02686203
4/10/2021 8:40,1.093662,0.02686203
4/10/2021 8:45,1.112862,0.02686203
4/10/2021 8:50,1.092185,0.02686203
4/10/2021 8:55,1.100308,0.02686203
4/10/2021 9:00,1.100308,0.02686203
4/10/2021 9:05,1.100308,0.02686203
4/10/2021 9:10,1.098092,0.02686203
4/10/2021 9:15,1.109908,0.02686203
4/10/2021 9:20,1.109169,0.02686203
4/10/2021 9:25,1.103261,0.02686203
4/10/2021 9:30,1.108431,0.02686203
4/10/2021 9:35,1.112123,0.02686203
4/10/2021 9:40,1.107692,0.02808303
4/10/2021 9:45,1.112123,0.02808303
4/10/2021 9:50,1.112862,0.02808303
4/10/2021 9:55,1.111385,0.02808303
4/10/2021 10:00,1.107692,0.02808303
4/10/2021 10:05,1.104,0.02808303
4/10/2021 10:10,1.108431,0.02808303
4/10/2021 10:15,1.107692,0.02808303
4/10/2021 10:20,1.109908,0.02808303
4/10/2021 10:25,1.114338,0.02808303
4/10/2021 10:30,1.100308,0.02808303
4/10/2021 10:35,1.109908,0.02808303
4/10/2021 10:40,1.108431,0.02808303
4/10/2021 10:45,1.123938,0.02808303
4/10/2021 10:50,1.0944,0.02808303
4/10/2021 10:55,1.095877,0.02808303
4/10/2021 11:00,1.089231,0.02808303
4/10/2021 11:05,1.103261,0.02808303
4/10/2021 11:10,1.090708,0.02808303
4/10/2021 11:15,1.0944,0.02808303
4/10/2021 11:20,1.087754,0.02808303
4/10/2021 11:25,1.090708,0.02808303
4/10/2021 11:30,1.092185,0.02808303
4/10/2021 11:35,1.100308,0.02808303
4/10/2021 11:40,1.214031,0.02808303
4/10/2021 11:45,1.212554,0.02808303
4/10/2021 11:50,1.215508,0.02808303
4/10/2021 11:55,1.208862,0.02808303
4/10/2021 12:00,1.215508,0.02808303
4/10/2021 12:05,1.2192,0.02808303
4/10/2021 12:10,1.203692,0.02808303
4/10/2021 12:15,1.192615,0.02808303
4/10/2021 12:20,1.207385,0.02808303
4/10/2021 12:25,1.214769,0.02808303
4/10/2021 12:30,1.216985,0.02808303
4/10/2021 12:35,1.214031,0.02808303
4/10/2021 12:40,1.207385,0.02808303
4/10/2021 12:45,1.215508,0.02808303
4/10/2021 12:50,1.212554,0.02808303
4/10/2021 12:55,1.213292,0.02808303
4/10/2021 13:00,1.211077,0.02808303
4/10/2021 13:05,1.2096,0.02808303
4/10/2021 13:10,1.212554,0.02808303
4/10/2021 13:15,1.202954,0.02808303
4/10/2021 13:20,1.202215,0.02808303
4/10/2021 13:25,1.208123,0.02808303
4/10/2021 13:30,1.211077,0.02808303
4/10/2021 13:35,1.205908,0.02808303
4/10/2021 13:40,1.210338,0.02808303
4/10/2021 13:45,1.205169,0.02808303
4/10/2021 13:50,1.212554,0.02808303
4/10/2021 13:55,1.208123,0.02808303
4/10/2021 14:00,1.206646,0.02808303
4/10/2021 14:05,1.204431,0.02808303
4/10/2021 14:10,1.208123,0.02808303
4/10/2021 14:15,1.207385,0.02808303
4/10/2021 14:20,1.2096,0.02808303
4/10/2021 14:25,1.208862,0.02808303
4/10/2021 14:30,1.205908,0.02808303
4/10/2021 14:35,1.207385,0.02808303
4/10/2021 14:40,1.193354,0.02808303
4/10/2021 14:45,1.211077,0.02808303
4/10/2021 14:50,1.2096,0.02930403
4/10/2021 14:55,1.204431,0.02930403
4/10/2021 15:00,1.196308,0.02930403
4/10/2021 15:05,1.208862,0.02930403
4/10/2021 15:10,1.220677,0.02930403
4/10/2021 15:15,1.208123,0.02930403
4/10/2021 15:20,1.205169,0.02930403
4/10/2021 15:25,1.212554,0.02930403
4/10/2021 15:30,1.2192,0.02930403
4/10/2021 15:35,1.202954,0.02930403
4/10/2021 15:40,1.204431,0.02930403
4/10/2021 15:45,1.205908,0.02930403
4/10/2021 15:50,1.210338,0.02930403
4/10/2021 15:55,1.200738,0.02930403
4/10/2021 16:00,1.201477,0.02930403
4/10/2021 16:05,1.205908,0.02930403
4/10/2021 16:10,1.203692,0.02930403
4/10/2021 16:15,1.205908,0.02930403
4/10/2021 16:20,1.205908,0.02930403
4/10/2021 16:25,1.210338,0.02930403
4/10/2021 16:30,1.205169,0.02930403
4/10/2021 16:35,1.208123,0.02930403
4/10/2021 16:40,1.199262,0.02930403
4/10/2021 16:45,1.205908,0.02930403
4/10/2021 16:50,1.194831,0.02930403
4/10/2021 16:55,1.206646,0.02930403
4/10/2021 17:00,1.216246,0.02930403
4/10/2021 17:05,1.203692,0.02930403
4/10/2021 17:10,1.204431,0.02930403
4/10/2021 17:15,1.217723,0.02930403
4/10/2021 17:20,1.196308,0.02930403
4/10/2021 17:25,1.212554,0.02930403
4/10/2021 17:30,1.200738,0.02930403
4/10/2021 17:35,1.211815,0.02930403
4/10/2021 17:40,1.201477,0.02930403
4/10/2021 17:45,1.200738,0.02930403
4/10/2021 17:50,1.208862,0.02930403
4/10/2021 17:55,1.203692,0.02930403
4/10/2021 18:00,1.205908,0.02930403
4/10/2021 18:05,1.207385,0.02930403
4/10/2021 18:10,1.197785,0.02930403
4/10/2021 18:15,1.197785,0.02930403
4/10/2021 18:20,1.208862,0.02930403
4/10/2021 18:25,1.199262,0.02930403
4/10/2021 18:30,1.204431,0.02930403
4/10/2021 18:35,1.199262,0.02930403
4/10/2021 18:40,1.204431,0.02930403
4/10/2021 18:45,1.2,0.02930403
4/10/2021 18:50,1.202954,0.02930403
4/10/2021 18:55,1.211815,0.02930403
4/10/2021 19:00,1.199262,0.02930403
4/10/2021 19:05,1.208862,0.02930403
4/10/2021 19:10,1.2,0.02930403
4/10/2021 19:15,1.194831,0.02930403
4/10/2021 19:20,1.197785,0.02930403
4/10/2021 19:25,1.207385,0.02930403
4/10/2021 19:30,1.197046,0.02930403
4/10/2021 19:35,1.202215,0.02930403
4/10/2021 19:40,1.201477,0.02930403
4/10/2021 19:45,1.204431,0.02930403
4/10/2021 19:50,1.199262,0.02930403
4/10/2021 19:55,1.205908,0.02930403
4/10/2021 20:00,1.194092,0.02930403
4/10/2021 20:05,1.214769,0.02930403
4/10/2021 20:10,1.201477,0.02930403
4/10/2021 20:15,1.201477,0.02930403
4/10/2021 20:20,1.202954,0.02930403
4/10/2021 20:25,1.2096,0.02930403
4/10/2021 20:30,1.203692,0.02930403
4/10/2021 20:35,1.211077,0.02930403
4/10/2021 20:40,1.212554,0.02930403
4/10/2021 20:45,1.202215,0.02930403
4/10/2021 20:50,1.191877,0.02930403
4/10/2021 20:55,1.200738,0.02930403
4/10/2021 21:00,1.205908,0.02930403
4/10/2021 21:05,1.202215,0.02930403
4/10/2021 21:10,1.208862,0.02930403
4/10/2021 21:15,1.200738,0.02930403
4/10/2021 21:20,1.204431,0.02930403
4/10/2021 21:25,1.194831,0.02930403
4/10/2021 21:30,1.200738,0.02930403
4/10/2021 21:35,1.201477,0.02930403
4/10/2021 21:40,1.204431,0.02930403
4/10/2021 21:45,1.194831,0.02930403
4/10/2021 21:50,1.201477,0.02930403
4/10/2021 21:55,1.193354,0.02930403
4/10/2021 22:00,1.2,0.02930403
4/10/2021 22:05,1.196308,0.02930403
4/10/2021 22:10,1.196308,0.02930403
4/10/2021 22:15,1.202954,0.02930403
4/10/2021 22:20,1.199262,0.02930403
4/10/2021 22:25,1.197046,0.02930403
4/10/2021 22:30,1.201477,0.02930403
4/10/2021 22:35,1.191877,0.02930403
4/10/2021 22:40,1.201477,0.02930403
4/10/2021 22:45,1.192615,0.02930403
4/10/2021 22:50,1.193354,0.02930403
4/10/2021 22:55,1.189662,0.02930403
4/10/2021 23:00,1.189662,0.02930403
4/10/2021 23:05,1.184492,0.02930403
4/10/2021 23:10,1.191138,0.02930403
4/10/2021 23:15,1.199262,0.02930403
4/10/2021 23:20,1.196308,0.02930403
4/10/2021 23:25,1.185969,0.02930403
4/10/2021 23:30,1.1904,0.02930403
4/10/2021 23:35,1.197046,0.02930403
4/10/2021 23:40,1.185231,0.02930403
4/10/2021 23:45,1.1808,0.02930403
4/10/2021 23:50,1.192615,0.02930403
4/10/2021 23:55,1.197046,0.02930403
4/11/2021 0:00,1.180062,0.02930403
4/11/2021 0:05,1.292308,0.02930403
4/11/2021 0:10,1.146831,0.02930403
4/11/2021 0:15,1.143877,0.02930403
4/11/2021 0:20,1.200738,0.02930403
4/11/2021 0:25,1.208123,0.02930403
4/11/2021 0:30,1.205908,0.02930403
4/11/2021 0:35,1.2,0.02930403
4/11/2021 0:40,1.207385,0.02808303
4/11/2021 0:45,1.202954,0.02808303
4/11/2021 0:50,1.216246,0.02808303
4/11/2021 0:55,1.214031,0.02808303
4/11/2021 1:00,1.2096,0.02808303
4/11/2021 1:05,1.215508,0.02808303
4/11/2021 1:10,1.208862,0.02808303
4/11/2021 1:15,1.210338,0.02930403
4/11/2021 1:20,1.211815,0.02930403
4/11/2021 1:25,1.2192,0.02808303
4/11/2021 1:30,1.2192,0.02808303
4/11/2021 1:35,1.213292,0.02808303
4/11/2021 1:40,1.214031,0.02808303
4/11/2021 1:45,1.214031,0.02808303
4/11/2021 1:50,1.212554,0.02808303
4/11/2021 1:55,1.207385,0.02808303
4/11/2021 2:00,1.212554,0.02808303
4/11/2021 2:05,1.221415,0.02808303
4/11/2021 2:10,1.212554,0.02808303
4/11/2021 2:15,1.214769,0.02808303
4/11/2021 2:20,1.218462,0.02808303
4/11/2021 2:25,1.202215,0.02808303
4/11/2021 2:30,1.172677,0.02808303
4/11/2021 2:35,1.188184,0.02808303
4/11/2021 2:40,1.184492,0.02808303
4/11/2021 2:45,1.186708,0.02808303
4/11/2021 2:50,1.183754,0.02808303
4/11/2021 2:55,1.191877,0.02808303
4/11/2021 3:00,1.191877,0.02808303
4/11/2021 3:05,1.183754,0.02808303
4/11/2021 3:10,1.191877,0.02808303
4/11/2021 3:15,1.191138,0.02808303
4/11/2021 3:20,1.194092,0.02808303
4/11/2021 3:25,1.185969,0.02808303
4/11/2021 3:30,1.195569,0.02808303
4/11/2021 3:35,1.191138,0.02808303
4/11/2021 3:40,1.185969,0.02808303
4/11/2021 3:45,1.188923,0.02808303
4/11/2021 3:50,1.194831,0.02808303
4/11/2021 3:55,1.188923,0.02808303
4/11/2021 4:00,1.183754,0.02808303
4/11/2021 4:05,1.180062,0.02808303
4/11/2021 4:10,1.149785,0.02808303
4/11/2021 4:15,1.216985,0.02808303
4/11/2021 4:20,1.208123,0.02808303
4/11/2021 4:25,1.210338,0.02808303
4/11/2021 4:30,1.212554,0.02808303
4/11/2021 4:35,1.205908,0.02808303
4/11/2021 4:40,1.206646,0.02808303
4/11/2021 4:45,1.204431,0.02808303
4/11/2021 4:50,1.223631,0.02808303
4/11/2021 4:55,1.210338,0.02808303
4/11/2021 5:00,1.2096,0.02808303
4/11/2021 5:05,1.205908,0.02808303
4/11/2021 5:10,1.202954,0.02808303
4/11/2021 5:15,1.211077,0.02808303
4/11/2021 5:20,1.211077,0.02808303
4/11/2021 5:25,1.218462,0.02808303
4/11/2021 5:30,1.205908,0.02808303
4/11/2021 5:35,1.203692,0.02808303
4/11/2021 5:40,1.199262,0.02808303
4/11/2021 5:45,1.205169,0.02808303
4/11/2021 5:50,1.205908,0.02808303
4/11/2021 5:55,1.207385,0.02808303
4/11/2021 6:00,1.208862,0.02808303
4/11/2021 6:05,1.212554,0.02808303
4/11/2021 6:10,1.211077,0.02808303
4/11/2021 6:15,1.207385,0.02808303
4/11/2021 6:20,1.216985,0.02808303
4/11/2021 6:25,1.214031,0.02808303
4/11/2021 6:30,1.202954,0.02808303
4/11/2021 6:35,1.202954,0.02808303
4/11/2021 6:40,1.207385,0.02808303
4/11/2021 6:45,1.205169,0.02808303
4/11/2021 6:50,1.204431,0.02808303
4/11/2021 6:55,1.216246,0.02808303
4/11/2021 7:00,1.204431,0.02808303
4/11/2021 7:05,1.214031,0.02808303
4/11/2021 7:10,1.210338,0.02808303
4/11/2021 7:15,1.202954,0.02808303
4/11/2021 7:20,1.211077,0.02808303
4/11/2021 7:25,1.207385,0.02808303
4/11/2021 7:30,1.211815,0.02808303
4/11/2021 7:35,1.205908,0.02808303
4/11/2021 7:40,1.205908,0.02808303
4/11/2021 7:45,1.207385,0.02808303
4/11/2021 7:50,1.205908,0.02808303
4/11/2021 7:55,1.205169,0.02808303
4/11/2021 8:00,1.210338,0.02808303
4/11/2021 8:05,1.205169,0.02808303
4/11/2021 8:10,1.208862,0.02808303
4/11/2021 8:15,1.204431,0.02808303
4/11/2021 8:20,1.219938,0.02808303
4/11/2021 8:25,1.204431,0.02808303
4/11/2021 8:30,1.208862,0.02808303
4/11/2021 8:35,1.2096,0.02808303
4/11/2021 8:40,1.214769,0.02808303
4/11/2021 8:45,1.204431,0.02808303
4/11/2021 8:50,1.208123,0.02808303
4/11/2021 8:55,1.212554,0.02808303
4/11/2021 9:00,1.202954,0.02808303
4/11/2021 9:05,1.207385,0.02808303
4/11/2021 9:10,1.194831,0.02808303
4/11/2021 9:15,1.207385,0.02808303
4/11/2021 9:20,1.207385,0.02808303
4/11/2021 9:25,1.201477,0.02808303
4/11/2021 9:30,1.210338,0.02808303
4/11/2021 9:35,1.199262,0.02808303
4/11/2021 9:40,1.210338,0.02808303
4/11/2021 9:45,1.204431,0.02808303
4/11/2021 9:50,1.208862,0.02808303
4/11/2021 9:55,1.216246,0.02808303
4/11/2021 10:00,1.205169,0.02808303
4/11/2021 10:05,1.200738,0.02808303
4/11/2021 10:10,1.197785,0.02808303
4/11/2021 10:15,1.205908,0.02808303
4/11/2021 10:20,1.205908,0.02808303
4/11/2021 10:25,1.210338,0.02808303
4/11/2021 10:30,1.207385,0.02808303
4/11/2021 10:35,1.216246,0.02808303
4/11/2021 10:40,1.206646,0.02808303
4/11/2021 10:45,1.198523,0.02808303
4/11/2021 10:50,1.208123,0.02808303
4/11/2021 10:55,1.2096,0.02808303
4/11/2021 11:00,1.214769,0.02808303
4/11/2021 11:05,1.211077,0.02808303
4/11/2021 11:10,1.202954,0.02808303
4/11/2021 11:15,1.207385,0.02808303
4/11/2021 11:20,1.206646,0.02808303
4/11/2021 11:25,1.2096,0.02808303
4/11/2021 11:30,1.202954,0.02808303
4/11/2021 11:35,1.197046,0.02808303
4/11/2021 11:40,1.207385,0.02808303
4/11/2021 11:45,1.206646,0.02808303
4/11/2021 11:50,1.205908,0.02808303
4/11/2021 11:55,1.212554,0.02808303
4/11/2021 12:00,1.2096,0.02808303
4/11/2021 12:05,1.2,0.02808303
4/11/2021 12:10,1.203692,0.02808303
4/11/2021 12:15,1.214031,0.02808303
4/11/2021 12:20,1.207385,0.02808303
4/11/2021 12:25,1.201477,0.02808303
4/11/2021 12:30,1.2096,0.02808303
4/11/2021 12:35,1.211815,0.02808303
4/11/2021 12:40,1.2096,0.02808303
4/11/2021 12:45,1.205169,0.02808303
4/11/2021 12:50,1.205908,0.02808303
4/11/2021 12:55,1.188184,0.02808303
4/11/2021 13:00,1.197046,0.02808303
4/11/2021 13:05,1.199262,0.02808303
4/11/2021 13:10,1.199262,0.02808303
4/11/2021 13:15,1.197046,0.02808303
4/11/2021 13:20,1.194831,0.02808303
4/11/2021 13:25,1.203692,0.02808303
4/11/2021 13:30,1.205908,0.02808303
4/11/2021 13:35,1.202954,0.02808303
4/11/2021 13:40,1.197046,0.02808303
4/11/2021 13:45,1.202215,0.02808303
4/11/2021 13:50,1.200738,0.02808303
4/11/2021 13:55,1.191138,0.02808303
4/11/2021 14:00,1.202954,0.02808303
4/11/2021 14:05,1.211815,0.02808303
4/11/2021 14:10,1.202954,0.02808303
4/11/2021 14:15,1.203692,0.02808303
4/11/2021 14:20,1.198523,0.02808303
4/11/2021 14:25,1.202954,0.02808303
4/11/2021 14:30,1.189662,0.02808303
4/11/2021 14:35,1.208862,0.02808303
4/11/2021 14:40,1.191877,0.02808303
4/11/2021 14:45,1.200738,0.02808303
4/11/2021 14:50,1.201477,0.02808303
4/11/2021 14:55,1.208123,0.02808303
4/11/2021 15:00,1.217723,0.02808303
4/11/2021 15:05,1.214031,0.02808303
4/11/2021 15:10,1.208123,0.02808303
4/11/2021 15:15,1.202215,0.02808303
4/11/2021 15:20,1.196308,0.02808303
4/11/2021 15:25,1.205169,0.02808303
4/11/2021 15:30,1.2,0.02808303
4/11/2021 15:35,1.205169,0.02808303
4/11/2021 15:40,1.208862,0.02808303
4/11/2021 15:45,1.208862,0.02808303
4/11/2021 15:50,1.188184,0.02808303
4/11/2021 15:55,1.193354,0.02808303
4/11/2021 16:00,1.199262,0.02808303
4/11/2021 16:05,1.185231,0.02808303
4/11/2021 16:10,1.194831,0.02808303
4/11/2021 16:15,1.197046,0.02808303
4/11/2021 16:20,1.186708,0.02808303
4/11/2021 16:25,1.191138,0.02808303
4/11/2021 16:30,1.202954,0.02808303
4/11/2021 16:35,1.199262,0.02808303
4/11/2021 16:40,1.191138,0.02808303
4/11/2021 16:45,1.199262,0.02808303
4/11/2021 16:50,1.200738,0.02808303
4/11/2021 16:55,1.197785,0.02808303
4/11/2021 17:00,1.186708,0.02808303
4/11/2021 17:05,1.192615,0.02808303
4/11/2021 17:10,1.185231,0.02808303
4/11/2021 17:15,1.188184,0.02808303
4/11/2021 17:20,1.186708,0.02808303
4/11/2021 17:25,1.193354,0.02808303
4/11/2021 17:30,1.194831,0.02808303
4/11/2021 17:35,1.188184,0.02808303
4/11/2021 17:40,1.181538,0.02808303
4/11/2021 17:45,1.186708,0.02808303
4/11/2021 17:50,1.204431,0.02808303
4/11/2021 17:55,1.191138,0.02808303
4/11/2021 18:00,1.195569,0.02808303
4/11/2021 18:05,1.183015,0.02808303
4/11/2021 18:10,1.185231,0.02808303
4/11/2021 18:15,1.2,0.02808303
4/11/2021 18:20,1.205169,0.02808303
4/11/2021 18:25,1.183015,0.02808303
4/11/2021 18:30,1.191138,0.02808303
4/11/2021 18:35,1.189662,0.02808303
4/11/2021 18:40,1.193354,0.02808303
4/11/2021 18:45,1.191138,0.02808303
4/11/2021 18:50,1.191877,0.02808303
4/11/2021 18:55,1.194831,0.02808303
4/11/2021 19:00,1.188184,0.02808303
4/11/2021 19:05,1.191138,0.02808303
4/11/2021 19:10,1.186708,0.02808303
4/11/2021 19:15,1.208862,0.02808303
4/11/2021 19:20,1.193354,0.02808303
4/11/2021 19:25,1.205169,0.02808303
4/11/2021 19:30,1.197046,0.02808303
4/11/2021 19:35,1.196308,0.02808303
4/11/2021 19:40,1.199262,0.02808303
4/11/2021 19:45,1.185969,0.02808303
4/11/2021 19:50,1.199262,0.02808303
4/11/2021 19:55,1.200738,0.02808303
4/11/2021 20:00,1.193354,0.02808303
4/11/2021 20:05,1.194831,0.02808303
4/11/2021 20:10,1.191138,0.02808303
4/11/2021 20:15,1.201477,0.02808303
4/11/2021 20:20,1.197785,0.02808303
4/11/2021 20:25,1.194831,0.02808303
4/11/2021 20:30,1.197785,0.02808303
4/11/2021 20:35,1.188184,0.02808303
4/11/2021 20:40,1.202215,0.02808303
4/11/2021 20:45,1.198523,0.02808303
4/11/2021 20:50,1.095138,0.02808303
4/11/2021 20:55,1.105477,0.02808303
4/11/2021 21:00,1.129846,0.02808303
4/11/2021 21:05,1.071508,0.03052503
4/11/2021 21:10,1.105477,0.03052503
4/11/2021 21:15,1.117292,0.03052503
4/11/2021 21:20,1.109908,0.03052503
4/11/2021 21:25,1.076677,0.03052503
4/11/2021 21:30,1.105477,0.03052503
4/11/2021 21:35,1.092185,0.03052503
4/11/2021 21:40,1.104738,0.03052503
4/11/2021 21:45,1.101046,0.03052503
4/11/2021 21:50,1.108431,0.03052503
4/11/2021 21:55,1.101046,0.03052503
4/11/2021 22:00,1.095138,0.02930403
4/11/2021 22:05,1.103261,0.02930403
4/11/2021 22:10,1.089231,0.02930403
4/11/2021 22:15,1.098831,0.02930403
4/11/2021 22:20,1.100308,0.02930403
4/11/2021 22:25,1.096615,0.02930403
4/11/2021 22:30,1.095138,0.02930403
4/11/2021 22:35,1.092185,0.02930403
4/11/2021 22:40,1.097354,0.02930403
4/11/2021 22:45,1.0944,0.02930403
4/11/2021 22:50,1.0944,0.02930403
4/11/2021 22:55,1.095877,0.02930403
4/11/2021 23:00,1.095877,0.02930403
4/11/2021 23:05,1.087015,0.02930403
4/11/2021 23:10,1.089231,0.02930403
4/11/2021 23:15,1.095877,0.02930403
4/11/2021 23:20,1.088492,0.02930403
4/11/2021 23:25,1.080369,0.02930403
4/11/2021 23:30,1.089969,0.02930403
4/11/2021 23:35,1.091446,0.02930403
4/11/2021 23:40,1.091446,0.02930403
4/11/2021 23:45,1.087015,0.02930403
4/11/2021 23:50,1.086277,0.02930403
4/11/2021 23:55,1.090708,0.02930403
4/12/2021 0:00,1.088492,0.02930403
4/12/2021 0:05,1.087754,0.02930403
4/12/2021 0:10,1.115815,0.02930403
4/12/2021 0:15,1.112862,0.02930403
4/12/2021 0:20,1.101785,0.02930403
4/12/2021 0:25,1.115815,0.02930403
4/12/2021 0:30,1.109908,0.02930403
4/12/2021 0:35,1.120985,0.02930403
4/12/2021 0:40,1.1136,0.02930403
4/12/2021 0:45,1.103261,0.02930403
4/12/2021 0:50,1.095877,0.02930403
4/12/2021 0:55,1.109169,0.02930403
4/12/2021 1:00,1.108431,0.02930403
4/12/2021 1:05,1.122462,0.02930403
4/12/2021 1:10,1.106215,0.02930403
4/12/2021 1:15,1.106954,0.02930403
4/12/2021 1:20,1.105477,0.02930403
4/12/2021 1:25,1.110646,0.02930403
4/12/2021 1:30,1.115077,0.02930403
4/12/2021 1:35,1.107692,0.02930403
4/12/2021 1:40,1.107692,0.02930403
4/12/2021 1:45,1.114338,0.02930403
4/12/2021 1:50,1.118031,0.02930403
4/12/2021 1:55,1.112862,0.02930403
4/12/2021 2:00,1.120985,0.02930403
4/12/2021 2:05,1.104,0.02930403
4/12/2021 2:10,1.109169,0.02930403
4/12/2021 2:15,1.106954,0.02930403
4/12/2021 2:20,1.106954,0.02930403
4/12/2021 2:25,1.115077,0.02930403
4/12/2021 2:30,1.105477,0.02930403
4/12/2021 2:35,1.107692,0.02930403
4/12/2021 2:40,1.106954,0.02930403
4/12/2021 2:45,1.109908,0.02930403
4/12/2021 2:50,1.101785,0.02930403
4/12/2021 2:55,1.112862,0.02930403
4/12/2021 3:00,1.106215,0.02930403
4/12/2021 3:05,1.108431,0.02930403
4/12/2021 3:10,1.107692,0.02930403
4/12/2021 3:15,1.112862,0.02930403
4/12/2021 3:20,1.107692,0.02930403
4/12/2021 3:25,1.109908,0.02930403
4/12/2021 3:30,1.101046,0.02930403
4/12/2021 3:35,1.107692,0.02930403
4/12/2021 3:40,1.114338,0.02930403
4/12/2021 3:45,1.109908,0.02930403
4/12/2021 3:50,1.114338,0.02930403
4/12/2021 3:55,1.104738,0.02930403
4/12/2021 4:00,1.122462,0.02930403
4/12/2021 4:05,1.089231,0.02930403
4/12/2021 4:10,1.089231,0.02930403
4/12/2021 4:15,1.0944,0.02930403
4/12/2021 4:20,1.098831,0.02930403
4/12/2021 4:25,1.0944,0.02930403
4/12/2021 4:30,1.096615,0.02930403
4/12/2021 4:35,1.100308,0.02930403
4/12/2021 4:40,1.096615,0.02930403
4/12/2021 4:45,1.099569,0.02930403
4/12/2021 4:50,1.100308,0.02930403
4/12/2021 4:55,1.097354,0.02930403
4/12/2021 5:00,1.101785,0.02930403
4/12/2021 5:05,1.092923,0.02930403
4/12/2021 5:10,1.0944,0.02930403
4/12/2021 5:15,1.099569,0.02930403
4/12/2021 5:20,1.096615,0.02930403
4/12/2021 5:25,1.098831,0.02930403
4/12/2021 5:30,1.102523,0.02930403
4/12/2021 5:35,1.105477,0.02930403
4/12/2021 5:40,1.105477,0.02930403
4/12/2021 5:45,1.105477,0.02930403
4/12/2021 5:50,1.095877,0.02930403
4/12/2021 5:55,1.091446,0.02930403
4/12/2021 6:00,1.104,0.02930403
4/12/2021 6:05,1.0944,0.02930403
4/12/2021 6:10,1.096615,0.02930403
4/12/2021 6:15,1.092923,0.02930403
4/12/2021 6:20,1.104,0.02930403
4/12/2021 6:25,1.102523,0.02930403
4/12/2021 6:30,1.104738,0.02930403
4/12/2021 6:35,1.092923,0.02930403
4/12/2021 6:40,1.0944,0.02930403
4/12/2021 6:45,1.109169,0.02930403
4/12/2021 6:50,1.093662,0.02930403
4/12/2021 6:55,1.100308,0.02930403
4/12/2021 7:00,1.101785,0.02930403
4/12/2021 7:05,1.100308,0.02930403
4/12/2021 7:10,1.093662,0.02930403
4/12/2021 7:15,1.0944,0.02930403
4/12/2021 7:20,1.095877,0.02930403
4/12/2021 7:25,1.095138,0.02930403
4/12/2021 7:30,1.089969,0.02930403
4/12/2021 7:35,1.0944,0.02930403
4/12/2021 7:40,1.100308,0.02930403
4/12/2021 7:45,1.101785,0.02930403
4/12/2021 7:50,1.086277,0.02930403
4/12/2021 7:55,1.081108,0.02930403
4/12/2021 8:00,1.097354,0.02930403
4/12/2021 8:05,1.084062,0.02930403
4/12/2021 8:10,1.086277,0.02930403
4/12/2021 8:15,1.081108,0.02930403
4/12/2021 8:20,1.091446,0.02930403
4/12/2021 8:25,1.0848,0.02930403
4/12/2021 8:30,1.0944,0.02930403
4/12/2021 8:35,1.079631,0.02930403
4/12/2021 8:40,1.095138,0.02930403
4/12/2021 8:45,1.095138,0.02930403
4/12/2021 8:50,1.0848,0.02930403
4/12/2021 8:55,1.092923,0.02930403
4/12/2021 9:00,1.092923,0.02930403
4/12/2021 9:05,1.089969,0.02930403
4/12/2021 9:10,1.0944,0.02930403
4/12/2021 9:15,1.087754,0.02930403
4/12/2021 9:20,1.090708,0.02930403
4/12/2021 9:25,1.089969,0.02930403
4/12/2021 9:30,1.087754,0.02930403
4/12/2021 9:35,1.093662,0.02930403
4/12/2021 9:40,1.089969,0.02930403
4/12/2021 9:45,1.0848,0.02930403
4/12/2021 9:50,1.095877,0.02930403
4/12/2021 9:55,1.0944,0.02930403
4/12/2021 10:00,1.092185,0.02930403
4/12/2021 10:05,1.092185,0.02930403
4/12/2021 10:10,1.089231,0.02930403
4/12/2021 10:15,1.086277,0.02930403
4/12/2021 10:20,1.089969,0.02930403
4/12/2021 10:25,1.089969,0.02930403
4/12/2021 10:30,1.0848,0.02930403
4/12/2021 10:35,1.095138,0.02930403
4/12/2021 10:40,1.089969,0.02930403
4/12/2021 10:45,1.087754,0.02930403
4/12/2021 10:50,1.089231,0.02930403
4/12/2021 10:55,1.078154,0.02930403
4/12/2021 11:00,1.087754,0.02930403
4/12/2021 11:05,1.089231,0.02930403
4/12/2021 11:10,1.087015,0.02930403
4/12/2021 11:15,1.087754,0.02930403
4/12/2021 11:20,1.078892,0.02930403
4/12/2021 11:25,1.0848,0.02930403
4/12/2021 11:30,1.082585,0.02930403
4/12/2021 11:35,1.092185,0.02930403
4/12/2021 11:40,1.079631,0.02930403
4/12/2021 11:45,1.091446,0.02930403
4/12/2021 11:50,1.088492,0.02930403
4/12/2021 11:55,1.085538,0.02930403
4/12/2021 12:00,1.095877,0.02930403
4/12/2021 12:05,1.089231,0.02930403
4/12/2021 12:10,1.086277,0.02930403
4/12/2021 12:15,1.081846,0.02930403
4/12/2021 12:20,1.0944,0.02930403
4/12/2021 12:25,1.095877,0.02930403
4/12/2021 12:30,1.087754,0.02930403
4/12/2021 12:35,1.092185,0.02930403
4/12/2021 12:40,1.097354,0.02930403
4/12/2021 12:45,1.088492,0.02930403
4/12/2021 12:50,1.093662,0.02930403
4/12/2021 12:55,1.086277,0.02930403
4/12/2021 13:00,1.089231,0.02930403
4/12/2021 13:05,1.082585,0.02930403
4/12/2021 13:10,1.098831,0.02930403
4/12/2021 13:15,1.090708,0.02930403
4/12/2021 13:20,1.103261,0.02930403
4/12/2021 13:25,1.092185,0.02930403
4/12/2021 13:30,1.092185,0.02808303
4/12/2021 13:35,1.092185,0.02808303
4/12/2021 13:40,1.106215,0.02808303
4/12/2021 13:45,1.089969,0.02808303
4/12/2021 13:50,1.0944,0.02808303
4/12/2021 13:55,1.103261,0.02930403
4/12/2021 14:00,1.093662,0.02808303
4/12/2021 14:05,1.099569,0.02930403
4/12/2021 14:10,1.085538,0.02808303
4/12/2021 14:15,1.091446,0.02808303
4/12/2021 14:20,1.102523,0.02808303
4/12/2021 14:25,1.084062,0.02808303
4/12/2021 14:30,1.0848,0.02808303
4/12/2021 14:35,1.100308,0.02808303
4/12/2021 14:40,1.092185,0.02808303
4/12/2021 14:45,1.095877,0.02808303
4/12/2021 14:50,1.103261,0.02808303
4/12/2021 14:55,1.096615,0.02808303
4/12/2021 15:00,1.101785,0.02808303
4/12/2021 15:05,1.0944,0.02808303
4/12/2021 15:10,1.096615,0.02808303
4/12/2021 15:15,1.091446,0.02808303
4/12/2021 15:20,1.101046,0.02808303
4/12/2021 15:25,1.0944,0.02808303
4/12/2021 15:30,1.103261,0.02930403
4/12/2021 15:35,1.098092,0.02930403
4/12/2021 15:40,1.087015,0.02930403
4/12/2021 15:45,1.095138,0.02930403
4/12/2021 15:50,1.096615,0.02930403
4/12/2021 15:55,1.097354,0.02930403
4/12/2021 16:00,1.101785,0.02930403
4/12/2021 16:05,1.102523,0.02930403
4/12/2021 16:10,1.098831,0.02930403
4/12/2021 16:15,1.098831,0.02930403
4/12/2021 16:20,1.0944,0.02930403
4/12/2021 16:25,1.092185,0.02930403
4/12/2021 16:30,1.095138,0.02930403
4/12/2021 16:35,1.095877,0.02930403
4/12/2021 16:40,1.092923,0.02930403
4/12/2021 16:45,1.093662,0.02930403
4/12/2021 16:50,1.0944,0.02930403
4/12/2021 16:55,1.0944,0.02930403
4/12/2021 17:00,1.093662,0.02930403
4/12/2021 17:05,1.097354,0.02930403
4/12/2021 17:10,1.097354,0.02930403
4/12/2021 17:15,1.090708,0.02930403
4/12/2021 17:20,1.090708,0.02930403
4/12/2021 17:25,1.097354,0.02930403
4/12/2021 17:30,1.097354,0.02930403
4/12/2021 17:35,1.092923,0.02930403
4/12/2021 17:40,1.0944,0.02930403
4/12/2021 17:45,1.095877,0.02930403
4/12/2021 17:50,1.105477,0.02930403
4/12/2021 17:55,1.092185,0.02930403
4/12/2021 18:00,1.104,0.02930403
4/12/2021 18:05,1.103261,0.02930403
4/12/2021 18:10,1.092923,0.02930403
4/12/2021 18:15,1.097354,0.02930403
4/12/2021 18:20,1.112862,0.02930403
4/12/2021 18:25,1.093662,0.02930403
4/12/2021 18:30,1.092185,0.02930403
4/12/2021 18:35,1.102523,0.02930403
4/12/2021 18:40,1.098831,0.02930403
4/12/2021 18:45,1.095138,0.02930403
4/12/2021 18:50,1.095877,0.02930403
4/12/2021 18:55,1.098831,0.02930403
4/12/2021 19:00,1.100308,0.02930403
4/12/2021 19:05,1.101046,0.02930403
4/12/2021 19:10,1.096615,0.02930403
4/12/2021 19:15,1.103261,0.02930403
4/12/2021 19:20,1.092185,0.02930403
4/12/2021 19:25,1.102523,0.02930403
4/12/2021 19:30,1.088492,0.02930403
4/12/2021 19:35,1.090708,0.02930403
4/12/2021 19:40,1.095138,0.02930403
4/12/2021 19:45,1.091446,0.02930403
4/12/2021 19:50,1.091446,0.02930403
4/12/2021 19:55,1.093662,0.02930403
4/12/2021 20:00,1.083323,0.02930403
4/12/2021 20:05,1.089969,0.02930403
4/12/2021 20:10,1.090708,0.02930403
4/12/2021 20:15,1.089231,0.02930403
4/12/2021 20:20,1.089969,0.02930403
4/12/2021 20:25,1.093662,0.02930403
4/12/2021 20:30,1.0848,0.02930403
4/12/2021 20:35,1.088492,0.02930403
4/12/2021 20:40,1.090708,0.02930403
4/12/2021 20:45,1.092185,0.02930403
4/12/2021 20:50,1.089969,0.02930403
4/12/2021 20:55,1.092923,0.02930403
4/12/2021 21:00,1.120985,0.02930403
4/12/2021 21:05,1.098092,0.02930403
4/12/2021 21:10,1.106954,0.02930403
4/12/2021 21:15,1.105477,0.02930403
4/12/2021 21:20,1.107692,0.02930403
4/12/2021 21:25,1.107692,0.02930403
4/12/2021 21:30,1.101785,0.02930403
4/12/2021 21:35,1.103261,0.02808303
4/12/2021 21:40,1.107692,0.02808303
4/12/2021 21:45,1.097354,0.02808303
4/12/2021 21:50,1.108431,0.02808303
4/12/2021 21:55,1.104,0.02808303
4/12/2021 22:00,1.098831,0.02808303
4/12/2021 22:05,1.103261,0.02808303
4/12/2021 22:10,1.101785,0.02808303
4/12/2021 22:15,1.103261,0.02808303
4/12/2021 22:20,1.095877,0.02808303
4/12/2021 22:25,1.098092,0.02808303
4/12/2021 22:30,1.103261,0.02808303
4/12/2021 22:35,1.096615,0.02808303
4/12/2021 22:40,1.100308,0.02808303
4/12/2021 22:45,1.0944,0.02808303
4/12/2021 22:50,1.092185,0.02808303
4/12/2021 22:55,1.105477,0.02808303
4/12/2021 23:00,1.088492,0.02808303
4/12/2021 23:05,1.095877,0.02930403
4/12/2021 23:10,1.095877,0.02930403
4/12/2021 23:15,1.101785,0.02930403
4/12/2021 23:20,1.110646,0.02930403
4/12/2021 23:25,1.091446,0.02930403
4/12/2021 23:30,1.103261,0.02930403
4/12/2021 23:35,1.095877,0.02930403
4/12/2021 23:40,1.087015,0.02930403
4/12/2021 23:45,1.090708,0.02930403
4/12/2021 23:50,1.098831,0.02930403
4/12/2021 23:55,1.089969,0.02930403
4/13/2021 0:00,1.081108,0.02930403
4/13/2021 0:05,1.0944,0.02930403
4/13/2021 0:10,1.087754,0.02930403
4/13/2021 0:15,1.083323,0.02930403
4/13/2021 0:20,1.087754,0.02930403
4/13/2021 0:25,1.084062,0.02930403
4/13/2021 0:30,1.086277,0.02930403
4/13/2021 0:35,1.081846,0.02930403
4/13/2021 0:40,1.0848,0.02930403
4/13/2021 0:45,1.087015,0.02930403
4/13/2021 0:50,1.089231,0.02930403
4/13/2021 0:55,1.082585,0.02930403
4/13/2021 1:00,1.097354,0.02930403
4/13/2021 1:05,1.090708,0.02930403
4/13/2021 1:10,1.092185,0.02930403
4/13/2021 1:15,1.0944,0.02930403
4/13/2021 1:20,1.0944,0.02930403
4/13/2021 1:25,1.095877,0.02930403
4/13/2021 1:30,1.093662,0.02930403
4/13/2021 1:35,1.089231,0.02930403
4/13/2021 1:40,1.089231,0.02930403
4/13/2021 1:45,1.081108,0.02930403
4/13/2021 1:50,1.090708,0.02930403
4/13/2021 1:55,1.093662,0.02930403
4/13/2021 2:00,1.074461,0.02930403
4/13/2021 2:05,1.092185,0.02930403
4/13/2021 2:10,1.138708,0.02930403
4/13/2021 2:15,1.141662,0.02930403
4/13/2021 2:20,1.123938,0.02930403
4/13/2021 2:25,1.089969,0.02930403
4/13/2021 2:30,1.109169,0.02930403
4/13/2021 2:35,1.110646,0.02930403
4/13/2021 2:40,1.109908,0.02930403
4/13/2021 2:45,1.107692,0.02930403
4/13/2021 2:50,1.105477,0.02930403
4/13/2021 2:55,1.101785,0.02930403
4/13/2021 3:00,1.095877,0.02930403
4/13/2021 3:05,1.107692,0.02930403
4/13/2021 3:10,1.098831,0.02930403
4/13/2021 3:15,1.101785,0.02930403
4/13/2021 3:20,1.1136,0.02930403
4/13/2021 3:25,1.098831,0.02930403
4/13/2021 3:30,1.109908,0.02930403
4/13/2021 3:35,1.101046,0.02930403
4/13/2021 3:40,1.106954,0.02930403
4/13/2021 3:45,1.092923,0.02930403
4/13/2021 3:50,1.098831,0.02930403
4/13/2021 3:55,1.098092,0.02930403
4/13/2021 4:00,1.098831,0.02930403
4/13/2021 4:05,1.106954,0.02930403
4/13/2021 4:10,1.102523,0.02930403
4/13/2021 4:15,1.108431,0.02930403
4/13/2021 4:20,1.099569,0.02930403
4/13/2021 4:25,1.097354,0.02930403
4/13/2021 4:30,1.093662,0.02930403
4/13/2021 4:35,1.093662,0.02930403
4/13/2021 4:40,1.100308,0.02930403
4/13/2021 4:45,1.098831,0.02930403
4/13/2021 4:50,1.093662,0.02930403
4/13/2021 4:55,1.100308,0.02930403
4/13/2021 5:00,1.108431,0.02930403
4/13/2021 5:05,1.104738,0.02930403
4/13/2021 5:10,1.095138,0.02930403
4/13/2021 5:15,1.102523,0.02930403
4/13/2021 5:20,1.098831,0.02930403
4/13/2021 5:25,1.098092,0.02930403
4/13/2021 5:30,1.092185,0.02930403
4/13/2021 5:35,1.096615,0.02930403
4/13/2021 5:40,1.101785,0.02930403
4/13/2021 5:45,1.093662,0.02930403
4/13/2021 5:50,1.097354,0.02930403
4/13/2021 5:55,1.096615,0.02930403
4/13/2021 6:00,1.096615,0.02930403
4/13/2021 6:05,1.104738,0.02930403
4/13/2021 6:10,1.095877,0.02930403
4/13/2021 6:15,1.098831,0.02930403
4/13/2021 6:20,1.114338,0.02930403
4/13/2021 6:25,1.105477,0.02930403
4/13/2021 6:30,1.0944,0.02930403
4/13/2021 6:35,1.095877,0.02930403
4/13/2021 6:40,1.0944,0.02930403
4/13/2021 6:45,1.105477,0.02930403
4/13/2021 6:50,1.097354,0.02930403
4/13/2021 6:55,1.103261,0.02930403
4/13/2021 7:00,1.095138,0.02930403
4/13/2021 7:05,1.101785,0.02930403
4/13/2021 7:10,1.103261,0.02930403
4/13/2021 7:15,1.093662,0.02930403
4/13/2021 7:20,1.093662,0.02930403
4/13/2021 7:25,1.092185,0.02930403
4/13/2021 7:30,1.105477,0.02930403
4/13/2021 7:35,1.103261,0.02930403
4/13/2021 7:40,1.095877,0.02930403
4/13/2021 7:45,1.0944,0.02930403
4/13/2021 7:50,1.092185,0.02930403
4/13/2021 7:55,1.089969,0.02930403
4/13/2021 8:00,1.104,0.02930403
4/13/2021 8:05,1.103261,0.02930403
4/13/2021 8:10,1.103261,0.02930403
4/13/2021 8:15,1.097354,0.02930403
4/13/2021 8:20,1.099569,0.02930403
4/13/2021 8:25,1.106954,0.02930403
4/13/2021 8:30,1.092923,0.02930403
4/13/2021 8:35,1.100308,0.02930403
4/13/2021 8:40,1.098092,0.02930403
4/13/2021 8:45,1.097354,0.02930403
4/13/2021 8:50,1.098092,0.02930403
4/13/2021 8:55,1.106954,0.02930403
4/13/2021 9:00,1.102523,0.02930403
4/13/2021 9:05,1.100308,0.02930403
4/13/2021 9:10,1.101785,0.02930403
4/13/2021 9:15,1.083323,0.02930403
4/13/2021 9:20,1.092923,0.02930403
4/13/2021 9:25,1.092185,0.03052503
4/13/2021 9:30,1.087754,0.03052503
4/13/2021 9:35,1.092185,0.03052503
4/13/2021 9:40,1.100308,0.03052503
4/13/2021 9:45,1.092923,0.03052503
4/13/2021 9:50,1.095877,0.03052503
4/13/2021 9:55,1.093662,0.03052503
4/13/2021 10:00,1.089231,0.03052503
4/13/2021 10:05,1.096615,0.03052503
4/13/2021 10:10,1.095877,0.03052503
4/13/2021 10:15,1.095138,0.03052503
4/13/2021 10:20,1.095138,0.03052503
4/13/2021 10:25,1.092185,0.03052503
4/13/2021 10:30,1.095877,0.03052503
4/13/2021 10:35,1.091446,0.03052503
4/13/2021 10:40,1.090708,0.03052503
4/13/2021 10:45,1.095877,0.03052503
4/13/2021 10:50,1.095138,0.03052503
4/13/2021 10:55,1.105477,0.03052503
4/13/2021 11:00,1.103261,0.03052503
4/13/2021 11:05,1.106954,0.03052503
4/13/2021 11:10,1.092185,0.03052503
4/13/2021 11:15,1.095877,0.03052503
4/13/2021 11:20,1.097354,0.03052503
4/13/2021 11:25,1.092923,0.03052503
4/13/2021 11:30,1.095877,0.03052503
4/13/2021 11:35,1.111385,0.03052503
4/13/2021 11:40,1.096615,0.03052503
4/13/2021 11:45,1.107692,0.03052503
4/13/2021 11:50,1.103261,0.03052503
4/13/2021 11:55,1.099569,0.03052503
4/13/2021 12:00,1.087754,0.03052503
4/13/2021 12:05,1.107692,0.03052503
4/13/2021 12:10,1.093662,0.03052503
4/13/2021 12:15,1.100308,0.03052503
4/13/2021 12:20,1.0944,0.03052503
4/13/2021 12:25,1.092185,0.03052503
4/13/2021 12:30,1.095877,0.03052503
4/13/2021 12:35,1.0944,0.03052503
4/13/2021 12:40,1.100308,0.03052503
4/13/2021 12:45,1.098092,0.03052503
4/13/2021 12:50,1.091446,0.03052503
4/13/2021 12:55,1.098092,0.03052503
4/13/2021 13:00,1.0944,0.03052503
4/13/2021 13:05,1.099569,0.03052503
4/13/2021 13:10,1.098092,0.03052503
4/13/2021 13:15,1.095877,0.03052503
4/13/2021 13:20,1.096615,0.03052503
4/13/2021 13:25,1.101785,0.03052503
4/13/2021 13:30,1.105477,0.03052503
4/13/2021 13:35,1.112862,0.03052503
4/13/2021 13:40,1.104,0.03052503
4/13/2021 13:45,1.097354,0.03052503
4/13/2021 13:50,1.095877,0.03052503
4/13/2021 13:55,1.100308,0.03052503
4/13/2021 14:00,1.106954,0.03052503
4/13/2021 14:05,1.114338,0.03052503
4/13/2021 14:10,1.102523,0.03052503
4/13/2021 14:15,1.100308,0.03052503
4/13/2021 14:20,1.0944,0.03052503
4/13/2021 14:25,1.104,0.03052503
4/13/2021 14:30,1.106215,0.03052503
4/13/2021 14:35,1.109908,0.03052503
4/13/2021 14:40,1.095138,0.03052503
4/13/2021 14:45,1.100308,0.03052503
4/13/2021 14:50,1.097354,0.03052503
4/13/2021 14:55,1.0944,0.03052503
4/13/2021 15:00,1.0944,0.03052503
4/13/2021 15:05,1.098831,0.03052503
4/13/2021 15:10,1.0944,0.03174603
4/13/2021 15:15,1.100308,0.03174603
4/13/2021 15:20,1.093662,0.03174603
4/13/2021 15:25,1.0944,0.03174603
4/13/2021 15:30,1.0848,0.03174603
4/13/2021 15:35,1.090708,0.03174603
4/13/2021 15:40,1.092185,0.03174603
4/13/2021 15:45,1.089231,0.03174603
4/13/2021 15:50,1.0848,0.03174603
4/13/2021 15:55,1.089231,0.03174603
4/13/2021 16:00,1.087754,0.03174603
4/13/2021 16:05,1.090708,0.03174603
4/13/2021 16:10,1.146831,0.03174603
4/13/2021 16:15,1.092923,0.03174603
4/13/2021 16:20,1.093662,0.03174603
4/13/2021 16:25,1.078154,0.03174603
4/13/2021 16:30,1.079631,0.03174603
4/13/2021 16:35,1.063385,0.03174603
4/13/2021 16:40,1.109908,0.03174603
4/13/2021 16:45,1.106954,0.03174603
4/13/2021 16:50,1.112123,0.03174603
4/13/2021 16:55,1.110646,0.03174603
4/13/2021 17:00,1.115077,0.03174603
4/13/2021 17:05,1.116554,0.03174603
4/13/2021 17:10,1.1136,0.03174603
4/13/2021 17:15,1.107692,0.03174603
4/13/2021 17:20,1.126892,0.03174603
4/13/2021 17:25,1.105477,0.03174603
4/13/2021 17:30,1.109908,0.03174603
4/13/2021 17:35,1.108431,0.03174603
4/13/2021 17:40,1.1136,0.03174603
4/13/2021 17:45,1.114338,0.03174603
4/13/2021 17:50,1.109169,0.03174603
4/13/2021 17:55,1.116554,0.03174603
4/13/2021 18:00,1.108431,0.03174603
4/13/2021 18:05,1.109169,0.03174603
4/13/2021 18:10,1.112123,0.03174603
4/13/2021 18:15,1.105477,0.03174603
4/13/2021 18:20,1.109908,0.03174603
4/13/2021 18:25,1.109908,0.03174603
4/13/2021 18:30,1.104738,0.03174603
4/13/2021 18:35,1.109908,0.03174603
4/13/2021 18:40,1.106215,0.03174603
4/13/2021 18:45,1.115077,0.03174603
4/13/2021 18:50,1.099569,0.03174603
4/13/2021 18:55,1.111385,0.03174603
4/13/2021 19:00,1.115077,0.03174603
4/13/2021 19:05,1.112123,0.03174603
4/13/2021 19:10,0.2082462,0.03174603
4/13/2021 19:15,0,-1
4/13/2021 19:20,0,-1
4/13/2021 19:25,0,-1
4/13/2021 19:30,0,-1
4/13/2021 19:35,0,-1
4/13/2021 19:40,0,-1
4/13/2021 19:45,0,-1
4/13/2021 19:50,0,-1
4/13/2021 19:55,0,-1
4/13/2021 20:00,0,-1
4/13/2021 20:05,0,-1
4/13/2021 20:10,0,-1
4/13/2021 20:15,0,-1
4/13/2021 20:20,0,-1
4/13/2021 20:25,0,-1
4/13/2021 20:30,0,-1
4/13/2021 20:35,0,-1
4/13/2021 20:40,0,-1
4/13/2021 20:45,0,-1
4/13/2021 20:50,0,-1
4/13/2021 20:55,0,-1
4/13/2021 21:00,0,-1
4/13/2021 21:05,0,-1
4/13/2021 21:10,0,-1
4/13/2021 21:15,0,-1
4/13/2021 21:20,0,-1
4/13/2021 21:25,0,-1
4/13/2021 21:30,0,-1
4/13/2021 21:35,0,-1
4/13/2021 21:40,0,-1
4/13/2021 21:45,0,-1
4/13/2021 21:50,0,-1
4/13/2021 21:55,0,-1
4/13/2021 22:00,0,-1
4/13/2021 22:05,0,-1
4/13/2021 22:10,0,-1
4/13/2021 22:15,0,-1
4/13/2021 22:20,0,-1
4/13/2021 22:25,0,-1
4/13/2021 22:30,0,-1
4/13/2021 22:35,0,-1
4/13/2021 22:40,0,-1
4/13/2021 22:45,0,-1
4/13/2021 22:50,0,-1
4/13/2021 22:55,0,-1
4/13/2021 23:00,0,-1
4/13/2021 23:05,0,-1
4/13/2021 23:10,0,-1
4/13/2021 23:15,0,-1
4/13/2021 23:20,0,-1
4/13/2021 23:25,0,-1
4/13/2021 23:30,0,-1
4/13/2021 23:35,0,-1
4/13/2021 23:40,0,-1
4/13/2021 23:45,0,-1
4/13/2021 23:50,0,-1
4/13/2021 23:55,0,-1
4/14/2021 0:00,0,-1
4/14/2021 0:05,0,-1
4/14/2021 0:10,0,-1
4/14/2021 0:15,0,-1
4/14/2021 0:20,0,-1
4/14/2021 0:25,0,-1
4/14/2021 0:30,0,-1
4/14/2021 0:35,0,-1
4/14/2021 0:40,0,-1
4/14/2021 0:45,0,-1
4/14/2021 0:50,0,-1
4/14/2021 0:55,0,-1
4/14/2021 1:00,0,-1
4/14/2021 1:05,0,-1
4/14/2021 1:10,0,-1
4/14/2021 1:15,0,-1
4/14/2021 1:20,0,-1
4/14/2021 1:25,0,-1
4/14/2021 1:30,0,-1
4/14/2021 1:35,0,-1
4/14/2021 1:40,0,-1
4/14/2021 1:45,0,-1
4/14/2021 1:50,0,-1
4/14/2021 1:55,0,-1
4/14/2021 2:00,0,-1
4/14/2021 2:05,0,-1
4/14/2021 2:10,0,-1
4/14/2021 2:15,0,-1
4/14/2021 2:20,0,-1
4/14/2021 2:25,0,-1
4/14/2021 2:30,0,-1
4/14/2021 2:35,0,-1
4/14/2021 2:40,0,-1
4/14/2021 2:45,0,-1
4/14/2021 2:50,0,-1
4/14/2021 2:55,0,-1
4/14/2021 3:00,0,-1
4/14/2021 3:05,0,-1
4/14/2021 3:10,0,-1
4/14/2021 3:15,0,-1
4/14/2021 3:20,0,-1
4/14/2021 3:25,0,-1
4/14/2021 3:30,0,-1
4/14/2021 3:35,0,-1
4/14/2021 3:40,0,-1
4/14/2021 3:45,0,-1
4/14/2021 3:50,0,-1
4/14/2021 3:55,0,-1
4/14/2021 4:00,0,-1
4/14/2021 4:05,0,-1
4/14/2021 4:10,0,-1
4/14/2021 4:15,0,-1
4/14/2021 4:20,0,-1
4/14/2021 4:25,0,-1
4/14/2021 4:30,0,-1
4/14/2021 4:35,0,-1
4/14/2021 4:40,0,-1
4/14/2021 4:45,0,-1
4/14/2021 4:50,0,-1
4/14/2021 4:55,0,-1
4/14/2021 5:00,0,-1
4/14/2021 5:05,0,-1
4/14/2021 5:10,0,-1
4/14/2021 5:15,0,-1
4/14/2021 5:20,0,-1
4/14/2021 5:25,0,-1
4/14/2021 5:30,0,-1
4/14/2021 5:35,0,-1
4/14/2021 5:40,0,-1
4/14/2021 5:45,0,-1
4/14/2021 5:50,0,-1
4/14/2021 5:55,0,-1
4/14/2021 6:00,0,-1
4/14/2021 6:05,0,-1
4/14/2021 6:10,0,-1
4/14/2021 6:15,0,-1
4/14/2021 6:20,0,-1
4/14/2021 6:25,0,-1
4/14/2021 6:30,0,-1
4/14/2021 6:35,0,-1
4/14/2021 6:40,0,-1
4/14/2021 6:45,0,-1
4/14/2021 6:50,0,-1
4/14/2021 6:55,0,-1
4/14/2021 7:00,0,-1
4/14/2021 7:05,0,-1
4/14/2021 7:10,0,-1
4/14/2021 7:15,0,-1
4/14/2021 7:20,0,-1
4/14/2021 7:25,0,-1
4/14/2021 7:30,0,-1
4/14/2021 7:35,0.9696,0
4/14/2021 7:40,0.9939692,0
4/14/2021 7:45,0.9880615,0.08913309
4/14/2021 7:50,0.9888,0.08913309
4/14/2021 7:55,0.9984,0.05616606
4/14/2021 8:00,0.9932307,0.05128205
4/14/2021 8:05,0.9851077,0.04884005
4/14/2021 8:10,0.9814154,0.04884005
4/14/2021 8:15,0.9947076,0.04884005
4/14/2021 8:20,0.9910154,0.04884005
4/14/2021 8:25,0.9917538,0.04884005
4/14/2021 8:30,1.001354,0.04884005
4/14/2021 8:35,0.9792,0.04884005
4/14/2021 8:40,0.9888,0.04884005
4/14/2021 8:45,0.9821538,0.04884005
4/14/2021 8:50,0.9806769,0.04884005
4/14/2021 8:55,0.987323,0.04884005
4/14/2021 9:00,0.9836308,0.04884005
4/14/2021 9:05,0.9865846,0.04884005
4/14/2021 9:10,0.9888,0.04884005
4/14/2021 9:15,0.9917538,0.04029304
4/14/2021 9:20,0.987323,0.03907204
4/14/2021 9:25,0.9851077,0.03907204
4/14/2021 9:30,1.015385,0.03907204
4/14/2021 9:35,1.019815,0.03785104
4/14/2021 9:40,0.9947076,0.03785104
4/14/2021 9:45,0.9777231,0.03785104
4/14/2021 9:50,0.9806769,0.03785104
4/14/2021 9:55,0.9880615,0.03785104
4/14/2021 10:00,0.9762462,0.03785104
4/14/2021 10:05,1.015385,0.03785104
4/14/2021 10:10,1.012431,0.03663004
4/14/2021 10:15,1.028677,0.03663004
4/14/2021 10:20,1.024246,0.03663004
4/14/2021 10:25,0.9755077,0.03663004
4/14/2021 10:30,0.9821538,0.03540904
4/14/2021 10:35,0.9629538,0.03540904
4/14/2021 10:40,1.0176,0.03540904
4/14/2021 10:45,1.019077,0.03540904
4/14/2021 10:50,1.012431,0.03540904
4/14/2021 10:55,1.0176,0.03540904
4/14/2021 11:00,0.9998769,0.03540904
4/14/2021 11:05,1.000615,0.03540904
4/14/2021 11:10,0.9947076,0.03540904
4/14/2021 11:15,1.008738,0.03540904
4/14/2021 11:20,0.996923,0.03540904
4/14/2021 11:25,0.9917538,0.03540904
4/14/2021 11:30,1.004308,0.03540904
4/14/2021 11:35,0.9984,0.03418804
4/14/2021 11:40,1.000615,0.03418804
4/14/2021 11:45,1.002831,0.03418804
4/14/2021 11:50,1.002831,0.03418804
4/14/2021 11:55,1.009477,0.03418804
4/14/2021 12:00,1.004308,0.03418804
4/14/2021 12:05,1.001354,0.03418804
4/14/2021 12:10,0.9998769,0.03418804
4/14/2021 12:15,1.002831,0.03418804
4/14/2021 12:20,1.002092,0.03418804
4/14/2021 12:25,1.015385,0.03296703
4/14/2021 12:30,1.128369,0.03296703
4/14/2021 12:35,1.121723,0.03296703
4/14/2021 12:40,1.106954,0.03296703
4/14/2021 12:45,1.109908,0.03296703
4/14/2021 12:50,1.105477,0.03296703
4/14/2021 12:55,1.112862,0.03296703
4/14/2021 13:00,1.110646,0.03296703
4/14/2021 13:05,1.093662,0.03296703
4/14/2021 13:10,1.116554,0.03296703
4/14/2021 13:15,1.104,0.03296703
4/14/2021 13:20,1.101046,0.03296703
4/14/2021 13:25,1.104,0.03296703
4/14/2021 13:30,1.106215,0.03296703
4/14/2021 13:35,1.119508,0.03296703
4/14/2021 13:40,1.104,0.03296703
4/14/2021 13:45,1.114338,0.03296703
4/14/2021 13:50,1.1136,0.03296703
4/14/2021 13:55,1.106954,0.03296703
4/14/2021 14:00,1.116554,0.03296703
4/14/2021 14:05,1.106215,0.03296703
4/14/2021 14:10,1.1136,0.03296703
4/14/2021 14:15,1.106215,0.03296703
4/14/2021 14:20,1.1136,0.03296703
4/14/2021 14:25,1.1136,0.03296703
4/14/2021 14:30,1.1136,0.03296703
4/14/2021 14:35,1.118769,0.03296703
4/14/2021 14:40,1.093662,0.03296703
4/14/2021 14:45,1.105477,0.03296703
4/14/2021 14:50,1.108431,0.03296703
4/14/2021 14:55,1.106215,0.03296703
4/14/2021 15:00,1.108431,0.03296703
4/14/2021 15:05,1.109908,0.03296703
4/14/2021 15:10,1.096615,0.03296703
4/14/2021 15:15,1.104,0.03296703
4/14/2021 15:20,1.106954,0.03296703
4/14/2021 15:25,1.101785,0.03296703
4/14/2021 15:30,1.109908,0.03174603
4/14/2021 15:35,1.095877,0.03174603
4/14/2021 15:40,1.109908,0.03174603
4/14/2021 15:45,1.109908,0.03174603
4/14/2021 15:50,1.099569,0.03174603
4/14/2021 15:55,1.101046,0.03174603
4/14/2021 16:00,1.106954,0.03174603
4/14/2021 16:05,1.098092,0.03174603
4/14/2021 16:10,1.106954,0.03174603
4/14/2021 16:15,1.097354,0.03174603
4/14/2021 16:20,1.106954,0.03174603
4/14/2021 16:25,1.114338,0.03174603
4/14/2021 16:30,1.103261,0.03174603
4/14/2021 16:35,1.098831,0.03174603
4/14/2021 16:40,1.101046,0.03174603
4/14/2021 16:45,1.104,0.03174603
4/14/2021 16:50,1.102523,0.03174603
4/14/2021 16:55,1.102523,0.03174603
4/14/2021 17:00,1.093662,0.03174603
4/14/2021 17:05,1.099569,0.03174603
4/14/2021 17:10,1.112862,0.03174603
4/14/2021 17:15,1.103261,0.03174603
4/14/2021 17:20,1.105477,0.03174603
4/14/2021 17:25,1.105477,0.03174603
4/14/2021 17:30,1.103261,0.03052503
4/14/2021 17:35,1.109908,0.03052503
4/14/2021 17:40,1.105477,0.03052503
4/14/2021 17:45,1.103261,0.03052503
4/14/2021 17:50,1.110646,0.03052503
4/14/2021 17:55,1.109908,0.03052503
4/14/2021 18:00,1.114338,0.03052503
4/14/2021 18:05,1.102523,0.03052503
4/14/2021 18:10,1.119508,0.03052503
4/14/2021 18:15,1.105477,0.03052503
4/14/2021 18:20,1.104,0.03052503
4/14/2021 18:25,1.104738,0.03052503
4/14/2021 18:30,1.101785,0.03052503
4/14/2021 18:35,1.105477,0.03052503
4/14/2021 18:40,1.105477,0.03052503
4/14/2021 18:45,1.105477,0.03052503
4/14/2021 18:50,1.106954,0.03052503
4/14/2021 18:55,1.104,0.03052503
4/14/2021 19:00,1.095877,0.03052503
4/14/2021 19:05,1.100308,0.03052503
4/14/2021 19:10,1.095877,0.03052503
4/14/2021 19:15,1.111385,0.03052503
4/14/2021 19:20,1.117292,0.03052503
4/14/2021 19:25,1.101785,0.03052503
4/14/2021 19:30,1.096615,0.03052503
4/14/2021 19:35,1.103261,0.03052503
4/14/2021 19:40,1.101785,0.03052503
4/14/2021 19:45,1.104,0.03052503
4/14/2021 19:50,1.095138,0.03052503
4/14/2021 19:55,1.092185,0.03052503
4/14/2021 20:00,1.095877,0.03052503
4/14/2021 20:05,1.101046,0.03052503
4/14/2021 20:10,1.097354,0.03052503
4/14/2021 20:15,1.092185,0.03052503
4/14/2021 20:20,1.096615,0.03052503
4/14/2021 20:25,1.090708,0.03052503
4/14/2021 20:30,1.093662,0.03052503
4/14/2021 20:35,1.093662,0.03052503
4/14/2021 20:40,1.0944,0.03052503
4/14/2021 20:45,1.089231,0.03052503
4/14/2021 20:50,1.097354,0.03052503
4/14/2021 20:55,1.095138,0.03052503
4/14/2021 21:00,1.087754,0.03052503
4/14/2021 21:05,1.086277,0.03052503
4/14/2021 21:10,1.084062,0.03052503
4/14/2021 21:15,1.072985,0.03052503
4/14/2021 21:20,1.081846,0.03052503
4/14/2021 21:25,1.080369,0.03052503
4/14/2021 21:30,1.100308,0.03052503
4/14/2021 21:35,1.081846,0.03052503
4/14/2021 21:40,1.135015,0.03052503
4/14/2021 21:45,1.116554,0.03052503
4/14/2021 21:50,1.106954,0.03052503
4/14/2021 21:55,1.109908,0.03052503
4/14/2021 22:00,1.115077,0.03052503
4/14/2021 22:05,1.108431,0.03052503
4/14/2021 22:10,1.105477,0.03052503
4/14/2021 22:15,1.104,0.03052503
4/14/2021 22:20,1.1136,0.03052503
4/14/2021 22:25,1.1136,0.03052503
4/14/2021 22:30,1.109908,0.03052503
4/14/2021 22:35,1.109908,0.03052503
4/14/2021 22:40,1.106954,0.03052503
4/14/2021 22:45,1.112862,0.03052503
4/14/2021 22:50,1.107692,0.03052503
4/14/2021 22:55,1.104,0.03052503
4/14/2021 23:00,1.122462,0.03052503
4/14/2021 23:05,1.101785,0.03052503
4/14/2021 23:10,1.105477,0.03052503
4/14/2021 23:15,1.102523,0.03052503
4/14/2021 23:20,1.105477,0.03052503
4/14/2021 23:25,1.101046,0.03052503
4/14/2021 23:30,1.090708,0.03052503
4/14/2021 23:35,1.101046,0.03052503
4/14/2021 23:40,1.095877,0.03052503
4/14/2021 23:45,1.103261,0.03052503
4/14/2021 23:50,1.097354,0.03052503
4/14/2021 23:55,1.096615,0.03052503
4/15/2021 0:00,1.082585,0.03052503
4/15/2021 0:05,1.084062,0.03052503
4/15/2021 0:10,1.099569,0.03052503
4/15/2021 0:15,1.099569,0.03052503
4/15/2021 0:20,1.096615,0.03052503
4/15/2021 0:25,1.092185,0.03052503
4/15/2021 0:30,1.092923,0.03052503
4/15/2021 0:35,1.0944,0.03052503
4/15/2021 0:40,1.095877,0.03052503
4/15/2021 0:45,1.0944,0.03052503
4/15/2021 0:50,1.0944,0.03052503
4/15/2021 0:55,1.088492,0.03052503
4/15/2021 1:00,1.092923,0.03052503
4/15/2021 1:05,1.095877,0.03052503
4/15/2021 1:10,1.090708,0.03052503
4/15/2021 1:15,1.097354,0.03052503
4/15/2021 1:20,1.095138,0.03052503
4/15/2021 1:25,1.0944,0.03052503
4/15/2021 1:30,1.091446,0.03052503
4/15/2021 1:35,1.103261,0.03052503
4/15/2021 1:40,1.100308,0.03052503
4/15/2021 1:45,1.092185,0.03052503
4/15/2021 1:50,1.100308,0.03052503
4/15/2021 1:55,1.106954,0.03052503
4/15/2021 2:00,1.098092,0.03052503
4/15/2021 2:05,1.0944,0.03052503
4/15/2021 2:10,1.101046,0.03052503
4/15/2021 2:15,1.092185,0.03052503
4/15/2021 2:20,1.098831,0.03052503
4/15/2021 2:25,1.103261,0.03052503
4/15/2021 2:30,1.101046,0.03052503
4/15/2021 2:35,1.092185,0.03052503
4/15/2021 2:40,1.098092,0.03052503
4/15/2021 2:45,1.104,0.03052503
4/15/2021 2:50,1.101785,0.03052503
4/15/2021 2:55,1.097354,0.03052503
4/15/2021 3:00,1.097354,0.03052503
4/15/2021 3:05,1.106954,0.03052503
4/15/2021 3:10,1.109169,0.03052503
4/15/2021 3:15,1.100308,0.03052503
4/15/2021 3:20,1.105477,0.03052503
4/15/2021 3:25,1.0944,0.03052503
4/15/2021 3:30,1.103261,0.03052503
4/15/2021 3:35,1.103261,0.03052503
4/15/2021 3:40,1.101785,0.03052503
4/15/2021 3:45,1.106954,0.03052503
4/15/2021 3:50,1.087754,0.03052503
4/15/2021 3:55,1.095138,0.03052503
4/15/2021 4:00,1.0944,0.03052503
4/15/2021 4:05,1.098092,0.03052503
4/15/2021 4:10,1.101785,0.03052503
4/15/2021 4:15,1.097354,0.03052503
4/15/2021 4:20,1.090708,0.03052503
4/15/2021 4:25,1.103261,0.03052503
4/15/2021 4:30,1.101785,0.03052503
4/15/2021 4:35,1.104,0.03052503
4/15/2021 4:40,1.092185,0.03052503
4/15/2021 4:45,1.097354,0.03052503
4/15/2021 4:50,1.099569,0.03052503
4/15/2021 4:55,1.103261,0.03052503
4/15/2021 5:00,1.089231,0.03052503
4/15/2021 5:05,1.097354,0.03052503
4/15/2021 5:10,1.0944,0.03052503
4/15/2021 5:15,1.101785,0.03052503
4/15/2021 5:20,1.097354,0.03052503
4/15/2021 5:25,1.099569,0.03052503
4/15/2021 5:30,1.104,0.03174603
4/15/2021 5:35,1.108431,0.03174603
4/15/2021 5:40,1.104738,0.03174603
4/15/2021 5:45,1.098092,0.03174603
4/15/2021 5:50,1.101785,0.03174603
4/15/2021 5:55,1.100308,0.03174603
4/15/2021 6:00,1.106215,0.03174603
4/15/2021 6:05,1.108431,0.03174603
4/15/2021 6:10,1.093662,0.03174603
4/15/2021 6:15,1.108431,0.03174603
4/15/2021 6:20,1.116554,0.03174603
4/15/2021 6:25,1.101785,0.03174603
4/15/2021 6:30,1.100308,0.03174603
4/15/2021 6:35,1.109908,0.03174603
4/15/2021 6:40,1.106954,0.03174603
4/15/2021 6:45,1.097354,0.03174603
4/15/2021 6:50,1.100308,0.03174603
4/15/2021 6:55,1.106954,0.03174603
4/15/2021 7:00,1.107692,0.03296703
4/15/2021 7:05,1.087754,0.03296703
4/15/2021 7:10,1.092923,0.03296703
4/15/2021 7:15,1.107692,0.03296703
4/15/2021 7:20,1.101046,0.03296703
4/15/2021 7:25,1.103261,0.03296703
4/15/2021 7:30,1.105477,0.03296703
4/15/2021 7:35,1.103261,0.03296703
4/15/2021 7:40,1.103261,0.03296703
4/15/2021 7:45,1.106215,0.03296703
4/15/2021 7:50,1.098092,0.03296703
4/15/2021 7:55,1.0944,0.03296703
4/15/2021 8:00,1.098831,0.03296703
4/15/2021 8:05,1.097354,0.03296703
4/15/2021 8:10,1.104,0.03296703
4/15/2021 8:15,1.095138,0.03296703
4/15/2021 8:20,1.097354,0.03296703
4/15/2021 8:25,1.092923,0.03296703
4/15/2021 8:30,1.088492,0.03296703
4/15/2021 8:35,1.0944,0.03296703
4/15/2021 8:40,1.101046,0.03296703
4/15/2021 8:45,1.101785,0.03296703
4/15/2021 8:50,1.089969,0.03296703
4/15/2021 8:55,1.0944,0.03296703
4/15/2021 9:00,1.102523,0.03296703
4/15/2021 9:05,1.108431,0.03296703
4/15/2021 9:10,1.089231,0.03296703
4/15/2021 9:15,1.098092,0.03296703
4/15/2021 9:20,1.0944,0.03296703
4/15/2021 9:25,1.105477,0.03296703
4/15/2021 9:30,1.096615,0.03296703
4/15/2021 9:35,1.105477,0.03296703
4/15/2021 9:40,1.237662,0.03296703
4/15/2021 9:45,1.205908,0.03296703
4/15/2021 9:50,1.208123,0.03296703
4/15/2021 9:55,1.212554,0.03296703
4/15/2021 10:00,1.207385,0.03296703
4/15/2021 10:05,1.205908,0.03296703
4/15/2021 10:10,1.206646,0.03296703
4/15/2021 10:15,1.200738,0.03296703
4/15/2021 10:20,1.207385,0.03296703
4/15/2021 10:25,1.196308,0.03296703
4/15/2021 10:30,1.211077,0.03296703
4/15/2021 10:35,1.208123,0.03296703
4/15/2021 10:40,1.212554,0.03296703
4/15/2021 10:45,1.207385,0.03296703
4/15/2021 10:50,1.205908,0.03296703
4/15/2021 10:55,1.216985,0.03296703
4/15/2021 11:00,1.213292,0.03296703
4/15/2021 11:05,1.202954,0.03296703
4/15/2021 11:10,1.213292,0.03296703
4/15/2021 11:15,1.206646,0.03296703
4/15/2021 11:20,1.208862,0.03296703
4/15/2021 11:25,1.205908,0.03296703
4/15/2021 11:30,1.204431,0.03296703
4/15/2021 11:35,1.204431,0.03296703
4/15/2021 11:40,1.213292,0.03296703
4/15/2021 11:45,1.205169,0.03296703
4/15/2021 11:50,1.208123,0.03296703
4/15/2021 11:55,1.196308,0.03296703
4/15/2021 12:00,1.210338,0.03296703
4/15/2021 12:05,1.200738,0.03296703
4/15/2021 12:10,1.191138,0.03296703
4/15/2021 12:15,1.204431,0.03296703
4/15/2021 12:20,1.198523,0.03296703
4/15/2021 12:25,1.200738,0.03296703
4/15/2021 12:30,1.200738,0.03296703
4/15/2021 12:35,1.202954,0.03296703
4/15/2021 12:40,1.207385,0.03296703
4/15/2021 12:45,1.197046,0.03296703
4/15/2021 12:50,1.211815,0.03296703
4/15/2021 12:55,1.205169,0.03296703
4/15/2021 13:00,1.201477,0.03296703
4/15/2021 13:05,1.202954,0.03296703
4/15/2021 13:10,1.203692,0.03296703
4/15/2021 13:15,1.202215,0.03296703
4/15/2021 13:20,1.202954,0.03296703
4/15/2021 13:25,1.197785,0.03296703
4/15/2021 13:30,1.205169,0.03296703
4/15/2021 13:35,1.203692,0.03296703
4/15/2021 13:40,1.204431,0.03296703
4/15/2021 13:45,1.194831,0.03296703
4/15/2021 13:50,1.202215,0.03296703
4/15/2021 13:55,1.204431,0.03296703
4/15/2021 14:00,1.198523,0.03296703
4/15/2021 14:05,1.210338,0.03296703
4/15/2021 14:10,1.199262,0.03296703
4/15/2021 14:15,1.208862,0.03296703
4/15/2021 14:20,1.207385,0.03296703
4/15/2021 14:25,1.200738,0.03296703
4/15/2021 14:30,1.211077,0.03296703
4/15/2021 14:35,1.2096,0.03296703
4/15/2021 14:40,1.205169,0.03296703
4/15/2021 14:45,1.214031,0.03296703
4/15/2021 14:50,1.197785,0.03296703
4/15/2021 14:55,1.205908,0.03296703
4/15/2021 15:00,1.211815,0.03296703
4/15/2021 15:05,1.214031,0.03296703
4/15/2021 15:10,1.207385,0.03296703
4/15/2021 15:15,1.2096,0.03296703
4/15/2021 15:20,1.207385,0.03296703
4/15/2021 15:25,1.211815,0.03296703
4/15/2021 15:30,1.208862,0.03296703
4/15/2021 15:35,1.2,0.03296703
4/15/2021 15:40,1.214031,0.03296703
4/15/2021 15:45,1.210338,0.03296703
4/15/2021 15:50,1.201477,0.03296703
4/15/2021 15:55,1.211815,0.03296703
4/15/2021 16:00,1.207385,0.03296703
4/15/2021 16:05,1.208862,0.03296703
4/15/2021 16:10,1.222154,0.03296703
4/15/2021 16:15,1.207385,0.03296703
4/15/2021 16:20,1.2,0.03296703
4/15/2021 16:25,1.205908,0.03296703
4/15/2021 16:30,1.2096,0.03296703
4/15/2021 16:35,1.202954,0.03296703
4/15/2021 16:40,1.201477,0.03296703
4/15/2021 16:45,1.207385,0.03296703
4/15/2021 16:50,1.208123,0.03296703
4/15/2021 16:55,1.196308,0.03296703
4/15/2021 17:00,1.204431,0.03296703
4/15/2021 17:05,1.2,0.03296703
4/15/2021 17:10,1.200738,0.03296703
4/15/2021 17:15,1.205169,0.03296703
4/15/2021 17:20,1.200738,0.03296703
4/15/2021 17:25,1.218462,0.03296703
4/15/2021 17:30,1.210338,0.03296703
4/15/2021 17:35,1.212554,0.03296703
4/15/2021 17:40,1.207385,0.03296703
4/15/2021 17:45,1.208123,0.03296703
4/15/2021 17:50,1.200738,0.03296703
4/15/2021 17:55,1.210338,0.03296703
4/15/2021 18:00,1.202954,0.03296703
4/15/2021 18:05,1.202954,0.03296703
4/15/2021 18:10,1.2,0.03296703
4/15/2021 18:15,1.208862,0.03296703
4/15/2021 18:20,1.2096,0.03296703
4/15/2021 18:25,1.205169,0.03296703
4/15/2021 18:30,1.207385,0.03296703
4/15/2021 18:35,1.202954,0.03296703
4/15/2021 18:40,1.211815,0.03296703
4/15/2021 18:45,1.202954,0.03296703
4/15/2021 18:50,1.208862,0.03296703
4/15/2021 18:55,1.211077,0.03296703
4/15/2021 19:00,1.208862,0.03296703
4/15/2021 19:05,1.218462,0.03296703
4/15/2021 19:10,1.215508,0.03296703
4/15/2021 19:15,1.212554,0.03296703
4/15/2021 19:20,1.207385,0.03296703
4/15/2021 19:25,1.216985,0.03296703
4/15/2021 19:30,1.210338,0.03296703
4/15/2021 19:35,1.210338,0.03296703
4/15/2021 19:40,1.228062,0.03296703
4/15/2021 19:45,1.231754,0.03296703
4/15/2021 19:50,1.250215,0.03296703
4/15/2021 19:55,1.220677,0.03296703
4/15/2021 20:00,1.217723,0.03296703
4/15/2021 20:05,1.221415,0.03296703
4/15/2021 20:10,1.2288,0.03296703
4/15/2021 20:15,1.227323,0.03296703
4/15/2021 20:20,1.210338,0.03296703
4/15/2021 20:25,1.221415,0.03296703
4/15/2021 20:30,1.212554,0.03296703
4/15/2021 20:35,1.211077,0.03296703
4/15/2021 20:40,1.211815,0.03174603
4/15/2021 20:45,1.217723,0.03296703
4/15/2021 20:50,1.214769,0.03174603
4/15/2021 20:55,1.205908,0.03174603
4/15/2021 21:00,1.219938,0.03174603
4/15/2021 21:05,1.212554,0.03174603
4/15/2021 21:10,1.216246,0.03174603
4/15/2021 21:15,1.211077,0.03174603
4/15/2021 21:20,1.214031,0.03174603
4/15/2021 21:25,1.221415,0.03174603
4/15/2021 21:30,1.2192,0.03174603
4/15/2021 21:35,1.213292,0.03174603
4/15/2021 21:40,1.200738,0.03174603
4/15/2021 21:45,1.216985,0.03174603
4/15/2021 21:50,1.216985,0.03174603
4/15/2021 21:55,1.210338,0.03174603
4/15/2021 22:00,1.204431,0.03174603
4/15/2021 22:05,1.211077,0.03174603
4/15/2021 22:10,1.218462,0.03174603
4/15/2021 22:15,1.210338,0.03174603
4/15/2021 22:20,1.210338,0.03174603
4/15/2021 22:25,1.204431,0.03174603
4/15/2021 22:30,1.211077,0.03174603
4/15/2021 22:35,1.212554,0.03174603
4/15/2021 22:40,1.210338,0.03174603
4/15/2021 22:45,1.207385,0.03174603
4/15/2021 22:50,1.204431,0.03174603
4/15/2021 22:55,1.206646,0.03174603
4/15/2021 23:00,1.216985,0.03174603
4/15/2021 23:05,1.2096,0.03174603
4/15/2021 23:10,1.202954,0.03174603
4/15/2021 23:15,1.205169,0.03174603
4/15/2021 23:20,1.205908,0.03174603
4/15/2021 23:25,1.204431,0.03174603
4/15/2021 23:30,1.205908,0.03174603
4/15/2021 23:35,1.198523,0.03174603
4/15/2021 23:40,1.206646,0.03174603
4/15/2021 23:45,1.200738,0.03174603
4/15/2021 23:50,1.208862,0.03174603
4/15/2021 23:55,1.191138,0.03174603
4/16/2021 0:00,1.212554,0.03052503
4/16/2021 0:05,1.196308,0.03052503
4/16/2021 0:10,1.205908,0.03052503
4/16/2021 0:15,1.208862,0.03052503
4/16/2021 0:20,1.202954,0.03052503
4/16/2021 0:25,1.205908,0.03052503
4/16/2021 0:30,1.200738,0.03052503
4/16/2021 0:35,1.197785,0.03052503
4/16/2021 0:40,1.199262,0.03052503
4/16/2021 0:45,1.192615,0.03052503
4/16/2021 0:50,1.202215,0.03052503
4/16/2021 0:55,1.197046,0.03052503
4/16/2021 1:00,1.198523,0.03052503
4/16/2021 1:05,1.202215,0.03052503
4/16/2021 1:10,1.204431,0.03052503
4/16/2021 1:15,1.205169,0.03052503
4/16/2021 1:20,1.2,0.03052503
4/16/2021 1:25,1.199262,0.03052503
4/16/2021 1:30,1.2,0.03052503
4/16/2021 1:35,1.205908,0.03052503
4/16/2021 1:40,1.199262,0.03052503
4/16/2021 1:45,1.191138,0.03052503
4/16/2021 1:50,1.194092,0.03052503
4/16/2021 1:55,1.186708,0.03052503
4/16/2021 2:00,1.191877,0.03052503
4/16/2021 2:05,1.196308,0.03052503
4/16/2021 2:10,1.193354,0.03052503
4/16/2021 2:15,1.191138,0.03052503
4/16/2021 2:20,1.191138,0.03052503
4/16/2021 2:25,1.1904,0.03052503
4/16/2021 2:30,1.194831,0.03052503
4/16/2021 2:35,1.194092,0.03052503
4/16/2021 2:40,1.192615,0.03052503
4/16/2021 2:45,1.194831,0.03052503
4/16/2021 2:50,1.194831,0.03052503
4/16/2021 2:55,1.191138,0.03052503
4/16/2021 3:00,1.192615,0.03052503
4/16/2021 3:05,1.188184,0.03052503
4/16/2021 3:10,1.196308,0.03052503
4/16/2021 3:15,1.194831,0.03052503
4/16/2021 3:20,1.191877,0.03052503
4/16/2021 3:25,1.199262,0.03052503
4/16/2021 3:30,1.195569,0.03052503
4/16/2021 3:35,1.191138,0.03052503
4/16/2021 3:40,1.200738,0.03052503
4/16/2021 3:45,1.195569,0.03052503
4/16/2021 3:50,1.188184,0.03052503
4/16/2021 3:55,1.182277,0.03052503
4/16/2021 4:00,1.194831,0.03052503
4/16/2021 4:05,1.193354,0.03052503
4/16/2021 4:10,1.189662,0.03052503
4/16/2021 4:15,1.188923,0.03052503
4/16/2021 4:20,1.1904,0.03052503
4/16/2021 4:25,1.204431,0.03052503
4/16/2021 4:30,1.191138,0.03052503
4/16/2021 4:35,1.191138,0.03052503
4/16/2021 4:40,1.191138,0.03052503
4/16/2021 4:45,1.191877,0.03052503
4/16/2021 4:50,1.185969,0.03052503
4/16/2021 4:55,1.182277,0.03052503
4/16/2021 5:00,1.183754,0.03052503
4/16/2021 5:05,1.185231,0.03052503
4/16/2021 5:10,1.1808,0.03052503
4/16/2021 5:15,1.175631,0.03052503
4/16/2021 5:20,1.166769,0.03052503
4/16/2021 5:25,1.234708,0.03052503
4/16/2021 5:30,1.2288,0.03052503
4/16/2021 5:35,1.2288,0.03052503
4/16/2021 5:40,1.222892,0.03052503
4/16/2021 5:45,1.215508,0.03052503
4/16/2021 5:50,1.214769,0.03052503
4/16/2021 5:55,1.197046,0.03052503
4/16/2021 6:00,1.118031,0.03052503
4/16/2021 6:05,1.003569,0.03052503
4/16/2021 6:10,1.004308,0.03052503
4/16/2021 6:15,0.9976615,0.03296703
4/16/2021 6:20,0.9991384,0.03540904
4/16/2021 6:25,0.9932307,0.03663004
4/16/2021 6:30,0.9954461,0.03663004
4/16/2021 6:35,0.9976615,0.03663004
4/16/2021 6:40,0.9917538,0.03540904
4/16/2021 6:45,0.9902769,0.03540904
4/16/2021 6:50,0.9961846,0.03540904
4/16/2021 6:55,0.9836308,0.03540904
4/16/2021 7:00,0.9806769,0.03418804
4/16/2021 7:05,0.9888,0.03418804
4/16/2021 7:10,0.9917538,0.03296703
4/16/2021 7:15,0.9821538,0.03296703
4/16/2021 7:20,0.9799384,0.03296703
4/16/2021 7:25,0.9888,0.03296703
4/16/2021 7:30,0.9762462,0.03296703
4/16/2021 7:35,0.987323,0.03296703
4/16/2021 7:40,0.9888,0.03296703
4/16/2021 7:45,1.273846,0.03296703
4/16/2021 7:50,1.290831,0.03296703
4/16/2021 7:55,1.311508,0.03052503
4/16/2021 8:00,1.327015,0.03052503
4/16/2021 8:05,1.306338,0.02930403
4/16/2021 8:10,1.298215,0.02930403
4/16/2021 8:15,1.307077,0.02930403
4/16/2021 8:20,1.300431,0.02930403
4/16/2021 8:25,1.297477,0.02930403
4/16/2021 8:30,1.296739,0.02930403
4/16/2021 8:35,1.298954,0.02930403
4/16/2021 8:40,1.296739,0.02930403
4/16/2021 8:45,1.307815,0.02930403
4/16/2021 8:50,1.312985,0.02930403
4/16/2021 8:55,1.306338,0.02930403
4/16/2021 9:00,1.3056,0.02930403
4/16/2021 9:05,1.316677,0.02930403
4/16/2021 9:10,1.3152,0.02930403
4/16/2021 9:15,1.307815,0.02930403
4/16/2021 9:20,1.298954,0.02930403
4/16/2021 9:25,1.306338,0.02930403
4/16/2021 9:30,1.308554,0.02930403
4/16/2021 9:35,1.307815,0.02930403
4/16/2021 9:40,1.312985,0.02930403
4/16/2021 9:45,1.313723,0.02930403
4/16/2021 9:50,1.312246,0.02930403
4/16/2021 9:55,1.318892,0.02930403
4/16/2021 10:00,1.312246,0.02930403
4/16/2021 10:05,1.3152,0.02930403
4/16/2021 10:10,1.293785,0.02930403
4/16/2021 10:15,1.296,0.02930403
4/16/2021 10:20,1.300431,0.02930403
4/16/2021 10:25,1.299692,0.02930403
4/16/2021 10:30,1.304861,0.02930403
4/16/2021 10:35,1.299692,0.02930403
4/16/2021 10:40,1.301169,0.02930403
4/16/2021 10:45,1.300431,0.02930403
4/16/2021 10:50,1.304861,0.02930403
4/16/2021 10:55,1.301169,0.02930403
4/16/2021 11:00,1.304861,0.02930403
4/16/2021 11:05,1.296739,0.02930403
4/16/2021 11:10,1.311508,0.02930403
4/16/2021 11:15,1.301908,0.02930403
4/16/2021 11:20,1.310031,0.02930403
4/16/2021 11:25,1.310769,0.02930403
4/16/2021 11:30,1.245046,0.02930403
4/16/2021 11:35,1.316677,0.02930403
4/16/2021 11:40,1.315938,0.02930403
4/16/2021 11:45,1.287877,0.02930403
4/16/2021 11:50,1.304861,0.02930403
4/16/2021 11:55,1.299692,0.02930403
4/16/2021 12:00,1.302646,0.02930403
4/16/2021 12:05,1.298215,0.02930403
4/16/2021 12:10,1.298954,0.02930403
4/16/2021 12:15,1.307077,0.02930403
4/16/2021 12:20,1.308554,0.02930403
4/16/2021 12:25,1.310031,0.02930403
4/16/2021 12:30,1.309292,0.02930403
4/16/2021 12:35,1.309292,0.02930403
4/16/2021 12:40,1.319631,0.02930403
4/16/2021 12:45,1.315938,0.02930403
4/16/2021 12:50,1.3152,0.02930403
4/16/2021 12:55,1.321108,0.02930403
4/16/2021 13:00,1.317415,0.02930403
4/16/2021 13:05,1.307077,0.02930403
4/16/2021 13:10,1.311508,0.02930403
4/16/2021 13:15,1.322585,0.02930403
4/16/2021 13:20,1.307077,0.02930403
4/16/2021 13:25,1.318892,0.02930403
4/16/2021 13:30,1.310031,0.02930403
4/16/2021 13:35,1.309292,0.02930403
4/16/2021 13:40,1.310031,0.02930403
4/16/2021 13:45,1.308554,0.02930403
4/16/2021 13:50,1.312246,0.02930403
4/16/2021 13:55,1.308554,0.02930403
4/16/2021 14:00,1.306338,0.02930403
4/16/2021 14:05,1.304123,0.02930403
4/16/2021 14:10,1.3056,0.02930403
4/16/2021 14:15,1.298954,0.02930403
4/16/2021 14:20,1.303385,0.02930403
4/16/2021 14:25,1.306338,0.02930403
4/16/2021 14:30,1.312985,0.02930403
4/16/2021 14:35,1.314461,0.02930403
4/16/2021 14:40,1.300431,0.02930403
4/16/2021 14:45,1.304123,0.02930403
4/16/2021 14:50,1.298954,0.02930403
4/16/2021 14:55,1.3056,0.02930403
4/16/2021 15:00,1.304861,0.02930403
4/16/2021 15:05,1.309292,0.02930403
4/16/2021 15:10,1.317415,0.02930403
4/16/2021 15:15,1.303385,0.02930403
4/16/2021 15:20,1.303385,0.02930403
4/16/2021 15:25,1.307077,0.02930403
4/16/2021 15:30,1.307815,0.02930403
4/16/2021 15:35,1.300431,0.02930403
4/16/2021 15:40,1.300431,0.02930403
4/16/2021 15:45,1.307815,0.02930403
4/16/2021 15:50,1.300431,0.02930403
4/16/2021 15:55,1.301908,0.02930403
4/16/2021 16:00,1.3056,0.02930403
4/16/2021 16:05,1.307815,0.02930403
4/16/2021 16:10,1.299692,0.02930403
4/16/2021 16:15,1.297477,0.02930403
4/16/2021 16:20,1.292308,0.02930403
4/16/2021 16:25,1.298215,0.02930403
4/16/2021 16:30,1.300431,0.02930403
4/16/2021 16:35,1.301908,0.02930403
4/16/2021 16:40,1.301908,0.02930403
4/16/2021 16:45,1.301169,0.02930403
4/16/2021 16:50,1.304861,0.02930403
4/16/2021 16:55,1.290831,0.02930403
4/16/2021 17:00,1.289354,0.02930403
4/16/2021 17:05,1.301169,0.02930403
4/16/2021 17:10,1.290831,0.02930403
4/16/2021 17:15,1.293785,0.02930403
4/16/2021 17:20,1.289354,0.02930403
4/16/2021 17:25,1.298954,0.02930403
4/16/2021 17:30,1.298954,0.02930403
4/16/2021 17:35,1.288615,0.02930403
4/16/2021 17:40,1.290831,0.02930403
4/16/2021 17:45,1.284185,0.02930403
4/16/2021 17:50,1.288615,0.02930403
4/16/2021 17:55,1.292308,0.02930403
4/16/2021 18:00,1.283446,0.02930403
4/16/2021 18:05,1.284923,0.02930403
4/16/2021 18:10,1.264246,0.02930403
4/16/2021 18:15,1.319631,0.02930403
4/16/2021 18:20,1.318154,0.02930403
4/16/2021 18:25,1.315938,0.02930403
4/16/2021 18:30,1.311508,0.02930403
4/16/2021 18:35,1.308554,0.02930403
4/16/2021 18:40,1.321108,0.02930403
4/16/2021 18:45,1.318892,0.02930403
4/16/2021 18:50,1.312985,0.02930403
4/16/2021 18:55,1.310769,0.02930403
4/16/2021 19:00,1.298215,0.02930403
4/16/2021 19:05,1.311508,0.02930403
4/16/2021 19:10,1.308554,0.02930403
4/16/2021 19:15,1.307815,0.02930403
4/16/2021 19:20,1.307815,0.02930403
4/16/2021 19:25,1.309292,0.02930403
4/16/2021 19:30,1.304861,0.02930403
4/16/2021 19:35,1.307815,0.02930403
4/16/2021 19:40,1.296,0.02930403
4/16/2021 19:45,1.300431,0.02930403
4/16/2021 19:50,1.295262,0.02930403
4/16/2021 19:55,1.306338,0.02930403
4/16/2021 20:00,1.298215,0.02930403
4/16/2021 20:05,1.296,0.02930403
4/16/2021 20:10,1.295262,0.02930403
4/16/2021 20:15,1.299692,0.02930403
4/16/2021 20:20,1.294523,0.02930403
4/16/2021 20:25,1.298215,0.02930403
4/16/2021 20:30,1.298954,0.02808303
4/16/2021 20:35,1.302646,0.02808303
4/16/2021 20:40,1.288615,0.02808303
4/16/2021 20:45,1.293785,0.02808303
4/16/2021 20:50,1.289354,0.02808303
4/16/2021 20:55,1.287138,0.02808303
4/16/2021 21:00,1.285661,0.02808303
4/16/2021 21:05,1.256861,0.02808303
4/16/2021 21:10,1.321108,0.02808303
4/16/2021 21:15,1.293785,0.02808303
4/16/2021 21:20,1.288615,0.02808303
4/16/2021 21:25,1.295262,0.02808303
4/16/2021 21:30,1.297477,0.02808303
4/16/2021 21:35,1.291569,0.02808303
4/16/2021 21:40,1.297477,0.02808303
4/16/2021 21:45,1.293046,0.02808303
4/16/2021 21:50,1.296739,0.02808303
4/16/2021 21:55,1.291569,0.02808303
4/16/2021 22:00,1.285661,0.02808303
4/16/2021 22:05,1.295262,0.02808303
4/16/2021 22:10,1.294523,0.02808303
4/16/2021 22:15,1.278277,0.02808303
4/16/2021 22:20,1.301908,0.02808303
4/16/2021 22:25,1.287138,0.02808303
4/16/2021 22:30,1.290092,0.02808303
4/16/2021 22:35,1.295262,0.02808303
4/16/2021 22:40,1.288615,0.02808303
4/16/2021 22:45,1.284923,0.02808303
4/16/2021 22:50,1.287877,0.02808303
4/16/2021 22:55,1.287877,0.02808303
4/16/2021 23:00,1.288615,0.02808303
4/16/2021 23:05,1.283446,0.02808303
4/16/2021 23:10,1.282708,0.02808303
4/16/2021 23:15,1.281231,0.02808303
4/16/2021 23:20,1.273108,0.02808303
4/16/2021 23:25,1.285661,0.02808303
4/16/2021 23:30,1.277538,0.02808303
4/16/2021 23:35,1.284185,0.02808303
4/16/2021 23:40,1.277538,0.02808303
4/16/2021 23:45,1.259077,0.02808303
4/16/2021 23:50,1.329231,0.02808303
4/16/2021 23:55,1.314461,0.02808303
4/17/2021 0:00,1.309292,0.02808303
4/17/2021 0:05,1.310031,0.02808303
4/17/2021 0:10,1.315938,0.02808303
4/17/2021 0:15,1.303385,0.02808303
4/17/2021 0:20,1.304861,0.02808303
4/17/2021 0:25,1.312985,0.02808303
4/17/2021 0:30,1.303385,0.02808303
4/17/2021 0:35,1.304123,0.02808303
4/17/2021 0:40,1.298215,0.02808303
4/17/2021 0:45,1.308554,0.02808303
4/17/2021 0:50,1.223631,0.02808303
4/17/2021 0:55,1.182277,0.02808303
4/17/2021 1:00,1.181538,0.02808303
4/17/2021 1:05,1.202954,0.02808303
4/17/2021 1:10,1.205169,0.02808303
4/17/2021 1:15,1.204431,0.02808303
4/17/2021 1:20,1.205169,0.02808303
4/17/2021 1:25,1.211077,0.02808303
4/17/2021 1:30,1.191138,0.02808303
4/17/2021 1:35,1.198523,0.02808303
4/17/2021 1:40,1.203692,0.02808303
4/17/2021 1:45,1.211077,0.02808303
4/17/2021 1:50,1.196308,0.02808303
4/17/2021 1:55,1.197785,0.02808303
4/17/2021 2:00,1.201477,0.02808303
4/17/2021 2:05,1.202954,0.02808303
4/17/2021 2:10,1.202215,0.02808303
4/17/2021 2:15,1.204431,0.02808303
4/17/2021 2:20,1.204431,0.02808303
4/17/2021 2:25,1.208862,0.02808303
4/17/2021 2:30,1.212554,0.02808303
4/17/2021 2:35,1.217723,0.02808303
4/17/2021 2:40,1.207385,0.02808303
4/17/2021 2:45,1.217723,0.02808303
4/17/2021 2:50,1.214031,0.02808303
4/17/2021 2:55,1.215508,0.02808303
4/17/2021 3:00,1.197046,0.02808303
4/17/2021 3:05,1.198523,0.02808303
4/17/2021 3:10,1.193354,0.02808303
4/17/2021 3:15,1.207385,0.02808303
4/17/2021 3:20,1.205908,0.02808303
4/17/2021 3:25,1.205169,0.02808303
4/17/2021 3:30,1.193354,0.02808303
4/17/2021 3:35,1.201477,0.02808303
4/17/2021 3:40,1.192615,0.02808303
4/17/2021 3:45,1.200738,0.02808303
4/17/2021 3:50,1.195569,0.02808303
4/17/2021 3:55,1.210338,0.02808303
4/17/2021 4:00,1.193354,0.02808303
4/17/2021 4:05,1.274585,0.02808303
4/17/2021 4:10,1.263508,0.02808303
4/17/2021 4:15,1.270892,0.02808303
4/17/2021 4:20,1.263508,0.02808303
4/17/2021 4:25,1.245785,0.02808303
4/17/2021 4:30,1.260554,0.02808303
4/17/2021 4:35,1.259077,0.02808303
4/17/2021 4:40,1.255385,0.02808303
4/17/2021 4:45,1.266461,0.02808303
4/17/2021 4:50,1.262031,0.02808303
4/17/2021 4:55,1.268677,0.02808303
4/17/2021 5:00,1.252431,0.02808303
4/17/2021 5:05,1.259077,0.02808303
4/17/2021 5:10,1.259077,0.02808303
4/17/2021 5:15,1.264985,0.02808303
4/17/2021 5:20,1.262031,0.02808303
4/17/2021 5:25,1.264246,0.02808303
4/17/2021 5:30,1.258338,0.02808303
4/17/2021 5:35,1.254646,0.02808303
4/17/2021 5:40,1.248738,0.02808303
4/17/2021 5:45,1.255385,0.02808303
4/17/2021 5:50,1.264985,0.02808303
4/17/2021 5:55,1.260554,0.02808303
4/17/2021 6:00,1.267938,0.02808303
4/17/2021 6:05,1.2576,0.02808303
4/17/2021 6:10,1.2672,0.02808303
4/17/2021 6:15,1.271631,0.02808303
4/17/2021 6:20,1.268677,0.02808303
4/17/2021 6:25,1.279015,0.02808303
4/17/2021 6:30,1.272369,0.02808303
4/17/2021 6:35,1.259815,0.02808303
4/17/2021 6:40,1.207385,0.02808303
4/17/2021 6:45,1.253908,0.02808303
4/17/2021 6:50,1.264246,0.02808303
4/17/2021 6:55,1.256861,0.02808303
4/17/2021 7:00,1.259077,0.02808303
4/17/2021 7:05,1.260554,0.02808303
4/17/2021 7:10,1.262769,0.02808303
4/17/2021 7:15,1.250954,0.02808303
4/17/2021 7:20,1.268677,0.02808303
4/17/2021 7:25,1.245785,0.02808303
4/17/2021 7:30,1.249477,0.02808303
4/17/2021 7:35,1.263508,0.02808303
4/17/2021 7:40,1.259077,0.02808303
4/17/2021 7:45,1.236923,0.02808303
4/17/2021 7:50,1.241354,0.02808303
4/17/2021 7:55,1.253908,0.02808303
4/17/2021 8:00,1.246523,0.02808303
4/17/2021 8:05,1.250215,0.02808303
4/17/2021 8:10,1.247261,0.02808303
4/17/2021 8:15,1.253908,0.02808303
4/17/2021 8:20,1.256861,0.02808303
4/17/2021 8:25,1.251692,0.02808303
4/17/2021 8:30,1.248738,0.02808303
4/17/2021 8:35,1.249477,0.02808303
4/17/2021 8:40,1.244308,0.02808303
4/17/2021 8:45,1.250954,0.02808303
4/17/2021 8:50,1.245046,0.02808303
4/17/2021 8:55,1.242092,0.02808303
4/17/2021 9:00,1.252431,0.02808303
4/17/2021 9:05,1.243569,0.02808303
4/17/2021 9:10,1.248738,0.02808303
4/17/2021 9:15,1.240615,0.02808303
4/17/2021 9:20,1.239138,0.02808303
4/17/2021 9:25,1.242092,0.02808303
4/17/2021 9:30,1.239877,0.02808303
4/17/2021 9:35,1.241354,0.02808303
4/17/2021 9:40,1.247261,0.02808303
4/17/2021 9:45,1.241354,0.02808303
4/17/2021 9:50,1.241354,0.02808303
4/17/2021 9:55,1.245785,0.02808303
4/17/2021 10:00,1.239138,0.02808303
4/17/2021 10:05,1.234708,0.02808303
4/17/2021 10:10,1.239877,0.02808303
4/17/2021 10:15,1.235446,0.02808303
4/17/2021 10:20,1.106954,0.02808303
4/17/2021 10:25,1.014646,0.02808303
4/17/2021 10:30,0.9888,0.02808303
4/17/2021 10:35,1.013908,0.03296703
4/17/2021 10:40,0.9769846,0.03540904
4/17/2021 10:45,0.9806769,0.03540904
4/17/2021 10:50,0.9814154,0.03540904
4/17/2021 10:55,0.9865846,0.03540904
4/17/2021 11:00,0.9947076,0.03540904
4/17/2021 11:05,0.9902769,0.03540904
4/17/2021 11:10,0.9910154,0.03540904
4/17/2021 11:15,1.163815,0.03540904
4/17/2021 11:20,1.215508,0.03296703
4/17/2021 11:25,1.167508,0.03052503
4/17/2021 11:30,1.194831,0.03052503
4/17/2021 11:35,1.200738,0.02930403
4/17/2021 11:40,1.199262,0.02930403
4/17/2021 11:45,1.196308,0.02930403
4/17/2021 11:50,1.204431,0.02808303
4/17/2021 11:55,1.196308,0.02808303
4/17/2021 12:00,1.183754,0.02808303
4/17/2021 12:05,1.2,0.02808303
4/17/2021 12:10,1.200738,0.02808303
4/17/2021 12:15,1.193354,0.02808303
4/17/2021 12:20,1.205908,0.02808303
4/17/2021 12:25,1.206646,0.02808303
4/17/2021 12:30,1.2,0.02808303
4/17/2021 12:35,1.199262,0.02808303
4/17/2021 12:40,1.202954,0.02808303
4/17/2021 12:45,1.199262,0.02808303
4/17/2021 12:50,1.207385,0.02808303
4/17/2021 12:55,1.212554,0.02808303
4/17/2021 13:00,1.211815,0.02808303
4/17/2021 13:05,1.2,0.02808303
4/17/2021 13:10,1.212554,0.02808303
4/17/2021 13:15,1.205908,0.02808303
4/17/2021 13:20,1.208862,0.02808303
4/17/2021 13:25,1.210338,0.02808303
4/17/2021 13:30,1.214031,0.02808303
4/17/2021 13:35,1.224369,0.02808303
4/17/2021 13:40,1.214031,0.02808303
4/17/2021 13:45,1.218462,0.02808303
4/17/2021 13:50,1.222154,0.02808303
4/17/2021 13:55,1.210338,0.02808303
4/17/2021 14:00,1.2096,0.02808303
4/17/2021 14:05,1.177108,0.02808303
4/17/2021 14:10,1.202954,0.02808303
4/17/2021 14:15,1.240615,0.02808303
4/17/2021 14:20,1.321108,0.02808303
4/17/2021 14:25,1.301908,0.02808303
4/17/2021 14:30,1.296739,0.02808303
4/17/2021 14:35,1.301169,0.02808303
4/17/2021 14:40,1.301908,0.02808303
4/17/2021 14:45,1.298954,0.02808303
4/17/2021 14:50,1.296739,0.02808303
4/17/2021 14:55,1.301908,0.02808303
4/17/2021 15:00,1.303385,0.02808303
4/17/2021 15:05,1.298954,0.02808303
4/17/2021 15:10,1.308554,0.02808303
4/17/2021 15:15,1.299692,0.02808303
4/17/2021 15:20,1.301908,0.02808303
4/17/2021 15:25,1.306338,0.02808303
4/17/2021 15:30,1.302646,0.02808303
4/17/2021 15:35,1.298215,0.02808303
4/17/2021 15:40,1.301908,0.02808303
4/17/2021 15:45,1.293046,0.02808303
4/17/2021 15:50,1.296739,0.02808303
4/17/2021 15:55,1.290831,0.02808303
4/17/2021 16:00,1.291569,0.02808303
4/17/2021 16:05,1.290831,0.02808303
4/17/2021 16:10,1.290092,0.02808303
4/17/2021 16:15,1.289354,0.02808303
4/17/2021 16:20,1.289354,0.02808303
4/17/2021 16:25,1.290831,0.02808303
4/17/2021 16:30,1.301908,0.02808303
4/17/2021 16:35,1.292308,0.02808303
4/17/2021 16:40,1.293046,0.02808303
4/17/2021 16:45,1.290092,0.02808303
4/17/2021 16:50,1.298215,0.02808303
4/17/2021 16:55,1.293785,0.02808303
4/17/2021 17:00,1.290831,0.02808303
4/17/2021 17:05,1.295262,0.02808303
4/17/2021 17:10,1.293046,0.02808303
4/17/2021 17:15,1.298954,0.02808303
4/17/2021 17:20,1.298215,0.02808303
4/17/2021 17:25,1.300431,0.02808303
4/17/2021 17:30,1.299692,0.02808303
4/17/2021 17:35,1.298215,0.02808303
4/17/2021 17:40,1.299692,0.02808303
4/17/2021 17:45,1.293785,0.02808303
4/17/2021 17:50,1.296739,0.02808303
4/17/2021 17:55,1.298954,0.02808303
4/17/2021 18:00,1.295262,0.02808303
4/17/2021 18:05,1.302646,0.02808303
4/17/2021 18:10,1.287877,0.02808303
4/17/2021 18:15,1.291569,0.02808303
4/17/2021 18:20,1.301908,0.02808303
4/17/2021 18:25,1.302646,0.02808303
4/17/2021 18:30,1.307815,0.02808303
4/17/2021 18:35,1.298215,0.02808303
4/17/2021 18:40,1.297477,0.02808303
4/17/2021 18:45,1.291569,0.02808303
4/17/2021 18:50,1.287877,0.02808303
4/17/2021 18:55,1.2864,0.02808303
4/17/2021 19:00,1.281231,0.02808303
4/17/2021 19:05,1.2864,0.02808303
4/17/2021 19:10,1.288615,0.02808303
4/17/2021 19:15,1.290092,0.02808303
4/17/2021 19:20,1.282708,0.02808303
4/17/2021 19:25,1.292308,0.02808303
4/17/2021 19:30,1.288615,0.02808303
4/17/2021 19:35,1.284923,0.02808303
4/17/2021 19:40,1.290831,0.02808303
4/17/2021 19:45,1.279754,0.02808303
4/17/2021 19:50,1.282708,0.02808303
4/17/2021 19:55,1.287877,0.02808303
4/17/2021 20:00,1.284185,0.02808303
4/17/2021 20:05,1.287138,0.02808303
4/17/2021 20:10,1.282708,0.02808303
4/17/2021 20:15,1.296739,0.02808303
4/17/2021 20:20,1.295262,0.02808303
4/17/2021 20:25,1.290831,0.02808303
4/17/2021 20:30,1.287138,0.02808303
4/17/2021 20:35,1.287877,0.02808303
4/17/2021 20:40,1.290092,0.02808303
4/17/2021 20:45,1.282708,0.02808303
4/17/2021 20:50,1.281969,0.02808303
4/17/2021 20:55,1.298215,0.02808303
4/17/2021 21:00,1.282708,0.02808303
4/17/2021 21:05,1.285661,0.02808303
4/17/2021 21:10,1.290831,0.02808303
4/17/2021 21:15,1.290092,0.02808303
4/17/2021 21:20,1.336615,0.02808303
4/17/2021 21:25,1.3152,0.02808303
4/17/2021 21:30,1.256123,0.02808303
4/17/2021 21:35,1.311508,0.02808303
4/17/2021 21:40,1.300431,0.02808303
4/17/2021 21:45,1.310031,0.02808303
4/17/2021 21:50,1.310031,0.02808303
4/17/2021 21:55,1.303385,0.02808303
4/17/2021 22:00,1.301169,0.02808303
4/17/2021 22:05,1.304123,0.02808303
4/17/2021 22:10,1.303385,0.02808303
4/17/2021 22:15,1.307815,0.02808303
4/17/2021 22:20,1.307077,0.02808303
4/17/2021 22:25,1.307815,0.02808303
4/17/2021 22:30,1.303385,0.02808303
4/17/2021 22:35,1.310031,0.02808303
4/17/2021 22:40,1.307077,0.02808303
4/17/2021 22:45,1.304861,0.02808303
4/17/2021 22:50,1.307077,0.02808303
4/17/2021 22:55,1.318154,0.02808303
4/17/2021 23:00,1.307815,0.02808303
4/17/2021 23:05,1.304123,0.02808303
4/17/2021 23:10,1.295262,0.02808303
4/17/2021 23:15,1.298954,0.02808303
4/17/2021 23:20,1.3056,0.02808303
4/17/2021 23:25,1.300431,0.02808303
4/17/2021 23:30,1.290092,0.02808303
4/17/2021 23:35,1.292308,0.02808303
4/17/2021 23:40,1.296739,0.02808303
4/17/2021 23:45,1.292308,0.02808303
4/17/2021 23:50,1.292308,0.02808303
4/17/2021 23:55,1.291569,0.02808303
4/18/2021 0:00,1.289354,0.02808303
4/18/2021 0:05,1.283446,0.02808303
4/18/2021 0:10,1.282708,0.02808303
4/18/2021 0:15,1.287138,0.02808303
4/18/2021 0:20,1.289354,0.02808303
4/18/2021 0:25,1.297477,0.02808303
4/18/2021 0:30,1.285661,0.02686203
4/18/2021 0:35,1.289354,0.02686203
4/18/2021 0:40,1.279754,0.02686203
4/18/2021 0:45,1.283446,0.02686203
4/18/2021 0:50,1.328492,0.02686203
4/18/2021 0:55,1.260554,0.02686203
4/18/2021 1:00,1.340308,0.02686203
4/18/2021 1:05,1.329231,0.02686203
4/18/2021 1:10,1.303385,0.02686203
4/18/2021 1:15,1.297477,0.02686203
4/18/2021 1:20,1.301908,0.02686203
4/18/2021 1:25,1.300431,0.02686203
4/18/2021 1:30,1.291569,0.02686203
4/18/2021 1:35,1.291569,0.02686203
4/18/2021 1:40,1.298215,0.02686203
4/18/2021 1:45,1.295262,0.02686203
4/18/2021 1:50,1.298215,0.02686203
4/18/2021 1:55,1.295262,0.02686203
4/18/2021 2:00,1.293785,0.02686203
4/18/2021 2:05,1.298215,0.02686203
4/18/2021 2:10,1.291569,0.02686203
4/18/2021 2:15,1.292308,0.02686203
4/18/2021 2:20,1.287138,0.02686203
4/18/2021 2:25,1.300431,0.02686203
4/18/2021 2:30,1.281231,0.02686203
4/18/2021 2:35,1.296739,0.02686203
4/18/2021 2:40,1.289354,0.02686203
4/18/2021 2:45,1.290831,0.02686203
4/18/2021 2:50,1.288615,0.02686203
4/18/2021 2:55,1.293046,0.02686203
4/18/2021 3:00,1.289354,0.02686203
4/18/2021 3:05,1.290092,0.02686203
4/18/2021 3:10,1.288615,0.02686203
4/18/2021 3:15,1.284185,0.02686203
4/18/2021 3:20,1.290831,0.02686203
4/18/2021 3:25,1.287877,0.02686203
4/18/2021 3:30,1.279754,0.02686203
4/18/2021 3:35,1.278277,0.02686203
4/18/2021 3:40,1.290831,0.02686203
4/18/2021 3:45,1.321108,0.02686203
4/18/2021 3:50,1.259077,0.02686203
4/18/2021 3:55,1.324062,0.02686203
4/18/2021 4:00,1.258338,0.02686203
4/18/2021 4:05,1.312985,0.02686203
4/18/2021 4:10,1.250954,0.02686203
4/18/2021 4:15,1.327754,0.02686203
4/18/2021 4:20,1.3344,0.02686203
4/18/2021 4:25,1.310031,0.02686203
4/18/2021 4:30,1.250954,0.02686203
4/18/2021 4:35,1.316677,0.02686203
4/18/2021 4:40,1.306338,0.02686203
4/18/2021 4:45,1.311508,0.02686203
4/18/2021 4:50,1.314461,0.02686203
4/18/2021 4:55,1.300431,0.02686203
4/18/2021 5:00,1.318154,0.02686203
4/18/2021 5:05,1.325539,0.02686203
4/18/2021 5:10,1.315938,0.02686203
4/18/2021 5:15,1.319631,0.02686203
4/18/2021 5:20,1.316677,0.02686203
4/18/2021 5:25,1.318154,0.02686203
4/18/2021 5:30,0,-1
4/18/2021 5:35,0,-1
4/18/2021 5:40,0,-1
4/18/2021 5:45,0,-1
4/18/2021 5:50,0,-1
4/18/2021 5:55,0,-1
4/18/2021 6:00,0,-1
4/18/2021 6:05,0,-1
4/18/2021 6:10,0,-1
4/18/2021 6:15,0,-1
4/18/2021 6:20,0,-1
4/18/2021 6:25,0,-1
4/18/2021 6:30,0,-1
4/18/2021 6:35,0,-1
4/18/2021 6:40,0,-1
4/18/2021 6:45,0,-1
4/18/2021 6:50,0,-1
4/18/2021 6:55,0,-1
4/18/2021 7:00,0,-1
4/18/2021 7:05,0,-1
4/18/2021 7:10,0,-1
4/18/2021 7:15,0,-1
4/18/2021 7:20,0,-1
4/18/2021 7:25,0,-1
4/18/2021 7:30,0,-1
4/18/2021 7:35,0,-1
4/18/2021 7:40,0,-1
4/18/2021 7:45,0,-1
4/18/2021 7:50,0,-1
4/18/2021 7:55,0,-1
4/18/2021 8:00,0,-1
4/18/2021 8:05,0,-1
4/18/2021 8:10,0,-1
4/18/2021 8:15,0,-1
4/18/2021 8:20,0,-1
4/18/2021 8:25,0,-1
4/18/2021 8:30,0,-1
4/18/2021 8:35,0,-1
4/18/2021 8:40,0,-1
4/18/2021 8:45,0,-1
4/18/2021 8:50,0,-1
4/18/2021 8:55,0,-1
4/18/2021 9:00,0,-1
4/18/2021 9:05,0,-1
4/18/2021 9:10,0,-1
4/18/2021 9:15,0,-1
4/18/2021 9:20,0,-1
4/18/2021 9:25,0,-1
4/18/2021 9:30,0,-1
4/18/2021 9:35,0,-1
4/18/2021 9:40,0,-1
4/18/2021 9:45,0,-1
4/18/2021 9:50,0,-1
4/18/2021 9:55,0,-1
4/18/2021 10:00,0,-1
4/18/2021 10:05,0,-1
4/18/2021 10:10,0,-1
4/18/2021 10:15,0,-1
4/18/2021 10:20,0,-1
4/18/2021 10:25,0,-1
4/18/2021 10:30,0,-1
4/18/2021 10:35,0,-1
4/18/2021 10:40,0,-1
4/18/2021 10:45,0,-1
4/18/2021 10:50,0,-1
4/18/2021 10:55,0,-1
4/18/2021 11:00,0,-1
4/18/2021 11:05,0,-1
4/18/2021 11:10,0,-1
4/18/2021 11:15,0,-1
4/18/2021 11:20,0,-1
4/18/2021 11:25,0,-1
4/18/2021 11:30,0,-1
4/18/2021 11:35,0,-1
4/18/2021 11:40,0,-1
4/18/2021 11:45,0,-1
4/18/2021 11:50,0,-1
4/18/2021 11:55,0,-1
4/18/2021 12:00,0,-1
4/18/2021 12:05,0,-1
4/18/2021 12:10,0,-1
4/18/2021 12:15,0,-1
4/18/2021 12:20,0,-1
4/18/2021 12:25,0,-1
4/18/2021 12:30,0,-1
4/18/2021 12:35,0,-1
4/18/2021 12:40,0,-1
4/18/2021 12:45,0,-1
4/18/2021 12:50,0,-1
4/18/2021 12:55,0,-1
4/18/2021 13:00,0,-1
4/18/2021 13:05,0,-1
4/18/2021 13:10,0,-1
4/18/2021 13:15,0,-1
4/18/2021 13:20,0,-1
4/18/2021 13:25,0,-1
4/18/2021 13:30,0,-1
4/18/2021 13:35,0,-1
4/18/2021 13:40,0,-1
4/18/2021 13:45,0,-1
4/18/2021 13:50,0,-1
4/18/2021 13:55,0,-1
4/18/2021 14:00,0,-1
4/18/2021 14:05,0,-1
4/18/2021 14:10,0,-1
4/18/2021 14:15,0,-1
4/18/2021 14:20,0,-1
4/18/2021 14:25,0,-1
4/18/2021 14:30,0,-1
4/18/2021 14:35,0,-1
4/18/2021 14:40,0,-1
4/18/2021 14:45,0,-1
4/18/2021 14:50,0,-1
4/18/2021 14:55,0,-1
4/18/2021 15:00,0,-1
4/18/2021 15:05,0,-1
4/18/2021 15:10,0,-1
4/18/2021 15:15,0,-1
4/18/2021 15:20,0,-1
4/18/2021 15:25,0,-1
4/18/2021 15:30,0,-1
4/18/2021 15:35,0,-1
4/18/2021 15:40,0,-1
4/18/2021 15:45,0,-1
4/18/2021 15:50,0,-1
4/18/2021 15:55,0,-1
4/18/2021 16:00,0,-1
4/18/2021 16:05,0,-1
4/18/2021 16:10,0,-1
4/18/2021 16:15,0,-1
4/18/2021 16:20,0,-1
4/18/2021 16:25,0,-1
4/18/2021 16:30,0,-1
4/18/2021 16:35,0,-1
4/18/2021 16:40,0,-1
4/18/2021 16:45,0,-1
4/18/2021 16:50,0,-1
4/18/2021 16:55,0,-1
4/18/2021 17:00,0,-1
4/18/2021 17:05,0,-1
4/18/2021 17:10,0,-1
4/18/2021 17:15,0,-1
4/18/2021 17:20,0,-1
4/18/2021 17:25,0,-1
4/18/2021 17:30,0,-1
4/18/2021 17:35,0,-1
4/18/2021 17:40,0,-1
4/18/2021 17:45,0,-1
4/18/2021 17:50,0,-1
4/18/2021 17:55,0,-1
4/18/2021 18:00,0,-1
4/18/2021 18:05,0,-1
4/18/2021 18:10,0,-1
4/18/2021 18:15,0,-1
4/18/2021 18:20,0,-1
4/18/2021 18:25,0,-1
4/18/2021 18:30,0,-1
4/18/2021 18:35,0,-1
4/18/2021 18:40,0,-1
4/18/2021 18:45,0,-1
4/18/2021 18:50,0,-1
4/18/2021 18:55,0,-1
4/18/2021 19:00,0,-1
4/18/2021 19:05,0,-1
4/18/2021 19:10,0,-1
4/18/2021 19:15,0,-1
4/18/2021 19:20,0,-1
4/18/2021 19:25,0,-1
4/18/2021 19:30,0,-1
4/18/2021 19:35,0,-1
4/18/2021 19:40,0,-1
4/18/2021 19:45,0,-1
4/18/2021 19:50,0,-1
4/18/2021 19:55,0,-1
4/18/2021 20:00,0,-1
4/18/2021 20:05,0,-1
4/18/2021 20:10,0,-1
4/18/2021 20:15,0,-1
4/18/2021 20:20,0,-1
4/18/2021 20:25,0,-1
4/18/2021 20:30,0,-1
4/18/2021 20:35,0,-1
4/18/2021 20:40,0,-1
4/18/2021 20:45,0,-1
4/18/2021 20:50,0,-1
4/18/2021 20:55,0,-1
4/18/2021 21:00,0,-1
4/18/2021 21:05,0,-1
4/18/2021 21:10,0,-1
4/18/2021 21:15,0,-1
4/18/2021 21:20,0,-1
4/18/2021 21:25,0,-1
4/18/2021 21:30,0,-1
4/18/2021 21:35,0,-1
4/18/2021 21:40,0,-1
4/18/2021 21:45,0,-1
4/18/2021 21:50,0,-1
4/18/2021 21:55,0,-1
4/18/2021 22:00,0,-1
4/18/2021 22:05,0,-1
4/18/2021 22:10,0,-1
4/18/2021 22:15,0,-1
4/18/2021 22:20,0,-1
4/18/2021 22:25,0,-1
4/18/2021 22:30,0,-1
4/18/2021 22:35,0,-1
4/18/2021 22:40,0,-1
4/18/2021 22:45,0,-1
4/18/2021 22:50,0,-1
4/18/2021 22:55,0,-1
4/18/2021 23:00,0,-1
4/18/2021 23:05,0,-1
4/18/2021 23:10,0,-1
4/18/2021 23:15,0,-1
4/18/2021 23:20,0,-1
4/18/2021 23:25,0,-1
4/18/2021 23:30,0,-1
4/18/2021 23:35,0,-1
4/18/2021 23:40,0,-1
4/18/2021 23:45,0,-1
4/18/2021 23:50,0,-1
4/18/2021 23:55,0,-1
4/19/2021 0:00,0,-1
4/19/2021 0:05,0,-1
4/19/2021 0:10,0,-1
4/19/2021 0:15,0,-1
4/19/2021 0:20,0,-1
4/19/2021 0:25,0,-1
4/19/2021 0:30,0,-1
4/19/2021 0:35,0,-1
4/19/2021 0:40,0,-1
4/19/2021 0:45,0,-1
4/19/2021 0:50,0,-1
4/19/2021 0:55,0,-1
4/19/2021 1:00,0,-1
4/19/2021 1:05,0,-1
4/19/2021 1:10,0,-1
4/19/2021 1:15,0,-1
4/19/2021 1:20,0,-1
4/19/2021 1:25,0,-1
4/19/2021 1:30,0,-1
4/19/2021 1:35,0,-1
4/19/2021 1:40,0,-1
4/19/2021 1:45,0,-1
4/19/2021 1:50,0,-1
4/19/2021 1:55,0,-1
4/19/2021 2:00,0,-1
4/19/2021 2:05,0,-1
4/19/2021 2:10,0,-1
4/19/2021 2:15,0,-1
4/19/2021 2:20,0,-1
4/19/2021 2:25,0,-1
4/19/2021 2:30,0,-1
4/19/2021 2:35,0,-1
4/19/2021 2:40,0,-1
4/19/2021 2:45,0,-1
4/19/2021 2:50,0,-1
4/19/2021 2:55,0,-1
4/19/2021 3:00,0,-1
4/19/2021 3:05,0,-1
4/19/2021 3:10,0,-1
4/19/2021 3:15,0,-1
4/19/2021 3:20,0,-1
4/19/2021 3:25,0,-1
4/19/2021 3:30,0,-1
4/19/2021 3:35,0,-1
4/19/2021 3:40,0,-1
4/19/2021 3:45,0,-1
4/19/2021 3:50,0,-1
4/19/2021 3:55,0,-1
4/19/2021 4:00,0,-1
4/19/2021 4:05,0,-1
4/19/2021 4:10,0,-1
4/19/2021 4:15,0,-1
4/19/2021 4:20,0,-1
4/19/2021 4:25,0,-1
4/19/2021 4:30,0,-1
4/19/2021 4:35,0,-1
4/19/2021 4:40,0,-1
4/19/2021 4:45,0,-1
4/19/2021 4:50,0,-1
4/19/2021 4:55,0,-1
4/19/2021 5:00,0,-1
4/19/2021 5:05,0,-1
4/19/2021 5:10,0,-1
4/19/2021 5:15,0,-1
4/19/2021 5:20,0,-1
4/19/2021 5:25,0,-1
4/19/2021 5:30,0,-1
4/19/2021 5:35,0,-1
4/19/2021 5:40,0,-1
4/19/2021 5:45,0,-1
4/19/2021 5:50,0,-1
4/19/2021 5:55,0,-1
4/19/2021 6:00,0,-1
4/19/2021 6:05,0,-1
4/19/2021 6:10,0,-1
4/19/2021 6:15,0,-1
4/19/2021 6:20,0,-1
4/19/2021 6:25,0,-1
4/19/2021 6:30,0,-1
4/19/2021 6:35,0,-1
4/19/2021 6:40,0,-1
4/19/2021 6:45,0,-1
4/19/2021 6:50,0,-1
4/19/2021 6:55,0,-1
4/19/2021 7:00,0,-1
4/19/2021 7:05,0,-1
4/19/2021 7:10,0,-1
4/19/2021 7:15,0,-1
4/19/2021 7:20,0,-1
4/19/2021 7:25,0,-1
4/19/2021 7:30,0,-1
4/19/2021 7:35,0,-1
4/19/2021 7:40,0,-1
4/19/2021 7:45,0,-1
4/19/2021 7:50,0,-1
4/19/2021 7:55,0,-1
4/19/2021 8:00,0,-1
4/19/2021 8:05,0,-1
4/19/2021 8:10,0,-1
4/19/2021 8:15,0,-1
4/19/2021 8:20,0,-1
4/19/2021 8:25,0,-1
4/19/2021 8:30,0,-1
4/19/2021 8:35,0,-1
4/19/2021 8:40,0,-1
4/19/2021 8:45,0,-1
4/19/2021 8:50,0,-1
4/19/2021 8:55,0,-1
4/19/2021 9:00,0,-1
4/19/2021 9:05,0,-1
4/19/2021 9:10,0,-1
4/19/2021 9:15,0,-1
4/19/2021 9:20,0,-1
4/19/2021 9:25,0,-1
4/19/2021 9:30,0,-1
4/19/2021 9:35,0,-1
4/19/2021 9:40,0,-1
4/19/2021 9:45,0,-1
4/19/2021 9:50,0,-1
4/19/2021 9:55,0,-1
4/19/2021 10:00,0,-1
4/19/2021 10:05,0,-1
4/19/2021 10:10,0,-1
4/19/2021 10:15,0,-1
4/19/2021 10:20,0,-1
4/19/2021 10:25,0,-1
4/19/2021 10:30,0,-1
4/19/2021 10:35,0,-1
4/19/2021 10:40,0,-1
4/19/2021 10:45,0,-1
4/19/2021 10:50,0,-1
4/19/2021 10:55,0,-1
4/19/2021 11:00,0,-1
4/19/2021 11:05,0,-1
4/19/2021 11:10,0,-1
4/19/2021 11:15,0,-1
4/19/2021 11:20,0,-1
4/19/2021 11:25,0,-1
4/19/2021 11:30,0,-1
4/19/2021 11:35,0,-1
4/19/2021 11:40,0,-1
4/19/2021 11:45,0,-1
4/19/2021 11:50,0,-1
4/19/2021 11:55,0,-1
4/19/2021 12:00,0,-1
4/19/2021 12:05,0,-1
4/19/2021 12:10,0,-1
4/19/2021 12:15,0,-1
4/19/2021 12:20,0,-1
4/19/2021 12:25,0,-1
4/19/2021 12:30,0,-1
4/19/2021 12:35,0,-1
4/19/2021 12:40,0,-1
4/19/2021 12:45,0,-1
4/19/2021 12:50,0,-1
4/19/2021 12:55,0,-1
4/19/2021 13:00,0,-1
4/19/2021 13:05,0,-1
4/19/2021 13:10,0,-1
4/19/2021 13:15,0,-1
4/19/2021 13:20,0,-1
4/19/2021 13:25,0,-1
4/19/2021 13:30,0,-1
4/19/2021 13:35,0,-1
4/19/2021 13:40,0,-1
4/19/2021 13:45,0,-1
4/19/2021 13:50,0,-1
4/19/2021 13:55,0,-1
4/19/2021 14:00,0,-1
4/19/2021 14:05,0,-1
4/19/2021 14:10,0,-1
4/19/2021 14:15,0,-1
4/19/2021 14:20,0,-1
4/19/2021 14:25,0,-1
4/19/2021 14:30,0,-1
4/19/2021 14:35,0,-1
4/19/2021 14:40,0,-1
4/19/2021 14:45,0,-1
4/19/2021 14:50,0,-1
4/19/2021 14:55,0,-1
4/19/2021 15:00,0,-1
4/19/2021 15:05,0,-1
4/19/2021 15:10,0,-1
4/19/2021 15:15,0,-1
4/19/2021 15:20,0,-1
4/19/2021 15:25,0,-1
4/19/2021 15:30,0,-1
4/19/2021 15:35,0,-1
4/19/2021 15:40,0,-1
4/19/2021 15:45,0,-1
4/19/2021 15:50,0,-1
4/19/2021 15:55,0,-1
4/19/2021 16:00,0,-1
4/19/2021 16:05,0,-1
4/19/2021 16:10,0,-1
4/19/2021 16:15,0,-1
4/19/2021 16:20,0,-1
4/19/2021 16:25,0,-1
4/19/2021 16:30,0,-1
4/19/2021 16:35,0,-1
4/19/2021 16:40,0,-1
4/19/2021 16:45,0,-1
4/19/2021 16:50,0,-1
4/19/2021 16:55,0,-1
4/19/2021 17:00,0,-1
4/19/2021 17:05,0,-1
4/19/2021 17:10,0,-1
4/19/2021 17:15,0,-1
4/19/2021 17:20,0,-1
4/19/2021 17:25,0,-1
4/19/2021 17:30,0,-1
4/19/2021 17:35,0,-1
4/19/2021 17:40,0,-1
4/19/2021 17:45,0,-1
4/19/2021 17:50,0,-1
4/19/2021 17:55,0,-1
4/19/2021 18:00,0,-1
4/19/2021 18:05,0,-1
4/19/2021 18:10,0,-1
4/19/2021 18:15,0,-1
4/19/2021 18:20,0,-1
4/19/2021 18:25,0,-1
4/19/2021 18:30,0,-1
4/19/2021 18:35,0,-1
4/19/2021 18:40,0,-1
4/19/2021 18:45,0,-1
4/19/2021 18:50,0,-1
4/19/2021 18:55,0,-1
4/19/2021 19:00,0,-1
4/19/2021 19:05,0,-1
4/19/2021 19:10,0,-1
4/19/2021 19:15,0,-1
4/19/2021 19:20,0,-1
4/19/2021 19:25,0,-1
4/19/2021 19:30,0,-1
4/19/2021 19:35,0,-1
4/19/2021 19:40,0,-1
4/19/2021 19:45,0,-1
4/19/2021 19:50,0,-1
4/19/2021 19:55,0,-1
4/19/2021 20:00,0,-1
4/19/2021 20:05,0,-1
4/19/2021 20:10,0,-1
4/19/2021 20:15,0,-1
4/19/2021 20:20,0,-1
4/19/2021 20:25,0,-1
4/19/2021 20:30,0,-1
4/19/2021 20:35,0,-1
4/19/2021 20:40,0,-1
4/19/2021 20:45,0,-1
4/19/2021 20:50,0,-1
4/19/2021 20:55,0,-1
4/19/2021 21:00,0,-1
4/19/2021 21:05,0,-1
4/19/2021 21:10,0,-1
4/19/2021 21:15,0,-1
4/19/2021 21:20,0,-1
4/19/2021 21:25,0,-1
4/19/2021 21:30,0,-1
4/19/2021 21:35,0,-1
4/19/2021 21:40,0,-1
4/19/2021 21:45,0,-1
4/19/2021 21:50,0,-1
4/19/2021 21:55,0,-1
4/19/2021 22:00,0,-1
4/19/2021 22:05,0,-1
4/19/2021 22:10,0,-1
4/19/2021 22:15,0,-1
4/19/2021 22:20,0,-1
4/19/2021 22:25,0,-1
4/19/2021 22:30,0,-1
4/19/2021 22:35,0,-1
4/19/2021 22:40,0,-1
4/19/2021 22:45,0,-1
4/19/2021 22:50,0,-1
4/19/2021 22:55,0,-1
4/19/2021 23:00,0,-1
4/19/2021 23:05,0,-1
4/19/2021 23:10,0,-1
4/19/2021 23:15,0,-1
4/19/2021 23:20,0,-1
4/19/2021 23:25,0,-1
4/19/2021 23:30,0,-1
4/19/2021 23:35,0,-1
4/19/2021 23:40,0,-1
4/19/2021 23:45,0,-1
4/19/2021 23:50,0,-1
4/19/2021 23:55,0,-1
4/20/2021 0:00,0,-1
4/20/2021 0:05,0,-1
4/20/2021 0:10,0,-1
4/20/2021 0:15,0,-1
4/20/2021 0:20,0,-1
4/20/2021 0:25,0,-1
4/20/2021 0:30,0,-1
4/20/2021 0:35,0,-1
4/20/2021 0:40,0,-1
4/20/2021 0:45,0,-1
4/20/2021 0:50,0,-1
4/20/2021 0:55,0,-1
4/20/2021 1:00,0,-1
4/20/2021 1:05,0,-1
4/20/2021 1:10,0,-1
4/20/2021 1:15,0,-1
4/20/2021 1:20,0,-1
4/20/2021 1:25,0,-1
4/20/2021 1:30,0,-1
4/20/2021 1:35,0,-1
4/20/2021 1:40,0,-1
4/20/2021 1:45,0,-1
4/20/2021 1:50,0,-1
4/20/2021 1:55,0,-1
4/20/2021 2:00,0,-1
4/20/2021 2:05,0,-1
4/20/2021 2:10,0,-1
4/20/2021 2:15,0,-1
4/20/2021 2:20,0,-1
4/20/2021 2:25,0,-1
4/20/2021 2:30,0,-1
4/20/2021 2:35,0,-1
4/20/2021 2:40,0,-1
4/20/2021 2:45,0,-1
4/20/2021 2:50,0,-1
4/20/2021 2:55,0,-1
4/20/2021 3:00,0,-1
4/20/2021 3:05,0,-1
4/20/2021 3:10,0,-1
4/20/2021 3:15,0,-1
4/20/2021 3:20,0,-1
4/20/2021 3:25,0,-1
4/20/2021 3:30,0,-1
4/20/2021 3:35,0,-1
4/20/2021 3:40,0,-1
4/20/2021 3:45,0,-1
4/20/2021 3:50,0,-1
4/20/2021 3:55,0,-1
4/20/2021 4:00,0,-1
4/20/2021 4:05,0,-1
4/20/2021 4:10,0,-1
4/20/2021 4:15,0,-1
4/20/2021 4:20,0,-1
4/20/2021 4:25,0,-1
4/20/2021 4:30,0,-1
4/20/2021 4:35,0,-1
4/20/2021 4:40,0,-1
4/20/2021 4:45,0,-1
4/20/2021 4:50,0,-1
4/20/2021 4:55,0,-1
4/20/2021 5:00,0,-1
4/20/2021 5:05,0,-1
4/20/2021 5:10,0,-1
4/20/2021 5:15,0,-1
4/20/2021 5:20,0,-1
4/20/2021 5:25,0,-1
4/20/2021 5:30,0,-1
4/20/2021 5:35,0,-1
4/20/2021 5:40,0,-1
4/20/2021 5:45,0,-1
4/20/2021 5:50,0,-1
4/20/2021 5:55,0,-1
4/20/2021 6:00,0,-1
4/20/2021 6:05,0,-1
4/20/2021 6:10,0,-1
4/20/2021 6:15,0,-1
4/20/2021 6:20,0,-1
4/20/2021 6:25,0,-1
4/20/2021 6:30,0,-1
4/20/2021 6:35,0,-1
4/20/2021 6:40,0,-1
4/20/2021 6:45,0,-1
4/20/2021 6:50,0,-1
4/20/2021 6:55,0,-1
4/20/2021 7:00,0,-1
4/20/2021 7:05,0,-1
4/20/2021 7:10,0,-1
4/20/2021 7:15,0,-1
4/20/2021 7:20,0,-1
4/20/2021 7:25,0,-1
4/20/2021 7:30,0,-1
4/20/2021 7:35,0,-1
4/20/2021 7:40,0,-1
4/20/2021 7:45,0,-1
4/20/2021 7:50,0,-1
4/20/2021 7:55,0,-1
4/20/2021 8:00,0,-1
4/20/2021 8:05,0,-1
4/20/2021 8:10,0,-1
4/20/2021 8:15,0,-1
4/20/2021 8:20,0,-1
4/20/2021 8:25,0,-1
4/20/2021 8:30,0,-1
4/20/2021 8:35,0,-1
4/20/2021 8:40,0,-1
4/20/2021 8:45,0,-1
4/20/2021 8:50,0,-1
4/20/2021 8:55,0,-1
4/20/2021 9:00,0,-1
4/20/2021 9:05,0,-1
4/20/2021 9:10,0,-1
4/20/2021 9:15,0,-1
4/20/2021 9:20,0,-1
4/20/2021 9:25,0,-1
4/20/2021 9:30,0,-1
4/20/2021 9:35,0,-1
4/20/2021 9:40,0,-1
4/20/2021 9:45,1.111385,0.1452992
4/20/2021 9:50,1.109908,0.1257631
4/20/2021 9:55,1.117292,0.1123321
4/20/2021 10:00,1.344738,0.09279609
4/20/2021 10:05,1.333661,0.08547009
4/20/2021 10:10,1.319631,0.07448108
4/20/2021 10:15,1.314461,0.07081807
4/20/2021 10:20,1.313723,0.06593407
4/20/2021 10:25,1.299692,0.06227106
4/20/2021 10:30,1.303385,0.05982906
4/20/2021 10:35,1.297477,0.05738706
4/20/2021 10:40,1.285661,0.05494506
4/20/2021 10:45,1.292308,0.05494506
4/20/2021 10:50,1.290831,0.05128205
4/20/2021 10:55,1.290831,0.05128205
4/20/2021 11:00,1.281969,0.04884005
4/20/2021 11:05,1.279754,0.04884005
4/20/2021 11:10,1.287877,0.04761905
4/20/2021 11:15,1.339569,0.04639805
4/20/2021 11:20,1.316677,0.04639805
4/20/2021 11:25,1.3152,0.04517705
4/20/2021 11:30,1.225846,0.04517705
4/20/2021 11:35,1.194831,0.04395605
4/20/2021 11:40,1.193354,0.04395605
4/20/2021 11:45,1.307815,0.04273504
4/20/2021 11:50,1.304861,0.04273504
4/20/2021 11:55,1.3152,0.04273504
4/20/2021 12:00,1.310031,0.04273504
4/20/2021 12:05,1.304861,0.04273504
4/20/2021 12:10,1.307815,0.04273504
4/20/2021 12:15,1.307077,0.04151404
4/20/2021 12:20,1.304861,0.04151404
4/20/2021 12:25,1.314461,0.04151404
4/20/2021 12:30,1.307815,0.04151404
4/20/2021 12:35,1.306338,0.04151404
4/20/2021 12:40,1.314461,0.04151404
4/20/2021 12:45,1.307815,0.04029304
4/20/2021 12:50,1.310031,0.04029304
4/20/2021 12:55,1.3056,0.04029304
4/20/2021 13:00,1.308554,0.04029304
4/20/2021 13:05,1.299692,0.03907204
4/20/2021 13:10,1.301908,0.03907204
4/20/2021 13:15,1.308554,0.03785104
4/20/2021 13:20,1.312246,0.03785104
4/20/2021 13:25,1.312246,0.03785104
4/20/2021 13:30,1.320369,0.03785104
4/20/2021 13:35,1.300431,0.03663004
4/20/2021 13:40,1.308554,0.03663004
4/20/2021 13:45,1.319631,0.03540904
4/20/2021 13:50,1.329231,0.03540904
4/20/2021 13:55,1.351385,0.03540904
4/20/2021 14:00,1.320369,0.03540904
4/20/2021 14:05,1.314461,0.03418804
4/20/2021 14:10,1.306338,0.03418804
4/20/2021 14:15,1.315938,0.03418804
4/20/2021 14:20,1.314461,0.03418804
4/20/2021 14:25,1.301908,0.03418804
4/20/2021 14:30,1.308554,0.03418804
4/20/2021 14:35,1.327754,0.03418804
4/20/2021 14:40,1.318892,0.03418804
4/20/2021 14:45,1.304123,0.03418804
4/20/2021 14:50,1.306338,0.03418804
4/20/2021 14:55,1.312985,0.03418804
4/20/2021 15:00,1.3056,0.03418804
4/20/2021 15:05,1.298215,0.03418804
4/20/2021 15:10,1.306338,0.03418804
4/20/2021 15:15,1.300431,0.03540904
4/20/2021 15:20,1.301908,0.03540904
4/20/2021 15:25,1.298954,0.03540904
4/20/2021 15:30,1.301169,0.03540904
4/20/2021 15:35,1.295262,0.03540904
4/20/2021 15:40,1.304861,0.03540904
4/20/2021 15:45,1.312985,0.03663004
4/20/2021 15:50,1.307077,0.03785104
4/20/2021 15:55,1.307815,0.03785104
4/20/2021 16:00,1.297477,0.03785104
4/20/2021 16:05,1.300431,0.03785104
4/20/2021 16:10,1.296739,0.03785104
4/20/2021 16:15,1.283446,0.03907204
4/20/2021 16:20,1.284923,0.03907204
4/20/2021 16:25,1.282708,0.04029304
4/20/2021 16:30,1.241354,0.04029304
4/20/2021 16:35,1.207385,0.04029304
4/20/2021 16:40,1.205908,0.04029304
4/20/2021 16:45,1.219938,0.04029304
4/20/2021 16:50,1.218462,0.04029304
4/20/2021 16:55,1.214769,0.04029304
4/20/2021 17:00,1.211077,0.04151404
4/20/2021 17:05,1.202215,0.04151404
4/20/2021 17:10,1.208862,0.04151404
4/20/2021 17:15,1.200738,0.04151404
4/20/2021 17:20,1.203692,0.04273504
4/20/2021 17:25,1.086277,0.04273504
4/20/2021 17:30,1.081846,0.04395605
4/20/2021 17:35,1.084062,0.04395605
4/20/2021 17:40,1.093662,0.04395605
4/20/2021 17:45,1.092923,0.04395605
4/20/2021 17:50,1.086277,0.04517705
4/20/2021 17:55,1.079631,0.04517705
4/20/2021 18:00,1.087754,0.04639805
4/20/2021 18:05,1.092185,0.04639805
4/20/2021 18:10,1.089231,0.04639805
4/20/2021 18:15,1.0848,0.04639805
4/20/2021 18:20,1.086277,0.04639805
4/20/2021 18:25,1.086277,0.04761905
4/20/2021 18:30,1.092923,0.04761905
4/20/2021 18:35,1.086277,0.04761905
4/20/2021 18:40,1.089231,0.04761905
4/20/2021 18:45,1.101785,0.04761905
4/20/2021 18:50,1.095877,0.04761905
4/20/2021 18:55,1.093662,0.04884005
4/20/2021 19:00,1.082585,0.04884005
4/20/2021 19:05,1.097354,0.04884005
4/20/2021 19:10,1.098092,0.04884005
4/20/2021 19:15,1.095877,0.04884005
4/20/2021 19:20,1.097354,0.04884005
4/20/2021 19:25,1.101785,0.04884005
4/20/2021 19:30,1.093662,0.04884005
4/20/2021 19:35,1.099569,0.04884005
4/20/2021 19:40,1.0944,0.05006105
4/20/2021 19:45,1.092185,0.05006105
4/20/2021 19:50,1.097354,0.05128205
4/20/2021 19:55,1.106215,0.05128205
4/20/2021 20:00,1.098092,0.05128205
4/20/2021 20:05,1.096615,0.05128205
4/20/2021 20:10,1.098831,0.05250305
4/20/2021 20:15,1.101785,0.05250305
4/20/2021 20:20,1.098831,0.05372405
4/20/2021 20:25,1.099569,0.05372405
4/20/2021 20:30,1.096615,0.05372405
4/20/2021 20:35,1.096615,0.05372405
4/20/2021 20:40,1.101046,0.05494506
4/20/2021 20:45,1.089969,0.05616606
4/20/2021 20:50,1.104,0.05616606
4/20/2021 20:55,1.098092,0.05616606
4/20/2021 21:00,1.091446,0.05738706
4/20/2021 21:05,1.096615,0.05738706
4/20/2021 21:10,1.097354,0.05738706
4/20/2021 21:15,1.0944,0.05860806
4/20/2021 21:20,1.090708,0.05860806
4/20/2021 21:25,1.101785,0.05982906
4/20/2021 21:30,1.097354,0.05982906
4/20/2021 21:35,1.095877,0.05982906
4/20/2021 21:40,1.095138,0.06105006
4/20/2021 21:45,1.097354,0.06105006
4/20/2021 21:50,1.100308,0.06227106
4/20/2021 21:55,1.097354,0.06227106
4/20/2021 22:00,1.095138,0.06227106
4/20/2021 22:05,1.100308,0.06227106
4/20/2021 22:10,1.090708,0.06227106
4/20/2021 22:15,1.092185,0.06227106
4/20/2021 22:20,1.090708,0.06227106
4/20/2021 22:25,1.090708,0.06349207
4/20/2021 22:30,1.087754,0.06349207
4/20/2021 22:35,1.088492,0.06349207
4/20/2021 22:40,1.087754,0.06349207
4/20/2021 22:45,1.087015,0.06349207
4/20/2021 22:50,1.086277,0.06349207
4/20/2021 22:55,1.086277,0.06349207
4/20/2021 23:00,1.093662,0.06349207
4/20/2021 23:05,1.0944,0.06349207
4/20/2021 23:10,1.089969,0.06349207
4/20/2021 23:15,1.084062,0.06349207
4/20/2021 23:20,1.092185,0.06349207
4/20/2021 23:25,1.098092,0.06349207
4/20/2021 23:30,1.097354,0.06349207
4/20/2021 23:35,1.089231,0.06349207
4/20/2021 23:40,1.085538,0.06349207
4/20/2021 23:45,1.100308,0.06349207
4/20/2021 23:50,1.089231,0.06349207
4/20/2021 23:55,1.095877,0.06349207
4/21/2021 0:00,1.081108,0.06349207
4/21/2021 0:05,1.090708,0.06349207
4/21/2021 0:10,1.087015,0.06227106
4/21/2021 0:15,1.086277,0.06349207
4/21/2021 0:20,1.078154,0.06227106
4/21/2021 0:25,1.087754,0.06227106
4/21/2021 0:30,1.076677,0.06227106
4/21/2021 0:35,1.077415,0.06227106
4/21/2021 0:40,0.9400615,0.06227106
4/21/2021 0:45,1.001354,0.06227106
4/21/2021 0:50,0.9998769,0.06227106
4/21/2021 0:55,1.001354,0.06227106
4/21/2021 1:00,1.008738,0.06105006
4/21/2021 1:05,1.007262,0.06105006
4/21/2021 1:10,1.009477,0.06105006
4/21/2021 1:15,1.002092,0.06105006
4/21/2021 1:20,1.006523,0.05982906
4/21/2021 1:25,1.004308,0.05982906
4/21/2021 1:30,1.013908,0.05982906
4/21/2021 1:35,1.001354,0.05982906
4/21/2021 1:40,1.009477,0.05982906
4/21/2021 1:45,1.002831,0.05982906
4/21/2021 1:50,1.006523,0.05982906
4/21/2021 1:55,1.013908,0.05982906
4/21/2021 2:00,0.9998769,0.05982906
4/21/2021 2:05,1.008738,0.05982906
4/21/2021 2:10,1.011692,0.05982906
4/21/2021 2:15,1.008,0.05982906
4/21/2021 2:20,1.005046,0.05860806
4/21/2021 2:25,1.010215,0.05860806
4/21/2021 2:30,1.016862,0.05860806
4/21/2021 2:35,1.125415,0.05860806
4/21/2021 2:40,1.120985,0.05860806
4/21/2021 2:45,1.109169,0.05860806
4/21/2021 2:50,1.103261,0.05860806
4/21/2021 2:55,1.105477,0.05860806
4/21/2021 3:00,1.105477,0.05860806
4/21/2021 3:05,1.106215,0.05860806
4/21/2021 3:10,1.098831,0.05860806
4/21/2021 3:15,1.110646,0.05860806
4/21/2021 3:20,1.096615,0.05860806
4/21/2021 3:25,1.095877,0.05860806
4/21/2021 3:30,1.092185,0.05738706
4/21/2021 3:35,1.092185,0.05738706
4/21/2021 3:40,1.105477,0.05738706
4/21/2021 3:45,1.098092,0.05738706
4/21/2021 3:50,1.100308,0.05738706
4/21/2021 3:55,1.092923,0.05738706
4/21/2021 4:00,1.100308,0.05738706
4/21/2021 4:05,1.0944,0.05738706
4/21/2021 4:10,1.087754,0.05738706
4/21/2021 4:15,1.100308,0.05738706
4/21/2021 4:20,1.093662,0.05616606
4/21/2021 4:25,1.087754,0.05616606
4/21/2021 4:30,1.097354,0.05616606
4/21/2021 4:35,1.097354,0.05616606
4/21/2021 4:40,1.100308,0.05616606
4/21/2021 4:45,1.095138,0.05616606
4/21/2021 4:50,1.098831,0.05616606
4/21/2021 4:55,1.095877,0.05616606
4/21/2021 5:00,1.0848,0.05494506
4/21/2021 5:05,1.093662,0.05494506
4/21/2021 5:10,1.0944,0.05494506
4/21/2021 5:15,1.095877,0.05494506
4/21/2021 5:20,1.102523,0.05494506
4/21/2021 5:25,1.097354,0.05372405
4/21/2021 5:30,1.092923,0.05372405
4/21/2021 5:35,1.092185,0.05372405
4/21/2021 5:40,1.098092,0.05372405
4/21/2021 5:45,1.093662,0.05372405
4/21/2021 5:50,1.085538,0.05372405
4/21/2021 5:55,1.088492,0.05372405
4/21/2021 6:00,1.089231,0.05372405
4/21/2021 6:05,1.093662,0.05372405
4/21/2021 6:10,1.087754,0.05372405
4/21/2021 6:15,1.095877,0.05372405
4/21/2021 6:20,1.085538,0.05250305
4/21/2021 6:25,1.0944,0.05250305
4/21/2021 6:30,1.087754,0.05250305
4/21/2021 6:35,1.0848,0.05250305
4/21/2021 6:40,1.082585,0.05250305
4/21/2021 6:45,1.089231,0.05250305
4/21/2021 6:50,1.092923,0.05250305
4/21/2021 6:55,1.090708,0.05128205
4/21/2021 7:00,1.086277,0.05128205
4/21/2021 7:05,1.096615,0.05128205
4/21/2021 7:10,1.093662,0.05128205
4/21/2021 7:15,1.095138,0.05128205
4/21/2021 7:20,1.093662,0.05128205
4/21/2021 7:25,1.0944,0.05128205
4/21/2021 7:30,1.092923,0.05128205
4/21/2021 7:35,1.084062,0.05128205
4/21/2021 7:40,1.091446,0.05128205
4/21/2021 7:45,1.096615,0.05128205
4/21/2021 7:50,1.096615,0.05128205
4/21/2021 7:55,1.098831,0.05128205
4/21/2021 8:00,1.089969,0.05128205
4/21/2021 8:05,1.089969,0.05128205
4/21/2021 8:10,1.0848,0.05128205
4/21/2021 8:15,1.100308,0.05128205
4/21/2021 8:20,1.093662,0.05128205
4/21/2021 8:25,1.093662,0.05128205
4/21/2021 8:30,1.084062,0.05128205
4/21/2021 8:35,1.085538,0.05128205
4/21/2021 8:40,1.095138,0.05128205
4/21/2021 8:45,1.090708,0.05128205
4/21/2021 8:50,1.097354,0.05128205
4/21/2021 8:55,1.098831,0.05128205
4/21/2021 9:00,1.093662,0.05128205
4/21/2021 9:05,1.095877,0.05128205
4/21/2021 9:10,1.097354,0.05128205
4/21/2021 9:15,1.0848,0.05128205
4/21/2021 9:20,1.100308,0.05128205
4/21/2021 9:25,1.093662,0.05128205
4/21/2021 9:30,1.098831,0.05128205
4/21/2021 9:35,1.089231,0.05128205
4/21/2021 9:40,1.093662,0.05128205
4/21/2021 9:45,1.106215,0.05128205
4/21/2021 9:50,1.095138,0.05128205
4/21/2021 9:55,1.106215,0.05128205
4/21/2021 10:00,1.105477,0.05128205
4/21/2021 10:05,1.105477,0.05128205
4/21/2021 10:10,1.098831,0.05128205
4/21/2021 10:15,1.104,0.05128205
4/21/2021 10:20,1.100308,0.05128205
4/21/2021 10:25,1.103261,0.05128205
4/21/2021 10:30,1.111385,0.05128205
4/21/2021 10:35,1.106954,0.05128205
4/21/2021 10:40,1.098831,0.05128205
4/21/2021 10:45,1.097354,0.05128205
4/21/2021 10:50,1.096615,0.05128205
4/21/2021 10:55,1.0944,0.05128205
4/21/2021 11:00,1.098831,0.05128205
4/21/2021 11:05,1.102523,0.05128205
4/21/2021 11:10,1.101785,0.05128205
4/21/2021 11:15,1.101785,0.05128205
4/21/2021 11:20,1.103261,0.05128205
4/21/2021 11:25,1.106954,0.05128205
4/21/2021 11:30,1.105477,0.05128205
4/21/2021 11:35,1.101046,0.05128205
4/21/2021 11:40,1.098092,0.05128205
4/21/2021 11:45,1.101785,0.05128205
4/21/2021 11:50,1.105477,0.05128205
4/21/2021 11:55,1.097354,0.05128205
4/21/2021 12:00,1.111385,0.05128205
4/21/2021 12:05,1.103261,0.05006105
4/21/2021 12:10,1.102523,0.05006105
4/21/2021 12:15,1.106954,0.05006105
4/21/2021 12:20,1.097354,0.05006105
4/21/2021 12:25,1.095877,0.05006105
4/21/2021 12:30,1.097354,0.04884005
4/21/2021 12:35,1.100308,0.04884005
4/21/2021 12:40,1.110646,0.04884005
4/21/2021 12:45,1.104,0.04884005
4/21/2021 12:50,1.098831,0.04884005
4/21/2021 12:55,1.101785,0.04884005
4/21/2021 13:00,1.095138,0.04884005
4/21/2021 13:05,1.105477,0.04884005
4/21/2021 13:10,1.098092,0.04884005
4/21/2021 13:15,1.086277,0.04884005
4/21/2021 13:20,1.097354,0.04884005
4/21/2021 13:25,1.092185,0.04761905
4/21/2021 13:30,1.056738,0.04761905
4/21/2021 13:35,0.9792,0.04761905
4/21/2021 13:40,1.001354,0.04761905
4/21/2021 13:45,0.9961846,0.04761905
4/21/2021 13:50,0.9954461,0.04761905
4/21/2021 13:55,0.9954461,0.04761905
4/21/2021 14:00,0.9902769,0.04639805
4/21/2021 14:05,0.9880615,0.04639805
4/21/2021 14:10,0.9806769,0.04639805
4/21/2021 14:15,0.9932307,0.04639805
4/21/2021 14:20,0.9880615,0.04517705
4/21/2021 14:25,0.9851077,0.04517705
4/21/2021 14:30,1.078154,0.04395605
4/21/2021 14:35,1.002092,0.04395605
4/21/2021 14:40,0.9984,0.04395605
4/21/2021 14:45,1.000615,0.04395605
4/21/2021 14:50,0.9555692,0.04273504
4/21/2021 14:55,0.912,0.04273504
4/21/2021 15:00,0.9090461,0.04273504
4/21/2021 15:05,0.9289846,0.04273504
4/21/2021 15:10,0.9083077,0.04273504
4/21/2021 15:15,0.8994461,0.04273504
4/21/2021 15:20,0.8972307,0.04151404
4/21/2021 15:25,0.9009231,0.04151404
4/21/2021 15:30,0.8942769,0.04151404
4/21/2021 15:35,0.9038769,0.04151404
4/21/2021 15:40,0.8979692,0.04151404
4/21/2021 15:45,0.9024,0.04151404
4/21/2021 15:50,0.8942769,0.04151404
4/21/2021 15:55,0.8957538,0.04151404
4/21/2021 16:00,0.9024,0.04151404
4/21/2021 16:05,0.8957538,0.04029304
4/21/2021 16:10,0.8928,0.04029304
4/21/2021 16:15,0.8979692,0.04029304
4/21/2021 16:20,0.8964923,0.04029304
4/21/2021 16:25,0.8957538,0.04029304
4/21/2021 16:30,0.8913231,0.04029304
4/21/2021 16:35,0.8905846,0.04029304
4/21/2021 16:40,0.8957538,0.04029304
4/21/2021 16:45,0.8935384,0.04029304
4/21/2021 16:50,0.8905846,0.04029304
4/21/2021 16:55,0.8854154,0.04029304
4/21/2021 17:00,0.8891077,0.03907204
4/21/2021 17:05,0.8928,0.03907204
4/21/2021 17:10,0.8957538,0.03907204
4/21/2021 17:15,0.8854154,0.03907204
4/21/2021 17:20,0.8876308,0.03907204
4/21/2021 17:25,0.8861538,0.03907204
4/21/2021 17:30,0.8861538,0.03907204
4/21/2021 17:35,0.8994461,0.03785104
4/21/2021 17:40,0.8802461,0.03785104
4/21/2021 17:45,0.8802461,0.03785104
4/21/2021 17:50,0.8883692,0.03785104
4/21/2021 17:55,0.8854154,0.03785104
4/21/2021 18:00,0.8891077,0.03785104
4/21/2021 18:05,0.8854154,0.03785104
4/21/2021 18:10,0.8795077,0.03785104
4/21/2021 18:15,0.8868923,0.03785104
4/21/2021 18:20,0.8898461,0.03785104
4/21/2021 18:25,0.8905846,0.03785104
4/21/2021 18:30,0.8854154,0.03663004
4/21/2021 18:35,0.8898461,0.03663004
4/21/2021 18:40,0.8868923,0.03663004
4/21/2021 18:45,0.8891077,0.03663004
4/21/2021 18:50,0.8854154,0.03663004
4/21/2021 18:55,0.8935384,0.03663004
4/21/2021 19:00,0.8942769,0.03540904
4/21/2021 19:05,0.8846769,0.03540904
4/21/2021 19:10,0.8935384,0.03540904
4/21/2021 19:15,0.8913231,0.03540904
4/21/2021 19:20,0.8861538,0.03540904
4/21/2021 19:25,0.8913231,0.03540904
4/21/2021 19:30,0.9001846,0.03540904
4/21/2021 19:35,0.8905846,0.03540904
4/21/2021 19:40,0.8928,0.03540904
4/21/2021 19:45,0.8935384,0.03540904
4/21/2021 19:50,0.8891077,0.03540904
4/21/2021 19:55,0.8913231,0.03540904
4/21/2021 20:00,0.8920615,0.03540904
4/21/2021 20:05,0.8883692,0.03540904
4/21/2021 20:10,0.8942769,0.03540904
4/21/2021 20:15,0.8876308,0.03540904
4/21/2021 20:20,0.8846769,0.03540904
4/21/2021 20:25,0.8817231,0.03540904
4/21/2021 20:30,0.8898461,0.03540904
4/21/2021 20:35,0.8928,0.03418804
4/21/2021 20:40,0.8817231,0.03418804
4/21/2021 20:45,0.8795077,0.03418804
4/21/2021 20:50,0.8861538,0.03418804
4/21/2021 20:55,0.8846769,0.03418804
4/21/2021 21:00,0.8846769,0.03418804
4/21/2021 21:05,0.8832,0.03418804
4/21/2021 21:10,0.8898461,0.03418804
4/21/2021 21:15,0.8868923,0.03418804
4/21/2021 21:20,0.9068307,0.03418804
4/21/2021 21:25,0.9083077,0.03418804
4/21/2021 21:30,0.9046153,0.03418804
4/21/2021 21:35,0.9046153,0.03418804
4/21/2021 21:40,0.9053538,0.03418804
4/21/2021 21:45,0.9031384,0.03418804
4/21/2021 21:50,0.9001846,0.03418804
4/21/2021 21:55,0.9031384,0.03418804
4/21/2021 22:00,0.8987077,0.03418804
4/21/2021 22:05,0.9053538,0.03418804
4/21/2021 22:10,0.9038769,0.03418804
4/21/2021 22:15,0.8979692,0.03418804
4/21/2021 22:20,0.8987077,0.03418804
4/21/2021 22:25,0.8987077,0.03418804
4/21/2021 22:30,0.9127384,0.03418804
4/21/2021 22:35,0.9031384,0.03418804
4/21/2021 22:40,0.9024,0.03418804
4/21/2021 22:45,0.8957538,0.03418804
4/21/2021 22:50,0.8972307,0.03418804
4/21/2021 22:55,0.8861538,0.03418804
4/21/2021 23:00,0.9038769,0.03418804
4/21/2021 23:05,0.9009231,0.03296703
4/21/2021 23:10,0.8957538,0.03296703
4/21/2021 23:15,0.8964923,0.03296703
4/21/2021 23:20,0.8920615,0.03296703
4/21/2021 23:25,0.8987077,0.03296703
4/21/2021 23:30,0.8928,0.03296703
4/21/2021 23:35,0.8950154,0.03296703
4/21/2021 23:40,0.8928,0.03296703
4/21/2021 23:45,0.8854154,0.03296703
4/21/2021 23:50,0.8957538,0.03296703
4/21/2021 23:55,0.8898461,0.03296703
4/22/2021 0:00,0.8905846,0.03296703
4/22/2021 0:05,0.8942769,0.03296703
4/22/2021 0:10,0.8898461,0.03296703
4/22/2021 0:15,0.8942769,0.03174603
4/22/2021 0:20,0.8972307,0.03174603
4/22/2021 0:25,0.8891077,0.03174603
4/22/2021 0:30,0.8846769,0.03174603
4/22/2021 0:35,0.8876308,0.03174603
4/22/2021 0:40,0.8846769,0.03174603
4/22/2021 0:45,0.8868923,0.03052503
4/22/2021 0:50,0.8846769,0.03052503
4/22/2021 0:55,0.9016615,0.03052503
4/22/2021 1:00,0.9001846,0.03052503
4/22/2021 1:05,0.9090461,0.03052503
4/22/2021 1:10,0.9127384,0.03052503
4/22/2021 1:15,0.9009231,0.03052503
4/22/2021 1:20,0.9009231,0.03052503
4/22/2021 1:25,0.9112616,0.03052503
4/22/2021 1:30,0.8994461,0.03052503
4/22/2021 1:35,0.9038769,0.03052503
4/22/2021 1:40,0.9046153,0.03052503
4/22/2021 1:45,0.8957538,0.03052503
4/22/2021 1:50,0.9053538,0.03052503
4/22/2021 1:55,0.9031384,0.02930403
4/22/2021 2:00,0.9083077,0.02930403
4/22/2021 2:05,0.9075692,0.02930403
4/22/2021 2:10,0.9001846,0.02930403
4/22/2021 2:15,0.9105231,0.02930403
4/22/2021 2:20,0.8957538,0.02930403
4/22/2021 2:25,0.9090461,0.02930403
4/22/2021 2:30,0.9068307,0.02930403
4/22/2021 2:35,0.9105231,0.02930403
4/22/2021 2:40,0.9046153,0.02930403
4/22/2021 2:45,0.9068307,0.02930403
4/22/2021 2:50,0.8987077,0.02930403
4/22/2021 2:55,0.9156923,0.02930403
4/22/2021 3:00,0.9105231,0.02930403
4/22/2021 3:05,0.9009231,0.02930403
4/22/2021 3:10,0.9053538,0.02930403
4/22/2021 3:15,0.9090461,0.02930403
4/22/2021 3:20,0.9024,0.02930403
4/22/2021 3:25,0.9083077,0.02930403
4/22/2021 3:30,0.9031384,0.02930403
4/22/2021 3:35,0.9068307,0.02930403
4/22/2021 3:40,0.9053538,0.02930403
4/22/2021 3:45,0.9016615,0.02930403
4/22/2021 3:50,0.8935384,0.02930403
4/22/2021 3:55,0.8964923,0.02930403
4/22/2021 4:00,0.8964923,0.02930403
4/22/2021 4:05,0.8964923,0.02930403
4/22/2021 4:10,0.9009231,0.02930403
4/22/2021 4:15,0.8987077,0.02930403
4/22/2021 4:20,0.9083077,0.02930403
4/22/2021 4:25,0.9016615,0.02930403
4/22/2021 4:30,0.9068307,0.02930403
4/22/2021 4:35,0.9068307,0.02930403
4/22/2021 4:40,0.9105231,0.02930403
4/22/2021 4:45,0.9179077,0.03052503
4/22/2021 4:50,0.9238154,0.03052503
4/22/2021 4:55,0.9171692,0.03052503
4/22/2021 5:00,0.9090461,0.03052503
4/22/2021 5:05,0.8979692,0.03052503
4/22/2021 5:10,0.8987077,0.03052503
4/22/2021 5:15,0.9031384,0.03052503
4/22/2021 5:20,0.9009231,0.03052503
4/22/2021 5:25,0.8972307,0.03052503
4/22/2021 5:30,0.9060923,0.03052503
4/22/2021 5:35,0.8987077,0.03052503
4/22/2021 5:40,0.9024,0.03052503
4/22/2021 5:45,0.9016615,0.03052503
4/22/2021 5:50,0.8928,0.03052503
4/22/2021 5:55,0.8942769,0.03052503
4/22/2021 6:00,0.8935384,0.03052503
4/22/2021 6:05,0.8987077,0.03052503
4/22/2021 6:10,0.8957538,0.03174603
4/22/2021 6:15,0.8928,0.03174603
4/22/2021 6:20,0.8979692,0.03174603
4/22/2021 6:25,0.8994461,0.03174603
4/22/2021 6:30,0.9009231,0.03174603
4/22/2021 6:35,0.9009231,0.03174603
4/22/2021 6:40,0.8979692,0.03174603
4/22/2021 6:45,0.8913231,0.03174603
4/22/2021 6:50,0.8994461,0.03174603
4/22/2021 6:55,0.8957538,0.03174603
4/22/2021 7:00,0.9016615,0.03174603
4/22/2021 7:05,0.9009231,0.03174603
4/22/2021 7:10,0.8957538,0.03174603
4/22/2021 7:15,0.8994461,0.03174603
4/22/2021 7:20,0.9024,0.03296703
4/22/2021 7:25,0.9024,0.03296703
4/22/2021 7:30,0.9984,0.03296703
4/22/2021 7:35,1.001354,0.03296703
4/22/2021 7:40,0.9984,0.03296703
4/22/2021 7:45,0.9976615,0.03296703
4/22/2021 7:50,1.002831,0.03296703
4/22/2021 7:55,0.9991384,0.03296703
4/22/2021 8:00,0.9947076,0.03296703
4/22/2021 8:05,1.002831,0.03296703
4/22/2021 8:10,0.9991384,0.03296703
4/22/2021 8:15,1.002831,0.03296703
4/22/2021 8:20,0.9961846,0.03296703
4/22/2021 8:25,0.9924923,0.03296703
4/22/2021 8:30,0.9939692,0.03296703
4/22/2021 8:35,0.9961846,0.03296703
4/22/2021 8:40,0.9984,0.03296703
4/22/2021 8:45,0.9991384,0.03296703
4/22/2021 8:50,0.9947076,0.03296703
4/22/2021 8:55,0.9917538,0.03296703
4/22/2021 9:00,0.9932307,0.03296703
4/22/2021 9:05,0.9961846,0.03174603
4/22/2021 9:10,0.9851077,0.03174603
4/22/2021 9:15,0.9917538,0.03296703
4/22/2021 9:20,0.9814154,0.03174603
4/22/2021 9:25,0.9821538,0.03174603
4/22/2021 9:30,0.9910154,0.03174603
4/22/2021 9:35,0.987323,0.03174603
4/22/2021 9:40,0.9858461,0.03174603
4/22/2021 9:45,0.9880615,0.03174603
4/22/2021 9:50,0.9636922,0.03174603
4/22/2021 9:55,1.009477,0.03174603
4/22/2021 10:00,1.011692,0.03174603
4/22/2021 10:05,1.016123,0.03174603
4/22/2021 10:10,1.005785,0.03174603
4/22/2021 10:15,1.008,0.03174603
4/22/2021 10:20,1.0176,0.03052503
4/22/2021 10:25,1.010215,0.03052503
4/22/2021 10:30,1.018338,0.03052503
4/22/2021 10:35,1.004308,0.03052503
4/22/2021 10:40,0.9961846,0.03052503
4/22/2021 10:45,1.004308,0.03052503
4/22/2021 10:50,1.006523,0.03052503
4/22/2021 10:55,1.004308,0.03052503
4/22/2021 11:00,1.005046,0.03052503
4/22/2021 11:05,1.005046,0.03052503
4/22/2021 11:10,1.005785,0.03052503
4/22/2021 11:15,1.005785,0.03052503
4/22/2021 11:20,1.008738,0.03052503
4/22/2021 11:25,1.009477,0.03052503
4/22/2021 11:30,1.001354,0.03052503
4/22/2021 11:35,1.004308,0.03052503
4/22/2021 11:40,0.9947076,0.03052503
4/22/2021 11:45,1.007262,0.03052503
4/22/2021 11:50,1.004308,0.03052503
4/22/2021 11:55,1.002831,0.03052503
4/22/2021 12:00,0.9991384,0.03052503
4/22/2021 12:05,1.005046,0.03052503
4/22/2021 12:10,1.004308,0.03052503
4/22/2021 12:15,1.002831,0.03052503
4/22/2021 12:20,1.001354,0.03052503
4/22/2021 12:25,0.9998769,0.03052503
4/22/2021 12:30,0.9954461,0.03052503
4/22/2021 12:35,1.002092,0.03052503
4/22/2021 12:40,1.002092,0.03052503
4/22/2021 12:45,1.002831,0.03052503
4/22/2021 12:50,1.010215,0.03052503
4/22/2021 12:55,0.9947076,0.03052503
4/22/2021 13:00,0.9924923,0.03052503
4/22/2021 13:05,1.001354,0.03052503
4/22/2021 13:10,0.9998769,0.03052503
4/22/2021 13:15,0.9954461,0.03052503
4/22/2021 13:20,0.996923,0.03052503
4/22/2021 13:25,1.001354,0.03052503
4/22/2021 13:30,0.9998769,0.03052503
4/22/2021 13:35,0.996923,0.03052503
4/22/2021 13:40,0.996923,0.03052503
4/22/2021 13:45,0.9917538,0.03052503
4/22/2021 13:50,0.9932307,0.03052503
4/22/2021 13:55,1.006523,0.03052503
4/22/2021 14:00,0.9917538,0.03052503
4/22/2021 14:05,0.9947076,0.03052503
4/22/2021 14:10,0.9902769,0.03052503
4/22/2021 14:15,0.9895384,0.03052503
4/22/2021 14:20,0.9902769,0.03052503
4/22/2021 14:25,0.9902769,0.03052503
4/22/2021 14:30,0.9924923,0.03052503
4/22/2021 14:35,0.996923,0.03052503
4/22/2021 14:40,0.996923,0.03052503
4/22/2021 14:45,0.9932307,0.03052503
4/22/2021 14:50,1.002831,0.03052503
4/22/2021 14:55,0.9902769,0.03052503
4/22/2021 15:00,1.001354,0.03052503
4/22/2021 15:05,0.9939692,0.03052503
4/22/2021 15:10,0.9821538,0.03052503
4/22/2021 15:15,0.9821538,0.03052503
4/22/2021 15:20,0.9924923,0.03052503
4/22/2021 15:25,0.9865846,0.03052503
4/22/2021 15:30,0.9939692,0.03052503
4/22/2021 15:35,0.9932307,0.03052503
4/22/2021 15:40,0.9888,0.03052503
4/22/2021 15:45,0.9895384,0.03052503
4/22/2021 15:50,0.9888,0.03052503
4/22/2021 15:55,0.9806769,0.03052503
4/22/2021 16:00,0.987323,0.03052503
4/22/2021 16:05,0.9865846,0.03052503
4/22/2021 16:10,0.9895384,0.03052503
4/22/2021 16:15,0.9865846,0.03052503
4/22/2021 16:20,0.9880615,0.03052503
4/22/2021 16:25,0.9821538,0.03052503
4/22/2021 16:30,0.9784615,0.03052503
4/22/2021 16:35,0.9792,0.03052503
4/22/2021 16:40,0.9865846,0.03052503
4/22/2021 16:45,0.9910154,0.03052503
4/22/2021 16:50,0.9843692,0.03052503
4/22/2021 16:55,0.987323,0.03052503
4/22/2021 17:00,0.9865846,0.03052503
4/22/2021 17:05,0.9917538,0.03052503
4/22/2021 17:10,0.9865846,0.03052503
4/22/2021 17:15,0.987323,0.03052503
4/22/2021 17:20,0.9888,0.03052503
4/22/2021 17:25,0.9762462,0.03052503
4/22/2021 17:30,0.9924923,0.03052503
4/22/2021 17:35,0.9858461,0.03052503
4/22/2021 17:40,0.9821538,0.03052503
4/22/2021 17:45,0.9924923,0.03052503
4/22/2021 17:50,0.9939692,0.03052503
4/22/2021 17:55,0.9910154,0.03052503
4/22/2021 18:00,0.9865846,0.03052503
4/22/2021 18:05,0.9895384,0.03052503
4/22/2021 18:10,0.9880615,0.03052503
4/22/2021 18:15,0.9843692,0.03052503
4/22/2021 18:20,0.9991384,0.03052503
4/22/2021 18:25,0.9851077,0.03052503
4/22/2021 18:30,0.9888,0.03052503
4/22/2021 18:35,0.9932307,0.03052503
4/22/2021 18:40,0.9917538,0.03052503
4/22/2021 18:45,0.9924923,0.03052503
4/22/2021 18:50,0.987323,0.03052503
4/22/2021 18:55,0.987323,0.03052503
4/22/2021 19:00,0.9939692,0.03052503
4/22/2021 19:05,0.9984,0.03052503
4/22/2021 19:10,1.001354,0.02930403
4/22/2021 19:15,0.9998769,0.02930403
4/22/2021 19:20,1.001354,0.02930403
4/22/2021 19:25,1.005785,0.02930403
4/22/2021 19:30,1.007262,0.02930403
4/22/2021 19:35,1.008,0.02930403
4/22/2021 19:40,1.002092,0.02930403
4/22/2021 19:45,1.002831,0.02930403
4/22/2021 19:50,1.005785,0.02930403
4/22/2021 19:55,1.014646,0.02930403
4/22/2021 20:00,1.005046,0.02930403
4/22/2021 20:05,1.003569,0.02930403
4/22/2021 20:10,1.004308,0.02930403
4/22/2021 20:15,1.005046,0.02930403
4/22/2021 20:20,1.011692,0.02930403
4/22/2021 20:25,1.013908,0.02930403
4/22/2021 20:30,1.079631,0.02930403
4/22/2021 20:35,1.078892,0.02930403
4/22/2021 20:40,1.0656,0.02930403
4/22/2021 20:45,1.104738,0.02930403
4/22/2021 20:50,1.104738,0.02930403
4/22/2021 20:55,1.116554,0.02930403
4/22/2021 21:00,1.114338,0.02930403
4/22/2021 21:05,1.106954,0.02930403
4/22/2021 21:10,1.098092,0.02930403
4/22/2021 21:15,1.0848,0.02930403
4/22/2021 21:20,1.091446,0.02930403
4/22/2021 21:25,1.095877,0.02930403
4/22/2021 21:30,1.090708,0.02930403
4/22/2021 21:35,1.092185,0.02930403
4/22/2021 21:40,1.097354,0.02930403
4/22/2021 21:45,1.093662,0.02930403
4/22/2021 21:50,1.087754,0.02930403
4/22/2021 21:55,1.087754,0.02930403
4/22/2021 22:00,1.089231,0.02808303
4/22/2021 22:05,1.093662,0.02808303
4/22/2021 22:10,1.084062,0.02808303
4/22/2021 22:15,1.092185,0.02808303
4/22/2021 22:20,1.079631,0.02808303
4/22/2021 22:25,1.0848,0.02808303
4/22/2021 22:30,1.089231,0.02930403
4/22/2021 22:35,1.081846,0.02808303
4/22/2021 22:40,1.083323,0.02808303
4/22/2021 22:45,1.086277,0.02808303
4/22/2021 22:50,1.086277,0.02808303
4/22/2021 22:55,1.079631,0.02808303
4/22/2021 23:00,1.076677,0.02808303
4/22/2021 23:05,1.129108,0.02808303
4/22/2021 23:10,1.124677,0.02808303
4/22/2021 23:15,1.057477,0.02808303
4/22/2021 23:20,1.1136,0.02808303
4/22/2021 23:25,1.102523,0.02808303
4/22/2021 23:30,1.105477,0.02808303
4/22/2021 23:35,1.106954,0.02808303
4/22/2021 23:40,1.106215,0.02808303
4/22/2021 23:45,1.104738,0.02808303
4/22/2021 23:50,1.110646,0.02808303
4/22/2021 23:55,1.112862,0.02808303
4/23/2021 0:00,1.101046,0.02808303
4/23/2021 0:05,1.097354,0.02808303
4/23/2021 0:10,1.104738,0.02808303
4/23/2021 0:15,1.093662,0.02808303
4/23/2021 0:20,1.097354,0.02808303
4/23/2021 0:25,1.092185,0.02808303
4/23/2021 0:30,1.0848,0.02808303
4/23/2021 0:35,1.091446,0.02808303
4/23/2021 0:40,1.097354,0.02808303
4/23/2021 0:45,1.088492,0.02808303
4/23/2021 0:50,1.093662,0.02808303
4/23/2021 0:55,1.096615,0.02808303
4/23/2021 1:00,1.092185,0.02808303
4/23/2021 1:05,1.092185,0.02808303
4/23/2021 1:10,1.0944,0.02808303
4/23/2021 1:15,1.093662,0.02808303
4/23/2021 1:20,1.090708,0.02808303
4/23/2021 1:25,1.086277,0.02808303
4/23/2021 1:30,1.088492,0.02808303
4/23/2021 1:35,1.0848,0.02808303
4/23/2021 1:40,1.077415,0.02808303
4/23/2021 1:45,1.090708,0.02808303
4/23/2021 1:50,1.080369,0.02808303
4/23/2021 1:55,1.072246,0.02808303
4/23/2021 2:00,1.121723,0.02808303
4/23/2021 2:05,1.110646,0.02808303
4/23/2021 2:10,1.109908,0.02808303
4/23/2021 2:15,1.117292,0.02808303
4/23/2021 2:20,1.107692,0.02808303
4/23/2021 2:25,1.1136,0.02808303
4/23/2021 2:30,1.101785,0.02808303
4/23/2021 2:35,1.106954,0.02808303
4/23/2021 2:40,1.101046,0.02808303
4/23/2021 2:45,1.104,0.02808303
4/23/2021 2:50,1.105477,0.02808303
4/23/2021 2:55,1.101046,0.02808303
4/23/2021 3:00,1.091446,0.02808303
4/23/2021 3:05,1.093662,0.02808303
4/23/2021 3:10,1.101046,0.02808303
4/23/2021 3:15,1.100308,0.02808303
4/23/2021 3:20,1.093662,0.02808303
4/23/2021 3:25,1.085538,0.02808303
4/23/2021 3:30,1.087754,0.02808303
4/23/2021 3:35,1.076677,0.02808303
4/23/2021 3:40,1.075938,0.02808303
4/23/2021 3:45,1.081846,0.02808303
4/23/2021 3:50,1.088492,0.02808303
4/23/2021 3:55,1.081846,0.02808303
4/23/2021 4:00,1.084062,0.02808303
4/23/2021 4:05,1.008,0.02808303
4/23/2021 4:10,0.9895384,0.02808303
4/23/2021 4:15,0.9843692,0.02808303
4/23/2021 4:20,0.9984,0.02808303
4/23/2021 4:25,0.9755077,0.02808303
4/23/2021 4:30,0.9851077,0.02930403
4/23/2021 4:35,0.9762462,0.02930403
4/23/2021 4:40,0.9851077,0.02930403
4/23/2021 4:45,0.987323,0.02930403
4/23/2021 4:50,1.022031,0.02930403
4/23/2021 4:55,0.9710769,0.02930403
4/23/2021 5:00,1.002092,0.02930403
4/23/2021 5:05,0.9961846,0.02930403
4/23/2021 5:10,0.9984,0.02930403
4/23/2021 5:15,1.012431,0.02930403
4/23/2021 5:20,0.9947076,0.02930403
4/23/2021 5:25,0.9954461,0.02930403
4/23/2021 5:30,0.9947076,0.02930403
4/23/2021 5:35,1.003569,0.02930403
4/23/2021 5:40,0.9976615,0.02930403
4/23/2021 5:45,0.996923,0.02930403
4/23/2021 5:50,1.001354,0.02930403
4/23/2021 5:55,0.9932307,0.02930403
4/23/2021 6:00,1.001354,0.02930403
4/23/2021 6:05,1.004308,0.02930403
4/23/2021 6:10,0.9984,0.02930403
4/23/2021 6:15,0.9888,0.02808303
4/23/2021 6:20,1.011692,0.02808303
4/23/2021 6:25,1.000615,0.02808303
4/23/2021 6:30,1.001354,0.02808303
4/23/2021 6:35,0.9976615,0.02808303
4/23/2021 6:40,0.996923,0.02808303
4/23/2021 6:45,0.987323,0.02808303
4/23/2021 6:50,0.9947076,0.02808303
4/23/2021 6:55,0.9917538,0.02808303
4/23/2021 7:00,0.9917538,0.02808303
4/23/2021 7:05,1.001354,0.02808303
4/23/2021 7:10,0.9924923,0.02808303
4/23/2021 7:15,0.9828923,0.02808303
4/23/2021 7:20,0.9910154,0.02808303
4/23/2021 7:25,0.9902769,0.02808303
4/23/2021 7:30,0.9932307,0.02808303
4/23/2021 7:35,0.9902769,0.02808303
4/23/2021 7:40,0.9984,0.02808303
4/23/2021 7:45,0.9910154,0.02808303
4/23/2021 7:50,0.9902769,0.02808303
4/23/2021 7:55,0.9932307,0.02808303
4/23/2021 8:00,0.9895384,0.02808303
4/23/2021 8:05,0.9984,0.02808303
4/23/2021 8:10,0.9984,0.02808303
4/23/2021 8:15,0.9947076,0.02808303
4/23/2021 8:20,0.9961846,0.02808303
4/23/2021 8:25,1.004308,0.02808303
4/23/2021 8:30,0.9961846,0.02808303
4/23/2021 8:35,0.9917538,0.02808303
4/23/2021 8:40,1.087754,0.02808303
4/23/2021 8:45,1.096615,0.02808303
4/23/2021 8:50,1.093662,0.02808303
4/23/2021 8:55,1.092185,0.02808303
4/23/2021 9:00,1.100308,0.02808303
4/23/2021 9:05,1.097354,0.02808303
4/23/2021 9:10,1.098831,0.02808303
4/23/2021 9:15,1.101046,0.02808303
4/23/2021 9:20,1.104738,0.02808303
4/23/2021 9:25,1.091446,0.02808303
4/23/2021 9:30,1.098092,0.02808303
4/23/2021 9:35,1.101785,0.02808303
4/23/2021 9:40,1.098092,0.02808303
4/23/2021 9:45,1.103261,0.02808303
4/23/2021 9:50,1.092923,0.02808303
4/23/2021 9:55,1.101046,0.02808303
4/23/2021 10:00,1.100308,0.02808303
4/23/2021 10:05,1.095138,0.02808303
4/23/2021 10:10,1.097354,0.02808303
4/23/2021 10:15,1.100308,0.02808303
4/23/2021 10:20,1.091446,0.02808303
4/23/2021 10:25,1.097354,0.02808303
4/23/2021 10:30,1.097354,0.02686203
4/23/2021 10:35,1.096615,0.02686203
4/23/2021 10:40,1.104738,0.02686203
4/23/2021 10:45,1.095877,0.02686203
4/23/2021 10:50,1.096615,0.02686203
4/23/2021 10:55,1.098831,0.02686203
4/23/2021 11:00,1.098831,0.02686203
4/23/2021 11:05,1.097354,0.02686203
4/23/2021 11:10,1.105477,0.02686203
4/23/2021 11:15,1.097354,0.02686203
4/23/2021 11:20,1.101785,0.02686203
4/23/2021 11:25,1.095877,0.02686203
4/23/2021 11:30,1.088492,0.02686203
4/23/2021 11:35,1.106215,0.02686203
4/23/2021 11:40,1.089969,0.02686203
4/23/2021 11:45,1.099569,0.02686203
4/23/2021 11:50,1.092185,0.02686203
4/23/2021 11:55,1.092923,0.02686203
4/23/2021 12:00,1.099569,0.02686203
4/23/2021 12:05,1.098831,0.02686203
4/23/2021 12:10,1.097354,0.02686203
4/23/2021 12:15,1.098831,0.02686203
4/23/2021 12:20,1.096615,0.02686203
4/23/2021 12:25,1.096615,0.02686203
4/23/2021 12:30,1.100308,0.02686203
4/23/2021 12:35,1.102523,0.02686203
4/23/2021 12:40,1.092185,0.02686203
4/23/2021 12:45,1.097354,0.02686203
4/23/2021 12:50,1.098831,0.02686203
4/23/2021 12:55,1.103261,0.02686203
4/23/2021 13:00,1.092923,0.02686203
4/23/2021 13:05,1.103261,0.02686203
4/23/2021 13:10,1.106954,0.02686203
4/23/2021 13:15,1.105477,0.02686203
4/23/2021 13:20,1.100308,0.02686203
4/23/2021 13:25,1.095877,0.02686203
4/23/2021 13:30,1.095138,0.02686203
4/23/2021 13:35,1.086277,0.02686203
4/23/2021 13:40,1.092185,0.02686203
4/23/2021 13:45,1.039754,0.02686203
4/23/2021 13:50,0.9821538,0.02686203
4/23/2021 13:55,0.987323,0.02686203
4/23/2021 14:00,0.9910154,0.02686203
4/23/2021 14:05,0.9895384,0.02686203
4/23/2021 14:10,0.9851077,0.02686203
4/23/2021 14:15,0.9858461,0.02686203
4/23/2021 14:20,0.9917538,0.02686203
4/23/2021 14:25,0.9961846,0.02686203
4/23/2021 14:30,0.9836308,0.02686203
4/23/2021 14:35,0.9865846,0.02686203
4/23/2021 14:40,0.9895384,0.02686203
4/23/2021 14:45,0.9836308,0.02686203
4/23/2021 14:50,0.9880615,0.02686203
4/23/2021 14:55,0.9777231,0.02686203
4/23/2021 15:00,1.030154,0.02686203
4/23/2021 15:05,1.012431,0.02686203
4/23/2021 15:10,1.016123,0.02686203
4/23/2021 15:15,1.024246,0.02686203
4/23/2021 15:20,1.012431,0.02686203
4/23/2021 15:25,1.019077,0.02686203
4/23/2021 15:30,1.014646,0.02686203
4/23/2021 15:35,1.007262,0.02686203
4/23/2021 15:40,1.0176,0.02686203
4/23/2021 15:45,1.0176,0.02686203
4/23/2021 15:50,1.015385,0.02686203
4/23/2021 15:55,1.011692,0.02686203
4/23/2021 16:00,1.015385,0.02686203
4/23/2021 16:05,1.016123,0.02686203
4/23/2021 16:10,1.005785,0.02686203
4/23/2021 16:15,1.022769,0.02686203
4/23/2021 16:20,1.009477,0.02686203
4/23/2021 16:25,1.020554,0.02686203
4/23/2021 16:30,1.010954,0.02686203
4/23/2021 16:35,1.012431,0.02686203
4/23/2021 16:40,1.013908,0.02686203
4/23/2021 16:45,1.010215,0.02686203
4/23/2021 16:50,1.006523,0.02686203
4/23/2021 16:55,1.001354,0.02686203
4/23/2021 17:00,1.010954,0.02686203
4/23/2021 17:05,1.016123,0.02686203
4/23/2021 17:10,1.013908,0.02686203
4/23/2021 17:15,1.013169,0.02686203
4/23/2021 17:20,1.002831,0.02686203
4/23/2021 17:25,1.008,0.02686203
4/23/2021 17:30,1.010954,0.02686203
4/23/2021 17:35,1.009477,0.02686203
4/23/2021 17:40,1.006523,0.02686203
4/23/2021 17:45,1.006523,0.02686203
4/23/2021 17:50,1.003569,0.02686203
4/23/2021 17:55,1.007262,0.02686203
4/23/2021 18:00,1.005785,0.02686203
4/23/2021 18:05,0.996923,0.02686203
4/23/2021 18:10,1.004308,0.02686203
4/23/2021 18:15,1.015385,0.02686203
4/23/2021 18:20,1.002831,0.02686203
4/23/2021 18:25,0.996923,0.02686203
4/23/2021 18:30,0.996923,0.02686203
4/23/2021 18:35,0.9998769,0.02686203
4/23/2021 18:40,0.9954461,0.02686203
4/23/2021 18:45,0.9961846,0.02686203
4/23/2021 18:50,0.9998769,0.02686203
4/23/2021 18:55,0.9991384,0.02686203
4/23/2021 19:00,1.008,0.02686203
4/23/2021 19:05,0.9998769,0.02686203
4/23/2021 19:10,0.9984,0.02686203
4/23/2021 19:15,0.9998769,0.02686203
4/23/2021 19:20,0.9991384,0.02686203
4/23/2021 19:25,0.996923,0.02686203
4/23/2021 19:30,0.9961846,0.02686203
4/23/2021 19:35,1.002092,0.02686203
4/23/2021 19:40,0.9984,0.02686203
4/23/2021 19:45,0.9998769,0.02686203
4/23/2021 19:50,1.001354,0.02686203
4/23/2021 19:55,1.001354,0.02686203
4/23/2021 20:00,0.9984,0.02686203
4/23/2021 20:05,1.005785,0.02686203
4/23/2021 20:10,0.9998769,0.02686203
4/23/2021 20:15,0.9939692,0.02686203
4/23/2021 20:20,0.9947076,0.02686203
4/23/2021 20:25,0.9998769,0.02686203
4/23/2021 20:30,0.9939692,0.02686203
4/23/2021 20:35,0.9910154,0.02686203
4/23/2021 20:40,0.9991384,0.02686203
4/23/2021 20:45,0.996923,0.02686203
4/23/2021 20:50,0.9917538,0.02686203
4/23/2021 20:55,0.9991384,0.02686203
4/23/2021 21:00,0.9932307,0.02686203
4/23/2021 21:05,0.9932307,0.02686203
4/23/2021 21:10,0.9917538,0.02808303
4/23/2021 21:15,0.9902769,0.02808303
4/23/2021 21:20,0.9954461,0.02808303
4/23/2021 21:25,0.9917538,0.02808303
4/23/2021 21:30,0.9947076,0.02808303
4/23/2021 21:35,0.9947076,0.02808303
4/23/2021 21:40,0.9991384,0.02808303
4/23/2021 21:45,0.987323,0.02808303
4/23/2021 21:50,0.9998769,0.02808303
4/23/2021 21:55,0.9917538,0.02808303
4/23/2021 22:00,0.9924923,0.02808303
4/23/2021 22:05,0.9947076,0.02808303
4/23/2021 22:10,0.9917538,0.02808303
4/23/2021 22:15,0.9917538,0.02808303
4/23/2021 22:20,0.2326154,0.02808303
4/23/2021 22:25,0.2045538,0.02808303
4/23/2021 22:30,0,-1
4/23/2021 22:35,0,-1
4/23/2021 22:40,0,-1
4/23/2021 22:45,0,-1
4/23/2021 22:50,0,-1
4/23/2021 22:55,0,-1
4/23/2021 23:00,0,-1
4/23/2021 23:05,0,-1
4/23/2021 23:10,0,-1
4/23/2021 23:15,0,-1
4/23/2021 23:20,0,-1
4/23/2021 23:25,0,-1
4/23/2021 23:30,0,-1
4/23/2021 23:35,0,-1
4/23/2021 23:40,0,-1
4/23/2021 23:45,0,-1
4/23/2021 23:50,0,-1
4/23/2021 23:55,0,-1
4/24/2021 0:00,0,-1
4/24/2021 0:05,0,-1
4/24/2021 0:10,0,-1
4/24/2021 0:15,0,-1
4/24/2021 0:20,0,-1
4/24/2021 0:25,0,-1
4/24/2021 0:30,0,-1
4/24/2021 0:35,0,-1
4/24/2021 0:40,0,-1
4/24/2021 0:45,0,-1
4/24/2021 0:50,0,-1
4/24/2021 0:55,0,-1
4/24/2021 1:00,0,-1
4/24/2021 1:05,0,-1
4/24/2021 1:10,0,-1
4/24/2021 1:15,0,-1
4/24/2021 1:20,0,-1
4/24/2021 1:25,0,-1
4/24/2021 1:30,0,-1
4/24/2021 1:35,0,-1
4/24/2021 1:40,0,-1
4/24/2021 1:45,0,-1
4/24/2021 1:50,0,-1
4/24/2021 1:55,0,-1
4/24/2021 2:00,0,-1
4/24/2021 2:05,0,-1
4/24/2021 2:10,0,-1
4/24/2021 2:15,0,-1
4/24/2021 2:20,0,-1
4/24/2021 2:25,0,-1
4/24/2021 2:30,0,-1
4/24/2021 2:35,0,-1
4/24/2021 2:40,0,-1
4/24/2021 2:45,0,-1
4/24/2021 2:50,0,-1
4/24/2021 2:55,0,-1
4/24/2021 3:00,0,-1
4/24/2021 3:05,0,-1
4/24/2021 3:10,0,-1
4/24/2021 3:15,0,-1
4/24/2021 3:20,0,-1
4/24/2021 3:25,0,-1
4/24/2021 3:30,0,-1
4/24/2021 3:35,0,-1
4/24/2021 3:40,0,-1
4/24/2021 3:45,0,-1
4/24/2021 3:50,0,-1
4/24/2021 3:55,0,-1
4/24/2021 4:00,0,-1
4/24/2021 4:05,0,-1
4/24/2021 4:10,0,-1
4/24/2021 4:15,0,-1
4/24/2021 4:20,0,-1
4/24/2021 4:25,0,-1
4/24/2021 4:30,0,-1
4/24/2021 4:35,0,-1
4/24/2021 4:40,0,-1
4/24/2021 4:45,0,-1
4/24/2021 4:50,0,-1
4/24/2021 4:55,0,-1
4/24/2021 5:00,0,-1
4/24/2021 5:05,0,-1
4/24/2021 5:10,0,-1
4/24/2021 5:15,0,-1
4/24/2021 5:20,0,-1
4/24/2021 5:25,0,-1
4/24/2021 5:30,0,-1
4/24/2021 5:35,0,-1
4/24/2021 5:40,0,-1
4/24/2021 5:45,0,-1
4/24/2021 5:50,0,-1
4/24/2021 5:55,0,-1
4/24/2021 6:00,0,-1
4/24/2021 6:05,0,-1
4/24/2021 6:10,0,-1
4/24/2021 6:15,0,-1
4/24/2021 6:20,0,-1
4/24/2021 6:25,0,-1
4/24/2021 6:30,0,-1
4/24/2021 6:35,0,-1
4/24/2021 6:40,0,-1
4/24/2021 6:45,0,-1
4/24/2021 6:50,0,-1
4/24/2021 6:55,0,-1
4/24/2021 7:00,0,-1
4/24/2021 7:05,0,-1
4/24/2021 7:10,0,-1
4/24/2021 7:15,0,-1
4/24/2021 7:20,0,-1
4/24/2021 7:25,0,-1
4/24/2021 7:30,0,-1
4/24/2021 7:35,0,-1
4/24/2021 7:40,0,-1
4/24/2021 7:45,0,-1
4/24/2021 7:50,0,-1
4/24/2021 7:55,0,-1
4/24/2021 8:00,0,-1
4/24/2021 8:05,0,-1
4/24/2021 8:10,0,-1
4/24/2021 8:15,0,-1
4/24/2021 8:20,0,-1
4/24/2021 8:25,0,-1
4/24/2021 8:30,0,-1
4/24/2021 8:35,0,-1
4/24/2021 8:40,0,-1
4/24/2021 8:45,0,-1
4/24/2021 8:50,0,-1
4/24/2021 8:55,0,-1
4/24/2021 9:00,0,-1
4/24/2021 9:05,0,-1
4/24/2021 9:10,0,-1
4/24/2021 9:15,0,-1
4/24/2021 9:20,0,-1
4/24/2021 9:25,0,-1
4/24/2021 9:30,0,-1
4/24/2021 9:35,0,-1
4/24/2021 9:40,0,-1
4/24/2021 9:45,0,-1
4/24/2021 9:50,0,-1
4/24/2021 9:55,0,-1
4/24/2021 10:00,0,-1
4/24/2021 10:05,0,-1
4/24/2021 10:10,0,-1
4/24/2021 10:15,0,-1
4/24/2021 10:20,0,-1
4/24/2021 10:25,0,-1
4/24/2021 10:30,0,-1
4/24/2021 10:35,0,-1
4/24/2021 10:40,0,-1
4/24/2021 10:45,0,-1
4/24/2021 10:50,0,-1
4/24/2021 10:55,0,-1
4/24/2021 11:00,0,-1
4/24/2021 11:05,0,-1
4/24/2021 11:10,0,-1
4/24/2021 11:15,0,-1
4/24/2021 11:20,0,-1
4/24/2021 11:25,0,-1
4/24/2021 11:30,0,-1
4/24/2021 11:35,0,-1
4/24/2021 11:40,0,-1
4/24/2021 11:45,0,-1
4/24/2021 11:50,0,-1
4/24/2021 11:55,0,-1
4/24/2021 12:00,0,-1
4/24/2021 12:05,0,-1
4/24/2021 12:10,0,-1
4/24/2021 12:15,0,-1
4/24/2021 12:20,0,-1
4/24/2021 12:25,0,-1
4/24/2021 12:30,0,-1
4/24/2021 12:35,0,-1
4/24/2021 12:40,0,-1
4/24/2021 12:45,0,-1
4/24/2021 12:50,0,-1
4/24/2021 12:55,0,-1
4/24/2021 13:00,0,-1
4/24/2021 13:05,0,-1
4/24/2021 13:10,0,-1
4/24/2021 13:15,0,-1
4/24/2021 13:20,0,-1
4/24/2021 13:25,0,-1
4/24/2021 13:30,0,-1
4/24/2021 13:35,0,-1
4/24/2021 13:40,0.9828923,0.0940171
4/24/2021 13:45,0.9703385,0.1941392
4/24/2021 13:50,1.019077,0.1428571
4/24/2021 13:55,1.010954,0.1123321
4/24/2021 14:00,1.009477,0.0989011
4/24/2021 14:05,1.013908,0.09157509
4/24/2021 14:10,1.004308,0.08669109
4/24/2021 14:15,1.010954,0.08058608
4/24/2021 14:20,1.008738,0.07570208
4/24/2021 14:25,0.9984,0.07203908
4/24/2021 14:30,1.005785,0.06837607
4/24/2021 14:35,1.008738,0.06593407
4/24/2021 14:40,1.010954,0.06349207
4/24/2021 14:45,1.013908,0.06105006
4/24/2021 14:50,0.996923,0.05982906
4/24/2021 14:55,0.9984,0.05738706
4/24/2021 15:00,1.009477,0.05738706
4/24/2021 15:05,1.002831,0.05616606
4/24/2021 15:10,1.006523,0.05494506
4/24/2021 15:15,0.9998769,0.05372405
4/24/2021 15:20,0.996923,0.05372405
4/24/2021 15:25,1.009477,0.05128205
4/24/2021 15:30,1.011692,0.05128205
4/24/2021 15:35,1.002831,0.05128205
4/24/2021 15:40,1.005046,0.05006105
4/24/2021 15:45,1.013169,0.04884005
4/24/2021 15:50,1.010215,0.04884005
4/24/2021 15:55,0.9984,0.04884005
4/24/2021 16:00,1.012431,0.04884005
4/24/2021 16:05,1.004308,0.04761905
4/24/2021 16:10,1.009477,0.04761905
4/24/2021 16:15,1.005785,0.04639805
4/24/2021 16:20,1.008,0.04639805
4/24/2021 16:25,1.008,0.04639805
4/24/2021 16:30,0.9947076,0.04639805
4/24/2021 16:35,1.010215,0.04639805
4/24/2021 16:40,1.005785,0.04639805
4/24/2021 16:45,1.004308,0.04639805
4/24/2021 16:50,1.002831,0.04639805
4/24/2021 16:55,0.9976615,0.04517705
4/24/2021 17:00,0.996923,0.04517705
4/24/2021 17:05,1.006523,0.04517705
4/24/2021 17:10,1.005046,0.04517705
4/24/2021 17:15,1.010954,0.04517705
4/24/2021 17:20,1.013908,0.04517705
4/24/2021 17:25,1.009477,0.04517705
4/24/2021 17:30,0.9984,0.04395605
4/24/2021 17:35,1.013169,0.04395605
4/24/2021 17:40,1.004308,0.04395605
4/24/2021 17:45,1.008,0.04395605
4/24/2021 17:50,1.005785,0.04395605
4/24/2021 17:55,1.012431,0.04395605
4/24/2021 18:00,1.000615,0.04395605
4/24/2021 18:05,1.006523,0.04395605
4/24/2021 18:10,1.010954,0.04395605
4/24/2021 18:15,1.001354,0.04395605
4/24/2021 18:20,1.007262,0.04395605
4/24/2021 18:25,1.0176,0.04395605
4/24/2021 18:30,1.002092,0.04395605
4/24/2021 18:35,1.012431,0.04395605
4/24/2021 18:40,1.005785,0.04273504
4/24/2021 18:45,1.002831,0.04273504
4/24/2021 18:50,1.008738,0.04273504
4/24/2021 18:55,1.013169,0.04273504
4/24/2021 19:00,1.015385,0.04273504
4/24/2021 19:05,1.011692,0.04273504
4/24/2021 19:10,1.008,0.04273504
4/24/2021 19:15,1.011692,0.04273504
4/24/2021 19:20,1.008738,0.04151404
4/24/2021 19:25,1.015385,0.04151404
4/24/2021 19:30,1.007262,0.04151404
4/24/2021 19:35,0.9998769,0.04151404
4/24/2021 19:40,1.022031,0.04151404
4/24/2021 19:45,1.010215,0.04151404
4/24/2021 19:50,1.005785,0.04151404
4/24/2021 19:55,1.012431,0.04151404
4/24/2021 20:00,1.015385,0.04151404
4/24/2021 20:05,0.9961846,0.04151404
4/24/2021 20:10,0.9947076,0.04151404
4/24/2021 20:15,0.9947076,0.04151404
4/24/2021 20:20,0.9954461,0.04151404
4/24/2021 20:25,1.005785,0.04151404
4/24/2021 20:30,1.002831,0.04151404
4/24/2021 20:35,0.9976615,0.04151404
4/24/2021 20:40,0.9961846,0.04151404
4/24/2021 20:45,0.9984,0.04151404
4/24/2021 20:50,0.9932307,0.04151404
4/24/2021 20:55,0.9917538,0.04029304
4/24/2021 21:00,0.9984,0.04029304
4/24/2021 21:05,0.9895384,0.04029304
4/24/2021 21:10,0.996923,0.04029304
4/24/2021 21:15,0.9961846,0.04029304
4/24/2021 21:20,0.9998769,0.04029304
4/24/2021 21:25,0.9961846,0.04029304
4/24/2021 21:30,0.9851077,0.04029304
4/24/2021 21:35,0.9984,0.04029304
4/24/2021 21:40,0.9902769,0.04029304
4/24/2021 21:45,0.987323,0.04029304
4/24/2021 21:50,0.9961846,0.04029304
4/24/2021 21:55,0.9947076,0.04029304
4/24/2021 22:00,0.9895384,0.04029304
4/24/2021 22:05,1.000615,0.04029304
4/24/2021 22:10,0.9998769,0.04029304
4/24/2021 22:15,0.9976615,0.04029304
4/24/2021 22:20,0.9939692,0.04029304
4/24/2021 22:25,1.005046,0.04029304
4/24/2021 22:30,0.9932307,0.04029304
4/24/2021 22:35,0.996923,0.04029304
4/24/2021 22:40,0.9917538,0.04029304
4/24/2021 22:45,0.9902769,0.04029304
4/24/2021 22:50,0.9998769,0.04029304
4/24/2021 22:55,0.996923,0.04029304
4/24/2021 23:00,0.9939692,0.04029304
4/24/2021 23:05,0.9961846,0.04029304
4/24/2021 23:10,1.002092,0.04029304
4/24/2021 23:15,0.9961846,0.04029304
4/24/2021 23:20,0.9961846,0.04029304
4/24/2021 23:25,0.9991384,0.04029304
4/24/2021 23:30,0.9947076,0.04029304
4/24/2021 23:35,0.9924923,0.04029304
4/24/2021 23:40,0.9910154,0.04029304
4/24/2021 23:45,0.9932307,0.04029304
4/24/2021 23:50,0.9961846,0.04029304
4/24/2021 23:55,0.987323,0.04029304
4/25/2021 0:00,0.9880615,0.04029304
4/25/2021 0:05,0.9954461,0.04029304
4/25/2021 0:10,0.9843692,0.04029304
4/25/2021 0:15,0.9865846,0.04029304
4/25/2021 0:20,0.996923,0.04029304
4/25/2021 0:25,0.9947076,0.04029304
4/25/2021 0:30,0.9947076,0.04029304
4/25/2021 0:35,0.9961846,0.04029304
4/25/2021 0:40,0.9954461,0.04029304
4/25/2021 0:45,1.001354,0.04029304
4/25/2021 0:50,0.9984,0.04029304
4/25/2021 0:55,0.9991384,0.04029304
4/25/2021 1:00,1.001354,0.04029304
4/25/2021 1:05,0.9932307,0.04029304
4/25/2021 1:10,0.9991384,0.04029304
4/25/2021 1:15,0.9991384,0.04029304
4/25/2021 1:20,0.9954461,0.04029304
4/25/2021 1:25,0.996923,0.04029304
4/25/2021 1:30,0.9880615,0.04029304
4/25/2021 1:35,0.9895384,0.04029304
4/25/2021 1:40,0.9932307,0.04029304
4/25/2021 1:45,1.005785,0.04029304
4/25/2021 1:50,0.9895384,0.04029304
4/25/2021 1:55,0.9947076,0.04029304
4/25/2021 2:00,1.000615,0.04029304
4/25/2021 2:05,0.9947076,0.04029304
4/25/2021 2:10,0.9888,0.04029304
4/25/2021 2:15,0.9865846,0.04029304
4/25/2021 2:20,0.9932307,0.04029304
4/25/2021 2:25,0.9954461,0.03907204
4/25/2021 2:30,0.9888,0.03907204
4/25/2021 2:35,0.9991384,0.03907204
4/25/2021 2:40,1.000615,0.03907204
4/25/2021 2:45,0.9984,0.03907204
4/25/2021 2:50,0.9961846,0.03907204
4/25/2021 2:55,0.9865846,0.03907204
4/25/2021 3:00,0.9858461,0.03907204
4/25/2021 3:05,0.9836308,0.03785104
4/25/2021 3:10,0.9851077,0.03785104
4/25/2021 3:15,0.9902769,0.03785104
4/25/2021 3:20,0.9917538,0.03785104
4/25/2021 3:25,0.9865846,0.03785104
4/25/2021 3:30,0.9924923,0.03785104
4/25/2021 3:35,0.9902769,0.03785104
4/25/2021 3:40,0.9843692,0.03785104
4/25/2021 3:45,0.9991384,0.03785104
4/25/2021 3:50,0.9917538,0.03785104
4/25/2021 3:55,0.9851077,0.03785104
4/25/2021 4:00,0.9917538,0.03785104
4/25/2021 4:05,0.987323,0.03785104
4/25/2021 4:10,0.9821538,0.03785104
4/25/2021 4:15,0.9888,0.03785104
4/25/2021 4:20,0.9851077,0.03785104
4/25/2021 4:25,0.9821538,0.03785104
4/25/2021 4:30,0.9888,0.03785104
4/25/2021 4:35,0.9939692,0.03785104
4/25/2021 4:40,0.9865846,0.03785104
4/25/2021 4:45,0.9924923,0.03785104
4/25/2021 4:50,0.9851077,0.03785104
4/25/2021 4:55,0.9865846,0.03785104
4/25/2021 5:00,0.9888,0.03785104
4/25/2021 5:05,0.9910154,0.03785104
4/25/2021 5:10,0.9961846,0.03785104
4/25/2021 5:15,0.9828923,0.03785104
4/25/2021 5:20,0.9932307,0.03785104
4/25/2021 5:25,0.9932307,0.03785104
4/25/2021 5:30,0.9858461,0.03785104
4/25/2021 5:35,0.9888,0.03785104
4/25/2021 5:40,0.9851077,0.03785104
4/25/2021 5:45,0.9895384,0.03785104
4/25/2021 5:50,0.9806769,0.03785104
4/25/2021 5:55,0.9836308,0.03785104
4/25/2021 6:00,0.9888,0.03785104
4/25/2021 6:05,0.9932307,0.03785104
4/25/2021 6:10,0.9939692,0.03785104
4/25/2021 6:15,0.9858461,0.03785104
4/25/2021 6:20,0.9888,0.03785104
4/25/2021 6:25,0.996923,0.03785104
4/25/2021 6:30,0.9932307,0.03785104
4/25/2021 6:35,0.9932307,0.03785104
4/25/2021 6:40,0.9895384,0.03785104
4/25/2021 6:45,0.9836308,0.03785104
4/25/2021 6:50,0.9932307,0.03785104
4/25/2021 6:55,0.9917538,0.03785104
4/25/2021 7:00,0.9902769,0.03785104
4/25/2021 7:05,0.9880615,0.03785104
4/25/2021 7:10,0.9924923,0.03785104
4/25/2021 7:15,0.9932307,0.03785104
4/25/2021 7:20,0.996923,0.03785104
4/25/2021 7:25,0.9917538,0.03785104
4/25/2021 7:30,0.9858461,0.03785104
4/25/2021 7:35,0.987323,0.03785104
4/25/2021 7:40,0.9947076,0.03785104
4/25/2021 7:45,0.9954461,0.03785104
4/25/2021 7:50,0.9917538,0.03785104
4/25/2021 7:55,0.9961846,0.03785104
4/25/2021 8:00,0.9895384,0.03785104
4/25/2021 8:05,0.9865846,0.03785104
4/25/2021 8:10,0.9961846,0.03785104
4/25/2021 8:15,0.9947076,0.03785104
4/25/2021 8:20,0.9917538,0.03785104
4/25/2021 8:25,0.9880615,0.03785104
4/25/2021 8:30,0.9991384,0.03785104
4/25/2021 8:35,0.9924923,0.03785104
4/25/2021 8:40,0.9806769,0.03785104
4/25/2021 8:45,0.987323,0.03785104
4/25/2021 8:50,0.9865846,0.03785104
4/25/2021 8:55,0.9858461,0.03785104
4/25/2021 9:00,0.9821538,0.03785104
4/25/2021 9:05,0.9895384,0.03785104
4/25/2021 9:10,1.005785,0.03785104
4/25/2021 9:15,1.005785,0.03785104
4/25/2021 9:20,1.010954,0.03785104
4/25/2021 9:25,1.013169,0.03785104
4/25/2021 9:30,1.006523,0.03785104
4/25/2021 9:35,1.007262,0.03785104
4/25/2021 9:40,1.013908,0.03785104
4/25/2021 9:45,1.015385,0.03785104
4/25/2021 9:50,1.016862,0.03785104
4/25/2021 9:55,1.001354,0.03785104
4/25/2021 10:00,1.009477,0.03785104
4/25/2021 10:05,1.012431,0.03785104
4/25/2021 10:10,1.002831,0.03785104
4/25/2021 10:15,1.013908,0.03785104
4/25/2021 10:20,1.005785,0.03785104
4/25/2021 10:25,1.002092,0.03785104
4/25/2021 10:30,1.003569,0.03785104
4/25/2021 10:35,1.005046,0.03785104
4/25/2021 10:40,0.9961846,0.03785104
4/25/2021 10:45,0.9976615,0.03785104
4/25/2021 10:50,1.000615,0.03785104
4/25/2021 10:55,1.004308,0.03785104
4/25/2021 11:00,1.008,0.03785104
4/25/2021 11:05,1.008,0.03785104
4/25/2021 11:10,1.005785,0.03785104
4/25/2021 11:15,0.9984,0.03785104
4/25/2021 11:20,1.004308,0.03785104
4/25/2021 11:25,1.005785,0.03785104
4/25/2021 11:30,1.009477,0.03785104
4/25/2021 11:35,1.005046,0.03785104
4/25/2021 11:40,1.003569,0.03785104
4/25/2021 11:45,0.9947076,0.03785104
4/25/2021 11:50,0.9961846,0.03785104
4/25/2021 11:55,1.006523,0.03785104
4/25/2021 12:00,1.008,0.03785104
4/25/2021 12:05,1.003569,0.03785104
4/25/2021 12:10,1.002831,0.03785104
4/25/2021 12:15,0.9984,0.03785104
4/25/2021 12:20,0.9961846,0.03785104
4/25/2021 12:25,0.996923,0.03785104
4/25/2021 12:30,1.001354,0.03785104
4/25/2021 12:35,1.010954,0.03785104
4/25/2021 12:40,0.9984,0.03785104
4/25/2021 12:45,1.002092,0.03785104
4/25/2021 12:50,0.9998769,0.03785104
4/25/2021 12:55,1.005046,0.03785104
4/25/2021 13:00,1.001354,0.03785104
4/25/2021 13:05,1.002092,0.03785104
4/25/2021 13:10,1.002092,0.03785104
4/25/2021 13:15,1.002092,0.03785104
4/25/2021 13:20,0.9961846,0.03785104
4/25/2021 13:25,0.9998769,0.03785104
4/25/2021 13:30,0.9998769,0.03785104
4/25/2021 13:35,1.002092,0.03785104
4/25/2021 13:40,0.996923,0.03785104
4/25/2021 13:45,0.9961846,0.03785104
4/25/2021 13:50,0.9998769,0.03785104
4/25/2021 13:55,0.996923,0.03785104
4/25/2021 14:00,1.001354,0.03785104
4/25/2021 14:05,0.9998769,0.03785104
4/25/2021 14:10,0.9932307,0.03785104
4/25/2021 14:15,0.9976615,0.03785104
4/25/2021 14:20,1.005046,0.03785104
4/25/2021 14:25,1.004308,0.03785104
4/25/2021 14:30,1.000615,0.03785104
4/25/2021 14:35,0.9880615,0.03785104
4/25/2021 14:40,0.9991384,0.03785104
4/25/2021 14:45,0.9910154,0.03785104
4/25/2021 14:50,0.9998769,0.03785104
4/25/2021 14:55,1.002831,0.03785104
4/25/2021 15:00,0.9984,0.03785104
4/25/2021 15:05,0.9917538,0.03785104
4/25/2021 15:10,0.9976615,0.03785104
4/25/2021 15:15,0.9939692,0.03785104
4/25/2021 15:20,0.9917538,0.03785104
4/25/2021 15:25,0.9984,0.03785104
4/25/2021 15:30,0.9961846,0.03785104
4/25/2021 15:35,0.9932307,0.03785104
4/25/2021 15:40,0.9932307,0.03785104
4/25/2021 15:45,0.9976615,0.03785104
4/25/2021 15:50,0.9984,0.03785104
4/25/2021 15:55,0.9961846,0.03785104
4/25/2021 16:00,0.996923,0.03907204
4/25/2021 16:05,0.9821538,0.03907204
4/25/2021 16:10,0.9910154,0.03907204
4/25/2021 16:15,0.9924923,0.03907204
4/25/2021 16:20,0.9888,0.03907204
4/25/2021 16:25,0.9998769,0.03907204
4/25/2021 16:30,0.9880615,0.03907204
4/25/2021 16:35,1.002831,0.03907204
4/25/2021 16:40,0.9917538,0.03907204
4/25/2021 16:45,0.9910154,0.03907204
4/25/2021 16:50,0.9991384,0.03907204
4/25/2021 16:55,0.9910154,0.03907204
4/25/2021 17:00,0.9917538,0.03907204
4/25/2021 17:05,0.9924923,0.03785104
4/25/2021 17:10,0.9888,0.03785104
4/25/2021 17:15,0.9961846,0.03785104
4/25/2021 17:20,0.9947076,0.03785104
4/25/2021 17:25,0.9880615,0.03785104
4/25/2021 17:30,0.9947076,0.03785104
4/25/2021 17:35,0.996923,0.03785104
4/25/2021 17:40,0.9917538,0.03785104
4/25/2021 17:45,0.9947076,0.03785104
4/25/2021 17:50,0.9895384,0.03785104
4/25/2021 17:55,0.9954461,0.03785104
4/25/2021 18:00,0.9902769,0.03785104
4/25/2021 18:05,0.9865846,0.03785104
4/25/2021 18:10,0.9947076,0.03785104
4/25/2021 18:15,0.9902769,0.03785104
4/25/2021 18:20,0.987323,0.03785104
4/25/2021 18:25,0.9924923,0.03785104
4/25/2021 18:30,0.9998769,0.03785104
4/25/2021 18:35,0.9836308,0.03785104
4/25/2021 18:40,0.9888,0.03785104
4/25/2021 18:45,0.9888,0.03785104
4/25/2021 18:50,0.9961846,0.03785104
4/25/2021 18:55,0.9961846,0.03785104
4/25/2021 19:00,0.9939692,0.03785104
4/25/2021 19:05,0.9954461,0.03785104
4/25/2021 19:10,0.9924923,0.03785104
4/25/2021 19:15,0.9888,0.03785104
4/25/2021 19:20,1.002092,0.03785104
4/25/2021 19:25,0.9961846,0.03785104
4/25/2021 19:30,0.9880615,0.03785104
4/25/2021 19:35,0.9954461,0.03785104
4/25/2021 19:40,0.9924923,0.03785104
4/25/2021 19:45,0.9939692,0.03785104
4/25/2021 19:50,0.9917538,0.03785104
4/25/2021 19:55,0.9895384,0.03785104
4/25/2021 20:00,0.9895384,0.03785104
4/25/2021 20:05,0.9851077,0.03785104
4/25/2021 20:10,0.9858461,0.03785104
4/25/2021 20:15,0.9910154,0.03785104
4/25/2021 20:20,0.9998769,0.03785104
4/25/2021 20:25,0.9888,0.03785104
4/25/2021 20:30,0.9865846,0.03663004
4/25/2021 20:35,0.9836308,0.03663004
4/25/2021 20:40,0.9865846,0.03663004
4/25/2021 20:45,0.9858461,0.03663004
4/25/2021 20:50,0.9932307,0.03663004
4/25/2021 20:55,0.9769846,0.03540904
4/25/2021 21:00,0.9902769,0.03540904
4/25/2021 21:05,0.9806769,0.03540904
4/25/2021 21:10,0.9910154,0.03540904
4/25/2021 21:15,0.9851077,0.03540904
4/25/2021 21:20,0.9843692,0.03540904
4/25/2021 21:25,0.9924923,0.03540904
4/25/2021 21:30,0.9718154,0.03540904
4/25/2021 21:35,0.9563076,0.03540904
4/25/2021 21:40,1.034585,0.03540904
4/25/2021 21:45,1.010215,0.03540904
4/25/2021 21:50,1.010215,0.03540904
4/25/2021 21:55,1.013908,0.03540904
4/25/2021 22:00,1.011692,0.03418804
4/25/2021 22:05,1.013908,0.03418804
4/25/2021 22:10,1.015385,0.03418804
4/25/2021 22:15,1.012431,0.03418804
4/25/2021 22:20,1.008,0.03418804
4/25/2021 22:25,1.011692,0.03418804
4/25/2021 22:30,1.007262,0.03418804
4/25/2021 22:35,1.010215,0.03418804
4/25/2021 22:40,1.006523,0.03418804
4/25/2021 22:45,1.011692,0.03418804
4/25/2021 22:50,0.9991384,0.03418804
4/25/2021 22:55,1.010954,0.03418804
4/25/2021 23:00,1.008,0.03418804
4/25/2021 23:05,1.009477,0.03418804
4/25/2021 23:10,1.005785,0.03418804
4/25/2021 23:15,0.9998769,0.03418804
4/25/2021 23:20,1.005785,0.03418804
4/25/2021 23:25,1.007262,0.03418804
4/25/2021 23:30,1.002831,0.03418804
4/25/2021 23:35,1.002831,0.03418804
4/25/2021 23:40,1.013908,0.03418804
4/25/2021 23:45,0.9998769,0.03418804
4/25/2021 23:50,1.001354,0.03418804
4/25/2021 23:55,1.010215,0.03418804
4/26/2021 0:00,1.008,0.03418804
4/26/2021 0:05,1.006523,0.03418804
4/26/2021 0:10,1.008,0.03418804
4/26/2021 0:15,1.002092,0.03418804
4/26/2021 0:20,1.000615,0.03418804
4/26/2021 0:25,1.005785,0.03418804
4/26/2021 0:30,1.008,0.03418804
4/26/2021 0:35,1.007262,0.03540904
4/26/2021 0:40,1.007262,0.03540904
4/26/2021 0:45,1.005785,0.03540904
4/26/2021 0:50,1.015385,0.03540904
4/26/2021 0:55,1.001354,0.03540904
4/26/2021 1:00,0.9998769,0.03540904
4/26/2021 1:05,0.9932307,0.03540904
4/26/2021 1:10,0.9984,0.03540904
4/26/2021 1:15,1.001354,0.03540904
4/26/2021 1:20,0.9984,0.03540904
4/26/2021 1:25,1.004308,0.03540904
4/26/2021 1:30,0.9984,0.03540904
4/26/2021 1:35,0.9984,0.03540904
4/26/2021 1:40,0.9961846,0.03540904
4/26/2021 1:45,0.9947076,0.03540904
4/26/2021 1:50,0.9998769,0.03540904
4/26/2021 1:55,0.9939692,0.03540904
4/26/2021 2:00,0.9917538,0.03540904
4/26/2021 2:05,0.9961846,0.03540904
4/26/2021 2:10,0.9998769,0.03540904
4/26/2021 2:15,0.9991384,0.03540904
4/26/2021 2:20,0.9947076,0.03540904
4/26/2021 2:25,0.9984,0.03540904
4/26/2021 2:30,1.002831,0.03540904
4/26/2021 2:35,0.9998769,0.03540904
4/26/2021 2:40,0.9947076,0.03540904
4/26/2021 2:45,0.996923,0.03540904
4/26/2021 2:50,0.996923,0.03540904
4/26/2021 2:55,0.9984,0.03540904
4/26/2021 3:00,0.9984,0.03540904
4/26/2021 3:05,1.000615,0.03540904
4/26/2021 3:10,0.9961846,0.03540904
4/26/2021 3:15,0.9976615,0.03540904
4/26/2021 3:20,0.9984,0.03540904
4/26/2021 3:25,1.000615,0.03540904
4/26/2021 3:30,1.003569,0.03540904
4/26/2021 3:35,0.9939692,0.03540904
4/26/2021 3:40,0.9991384,0.03540904
4/26/2021 3:45,0.9984,0.03540904
4/26/2021 3:50,1.000615,0.03540904
4/26/2021 3:55,1.005046,0.03540904
4/26/2021 4:00,1.002831,0.03540904
4/26/2021 4:05,1.002831,0.03540904
4/26/2021 4:10,1.006523,0.03540904
4/26/2021 4:15,1.008,0.03540904
4/26/2021 4:20,0.9984,0.03540904
4/26/2021 4:25,1.002831,0.03540904
4/26/2021 4:30,0.9984,0.03540904
4/26/2021 4:35,0.9998769,0.03540904
4/26/2021 4:40,0.9998769,0.03540904
4/26/2021 4:45,0.9991384,0.03540904
4/26/2021 4:50,1.001354,0.03540904
4/26/2021 4:55,1.002092,0.03540904
4/26/2021 5:00,0.9947076,0.03540904
4/26/2021 5:05,1.005785,0.03540904
4/26/2021 5:10,1.004308,0.03540904
4/26/2021 5:15,1.005785,0.03540904
4/26/2021 5:20,1.010954,0.03540904
4/26/2021 5:25,1.005785,0.03540904
4/26/2021 5:30,1.002831,0.03540904
4/26/2021 5:35,0.9865846,0.03540904
4/26/2021 5:40,0.9939692,0.03540904
4/26/2021 5:45,0.9947076,0.03540904
4/26/2021 5:50,1.004308,0.03540904
4/26/2021 5:55,1.002831,0.03540904
4/26/2021 6:00,1.003569,0.03540904
4/26/2021 6:05,0.9984,0.03540904
4/26/2021 6:10,0.9991384,0.03540904
4/26/2021 6:15,0.9961846,0.03540904
4/26/2021 6:20,1.006523,0.03540904
4/26/2021 6:25,1.002831,0.03540904
4/26/2021 6:30,1.001354,0.03540904
4/26/2021 6:35,0.9998769,0.03540904
4/26/2021 6:40,1.001354,0.03540904
4/26/2021 6:45,1.008,0.03540904
4/26/2021 6:50,1.013169,0.03540904
4/26/2021 6:55,0.9984,0.03540904
4/26/2021 7:00,1.002092,0.03540904
4/26/2021 7:05,1.004308,0.03540904
4/26/2021 7:10,0.9984,0.03540904
4/26/2021 7:15,0.996923,0.03540904
4/26/2021 7:20,1.002092,0.03540904
4/26/2021 7:25,1.002092,0.03540904
4/26/2021 7:30,1.001354,0.03540904
4/26/2021 7:35,1.006523,0.03540904
4/26/2021 7:40,1.001354,0.03540904
4/26/2021 7:45,0.9991384,0.03540904
4/26/2021 7:50,0.996923,0.03540904
4/26/2021 7:55,0.9954461,0.03540904
4/26/2021 8:00,0.9924923,0.03540904
4/26/2021 8:05,0.9917538,0.03540904
4/26/2021 8:10,1.001354,0.03540904
4/26/2021 8:15,0.9932307,0.03540904
4/26/2021 8:20,0.9947076,0.03540904
4/26/2021 8:25,0.9947076,0.03540904
4/26/2021 8:30,0.9932307,0.03540904
4/26/2021 8:35,0.9947076,0.03540904
4/26/2021 8:40,0.9932307,0.03540904
4/26/2021 8:45,0.9902769,0.03540904
4/26/2021 8:50,0.9976615,0.03540904
4/26/2021 8:55,0.9954461,0.03663004
4/26/2021 9:00,0.9932307,0.03663004
4/26/2021 9:05,0.9947076,0.03663004
4/26/2021 9:10,0.9998769,0.03663004
4/26/2021 9:15,0.9947076,0.03663004
4/26/2021 9:20,0.9902769,0.03663004
4/26/2021 9:25,0.9865846,0.03663004
4/26/2021 9:30,0.9947076,0.03663004
4/26/2021 9:35,0.9947076,0.03663004
4/26/2021 9:40,0.9924923,0.03663004
4/26/2021 9:45,1.000615,0.03663004
4/26/2021 9:50,0.9902769,0.03663004
4/26/2021 9:55,0.9880615,0.03663004
4/26/2021 10:00,0.996923,0.03663004
4/26/2021 10:05,0.987323,0.03663004
4/26/2021 10:10,0.9932307,0.03663004
4/26/2021 10:15,0.9858461,0.03663004
4/26/2021 10:20,0.9888,0.03663004
4/26/2021 10:25,0.9917538,0.03663004
4/26/2021 10:30,0.9917538,0.03663004
4/26/2021 10:35,0.9954461,0.03663004
4/26/2021 10:40,0.996923,0.03663004
4/26/2021 10:45,0.9880615,0.03663004
4/26/2021 10:50,0.9947076,0.03663004
4/26/2021 10:55,0.9843692,0.03663004
4/26/2021 11:00,0.9843692,0.03663004
4/26/2021 11:05,0.9917538,0.03663004
4/26/2021 11:10,0.9902769,0.03663004
4/26/2021 11:15,0.9851077,0.03663004
4/26/2021 11:20,0.9902769,0.03663004
4/26/2021 11:25,0.9947076,0.03663004
4/26/2021 11:30,0.9888,0.03663004
4/26/2021 11:35,0.9858461,0.03663004
4/26/2021 11:40,0.9851077,0.03663004
4/26/2021 11:45,0.9888,0.03663004
4/26/2021 11:50,0.9910154,0.03663004
4/26/2021 11:55,0.9821538,0.03663004
4/26/2021 12:00,0.9792,0.03663004
4/26/2021 12:05,0.9851077,0.03540904
4/26/2021 12:10,0.9792,0.03540904
4/26/2021 12:15,0.9799384,0.03540904
4/26/2021 12:20,0.9910154,0.03540904
4/26/2021 12:25,0.9932307,0.03540904
4/26/2021 12:30,0.9880615,0.03540904
4/26/2021 12:35,1.001354,0.03540904
4/26/2021 12:40,0.9910154,0.03540904
4/26/2021 12:45,0.9851077,0.03540904
4/26/2021 12:50,0.9902769,0.03418804
4/26/2021 12:55,0.9910154,0.03418804
4/26/2021 13:00,0.9910154,0.03418804
4/26/2021 13:05,0.9932307,0.03418804
4/26/2021 13:10,0.9947076,0.03418804
4/26/2021 13:15,0.9902769,0.03418804
4/26/2021 13:20,0.9910154,0.03296703
4/26/2021 13:25,0.9984,0.03296703
4/26/2021 13:30,0.9843692,0.03296703
4/26/2021 13:35,0.9917538,0.03296703
4/26/2021 13:40,0.9939692,0.03296703
4/26/2021 13:45,0.9947076,0.03296703
4/26/2021 13:50,0.9902769,0.03296703
4/26/2021 13:55,0.9880615,0.03296703
4/26/2021 14:00,0.9961846,0.03296703
4/26/2021 14:05,0.9947076,0.03296703
4/26/2021 14:10,0.9851077,0.03296703
4/26/2021 14:15,0.987323,0.03296703
4/26/2021 14:20,0.9880615,0.03296703
4/26/2021 14:25,0.9828923,0.03296703
4/26/2021 14:30,0.9932307,0.03296703
4/26/2021 14:35,0.9961846,0.03296703
4/26/2021 14:40,0.9895384,0.03296703
4/26/2021 14:45,0.987323,0.03296703
4/26/2021 14:50,0.987323,0.03296703
4/26/2021 14:55,0.9858461,0.03296703
4/26/2021 15:00,0.9851077,0.03296703
4/26/2021 15:05,0.9947076,0.03174603
4/26/2021 15:10,0.9888,0.03174603
4/26/2021 15:15,0.9865846,0.03174603
4/26/2021 15:20,0.9836308,0.03174603
4/26/2021 15:25,0.9917538,0.03174603
4/26/2021 15:30,0.9843692,0.03174603
4/26/2021 15:35,0.9821538,0.03174603
4/26/2021 15:40,0.9976615,0.03174603
4/26/2021 15:45,0.9828923,0.03174603
4/26/2021 15:50,0.9924923,0.03174603
4/26/2021 15:55,0.9888,0.03174603
4/26/2021 16:00,1.022769,0.03174603
4/26/2021 16:05,0.9673846,0.03174603
4/26/2021 16:10,1.035323,0.03174603
4/26/2021 16:15,1.009477,0.03174603
4/26/2021 16:20,1.003569,0.03174603
4/26/2021 16:25,1.016123,0.03174603
4/26/2021 16:30,1.012431,0.03052503
4/26/2021 16:35,1.003569,0.03052503
4/26/2021 16:40,1.015385,0.03052503
4/26/2021 16:45,1.008,0.03052503
4/26/2021 16:50,1.005785,0.03052503
4/26/2021 16:55,1.009477,0.03052503
4/26/2021 17:00,1.010954,0.03052503
4/26/2021 17:05,1.006523,0.03052503
4/26/2021 17:10,1.004308,0.03052503
4/26/2021 17:15,1.005785,0.03052503
4/26/2021 17:20,1.010954,0.03052503
4/26/2021 17:25,0.9998769,0.03052503
4/26/2021 17:30,1.012431,0.03052503
4/26/2021 17:35,1.016123,0.03052503
4/26/2021 17:40,1.010215,0.03052503
4/26/2021 17:45,1.005785,0.03052503
4/26/2021 17:50,1.015385,0.03052503
4/26/2021 17:55,1.008738,0.03052503
4/26/2021 18:00,1.018338,0.03052503
4/26/2021 18:05,1.008,0.03052503
4/26/2021 18:10,1.010954,0.03052503
4/26/2021 18:15,1.012431,0.03052503
4/26/2021 18:20,1.015385,0.03052503
4/26/2021 18:25,1.0176,0.03052503
4/26/2021 18:30,1.023508,0.03052503
4/26/2021 18:35,1.014646,0.03052503
4/26/2021 18:40,1.018338,0.03052503
4/26/2021 18:45,1.010215,0.03052503
4/26/2021 18:50,1.010954,0.03052503
4/26/2021 18:55,1.004308,0.03052503
4/26/2021 19:00,1.015385,0.03052503
4/26/2021 19:05,1.014646,0.03052503
4/26/2021 19:10,1.010215,0.03052503
4/26/2021 19:15,1.006523,0.03052503
4/26/2021 19:20,1.010954,0.03052503
4/26/2021 19:25,1.014646,0.03052503
4/26/2021 19:30,1.009477,0.03052503
4/26/2021 19:35,1.006523,0.03052503
4/26/2021 19:40,1.013908,0.03052503
4/26/2021 19:45,1.007262,0.03052503
4/26/2021 19:50,1.011692,0.03052503
4/26/2021 19:55,1.001354,0.03052503
4/26/2021 20:00,1.003569,0.03052503
4/26/2021 20:05,1.0176,0.03052503
4/26/2021 20:10,1.008,0.03052503
4/26/2021 20:15,1.008738,0.03052503
4/26/2021 20:20,1.008,0.03052503
4/26/2021 20:25,1.010215,0.03052503
4/26/2021 20:30,1.008,0.03052503
4/26/2021 20:35,0.1779692,0.03052503
4/26/2021 20:40,0,0.03052503
4/26/2021 20:45,0,-1
4/26/2021 20:50,0,-1
4/26/2021 20:55,0,-1
4/26/2021 21:00,0,-1
4/26/2021 21:05,0,-1
4/26/2021 21:10,0,-1
4/26/2021 21:15,0,-1
4/26/2021 21:20,0,-1
4/26/2021 21:25,0,-1
4/26/2021 21:30,0,-1
4/26/2021 21:35,0,-1
4/26/2021 21:40,0,-1
4/26/2021 21:45,0,-1
4/26/2021 21:50,0,-1
4/26/2021 21:55,0,-1
4/26/2021 22:00,0,-1
4/26/2021 22:05,0,-1
4/26/2021 22:10,0,-1
4/26/2021 22:15,0,-1
4/26/2021 22:20,0,-1
4/26/2021 22:25,0,-1
4/26/2021 22:30,0,-1
4/26/2021 22:35,0,-1
4/26/2021 22:40,0,-1
4/26/2021 22:45,0,-1
4/26/2021 22:50,0,-1
4/26/2021 22:55,0,-1
4/26/2021 23:00,0,-1
4/26/2021 23:05,0,-1
4/26/2021 23:10,0,-1
4/26/2021 23:15,0,-1
4/26/2021 23:20,0,-1
4/26/2021 23:25,0,-1
4/26/2021 23:30,0,-1
4/26/2021 23:35,0,-1
4/26/2021 23:40,0,-1
4/26/2021 23:45,0,-1
4/26/2021 23:50,0,-1
4/26/2021 23:55,0,-1
4/27/2021 0:00,0,-1
4/27/2021 0:05,0,-1
4/27/2021 0:10,0,-1
4/27/2021 0:15,0,-1
4/27/2021 0:20,0,-1
4/27/2021 0:25,0,-1
4/27/2021 0:30,0,-1
4/27/2021 0:35,0,-1
4/27/2021 0:40,0,-1
4/27/2021 0:45,0,-1
4/27/2021 0:50,0,-1
4/27/2021 0:55,0,-1
4/27/2021 1:00,0,-1
4/27/2021 1:05,0,-1
4/27/2021 1:10,0,-1
4/27/2021 1:15,0,-1
4/27/2021 1:20,0,-1
4/27/2021 1:25,0,-1
4/27/2021 1:30,0,-1
4/27/2021 1:35,0,-1
4/27/2021 1:40,0,-1
4/27/2021 1:45,0,-1
4/27/2021 1:50,0,-1
4/27/2021 1:55,0,-1
4/27/2021 2:00,0,-1
4/27/2021 2:05,0,-1
4/27/2021 2:10,0,-1
4/27/2021 2:15,0,-1
4/27/2021 2:20,0,-1
4/27/2021 2:25,0,-1
4/27/2021 2:30,0,-1
4/27/2021 2:35,0,-1
4/27/2021 2:40,0,-1
4/27/2021 2:45,0,-1
4/27/2021 2:50,0,-1
4/27/2021 2:55,0,-1
4/27/2021 3:00,0,-1
4/27/2021 3:05,0,-1
4/27/2021 3:10,0,-1
4/27/2021 3:15,0,-1
4/27/2021 3:20,0,-1
4/27/2021 3:25,0,-1
4/27/2021 3:30,0,-1
4/27/2021 3:35,0,-1
4/27/2021 3:40,0,-1
4/27/2021 3:45,0,-1
4/27/2021 3:50,0,-1
4/27/2021 3:55,0,-1
4/27/2021 4:00,0,-1
4/27/2021 4:05,0,-1
4/27/2021 4:10,0,-1
4/27/2021 4:15,0,-1
4/27/2021 4:20,0,-1
4/27/2021 4:25,0,-1
4/27/2021 4:30,0,-1
4/27/2021 4:35,0,-1
4/27/2021 4:40,0,-1
4/27/2021 4:45,0,-1
4/27/2021 4:50,0,-1
4/27/2021 4:55,0,-1
4/27/2021 5:00,0,-1
4/27/2021 5:05,0,-1
4/27/2021 5:10,0,-1
4/27/2021 5:15,0,-1
4/27/2021 5:20,0,-1
4/27/2021 5:25,0,-1
4/27/2021 5:30,0,-1
4/27/2021 5:35,0,-1
4/27/2021 5:40,0,-1
4/27/2021 5:45,0,-1
4/27/2021 5:50,0,-1
4/27/2021 5:55,0,-1
4/27/2021 6:00,0,-1
4/27/2021 6:05,0,-1
4/27/2021 6:10,0,-1
4/27/2021 6:15,0,-1
4/27/2021 6:20,0,-1
4/27/2021 6:25,0,-1
4/27/2021 6:30,0,-1
4/27/2021 6:35,0,-1
4/27/2021 6:40,0,-1
4/27/2021 6:45,0,-1
4/27/2021 6:50,0,-1
4/27/2021 6:55,0,-1
4/27/2021 7:00,0,-1
4/27/2021 7:05,0,-1
4/27/2021 7:10,0,-1
4/27/2021 7:15,0,-1
4/27/2021 7:20,0,-1
4/27/2021 7:25,0,-1
4/27/2021 7:30,0,-1
4/27/2021 7:35,0,-1
4/27/2021 7:40,0,-1
4/27/2021 7:45,0,-1
4/27/2021 7:50,0,-1
4/27/2021 7:55,0,-1
4/27/2021 8:00,0,-1
4/27/2021 8:05,0,-1
4/27/2021 8:10,0,-1
4/27/2021 8:15,0,-1
4/27/2021 8:20,0,-1
4/27/2021 8:25,0,-1
4/27/2021 8:30,0,-1
4/27/2021 8:35,0,-1
4/27/2021 8:40,0,-1
4/27/2021 8:45,0,-1
4/27/2021 8:50,0,-1
4/27/2021 8:55,0,-1
4/27/2021 9:00,0,-1
4/27/2021 9:05,0,-1
4/27/2021 9:10,0,-1
4/27/2021 9:15,0,-1
4/27/2021 9:20,0,-1
4/27/2021 9:25,0,-1
4/27/2021 9:30,0,-1
4/27/2021 9:35,0,-1
4/27/2021 9:40,0,-1
4/27/2021 9:45,0,-1
4/27/2021 9:50,0,-1
4/27/2021 9:55,0,-1
4/27/2021 10:00,0,-1
4/27/2021 10:05,0,-1
4/27/2021 10:10,0,-1
4/27/2021 10:15,0,-1
4/27/2021 10:20,0,-1
4/27/2021 10:25,0,-1
4/27/2021 10:30,0,-1
4/27/2021 10:35,0,-1
4/27/2021 10:40,0,-1
4/27/2021 10:45,0,-1
4/27/2021 10:50,0,-1
4/27/2021 10:55,0,-1
4/27/2021 11:00,0,-1
4/27/2021 11:05,0,-1
4/27/2021 11:10,0,-1
4/27/2021 11:15,0,-1
4/27/2021 11:20,0,-1
4/27/2021 11:25,0,-1
4/27/2021 11:30,0,-1
4/27/2021 11:35,0,-1
4/27/2021 11:40,0,-1
4/27/2021 11:45,0,-1
4/27/2021 11:50,0,-1
4/27/2021 11:55,0,-1
4/27/2021 12:00,0,-1
4/27/2021 12:05,0,-1
4/27/2021 12:10,0,-1
4/27/2021 12:15,0,-1
4/27/2021 12:20,0,-1
4/27/2021 12:25,0,-1
4/27/2021 12:30,0,-1
4/27/2021 12:35,0,-1
4/27/2021 12:40,0,-1
4/27/2021 12:45,0,-1
4/27/2021 12:50,0,-1
4/27/2021 12:55,0,-1
4/27/2021 13:00,0,-1
4/27/2021 13:05,0,-1
4/27/2021 13:10,0,-1
4/27/2021 13:15,0,-1
4/27/2021 13:20,0,-1
4/27/2021 13:25,0,-1
4/27/2021 13:30,0,-1
4/27/2021 13:35,0,-1
4/27/2021 13:40,0,-1
4/27/2021 13:45,0,-1
4/27/2021 13:50,0,-1
4/27/2021 13:55,0,-1
4/27/2021 14:00,0,-1
4/27/2021 14:05,0,-1
4/27/2021 14:10,0,-1
4/27/2021 14:15,0,-1
4/27/2021 14:20,0,-1
4/27/2021 14:25,0,-1
4/27/2021 14:30,0,-1
4/27/2021 14:35,0,-1
4/27/2021 14:40,0,-1
4/27/2021 14:45,0,-1
4/27/2021 14:50,0,-1
4/27/2021 14:55,0,-1
4/27/2021 15:00,0,-1
4/27/2021 15:05,0,-1
4/27/2021 15:10,0,-1
4/27/2021 15:15,0,-1
4/27/2021 15:20,0,-1
4/27/2021 15:25,0,-1
4/27/2021 15:30,0,-1
4/27/2021 15:35,0,-1
4/27/2021 15:40,0,-1
4/27/2021 15:45,0,-1
4/27/2021 15:50,0,-1
4/27/2021 15:55,0,-1
4/27/2021 16:00,0,-1
4/27/2021 16:05,0,-1
4/27/2021 16:10,0,-1
4/27/2021 16:15,0,-1
4/27/2021 16:20,0,-1
4/27/2021 16:25,0,-1
4/27/2021 16:30,0,-1
4/27/2021 16:35,0,-1
4/27/2021 16:40,0,-1
4/27/2021 16:45,0,-1
4/27/2021 16:50,0,-1
4/27/2021 16:55,0,-1
4/27/2021 17:00,0,-1
4/27/2021 17:05,0,-1
4/27/2021 17:10,0,-1
4/27/2021 17:15,0,-1
4/27/2021 17:20,0,-1
4/27/2021 17:25,0,-1
4/27/2021 17:30,0,-1
4/27/2021 17:35,0,-1
4/27/2021 17:40,0,-1
4/27/2021 17:45,0,-1
4/27/2021 17:50,0,-1
4/27/2021 17:55,0,-1
4/27/2021 18:00,0,-1
4/27/2021 18:05,0,-1
4/27/2021 18:10,0,-1
4/27/2021 18:15,0,-1
4/27/2021 18:20,0,-1
4/27/2021 18:25,0,-1
4/27/2021 18:30,0,-1
4/27/2021 18:35,0,-1
4/27/2021 18:40,0,-1
4/27/2021 18:45,0,-1
4/27/2021 18:50,0,-1
4/27/2021 18:55,0,-1
4/27/2021 19:00,0,-1
4/27/2021 19:05,0.7148308,0.4737485
4/27/2021 19:10,1.0176,0.2210012
4/27/2021 19:15,1.013908,0.1843712
4/27/2021 19:20,1.019077,0.0964591
4/27/2021 19:25,1.013169,0.07326008
4/27/2021 19:30,1.008738,0.06105006
4/27/2021 19:35,1.006523,0.05738706
4/27/2021 19:40,1.023508,0.05372405
4/27/2021 19:45,1.010215,0.05250305
4/27/2021 19:50,1.013908,0.05128205
4/27/2021 19:55,1.016862,0.04884005
4/27/2021 20:00,1.005046,0.04884005
4/27/2021 20:05,1.013908,0.04761905
4/27/2021 20:10,1.011692,0.04639805
4/27/2021 20:15,1.004308,0.04639805
4/27/2021 20:20,1.008,0.04517705
4/27/2021 20:25,0.996923,0.04395605
4/27/2021 20:30,1.009477,0.04395605
4/27/2021 20:35,1.008,0.04273504
4/27/2021 20:40,1.015385,0.04273504
4/27/2021 20:45,1.006523,0.04151404
4/27/2021 20:50,1.010954,0.04151404
4/27/2021 20:55,1.006523,0.04151404
4/27/2021 21:00,1.006523,0.04151404
4/27/2021 21:05,1.000615,0.04029304
4/27/2021 21:10,1.002831,0.04029304
4/27/2021 21:15,1.004308,0.04029304
4/27/2021 21:20,1.008,0.04029304
4/27/2021 21:25,0.996923,0.03907204
4/27/2021 21:30,0.996923,0.03907204
4/27/2021 21:35,0.9991384,0.03907204
4/27/2021 21:40,1.002831,0.03785104
4/27/2021 21:45,1.004308,0.03785104
4/27/2021 21:50,0.996923,0.03785104
4/27/2021 21:55,0.9991384,0.03785104
4/27/2021 22:00,1.005785,0.03785104
4/27/2021 22:05,0.9984,0.03785104
4/27/2021 22:10,0.9954461,0.03785104
4/27/2021 22:15,0.9984,0.03785104
4/27/2021 22:20,1.001354,0.03663004
4/27/2021 22:25,1.002831,0.03663004
4/27/2021 22:30,1.006523,0.03663004
4/27/2021 22:35,1.001354,0.03663004
4/27/2021 22:40,1.000615,0.03663004
4/27/2021 22:45,1.008,0.03540904
4/27/2021 22:50,1.012431,0.03540904
4/27/2021 22:55,1.003569,0.03540904
4/27/2021 23:00,1.005785,0.03540904
4/27/2021 23:05,1.001354,0.03540904
4/27/2021 23:10,1.005785,0.03540904
4/27/2021 23:15,0.9984,0.03540904
4/27/2021 23:20,1.005046,0.03540904
4/27/2021 23:25,1.007262,0.03540904
4/27/2021 23:30,1.008738,0.03540904
4/27/2021 23:35,1.010954,0.03540904
4/27/2021 23:40,1.004308,0.03540904
4/27/2021 23:45,1.005046,0.03540904
4/27/2021 23:50,1.014646,0.03540904
4/27/2021 23:55,1.005785,0.03540904
4/28/2021 0:00,1.002092,0.03540904
4/28/2021 0:05,0.996923,0.03540904
4/28/2021 0:10,1.002831,0.03540904
4/28/2021 0:15,1.016862,0.03540904
4/28/2021 0:20,1.013169,0.03540904
4/28/2021 0:25,1.002831,0.03540904
4/28/2021 0:30,1.013169,0.03540904
4/28/2021 0:35,1.010215,0.03540904
4/28/2021 0:40,1.004308,0.03540904
4/28/2021 0:45,1.004308,0.03540904
4/28/2021 0:50,0.9976615,0.03540904
4/28/2021 0:55,1.005785,0.03540904
4/28/2021 1:00,1.006523,0.03540904
4/28/2021 1:05,1.009477,0.03540904
4/28/2021 1:10,1.004308,0.03540904
4/28/2021 1:15,1.002831,0.03540904
4/28/2021 1:20,1.010215,0.03540904
4/28/2021 1:25,1.016862,0.03540904
4/28/2021 1:30,1.015385,0.03540904
4/28/2021 1:35,1.013169,0.03540904
4/28/2021 1:40,1.011692,0.03418804
4/28/2021 1:45,1.002831,0.03418804
4/28/2021 1:50,1.008,0.03418804
4/28/2021 1:55,1.005785,0.03418804
4/28/2021 2:00,1.005785,0.03418804
4/28/2021 2:05,1.001354,0.03418804
4/28/2021 2:10,1.010954,0.03418804
4/28/2021 2:15,1.016123,0.03418804
4/28/2021 2:20,1.016862,0.03418804
4/28/2021 2:25,1.009477,0.03418804
4/28/2021 2:30,1.007262,0.03418804
4/28/2021 2:35,1.0176,0.03418804
4/28/2021 2:40,1.012431,0.03418804
4/28/2021 2:45,1.001354,0.03418804
4/28/2021 2:50,1.009477,0.03418804
4/28/2021 2:55,1.006523,0.03418804
4/28/2021 3:00,0.9991384,0.03418804
4/28/2021 3:05,0.987323,0.03418804
4/28/2021 3:10,1.006523,0.03418804
4/28/2021 3:15,1.022031,0.03418804
4/28/2021 3:20,1.009477,0.03418804
4/28/2021 3:25,1.006523,0.03418804
4/28/2021 3:30,1.002092,0.03418804
4/28/2021 3:35,1.008,0.03418804
4/28/2021 3:40,1.005785,0.03418804
4/28/2021 3:45,1.006523,0.03418804
4/28/2021 3:50,1.002092,0.03418804
4/28/2021 3:55,1.005785,0.03296703
4/28/2021 4:00,1.001354,0.03296703
4/28/2021 4:05,1.000615,0.03296703
4/28/2021 4:10,0.9984,0.03296703
4/28/2021 4:15,1.006523,0.03296703
4/28/2021 4:20,0.9991384,0.03296703
4/28/2021 4:25,1.008738,0.03296703
4/28/2021 4:30,1.003569,0.03296703
4/28/2021 4:35,1.002831,0.03296703
4/28/2021 4:40,1.002831,0.03296703
4/28/2021 4:45,1.016123,0.03296703
4/28/2021 4:50,0.996923,0.03296703
4/28/2021 4:55,1.006523,0.03296703
4/28/2021 5:00,1.016123,0.03296703
4/28/2021 5:05,1.010954,0.03296703
4/28/2021 5:10,1.005046,0.03296703
4/28/2021 5:15,1.010215,0.03296703
4/28/2021 5:20,1.005046,0.03296703
4/28/2021 5:25,1.010215,0.03296703
4/28/2021 5:30,1.011692,0.03296703
4/28/2021 5:35,1.013169,0.03296703
4/28/2021 5:40,1.016123,0.03296703
4/28/2021 5:45,1.010215,0.03296703
4/28/2021 5:50,1.004308,0.03296703
4/28/2021 5:55,1.004308,0.03296703
4/28/2021 6:00,1.011692,0.03296703
4/28/2021 6:05,1.013908,0.03296703
4/28/2021 6:10,0.9998769,0.03296703
4/28/2021 6:15,1.012431,0.03296703
4/28/2021 6:20,1.007262,0.03296703
4/28/2021 6:25,1.005785,0.03296703
4/28/2021 6:30,1.013908,0.03296703
4/28/2021 6:35,1.010954,0.03296703
4/28/2021 6:40,1.005785,0.03296703
4/28/2021 6:45,0.9984,0.03296703
4/28/2021 6:50,1.009477,0.03296703
4/28/2021 6:55,1.009477,0.03296703
4/28/2021 7:00,1.009477,0.03296703
4/28/2021 7:05,1.009477,0.03296703
4/28/2021 7:10,1.012431,0.03296703
4/28/2021 7:15,1.005785,0.03296703
4/28/2021 7:20,1.001354,0.03296703
4/28/2021 7:25,1.012431,0.03296703
4/28/2021 7:30,1.000615,0.03296703
4/28/2021 7:35,1.005785,0.03296703
4/28/2021 7:40,1.006523,0.03296703
4/28/2021 7:45,1.016123,0.03296703
4/28/2021 7:50,1.005785,0.03296703
4/28/2021 7:55,1.001354,0.03296703
4/28/2021 8:00,0.9998769,0.03296703
4/28/2021 8:05,1.007262,0.03296703
4/28/2021 8:10,1.008738,0.03296703
4/28/2021 8:15,1.020554,0.03296703
4/28/2021 8:20,1.002831,0.03296703
4/28/2021 8:25,0.9976615,0.03296703
4/28/2021 8:30,1.005785,0.03296703
4/28/2021 8:35,1.001354,0.03296703
4/28/2021 8:40,0.9947076,0.03296703
4/28/2021 8:45,0.9976615,0.03296703
4/28/2021 8:50,0.9947076,0.03296703
4/28/2021 8:55,0.9998769,0.03296703
4/28/2021 9:00,0.9998769,0.03296703
4/28/2021 9:05,1.004308,0.03296703
4/28/2021 9:10,0.9961846,0.03296703
4/28/2021 9:15,1.001354,0.03296703
4/28/2021 9:20,0.9984,0.03296703
4/28/2021 9:25,1.003569,0.03296703
4/28/2021 9:30,0.9998769,0.03296703
4/28/2021 9:35,1.008,0.03296703
4/28/2021 9:40,1.005046,0.03296703
4/28/2021 9:45,1.000615,0.03296703
4/28/2021 9:50,0.9902769,0.03296703
4/28/2021 9:55,0.9991384,0.03296703
4/28/2021 10:00,0.9954461,0.03296703
4/28/2021 10:05,1.005046,0.03296703
4/28/2021 10:10,0.9984,0.03296703
4/28/2021 10:15,0.996923,0.03296703
4/28/2021 10:20,0.9947076,0.03296703
4/28/2021 10:25,0.9991384,0.03296703
4/28/2021 10:30,1.005785,0.03296703
4/28/2021 10:35,0.9917538,0.03296703
4/28/2021 10:40,1.005046,0.03296703
4/28/2021 10:45,1.002092,0.03296703
4/28/2021 10:50,1.000615,0.03296703
4/28/2021 10:55,0.9976615,0.03296703
4/28/2021 11:00,1.004308,0.03296703
4/28/2021 11:05,1.008738,0.03296703
4/28/2021 11:10,1.004308,0.03296703
4/28/2021 11:15,0.9917538,0.03296703
4/28/2021 11:20,0.996923,0.03296703
4/28/2021 11:25,0.996923,0.03296703
4/28/2021 11:30,0.996923,0.03296703
4/28/2021 11:35,1.003569,0.03296703
4/28/2021 11:40,0.9939692,0.03296703
4/28/2021 11:45,0.9984,0.03296703
4/28/2021 11:50,0.9947076,0.03296703
4/28/2021 11:55,0.9888,0.03296703
4/28/2021 12:00,0.996923,0.03296703
4/28/2021 12:05,1.001354,0.03296703
4/28/2021 12:10,0.9902769,0.03296703
4/28/2021 12:15,0.9984,0.03296703
4/28/2021 12:20,1.001354,0.03296703
4/28/2021 12:25,1.002092,0.03296703
4/28/2021 12:30,0.9902769,0.03296703
4/28/2021 12:35,0.9991384,0.03296703
4/28/2021 12:40,0.9998769,0.03296703
4/28/2021 12:45,0.9932307,0.03296703
4/28/2021 12:50,0.9976615,0.03296703
4/28/2021 12:55,0.9932307,0.03296703
4/28/2021 13:00,0.9932307,0.03296703
4/28/2021 13:05,0.9984,0.03296703
4/28/2021 13:10,0.9932307,0.03296703
4/28/2021 13:15,0.9910154,0.03296703
4/28/2021 13:20,1.003569,0.03296703
4/28/2021 13:25,0.9976615,0.03296703
4/28/2021 13:30,0.9954461,0.03296703
4/28/2021 13:35,0.9984,0.03296703
4/28/2021 13:40,0.9976615,0.03296703
4/28/2021 13:45,0.9888,0.03296703
4/28/2021 13:50,0.9902769,0.03296703
4/28/2021 13:55,1.001354,0.03296703
4/28/2021 14:00,0.996923,0.03296703
4/28/2021 14:05,1.005046,0.03296703
4/28/2021 14:10,1.009477,0.03296703
4/28/2021 14:15,0.9998769,0.03296703
4/28/2021 14:20,0.9998769,0.03296703
4/28/2021 14:25,0.9991384,0.03296703
4/28/2021 14:30,1.001354,0.03296703
4/28/2021 14:35,1.002092,0.03296703
4/28/2021 14:40,1.002831,0.03296703
4/28/2021 14:45,1.002831,0.03296703
4/28/2021 14:50,0.9961846,0.03296703
4/28/2021 14:55,0.9947076,0.03296703
4/28/2021 15:00,1.001354,0.03296703
4/28/2021 15:05,1.005046,0.03296703
4/28/2021 15:10,1.013169,0.03296703
4/28/2021 15:15,1.015385,0.03296703
4/28/2021 15:20,0.9991384,0.03296703
4/28/2021 15:25,1.002831,0.03296703
4/28/2021 15:30,1.1136,0.03296703
4/28/2021 15:35,1.109169,0.03296703
4/28/2021 15:40,1.114338,0.03296703
4/28/2021 15:45,1.110646,0.03296703
4/28/2021 15:50,1.109908,0.03296703
4/28/2021 15:55,1.112862,0.03296703
4/28/2021 16:00,1.115077,0.03296703
4/28/2021 16:05,1.108431,0.03296703
4/28/2021 16:10,1.112862,0.03296703
4/28/2021 16:15,1.114338,0.03296703
4/28/2021 16:20,1.111385,0.03296703
4/28/2021 16:25,1.1136,0.03296703
4/28/2021 16:30,1.109169,0.03296703
4/28/2021 16:35,1.111385,0.03296703
4/28/2021 16:40,1.109169,0.03296703
4/28/2021 16:45,1.112862,0.03296703
4/28/2021 16:50,1.101046,0.03296703
4/28/2021 16:55,1.112862,0.03296703
4/28/2021 17:00,1.095877,0.03296703
4/28/2021 17:05,1.107692,0.03296703
4/28/2021 17:10,1.108431,0.03296703
4/28/2021 17:15,1.106954,0.03296703
4/28/2021 17:20,1.109908,0.03296703
4/28/2021 17:25,1.110646,0.03296703
4/28/2021 17:30,1.118769,0.03296703
4/28/2021 17:35,1.100308,0.03296703
4/28/2021 17:40,1.103261,0.03296703
4/28/2021 17:45,1.109908,0.03296703
4/28/2021 17:50,1.112862,0.03296703
4/28/2021 17:55,1.104,0.03296703
4/28/2021 18:00,1.106954,0.03296703
4/28/2021 18:05,1.112862,0.03296703
4/28/2021 18:10,1.115077,0.03296703
4/28/2021 18:15,1.115077,0.03296703
4/28/2021 18:20,1.0944,0.03296703
4/28/2021 18:25,1.098831,0.03296703
4/28/2021 18:30,1.106215,0.03296703
4/28/2021 18:35,1.109908,0.03296703
4/28/2021 18:40,1.105477,0.03296703
4/28/2021 18:45,1.095877,0.03296703
4/28/2021 18:50,1.098092,0.03296703
4/28/2021 18:55,1.110646,0.03296703
4/28/2021 19:00,1.100308,0.03296703
4/28/2021 19:05,1.099569,0.03296703
4/28/2021 19:10,1.103261,0.03296703
4/28/2021 19:15,1.106215,0.03296703
4/28/2021 19:20,1.107692,0.03296703
4/28/2021 19:25,1.108431,0.03296703
4/28/2021 19:30,1.108431,0.03296703
4/28/2021 19:35,1.089969,0.03296703
4/28/2021 19:40,1.110646,0.03296703
4/28/2021 19:45,1.104,0.03296703
4/28/2021 19:50,1.092185,0.03296703
4/28/2021 19:55,1.086277,0.03296703
4/28/2021 20:00,1.097354,0.03296703
4/28/2021 20:05,1.083323,0.03296703
4/28/2021 20:10,1.092185,0.03296703
4/28/2021 20:15,1.092185,0.03296703
4/28/2021 20:20,1.089231,0.03296703
4/28/2021 20:25,1.092923,0.03296703
4/28/2021 20:30,1.089231,0.03296703
4/28/2021 20:35,1.013908,0.03296703
4/28/2021 20:40,1.012431,0.03174603
4/28/2021 20:45,1.009477,0.03174603
4/28/2021 20:50,0.9998769,0.03174603
4/28/2021 20:55,0.9961846,0.03174603
4/28/2021 21:00,1.006523,0.03174603
4/28/2021 21:05,1.008,0.03174603
4/28/2021 21:10,1.009477,0.03174603
4/28/2021 21:15,1.002831,0.03174603
4/28/2021 21:20,0.8854154,0.03174603
4/28/2021 21:25,0.6668307,0.03174603
4/28/2021 21:30,0.7044923,0.03174603
4/28/2021 21:35,1.036062,0.03296703
4/28/2021 21:40,1.004308,0.03418804
4/28/2021 21:45,1.191138,0.03296703
4/28/2021 21:50,1.191877,0.03296703
4/28/2021 21:55,1.174154,0.03174603
4/28/2021 22:00,1.183754,0.03174603
4/28/2021 22:05,1.191877,0.03174603
4/28/2021 22:10,1.183015,0.03174603
4/28/2021 22:15,1.180062,0.03174603
4/28/2021 22:20,1.1904,0.03174603
4/28/2021 22:25,1.191138,0.03174603
4/28/2021 22:30,1.185231,0.03174603
4/28/2021 22:35,1.191877,0.03052503
4/28/2021 22:40,1.186708,0.03052503
4/28/2021 22:45,1.182277,0.03052503
4/28/2021 22:50,1.196308,0.03052503
4/28/2021 22:55,1.185969,0.03052503
4/28/2021 23:00,1.191138,0.03052503
4/28/2021 23:05,1.194092,0.03052503
4/28/2021 23:10,1.180062,0.03052503
4/28/2021 23:15,1.180062,0.03052503
4/28/2021 23:20,1.191138,0.03052503
4/28/2021 23:25,1.181538,0.03052503
4/28/2021 23:30,1.185231,0.03052503
4/28/2021 23:35,1.185231,0.03052503
4/28/2021 23:40,1.177108,0.03052503
4/28/2021 23:45,1.169723,0.03052503
4/28/2021 23:50,1.226585,0.03052503
4/28/2021 23:55,1.212554,0.03052503
4/29/2021 0:00,1.202954,0.03052503
4/29/2021 0:05,1.202954,0.03052503
4/29/2021 0:10,1.211077,0.03052503
4/29/2021 0:15,1.202954,0.03052503
4/29/2021 0:20,1.2096,0.03052503
4/29/2021 0:25,1.208862,0.03052503
4/29/2021 0:30,1.227323,0.03052503
4/29/2021 0:35,1.211077,0.03052503
4/29/2021 0:40,1.222154,0.03052503
4/29/2021 0:45,1.206646,0.03052503
4/29/2021 0:50,1.211077,0.03052503
4/29/2021 0:55,1.212554,0.03052503
4/29/2021 1:00,1.214031,0.03052503
4/29/2021 1:05,1.220677,0.03052503
4/29/2021 1:10,1.219938,0.03052503
4/29/2021 1:15,1.140185,0.03052503
4/29/2021 1:20,1.212554,0.03052503
4/29/2021 1:25,1.216246,0.03052503
4/29/2021 1:30,1.208123,0.03052503
4/29/2021 1:35,1.216985,0.03052503
4/29/2021 1:40,1.215508,0.03052503
4/29/2021 1:45,1.207385,0.03052503
4/29/2021 1:50,1.214031,0.03052503
4/29/2021 1:55,1.218462,0.03052503
4/29/2021 2:00,1.216985,0.03052503
4/29/2021 2:05,1.211077,0.03052503
4/29/2021 2:10,1.216985,0.03052503
4/29/2021 2:15,1.208862,0.03052503
4/29/2021 2:20,1.215508,0.03174603
4/29/2021 2:25,1.210338,0.03052503
4/29/2021 2:30,1.2096,0.03174603
4/29/2021 2:35,1.202954,0.03174603
4/29/2021 2:40,1.207385,0.03174603
4/29/2021 2:45,1.202954,0.03174603
4/29/2021 2:50,1.210338,0.03174603
4/29/2021 2:55,1.197785,0.03174603
4/29/2021 3:00,1.199262,0.03174603
4/29/2021 3:05,1.201477,0.03174603
4/29/2021 3:10,1.207385,0.03174603
4/29/2021 3:15,1.200738,0.03296703
4/29/2021 3:20,1.197785,0.03296703
4/29/2021 3:25,1.200738,0.03296703
4/29/2021 3:30,1.197046,0.03296703
4/29/2021 3:35,1.197785,0.03296703
4/29/2021 3:40,1.199262,0.03296703
4/29/2021 3:45,1.201477,0.03296703
4/29/2021 3:50,1.207385,0.03296703
4/29/2021 3:55,1.194092,0.03296703
4/29/2021 4:00,1.202954,0.03296703
4/29/2021 4:05,1.206646,0.03296703
4/29/2021 4:10,1.202954,0.03296703
4/29/2021 4:15,1.205169,0.03296703
4/29/2021 4:20,1.202954,0.03296703
4/29/2021 4:25,1.210338,0.03296703
4/29/2021 4:30,1.211077,0.03296703
4/29/2021 4:35,1.203692,0.03296703
4/29/2021 4:40,1.204431,0.03296703
4/29/2021 4:45,1.208862,0.03296703
4/29/2021 4:50,1.212554,0.03296703
4/29/2021 4:55,1.196308,0.03296703
4/29/2021 5:00,1.2096,0.03296703
4/29/2021 5:05,1.208123,0.03296703
4/29/2021 5:10,1.220677,0.03296703
4/29/2021 5:15,1.210338,0.03296703
4/29/2021 5:20,1.211077,0.03296703
4/29/2021 5:25,1.216985,0.03296703
4/29/2021 5:30,1.205908,0.03296703
4/29/2021 5:35,1.207385,0.03296703
4/29/2021 5:40,1.212554,0.03296703
4/29/2021 5:45,1.216985,0.03296703
4/29/2021 5:50,1.212554,0.03296703
4/29/2021 5:55,1.215508,0.03296703
4/29/2021 6:00,1.217723,0.03296703
4/29/2021 6:05,1.220677,0.03296703
4/29/2021 6:10,1.208862,0.03296703
4/29/2021 6:15,1.208862,0.03296703
4/29/2021 6:20,1.212554,0.03296703
4/29/2021 6:25,1.211077,0.03296703
4/29/2021 6:30,1.215508,0.03296703
4/29/2021 6:35,1.203692,0.03296703
4/29/2021 6:40,1.218462,0.03296703
4/29/2021 6:45,1.208862,0.03296703
4/29/2021 6:50,1.218462,0.03296703
4/29/2021 6:55,1.216985,0.03296703
4/29/2021 7:00,1.211077,0.03296703
4/29/2021 7:05,1.216985,0.03296703
4/29/2021 7:10,1.216246,0.03296703
4/29/2021 7:15,1.203692,0.03296703
4/29/2021 7:20,1.216246,0.03296703
4/29/2021 7:25,1.216246,0.03296703
4/29/2021 7:30,1.210338,0.03296703
4/29/2021 7:35,1.210338,0.03296703
4/29/2021 7:40,1.215508,0.03296703
4/29/2021 7:45,1.220677,0.03296703
4/29/2021 7:50,1.217723,0.03296703
4/29/2021 7:55,1.215508,0.03296703
4/29/2021 8:00,1.217723,0.03296703
4/29/2021 8:05,1.214031,0.03296703
4/29/2021 8:10,1.215508,0.03296703
4/29/2021 8:15,1.214031,0.03296703
4/29/2021 8:20,1.205908,0.03296703
4/29/2021 8:25,1.212554,0.03296703
4/29/2021 8:30,1.200738,0.03296703
4/29/2021 8:35,1.201477,0.03296703
4/29/2021 8:40,1.212554,0.03296703
4/29/2021 8:45,1.211815,0.03296703
4/29/2021 8:50,1.211077,0.03296703
4/29/2021 8:55,1.199262,0.03296703
4/29/2021 9:00,1.207385,0.03296703
4/29/2021 9:05,1.197785,0.03296703
4/29/2021 9:10,1.211815,0.03296703
4/29/2021 9:15,1.211815,0.03296703
4/29/2021 9:20,1.219938,0.03296703
4/29/2021 9:25,1.202954,0.03296703
4/29/2021 9:30,1.211815,0.03296703
4/29/2021 9:35,1.208862,0.03296703
4/29/2021 9:40,1.2,0.03296703
4/29/2021 9:45,1.201477,0.03296703
4/29/2021 9:50,1.211077,0.03296703
4/29/2021 9:55,1.205908,0.03296703
4/29/2021 10:00,1.211077,0.03296703
4/29/2021 10:05,1.208123,0.03296703
4/29/2021 10:10,1.202954,0.03296703
4/29/2021 10:15,1.219938,0.03296703
4/29/2021 10:20,1.199262,0.03296703
4/29/2021 10:25,1.2,0.03296703
4/29/2021 10:30,1.208862,0.03296703
4/29/2021 10:35,1.207385,0.03296703
4/29/2021 10:40,1.202954,0.03174603
4/29/2021 10:45,1.2,0.03174603
4/29/2021 10:50,1.210338,0.03174603
4/29/2021 10:55,1.200738,0.03174603
4/29/2021 11:00,1.203692,0.03174603
4/29/2021 11:05,1.202954,0.03174603
4/29/2021 11:10,1.202954,0.03174603
4/29/2021 11:15,1.197785,0.03174603
4/29/2021 11:20,1.202954,0.03174603
4/29/2021 11:25,1.203692,0.03174603
4/29/2021 11:30,1.205169,0.03174603
4/29/2021 11:35,1.198523,0.03174603
4/29/2021 11:40,1.202954,0.03174603
4/29/2021 11:45,1.194831,0.03174603
4/29/2021 11:50,1.197785,0.03174603
4/29/2021 11:55,1.191138,0.03174603
4/29/2021 12:00,1.195569,0.03174603
4/29/2021 12:05,1.202215,0.03174603
4/29/2021 12:10,1.196308,0.03174603
4/29/2021 12:15,1.193354,0.03174603
4/29/2021 12:20,1.198523,0.03174603
4/29/2021 12:25,1.195569,0.03174603
4/29/2021 12:30,1.199262,0.03174603
4/29/2021 12:35,1.201477,0.03174603
4/29/2021 12:40,1.201477,0.03174603
4/29/2021 12:45,1.1904,0.03174603
4/29/2021 12:50,1.191877,0.03174603
4/29/2021 12:55,1.194831,0.03174603
4/29/2021 13:00,1.191138,0.03174603
4/29/2021 13:05,1.182277,0.03174603
4/29/2021 13:10,1.205908,0.03174603
4/29/2021 13:15,1.200738,0.03174603
4/29/2021 13:20,1.196308,0.03174603
4/29/2021 13:25,1.193354,0.03174603
4/29/2021 13:30,1.191138,0.03174603
4/29/2021 13:35,1.196308,0.03174603
4/29/2021 13:40,1.207385,0.03174603
4/29/2021 13:45,1.191877,0.03174603
4/29/2021 13:50,1.205908,0.03174603
4/29/2021 13:55,1.208123,0.03174603
4/29/2021 14:00,1.192615,0.03174603
4/29/2021 14:05,1.193354,0.03174603
4/29/2021 14:10,1.195569,0.03174603
4/29/2021 14:15,1.2,0.03174603
4/29/2021 14:20,1.188923,0.03174603
4/29/2021 14:25,1.199262,0.03174603
4/29/2021 14:30,1.200738,0.03174603
4/29/2021 14:35,1.201477,0.03174603
4/29/2021 14:40,1.197046,0.03174603
4/29/2021 14:45,1.194831,0.03174603
4/29/2021 14:50,1.198523,0.03174603
4/29/2021 14:55,1.196308,0.03174603
4/29/2021 15:00,1.197046,0.03174603
4/29/2021 15:05,1.197785,0.03174603
4/29/2021 15:10,1.196308,0.03174603
4/29/2021 15:15,1.193354,0.03174603
4/29/2021 15:20,1.204431,0.03174603
4/29/2021 15:25,1.191138,0.03174603
4/29/2021 15:30,1.194831,0.03174603
4/29/2021 15:35,1.191877,0.03174603
4/29/2021 15:40,1.197785,0.03174603
4/29/2021 15:45,1.201477,0.03174603
4/29/2021 15:50,1.185231,0.03174603
4/29/2021 15:55,1.193354,0.03174603
4/29/2021 16:00,1.204431,0.03174603
4/29/2021 16:05,1.202954,0.03174603
4/29/2021 16:10,1.194831,0.03174603
4/29/2021 16:15,1.199262,0.03174603
4/29/2021 16:20,1.191877,0.03174603
4/29/2021 16:25,1.196308,0.03174603
4/29/2021 16:30,1.2,0.03174603
4/29/2021 16:35,1.212554,0.03174603
4/29/2021 16:40,1.198523,0.03174603
4/29/2021 16:45,1.202215,0.03174603
4/29/2021 16:50,1.202215,0.03174603
4/29/2021 16:55,1.196308,0.03174603
4/29/2021 17:00,1.192615,0.03174603
4/29/2021 17:05,1.197785,0.03174603
4/29/2021 17:10,1.197046,0.03174603
4/29/2021 17:15,1.2,0.03174603
4/29/2021 17:20,1.194831,0.03174603
4/29/2021 17:25,1.201477,0.03174603
4/29/2021 17:30,1.199262,0.03174603
4/29/2021 17:35,1.197785,0.03174603
4/29/2021 17:40,1.202215,0.03174603
4/29/2021 17:45,1.1904,0.03174603
4/29/2021 17:50,1.201477,0.03174603
4/29/2021 17:55,1.198523,0.03174603
4/29/2021 18:00,1.205908,0.03174603
4/29/2021 18:05,1.197785,0.03174603
4/29/2021 18:10,1.197046,0.03174603
4/29/2021 18:15,1.202954,0.03174603
4/29/2021 18:20,1.193354,0.03174603
4/29/2021 18:25,1.194831,0.03174603
4/29/2021 18:30,1.196308,0.03174603
4/29/2021 18:35,1.199262,0.03174603
4/29/2021 18:40,1.196308,0.03174603
4/29/2021 18:45,1.197785,0.03174603
4/29/2021 18:50,1.188184,0.03174603
4/29/2021 18:55,1.193354,0.03174603
4/29/2021 19:00,1.204431,0.03174603
4/29/2021 19:05,1.197046,0.03174603
4/29/2021 19:10,1.198523,0.03174603
4/29/2021 19:15,1.2,0.03174603
4/29/2021 19:20,1.194092,0.03174603
4/29/2021 19:25,1.194831,0.03174603
4/29/2021 19:30,1.197046,0.03174603
4/29/2021 19:35,1.197785,0.03174603
4/29/2021 19:40,1.197046,0.03174603
4/29/2021 19:45,1.192615,0.03174603
4/29/2021 19:50,1.196308,0.03174603
4/29/2021 19:55,1.203692,0.03174603
4/29/2021 20:00,1.194831,0.03174603
4/29/2021 20:05,1.207385,0.03174603
4/29/2021 20:10,1.201477,0.03174603
4/29/2021 20:15,1.187446,0.03174603
4/29/2021 20:20,1.185231,0.03174603
4/29/2021 20:25,1.193354,0.03174603
4/29/2021 20:30,1.185969,0.03174603
4/29/2021 20:35,1.195569,0.03174603
4/29/2021 20:40,1.196308,0.03174603
4/29/2021 20:45,1.191138,0.03174603
4/29/2021 20:50,1.192615,0.03174603
4/29/2021 20:55,1.199262,0.03174603
4/29/2021 21:00,1.194092,0.03174603
4/29/2021 21:05,1.193354,0.03174603
4/29/2021 21:10,1.196308,0.03174603
4/29/2021 21:15,1.189662,0.03174603
4/29/2021 21:20,1.194092,0.03174603
4/29/2021 21:25,1.184492,0.03174603
4/29/2021 21:30,1.185231,0.03174603
4/29/2021 21:35,1.193354,0.03174603
4/29/2021 21:40,1.189662,0.03174603
4/29/2021 21:45,1.194092,0.03174603
4/29/2021 21:50,1.199262,0.03174603
4/29/2021 21:55,1.191138,0.03174603
4/29/2021 22:00,1.197046,0.03174603
4/29/2021 22:05,1.188184,0.03174603
4/29/2021 22:10,1.196308,0.03174603
4/29/2021 22:15,1.183015,0.03174603
4/29/2021 22:20,1.183015,0.03174603
4/29/2021 22:25,1.191138,0.03174603
4/29/2021 22:30,1.184492,0.03174603
4/29/2021 22:35,1.184492,0.03174603
4/29/2021 22:40,1.1904,0.03174603
4/29/2021 22:45,1.177108,0.03174603
4/29/2021 22:50,1.194831,0.03174603
4/29/2021 22:55,1.183754,0.03174603
4/29/2021 23:00,1.185231,0.03174603
4/29/2021 23:05,1.188184,0.03174603
4/29/2021 23:10,1.182277,0.03174603
4/29/2021 23:15,1.185231,0.03174603
4/29/2021 23:20,1.181538,0.03174603
4/29/2021 23:25,1.186708,0.03174603
4/29/2021 23:30,1.189662,0.03174603
4/29/2021 23:35,1.180062,0.03174603
4/29/2021 23:40,1.176369,0.03174603
4/29/2021 23:45,1.235446,0.03174603
4/29/2021 23:50,1.214031,0.03174603
4/29/2021 23:55,1.202954,0.03174603
4/30/2021 0:00,1.194831,0.03174603
4/30/2021 0:05,1.194092,0.03174603
4/30/2021 0:10,1.2,0.03174603
4/30/2021 0:15,1.204431,0.03174603
4/30/2021 0:20,1.203692,0.03174603
4/30/2021 0:25,1.200738,0.03174603
4/30/2021 0:30,1.199262,0.03174603
4/30/2021 0:35,1.201477,0.03174603
4/30/2021 0:40,1.212554,0.03174603
4/30/2021 0:45,1.2096,0.03174603
4/30/2021 0:50,1.199262,0.03174603
4/30/2021 0:55,1.211077,0.03174603
4/30/2021 1:00,1.207385,0.03174603
4/30/2021 1:05,1.203692,0.03174603
4/30/2021 1:10,1.201477,0.03174603
4/30/2021 1:15,1.207385,0.03174603
4/30/2021 1:20,1.197785,0.03174603
4/30/2021 1:25,1.199262,0.03174603
4/30/2021 1:30,1.205169,0.03174603
4/30/2021 1:35,1.203692,0.03174603
4/30/2021 1:40,1.204431,0.03174603
4/30/2021 1:45,1.196308,0.03174603
4/30/2021 1:50,1.202215,0.03174603
4/30/2021 1:55,1.197046,0.03174603
4/30/2021 2:00,1.194092,0.03174603
4/30/2021 2:05,1.194831,0.03174603
4/30/2021 2:10,1.197785,0.03174603
4/30/2021 2:15,1.184492,0.03174603
4/30/2021 2:20,1.193354,0.03174603
4/30/2021 2:25,1.186708,0.03174603
4/30/2021 2:30,1.191877,0.03174603
4/30/2021 2:35,1.185969,0.03174603
4/30/2021 2:40,1.174154,0.03174603
4/30/2021 2:45,1.182277,0.03174603
4/30/2021 2:50,1.154954,0.03174603
4/30/2021 2:55,1.218462,0.03174603
4/30/2021 3:00,1.214031,0.03174603
4/30/2021 3:05,1.218462,0.03174603
4/30/2021 3:10,1.228062,0.03174603
4/30/2021 3:15,1.201477,0.03174603
4/30/2021 3:20,1.225108,0.03174603
4/30/2021 3:25,1.201477,0.03174603
4/30/2021 3:30,1.211815,0.03174603
4/30/2021 3:35,1.153477,0.03174603
4/30/2021 3:40,1.225108,0.03174603
4/30/2021 3:45,1.223631,0.03174603
4/30/2021 3:50,1.203692,0.03174603
4/30/2021 3:55,1.202215,0.03174603
4/30/2021 4:00,1.2,0.03174603
4/30/2021 4:05,1.194831,0.03174603
4/30/2021 4:10,1.199262,0.03174603
4/30/2021 4:15,1.199262,0.03174603
4/30/2021 4:20,1.193354,0.03174603
4/30/2021 4:25,1.201477,0.03174603
4/30/2021 4:30,1.189662,0.03174603
4/30/2021 4:35,1.195569,0.03174603
4/30/2021 4:40,1.189662,0.03174603
4/30/2021 4:45,1.187446,0.03174603
4/30/2021 4:50,1.194092,0.03174603
4/30/2021 4:55,1.183754,0.03174603
4/30/2021 5:00,1.1808,0.03296703
4/30/2021 5:05,1.186708,0.03296703
4/30/2021 5:10,1.185231,0.03296703
4/30/2021 5:15,1.188184,0.03296703
4/30/2021 5:20,1.194092,0.03296703
4/30/2021 5:25,1.186708,0.03296703
4/30/2021 5:30,1.182277,0.03296703
4/30/2021 5:35,1.204431,0.03296703
4/30/2021 5:40,1.188923,0.03296703
4/30/2021 5:45,1.188184,0.03296703
4/30/2021 5:50,1.197785,0.03296703
4/30/2021 5:55,1.188923,0.03296703
4/30/2021 6:00,1.185969,0.03296703
4/30/2021 6:05,1.197785,0.03296703
4/30/2021 6:10,1.188184,0.03296703
4/30/2021 6:15,1.188184,0.03296703
4/30/2021 6:20,1.186708,0.03418804
4/30/2021 6:25,1.188923,0.03418804
4/30/2021 6:30,1.196308,0.03418804
4/30/2021 6:35,1.195569,0.03418804
4/30/2021 6:40,1.185231,0.03418804
4/30/2021 6:45,1.188184,0.03418804
4/30/2021 6:50,1.189662,0.03418804
4/30/2021 6:55,1.189662,0.03418804
4/30/2021 7:00,1.249477,0.03418804
4/30/2021 7:05,1.221415,0.03418804
4/30/2021 7:10,1.236185,0.03418804
4/30/2021 7:15,1.218462,0.03418804
4/30/2021 7:20,1.225108,0.03418804
4/30/2021 7:25,1.211077,0.03418804
4/30/2021 7:30,1.214031,0.03418804
4/30/2021 7:35,1.205908,0.03418804
4/30/2021 7:40,1.223631,0.03418804
4/30/2021 7:45,1.221415,0.03418804
4/30/2021 7:50,1.207385,0.03418804
4/30/2021 7:55,1.212554,0.03418804
4/30/2021 8:00,1.215508,0.03418804
4/30/2021 8:05,1.204431,0.03418804
4/30/2021 8:10,1.213292,0.03418804
4/30/2021 8:15,1.215508,0.03418804
4/30/2021 8:20,1.204431,0.03418804
4/30/2021 8:25,1.215508,0.03418804
4/30/2021 8:30,1.207385,0.03418804
4/30/2021 8:35,1.2,0.03418804
4/30/2021 8:40,1.203692,0.03418804
4/30/2021 8:45,1.205908,0.03418804
4/30/2021 8:50,1.204431,0.03418804
4/30/2021 8:55,1.200738,0.03418804
4/30/2021 9:00,1.197046,0.03418804
4/30/2021 9:05,1.197046,0.03418804
4/30/2021 9:10,0.9821538,0.03418804
4/30/2021 9:15,0.9814154,0.03418804
4/30/2021 9:20,0.9755077,0.03418804
4/30/2021 9:25,0.9984,0.03418804
4/30/2021 9:30,0.9932307,0.03418804
4/30/2021 9:35,1.052308,0.03418804
4/30/2021 9:40,1.120985,0.03418804
4/30/2021 9:45,1.119508,0.03418804
4/30/2021 9:50,1.120246,0.03418804
4/30/2021 9:55,1.074461,0.03418804
4/30/2021 10:00,1.133538,0.03296703
4/30/2021 10:05,1.106954,0.03296703
4/30/2021 10:10,1.111385,0.03296703
4/30/2021 10:15,1.124677,0.03296703
4/30/2021 10:20,1.104738,0.03296703
4/30/2021 10:25,1.106954,0.03296703
4/30/2021 10:30,1.108431,0.03296703
4/30/2021 10:35,1.112862,0.03296703
4/30/2021 10:40,1.112862,0.03296703
4/30/2021 10:45,1.117292,0.03296703
4/30/2021 10:50,1.115077,0.03296703
4/30/2021 10:55,1.120246,0.03296703
4/30/2021 11:00,1.095877,0.03296703
4/30/2021 11:05,1.0944,0.03296703
4/30/2021 11:10,1.099569,0.03296703
4/30/2021 11:15,1.104738,0.03296703
4/30/2021 11:20,1.107692,0.03296703
4/30/2021 11:25,1.0944,0.03296703
4/30/2021 11:30,1.108431,0.03296703
4/30/2021 11:35,1.106954,0.03296703
4/30/2021 11:40,1.104738,0.03296703
4/30/2021 11:45,1.104738,0.03296703
4/30/2021 11:50,1.112862,0.03296703
4/30/2021 11:55,1.115077,0.03296703
4/30/2021 12:00,1.114338,0.03296703
4/30/2021 12:05,1.109908,0.03296703
4/30/2021 12:10,1.115815,0.03296703
4/30/2021 12:15,1.112862,0.03296703
4/30/2021 12:20,1.112123,0.03296703
4/30/2021 12:25,1.109908,0.03296703
4/30/2021 12:30,1.106954,0.03296703
4/30/2021 12:35,1.106215,0.03296703
4/30/2021 12:40,1.112123,0.03296703
4/30/2021 12:45,1.104,0.03296703
4/30/2021 12:50,1.105477,0.03296703
4/30/2021 12:55,1.106954,0.03296703
4/30/2021 13:00,1.115815,0.03296703
4/30/2021 13:05,1.1136,0.03296703
4/30/2021 13:10,1.109908,0.03296703
4/30/2021 13:15,1.111385,0.03296703
4/30/2021 13:20,1.103261,0.03296703
4/30/2021 13:25,1.107692,0.03296703
4/30/2021 13:30,1.101785,0.03296703
4/30/2021 13:35,1.101046,0.03296703
4/30/2021 13:40,1.106954,0.03296703
4/30/2021 13:45,1.106215,0.03296703
4/30/2021 13:50,1.101046,0.03296703
4/30/2021 13:55,1.104,0.03296703
4/30/2021 14:00,1.106954,0.03296703
4/30/2021 14:05,1.103261,0.03296703
4/30/2021 14:10,1.103261,0.03296703
4/30/2021 14:15,1.101785,0.03296703
4/30/2021 14:20,1.109908,0.03296703
4/30/2021 14:25,1.105477,0.03296703
4/30/2021 14:30,1.107692,0.03296703
4/30/2021 14:35,1.114338,0.03296703
4/30/2021 14:40,1.105477,0.03296703
4/30/2021 14:45,1.107692,0.03296703
4/30/2021 14:50,1.106954,0.03296703
4/30/2021 14:55,1.104738,0.03296703
4/30/2021 15:00,1.102523,0.03296703
4/30/2021 15:05,1.100308,0.03296703
4/30/2021 15:10,1.109169,0.03296703
4/30/2021 15:15,1.097354,0.03296703
4/30/2021 15:20,1.104,0.03296703
4/30/2021 15:25,1.105477,0.03296703
4/30/2021 15:30,1.107692,0.03296703
4/30/2021 15:35,1.099569,0.03296703
4/30/2021 15:40,1.097354,0.03296703
4/30/2021 15:45,1.096615,0.03296703
4/30/2021 15:50,1.097354,0.03296703
4/30/2021 15:55,1.109169,0.03296703
4/30/2021 16:00,1.105477,0.03296703
4/30/2021 16:05,1.107692,0.03296703
4/30/2021 16:10,1.107692,0.03296703
4/30/2021 16:15,1.105477,0.03296703
4/30/2021 16:20,1.106215,0.03296703
4/30/2021 16:25,1.104,0.03296703
4/30/2021 16:30,1.104738,0.03296703
4/30/2021 16:35,1.106954,0.03296703
4/30/2021 16:40,1.104,0.03296703
4/30/2021 16:45,1.105477,0.03296703
4/30/2021 16:50,1.103261,0.03296703
4/30/2021 16:55,1.108431,0.03296703
4/30/2021 17:00,1.104738,0.03296703
4/30/2021 17:05,1.103261,0.03296703
4/30/2021 17:10,1.105477,0.03296703
4/30/2021 17:15,1.104738,0.03296703
4/30/2021 17:20,1.103261,0.03296703
4/30/2021 17:25,1.112123,0.03296703
4/30/2021 17:30,1.1136,0.03296703
4/30/2021 17:35,1.103261,0.03296703
4/30/2021 17:40,1.102523,0.03296703
4/30/2021 17:45,1.110646,0.03296703
4/30/2021 17:50,1.104,0.03296703
4/30/2021 17:55,1.106215,0.03296703
4/30/2021 18:00,1.106954,0.03296703
4/30/2021 18:05,1.098831,0.03296703
4/30/2021 18:10,1.109908,0.03296703
4/30/2021 18:15,1.096615,0.03296703
4/30/2021 18:20,1.104738,0.03296703
4/30/2021 18:25,1.108431,0.03296703
4/30/2021 18:30,1.111385,0.03296703
4/30/2021 18:35,1.101785,0.03296703
4/30/2021 18:40,1.103261,0.03296703
4/30/2021 18:45,1.101785,0.03296703
4/30/2021 18:50,1.109908,0.03296703
4/30/2021 18:55,1.108431,0.03296703
4/30/2021 19:00,1.098831,0.03296703
4/30/2021 19:05,1.101046,0.03296703
4/30/2021 19:10,1.102523,0.03296703
4/30/2021 19:15,1.105477,0.03296703
4/30/2021 19:20,1.102523,0.03296703
4/30/2021 19:25,1.104738,0.03296703
4/30/2021 19:30,1.091446,0.03174603
4/30/2021 19:35,1.103261,0.03174603
4/30/2021 19:40,1.100308,0.03174603
4/30/2021 19:45,1.097354,0.03174603
4/30/2021 19:50,1.104,0.03174603
4/30/2021 19:55,1.101785,0.03174603
4/30/2021 20:00,1.105477,0.03174603
4/30/2021 20:05,1.114338,0.03174603
4/30/2021 20:10,1.098831,0.03296703
4/30/2021 20:15,1.107692,0.03174603
4/30/2021 20:20,1.104,0.03174603
4/30/2021 20:25,1.104,0.03174603
4/30/2021 20:30,1.099569,0.03174603
4/30/2021 20:35,1.103261,0.03174603
4/30/2021 20:40,1.106954,0.03174603
4/30/2021 20:45,1.095877,0.03174603
4/30/2021 20:50,1.108431,0.03174603
4/30/2021 20:55,1.095138,0.03174603
4/30/2021 21:00,1.104,0.03174603
4/30/2021 21:05,1.092185,0.03174603
4/30/2021 21:10,1.101785,0.03174603
4/30/2021 21:15,1.104,0.03174603
4/30/2021 21:20,1.095138,0.03174603
4/30/2021 21:25,1.100308,0.03174603
4/30/2021 21:30,1.101785,0.03174603
4/30/2021 21:35,1.098092,0.03174603
4/30/2021 21:40,1.097354,0.03174603
4/30/2021 21:45,1.098092,0.03174603
4/30/2021 21:50,1.104,0.03174603
4/30/2021 21:55,1.104738,0.03174603
4/30/2021 22:00,1.105477,0.03174603
4/30/2021 22:05,1.093662,0.03174603
4/30/2021 22:10,1.0944,0.03174603
4/30/2021 22:15,1.090708,0.03174603
4/30/2021 22:20,1.097354,0.03174603
4/30/2021 22:25,1.104738,0.03174603
4/30/2021 22:30,1.101046,0.03174603
4/30/2021 22:35,1.0944,0.03174603
4/30/2021 22:40,1.098831,0.03174603
4/30/2021 22:45,1.100308,0.03174603
4/30/2021 22:50,1.096615,0.03174603
4/30/2021 22:55,1.095138,0.03174603
4/30/2021 23:00,1.103261,0.03174603
4/30/2021 23:05,1.105477,0.03174603
4/30/2021 23:10,1.101046,0.03174603
4/30/2021 23:15,1.096615,0.03174603
4/30/2021 23:20,1.095877,0.03174603
4/30/2021 23:25,1.084062,0.03174603
4/30/2021 23:30,1.101785,0.03174603
4/30/2021 23:35,1.101785,0.03174603
4/30/2021 23:40,1.089231,0.03174603
4/30/2021 23:45,1.097354,0.03174603
4/30/2021 23:50,1.087754,0.03174603
4/30/2021 23:55,1.092185,0.03174603
5/1/2021 0:00,1.089969,0.03174603
5/1/2021 0:05,1.093662,0.03174603
5/1/2021 0:10,1.092185,0.03174603
5/1/2021 0:15,1.0944,0.03174603
5/1/2021 0:20,1.095877,0.03174603
5/1/2021 0:25,1.0944,0.03174603
5/1/2021 0:30,1.097354,0.03174603
5/1/2021 0:35,1.100308,0.03174603
5/1/2021 0:40,1.087754,0.03174603
5/1/2021 0:45,1.101785,0.03174603
5/1/2021 0:50,1.104,0.03174603
5/1/2021 0:55,1.108431,0.03174603
5/1/2021 1:00,1.098092,0.03174603
5/1/2021 1:05,1.107692,0.03174603
5/1/2021 1:10,1.105477,0.03174603
5/1/2021 1:15,1.103261,0.03174603
5/1/2021 1:20,1.096615,0.03174603
5/1/2021 1:25,1.106954,0.03174603
5/1/2021 1:30,1.0944,0.03174603
5/1/2021 1:35,1.093662,0.03174603
5/1/2021 1:40,1.101046,0.03174603
5/1/2021 1:45,1.0944,0.03174603
5/1/2021 1:50,1.090708,0.03174603
5/1/2021 1:55,1.091446,0.03174603
5/1/2021 2:00,1.089231,0.03174603
5/1/2021 2:05,1.096615,0.03174603
5/1/2021 2:10,1.089231,0.03174603
5/1/2021 2:15,1.089969,0.03174603
5/1/2021 2:20,1.093662,0.03174603
5/1/2021 2:25,1.090708,0.03174603
5/1/2021 2:30,1.101046,0.03174603
5/1/2021 2:35,1.095877,0.03174603
5/1/2021 2:40,1.092923,0.03174603
5/1/2021 2:45,1.091446,0.03174603
5/1/2021 2:50,1.0848,0.03174603
5/1/2021 2:55,1.0848,0.03174603
5/1/2021 3:00,1.087754,0.03174603
5/1/2021 3:05,1.089969,0.03174603
5/1/2021 3:10,1.092185,0.03174603
5/1/2021 3:15,1.087754,0.03174603
5/1/2021 3:20,1.103261,0.03174603
5/1/2021 3:25,1.089231,0.03174603
5/1/2021 3:30,1.087015,0.03174603
5/1/2021 3:35,1.085538,0.03174603
5/1/2021 3:40,1.079631,0.03174603
5/1/2021 3:45,1.087015,0.03174603
5/1/2021 3:50,1.088492,0.03174603
5/1/2021 3:55,1.095138,0.03174603
5/1/2021 4:00,1.103261,0.03174603
5/1/2021 4:05,1.087754,0.03174603
5/1/2021 4:10,1.086277,0.03052503
5/1/2021 4:15,1.095138,0.03174603
5/1/2021 4:20,1.0752,0.03174603
5/1/2021 4:25,1.154954,0.03174603
5/1/2021 4:30,1.073723,0.03052503
5/1/2021 4:35,1.072246,0.03052503
5/1/2021 4:40,1.1232,0.03052503
5/1/2021 4:45,1.104,0.03052503
5/1/2021 4:50,1.101046,0.03052503
5/1/2021 4:55,1.108431,0.03052503
5/1/2021 5:00,1.093662,0.03052503
5/1/2021 5:05,1.109908,0.03052503
5/1/2021 5:10,1.109908,0.03052503
5/1/2021 5:15,1.095877,0.03052503
5/1/2021 5:20,1.098831,0.03052503
5/1/2021 5:25,1.104738,0.03052503
5/1/2021 5:30,1.107692,0.03052503
5/1/2021 5:35,1.093662,0.03052503
5/1/2021 5:40,1.114338,0.03052503
5/1/2021 5:45,1.104,0.03052503
5/1/2021 5:50,1.108431,0.03052503
5/1/2021 5:55,1.101785,0.03052503
5/1/2021 6:00,1.099569,0.03052503
5/1/2021 6:05,1.098831,0.03052503
5/1/2021 6:10,1.098831,0.03052503
5/1/2021 6:15,1.115815,0.03052503
5/1/2021 6:20,1.098831,0.03052503
5/1/2021 6:25,1.105477,0.03052503
5/1/2021 6:30,1.103261,0.03052503
5/1/2021 6:35,1.097354,0.03052503
5/1/2021 6:40,1.100308,0.03052503
5/1/2021 6:45,1.105477,0.03052503
5/1/2021 6:50,1.100308,0.03052503
5/1/2021 6:55,1.182277,0.03052503
5/1/2021 7:00,1.202954,0.03052503
5/1/2021 7:05,1.199262,0.03052503
5/1/2021 7:10,1.202954,0.03052503
5/1/2021 7:15,1.195569,0.03052503
5/1/2021 7:20,1.196308,0.03052503
5/1/2021 7:25,1.199262,0.03052503
5/1/2021 7:30,1.198523,0.03052503
5/1/2021 7:35,1.194831,0.03052503
5/1/2021 7:40,1.197785,0.03052503
5/1/2021 7:45,1.194092,0.03052503
5/1/2021 7:50,1.191877,0.03052503
5/1/2021 7:55,1.185231,0.03052503
5/1/2021 8:00,1.193354,0.03052503
5/1/2021 8:05,1.187446,0.03052503
5/1/2021 8:10,1.1808,0.03052503
5/1/2021 8:15,1.183754,0.03052503
5/1/2021 8:20,1.188184,0.03052503
5/1/2021 8:25,1.115077,0.03052503
5/1/2021 8:30,1.0848,0.03052503
5/1/2021 8:35,1.149046,0.03052503
5/1/2021 8:40,1.133538,0.03052503
5/1/2021 8:45,1.118769,0.03052503
5/1/2021 8:50,1.092923,0.03052503
5/1/2021 8:55,1.097354,0.03052503
5/1/2021 9:00,1.092185,0.03052503
5/1/2021 9:05,1.100308,0.03052503
5/1/2021 9:10,1.097354,0.03052503
5/1/2021 9:15,1.095877,0.03052503
5/1/2021 9:20,1.095877,0.03052503
5/1/2021 9:25,1.095877,0.03052503
5/1/2021 9:30,1.086277,0.03052503
5/1/2021 9:35,1.0944,0.03052503
5/1/2021 9:40,1.096615,0.03052503
5/1/2021 9:45,1.096615,0.03052503
5/1/2021 9:50,1.104,0.03052503
5/1/2021 9:55,1.095138,0.03052503
5/1/2021 10:00,1.095877,0.03052503
5/1/2021 10:05,1.0944,0.03052503
5/1/2021 10:10,1.095877,0.03052503
5/1/2021 10:15,1.100308,0.03052503
5/1/2021 10:20,1.082585,0.03052503
5/1/2021 10:25,1.098092,0.03052503
5/1/2021 10:30,1.0944,0.03052503
5/1/2021 10:35,1.095877,0.03052503
5/1/2021 10:40,0,-1
5/1/2021 10:45,0,-1
5/1/2021 10:50,0,-1
5/1/2021 10:55,0,-1
5/1/2021 11:00,0,-1
5/1/2021 11:05,0,-1
5/1/2021 11:10,0,-1
5/1/2021 11:15,0,-1
5/1/2021 11:20,0,-1
5/1/2021 11:25,0,-1
5/1/2021 11:30,0,-1
5/1/2021 11:35,0,-1
5/1/2021 11:40,0,-1
5/1/2021 11:45,0,-1
5/1/2021 11:50,0,-1
5/1/2021 11:55,0,-1
5/1/2021 12:00,0,-1
5/1/2021 12:05,0,-1
5/1/2021 12:10,0,-1
5/1/2021 12:15,0,-1
5/1/2021 12:20,0,-1
5/1/2021 12:25,0,-1
5/1/2021 12:30,0,-1
5/1/2021 12:35,0,-1
5/1/2021 12:40,0,-1
5/1/2021 12:45,0,-1
5/1/2021 12:50,0,-1
5/1/2021 12:55,0,-1
5/1/2021 13:00,0,-1
5/1/2021 13:05,0,-1
5/1/2021 13:10,0,-1
5/1/2021 13:15,0,-1
5/1/2021 13:20,0,-1
5/1/2021 13:25,0,-1
5/1/2021 13:30,0,-1
5/1/2021 13:35,0,-1
5/1/2021 13:40,0,-1
5/1/2021 13:45,0,-1
5/1/2021 13:50,0,-1
5/1/2021 13:55,0,-1
5/1/2021 14:00,0,-1
5/1/2021 14:05,0,-1
5/1/2021 14:10,0,-1
5/1/2021 14:15,0,-1
5/1/2021 14:20,0,-1
5/1/2021 14:25,0,-1
5/1/2021 14:30,0,-1
5/1/2021 14:35,0,-1
5/1/2021 14:40,0,-1
5/1/2021 14:45,0,-1
5/1/2021 14:50,0,-1
5/1/2021 14:55,0,-1
5/1/2021 15:00,0,-1
5/1/2021 15:05,0,-1
5/1/2021 15:10,0,-1
5/1/2021 15:15,0,-1
5/1/2021 15:20,0,-1
5/1/2021 15:25,0,-1
5/1/2021 15:30,0,-1
5/1/2021 15:35,0,-1
5/1/2021 15:40,0,-1
5/1/2021 15:45,0,-1
5/1/2021 15:50,0,-1
5/1/2021 15:55,0,-1
5/1/2021 16:00,0,-1
5/1/2021 16:05,0,-1
5/1/2021 16:10,0,-1
5/1/2021 16:15,0,-1
5/1/2021 16:20,0,-1
5/1/2021 16:25,0,-1
5/1/2021 16:30,0,-1
5/1/2021 16:35,0,-1
5/1/2021 16:40,0,-1
5/1/2021 16:45,0,-1
5/1/2021 16:50,0,-1
5/1/2021 16:55,0,-1
5/1/2021 17:00,0,-1
5/1/2021 17:05,0,-1
5/1/2021 17:10,0,-1
5/1/2021 17:15,0,-1
5/1/2021 17:20,0,-1
5/1/2021 17:25,0,-1
5/1/2021 17:30,0,-1
5/1/2021 17:35,0,-1
5/1/2021 17:40,0,-1
5/1/2021 17:45,0,-1
5/1/2021 17:50,0,-1
5/1/2021 17:55,0,-1
5/1/2021 18:00,0,-1
5/1/2021 18:05,0,-1
5/1/2021 18:10,0,-1
5/1/2021 18:15,0,-1
5/1/2021 18:20,0,-1
5/1/2021 18:25,0,-1
5/1/2021 18:30,0,-1
5/1/2021 18:35,0,-1
5/1/2021 18:40,0,-1
5/1/2021 18:45,0,-1
5/1/2021 18:50,0,-1
5/1/2021 18:55,0,-1
5/1/2021 19:00,0,-1
5/1/2021 19:05,0,-1
5/1/2021 19:10,0,-1
5/1/2021 19:15,0,-1
5/1/2021 19:20,0,-1
5/1/2021 19:25,0,-1
5/1/2021 19:30,0,-1
5/1/2021 19:35,0,-1
5/1/2021 19:40,0,-1
5/1/2021 19:45,0,-1
5/1/2021 19:50,0,-1
5/1/2021 19:55,0,-1
5/1/2021 20:00,0,-1
5/1/2021 20:05,0,-1
5/1/2021 20:10,0,-1
5/1/2021 20:15,0,-1
5/1/2021 20:20,0,-1
5/1/2021 20:25,0,-1
5/1/2021 20:30,0,-1
5/1/2021 20:35,0,-1
5/1/2021 20:40,0,-1
5/1/2021 20:45,0,-1
5/1/2021 20:50,0,-1
5/1/2021 20:55,0,-1
5/1/2021 21:00,0,-1
5/1/2021 21:05,0,-1
5/1/2021 21:10,0,-1
5/1/2021 21:15,0,-1
5/1/2021 21:20,0,-1
5/1/2021 21:25,0,-1
5/1/2021 21:30,0,-1
5/1/2021 21:35,0,-1
5/1/2021 21:40,0,-1
5/1/2021 21:45,0,-1
5/1/2021 21:50,0,-1
5/1/2021 21:55,0,-1
5/1/2021 22:00,0,-1
5/1/2021 22:05,0,-1
5/1/2021 22:10,0,-1
5/1/2021 22:15,0,-1
5/1/2021 22:20,0,-1
5/1/2021 22:25,0,-1
5/1/2021 22:30,0,-1
5/1/2021 22:35,0,-1
5/1/2021 22:40,0,-1
5/1/2021 22:45,0,-1
5/1/2021 22:50,0,-1
5/1/2021 22:55,0,-1
5/1/2021 23:00,0,-1
5/1/2021 23:05,0,-1
5/1/2021 23:10,0,-1
5/1/2021 23:15,0,-1
5/1/2021 23:20,0,-1
5/1/2021 23:25,0,-1
5/1/2021 23:30,0,-1
5/1/2021 23:35,0,-1
5/1/2021 23:40,0,-1
5/1/2021 23:45,0,-1
5/1/2021 23:50,0,-1
5/1/2021 23:55,0,-1
5/2/2021 0:00,0,-1
5/2/2021 0:05,0,-1
5/2/2021 0:10,0,-1
5/2/2021 0:15,0,-1
5/2/2021 0:20,0,-1
5/2/2021 0:25,0,-1
5/2/2021 0:30,0,-1
5/2/2021 0:35,0,-1
5/2/2021 0:40,0,-1
5/2/2021 0:45,0,-1
5/2/2021 0:50,0,-1
5/2/2021 0:55,0,-1
5/2/2021 1:00,0,-1
5/2/2021 1:05,0,-1
5/2/2021 1:10,0,-1
5/2/2021 1:15,0,-1
5/2/2021 1:20,0,-1
5/2/2021 1:25,0,-1
5/2/2021 1:30,0,-1
5/2/2021 1:35,0,-1
5/2/2021 1:40,0,-1
5/2/2021 1:45,0,-1
5/2/2021 1:50,0,-1
5/2/2021 1:55,0,-1
5/2/2021 2:00,0,-1
5/2/2021 2:05,0,-1
5/2/2021 2:10,0,-1
5/2/2021 2:15,0,-1
5/2/2021 2:20,0,-1
5/2/2021 2:25,0,-1
5/2/2021 2:30,0,-1
5/2/2021 2:35,0,-1
5/2/2021 2:40,0,-1
5/2/2021 2:45,0,-1
5/2/2021 2:50,0,-1
5/2/2021 2:55,0,-1
5/2/2021 3:00,0,-1
5/2/2021 3:05,0,-1
5/2/2021 3:10,0,-1
5/2/2021 3:15,0,-1
5/2/2021 3:20,0,-1
5/2/2021 3:25,0,-1
5/2/2021 3:30,0,-1
5/2/2021 3:35,0,-1
5/2/2021 3:40,0,-1
5/2/2021 3:45,0,-1
5/2/2021 3:50,0,-1
5/2/2021 3:55,0,-1
5/2/2021 4:00,0,-1
5/2/2021 4:05,0,-1
5/2/2021 4:10,0,-1
5/2/2021 4:15,0,-1
5/2/2021 4:20,0,-1
5/2/2021 4:25,0,-1
5/2/2021 4:30,0,-1
5/2/2021 4:35,0,-1
5/2/2021 4:40,0,-1
5/2/2021 4:45,0,-1
5/2/2021 4:50,0,-1
5/2/2021 4:55,0,-1
5/2/2021 5:00,0,-1
5/2/2021 5:05,0,-1
5/2/2021 5:10,0,-1
5/2/2021 5:15,0,-1
5/2/2021 5:20,0,-1
5/2/2021 5:25,0,-1
5/2/2021 5:30,0,-1
5/2/2021 5:35,0,-1
5/2/2021 5:40,0,-1
5/2/2021 5:45,0,-1
5/2/2021 5:50,0,-1
5/2/2021 5:55,0,-1
5/2/2021 6:00,0,-1
5/2/2021 6:05,0,-1
5/2/2021 6:10,0,-1
5/2/2021 6:15,0,-1
5/2/2021 6:20,0,-1
5/2/2021 6:25,0,-1
5/2/2021 6:30,0,-1
5/2/2021 6:35,0,-1
5/2/2021 6:40,0,-1
5/2/2021 6:45,0,-1
5/2/2021 6:50,0,-1
5/2/2021 6:55,0,-1
5/2/2021 7:00,0,-1
5/2/2021 7:05,0,-1
5/2/2021 7:10,0,-1
5/2/2021 7:15,0,-1
5/2/2021 7:20,0,-1
5/2/2021 7:25,0,-1
5/2/2021 7:30,0,-1
5/2/2021 7:35,0,-1
5/2/2021 7:40,0,-1
5/2/2021 7:45,0,-1
5/2/2021 7:50,0,-1
5/2/2021 7:55,0,-1
5/2/2021 8:00,0,-1
5/2/2021 8:05,0,-1
5/2/2021 8:10,0,-1
5/2/2021 8:15,0,-1
5/2/2021 8:20,0,-1
5/2/2021 8:25,0,-1
5/2/2021 8:30,0,-1
5/2/2021 8:35,0,-1
5/2/2021 8:40,0,-1
5/2/2021 8:45,0,-1
5/2/2021 8:50,0,-1
5/2/2021 8:55,0,-1
5/2/2021 9:00,0,-1
5/2/2021 9:05,0,-1
5/2/2021 9:10,0,-1
5/2/2021 9:15,0,-1
5/2/2021 9:20,0,-1
5/2/2021 9:25,0,-1
5/2/2021 9:30,0,-1
5/2/2021 9:35,0,-1
5/2/2021 9:40,0,-1
5/2/2021 9:45,0,-1
5/2/2021 9:50,0,-1
5/2/2021 9:55,0,-1
5/2/2021 10:00,0,-1
5/2/2021 10:05,0,-1
5/2/2021 10:10,0,-1
5/2/2021 10:15,0,-1
5/2/2021 10:20,0,-1
5/2/2021 10:25,0,-1
5/2/2021 10:30,0,-1
5/2/2021 10:35,0,-1
5/2/2021 10:40,0,-1
5/2/2021 10:45,0,-1
5/2/2021 10:50,0,-1
5/2/2021 10:55,0,-1
5/2/2021 11:00,0,-1
5/2/2021 11:05,0,-1
5/2/2021 11:10,0,-1
5/2/2021 11:15,0,-1
5/2/2021 11:20,0,-1
5/2/2021 11:25,0,-1
5/2/2021 11:30,0,-1
5/2/2021 11:35,0,-1
5/2/2021 11:40,0,-1
5/2/2021 11:45,0,-1
5/2/2021 11:50,0,-1
5/2/2021 11:55,0,-1
5/2/2021 12:00,0,-1
5/2/2021 12:05,0,-1
5/2/2021 12:10,0,-1
5/2/2021 12:15,0,-1
5/2/2021 12:20,0,-1
5/2/2021 12:25,0,-1
5/2/2021 12:30,0,-1
5/2/2021 12:35,0,-1
5/2/2021 12:40,0,-1
5/2/2021 12:45,0,-1
5/2/2021 12:50,0,-1
5/2/2021 12:55,0,-1
5/2/2021 13:00,0,-1
5/2/2021 13:05,0,-1
5/2/2021 13:10,0,-1
5/2/2021 13:15,0,-1
5/2/2021 13:20,0,-1
5/2/2021 13:25,0,-1
5/2/2021 13:30,0,-1
5/2/2021 13:35,0,-1
5/2/2021 13:40,0,-1
5/2/2021 13:45,0,-1
5/2/2021 13:50,0,-1
5/2/2021 13:55,0,-1
5/2/2021 14:00,0,-1
5/2/2021 14:05,0,-1
5/2/2021 14:10,0,-1
5/2/2021 14:15,0,-1
5/2/2021 14:20,0,-1
5/2/2021 14:25,0,-1
5/2/2021 14:30,0,-1
5/2/2021 14:35,0,-1
5/2/2021 14:40,0,-1
5/2/2021 14:45,0,-1
5/2/2021 14:50,0,-1
5/2/2021 14:55,0,-1
5/2/2021 15:00,0,-1
5/2/2021 15:05,0,-1
5/2/2021 15:10,0,-1
5/2/2021 15:15,0,-1
5/2/2021 15:20,0,-1
5/2/2021 15:25,0,-1
5/2/2021 15:30,0,-1
5/2/2021 15:35,0,-1
5/2/2021 15:40,0,-1
5/2/2021 15:45,0,-1
5/2/2021 15:50,0,-1
5/2/2021 15:55,0,-1
5/2/2021 16:00,0,-1
5/2/2021 16:05,0,-1
5/2/2021 16:10,0,-1
5/2/2021 16:15,0,-1
5/2/2021 16:20,0,-1
5/2/2021 16:25,0,-1
5/2/2021 16:30,0,-1
5/2/2021 16:35,0,-1
5/2/2021 16:40,0,-1
5/2/2021 16:45,0,-1
5/2/2021 16:50,0,-1
5/2/2021 16:55,0,-1
5/2/2021 17:00,0,-1
5/2/2021 17:05,0,-1
5/2/2021 17:10,0,-1
5/2/2021 17:15,0,-1
5/2/2021 17:20,0,-1
5/2/2021 17:25,0,-1
5/2/2021 17:30,0,-1
5/2/2021 17:35,0,-1
5/2/2021 17:40,0,-1
5/2/2021 17:45,0,-1
5/2/2021 17:50,0,-1
5/2/2021 17:55,0,-1
5/2/2021 18:00,0,-1
5/2/2021 18:05,0,-1
5/2/2021 18:10,0,-1
5/2/2021 18:15,0,-1
5/2/2021 18:20,0,-1
5/2/2021 18:25,0,-1
5/2/2021 18:30,0,-1
5/2/2021 18:35,0,-1
5/2/2021 18:40,0,-1
5/2/2021 18:45,0,-1
5/2/2021 18:50,0,-1
5/2/2021 18:55,0,-1
5/2/2021 19:00,0,-1
5/2/2021 19:05,0,-1
5/2/2021 19:10,0,-1
5/2/2021 19:15,0,-1
5/2/2021 19:20,0,-1
5/2/2021 19:25,0,-1
5/2/2021 19:30,0,-1
5/2/2021 19:35,0,-1
5/2/2021 19:40,0,-1
5/2/2021 19:45,0,-1
5/2/2021 19:50,0,-1
5/2/2021 19:55,0,-1
5/2/2021 20:00,0,-1
5/2/2021 20:05,0,-1
5/2/2021 20:10,0,-1
5/2/2021 20:15,0,-1
5/2/2021 20:20,0,-1
5/2/2021 20:25,0,-1
5/2/2021 20:30,0,-1
5/2/2021 20:35,0,-1
5/2/2021 20:40,0,-1
5/2/2021 20:45,0,-1
5/2/2021 20:50,0,-1
5/2/2021 20:55,0,-1
5/2/2021 21:00,0,-1
5/2/2021 21:05,0,-1
5/2/2021 21:10,0,-1
5/2/2021 21:15,0,-1
5/2/2021 21:20,0,-1
5/2/2021 21:25,0,-1
5/2/2021 21:30,0,-1
5/2/2021 21:35,0,-1
5/2/2021 21:40,0,-1
5/2/2021 21:45,0,-1
5/2/2021 21:50,0,-1
5/2/2021 21:55,0,-1
5/2/2021 22:00,0,-1
5/2/2021 22:05,0,-1
5/2/2021 22:10,0,-1
5/2/2021 22:15,0,-1
5/2/2021 22:20,0,-1
5/2/2021 22:25,0,-1
5/2/2021 22:30,0,-1
5/2/2021 22:35,0,-1
5/2/2021 22:40,0,-1
5/2/2021 22:45,0,-1
5/2/2021 22:50,0,-1
5/2/2021 22:55,0,-1
5/2/2021 23:00,0,-1
5/2/2021 23:05,0,-1
5/2/2021 23:10,0,-1
5/2/2021 23:15,0,-1
5/2/2021 23:20,0,-1
5/2/2021 23:25,0,-1
5/2/2021 23:30,0,-1
5/2/2021 23:35,0,-1
5/2/2021 23:40,0,-1
5/2/2021 23:45,0,-1
5/2/2021 23:50,0,-1
5/2/2021 23:55,0,-1
5/3/2021 0:00,0,-1
5/3/2021 0:05,0,-1
5/3/2021 0:10,0,-1
5/3/2021 0:15,0,-1
5/3/2021 0:20,0,-1
5/3/2021 0:25,0,-1
5/3/2021 0:30,0,-1
5/3/2021 0:35,0,-1
5/3/2021 0:40,0,-1
5/3/2021 0:45,0,-1
5/3/2021 0:50,0,-1
5/3/2021 0:55,0,-1
5/3/2021 1:00,0,-1
5/3/2021 1:05,0,-1
5/3/2021 1:10,0,-1
5/3/2021 1:15,0,-1
5/3/2021 1:20,0,-1
5/3/2021 1:25,0,-1
5/3/2021 1:30,0,-1
5/3/2021 1:35,0,-1
5/3/2021 1:40,0,-1
5/3/2021 1:45,0,-1
5/3/2021 1:50,0,-1
5/3/2021 1:55,0,-1
5/3/2021 2:00,0,-1
5/3/2021 2:05,0,-1
5/3/2021 2:10,0,-1
5/3/2021 2:15,0,-1
5/3/2021 2:20,0,-1
5/3/2021 2:25,0,-1
5/3/2021 2:30,0,-1
5/3/2021 2:35,0,-1
5/3/2021 2:40,0,-1
5/3/2021 2:45,0,-1
5/3/2021 2:50,0,-1
5/3/2021 2:55,0,-1
5/3/2021 3:00,0,-1
5/3/2021 3:05,0,-1
5/3/2021 3:10,0,-1
5/3/2021 3:15,0,-1
5/3/2021 3:20,0,-1
5/3/2021 3:25,0,-1
5/3/2021 3:30,0,-1
5/3/2021 3:35,0,-1
5/3/2021 3:40,0,-1
5/3/2021 3:45,0,-1
5/3/2021 3:50,0,-1
5/3/2021 3:55,0,-1
5/3/2021 4:00,0,-1
5/3/2021 4:05,0,-1
5/3/2021 4:10,0,-1
5/3/2021 4:15,0,-1
5/3/2021 4:20,0,-1
5/3/2021 4:25,0,-1
5/3/2021 4:30,0,-1
5/3/2021 4:35,0,-1
5/3/2021 4:40,0,-1
5/3/2021 4:45,0,-1
5/3/2021 4:50,0,-1
5/3/2021 4:55,0,-1
5/3/2021 5:00,0,-1
5/3/2021 5:05,0,-1
5/3/2021 5:10,0,-1
5/3/2021 5:15,0,-1
5/3/2021 5:20,0,-1
5/3/2021 5:25,0,-1
5/3/2021 5:30,0,-1
5/3/2021 5:35,0,-1
5/3/2021 5:40,0,-1
5/3/2021 5:45,0,-1
5/3/2021 5:50,0,-1
5/3/2021 5:55,0,-1
5/3/2021 6:00,0,-1
5/3/2021 6:05,0,-1
5/3/2021 6:10,0,-1
5/3/2021 6:15,0,-1
5/3/2021 6:20,0,-1
5/3/2021 6:25,0,-1
5/3/2021 6:30,0,-1
5/3/2021 6:35,0,-1
5/3/2021 6:40,0,-1
5/3/2021 6:45,0,-1
5/3/2021 6:50,0,-1
5/3/2021 6:55,0,-1
5/3/2021 7:00,0,-1
5/3/2021 7:05,0,-1
5/3/2021 7:10,0,-1
5/3/2021 7:15,0,-1
5/3/2021 7:20,0,-1
5/3/2021 7:25,0,-1
5/3/2021 7:30,0,-1
5/3/2021 7:35,0,-1
5/3/2021 7:40,0,-1
5/3/2021 7:45,0,-1
5/3/2021 7:50,0,-1
5/3/2021 7:55,0,-1
5/3/2021 8:00,0,-1
5/3/2021 8:05,0,-1
5/3/2021 8:10,0,-1
5/3/2021 8:15,0,-1
5/3/2021 8:20,0,-1
5/3/2021 8:25,0,-1
5/3/2021 8:30,0,-1
5/3/2021 8:35,0,-1
5/3/2021 8:40,0,-1
5/3/2021 8:45,0,-1
5/3/2021 8:50,0,-1
5/3/2021 8:55,0,-1
5/3/2021 9:00,0,-1
5/3/2021 9:05,0,-1
5/3/2021 9:10,0,-1
5/3/2021 9:15,0,-1
5/3/2021 9:20,0,-1
5/3/2021 9:25,0,-1
5/3/2021 9:30,0,-1
5/3/2021 9:35,0,-1
5/3/2021 9:40,0,-1
5/3/2021 9:45,0,-1
5/3/2021 9:50,0,-1
5/3/2021 9:55,0,-1
5/3/2021 10:00,0,-1
5/3/2021 10:05,0,-1
5/3/2021 10:10,0,-1
5/3/2021 10:15,0,-1
5/3/2021 10:20,0,-1
5/3/2021 10:25,0,-1
5/3/2021 10:30,0,-1
5/3/2021 10:35,0,-1
5/3/2021 10:40,0,-1
5/3/2021 10:45,0,-1
5/3/2021 10:50,0,-1
5/3/2021 10:55,0,-1
5/3/2021 11:00,0,-1
5/3/2021 11:05,0,-1
5/3/2021 11:10,0,-1
5/3/2021 11:15,0,-1
5/3/2021 11:20,0,-1
5/3/2021 11:25,0,-1
5/3/2021 11:30,0,-1
5/3/2021 11:35,0,-1
5/3/2021 11:40,0,-1
5/3/2021 11:45,0,-1
5/3/2021 11:50,0,-1
5/3/2021 11:55,0,-1
5/3/2021 12:00,0,-1
5/3/2021 12:05,0,-1
5/3/2021 12:10,0,-1
5/3/2021 12:15,0,-1
5/3/2021 12:20,0,-1
5/3/2021 12:25,0,-1
5/3/2021 12:30,0,-1
5/3/2021 12:35,0,-1
5/3/2021 12:40,0,-1
5/3/2021 12:45,0,-1
5/3/2021 12:50,0,-1
5/3/2021 12:55,0,-1
5/3/2021 13:00,0,-1
5/3/2021 13:05,0,-1
5/3/2021 13:10,0,-1
5/3/2021 13:15,0,-1
5/3/2021 13:20,0,-1
5/3/2021 13:25,0,-1
5/3/2021 13:30,0,-1
5/3/2021 13:35,0,-1
5/3/2021 13:40,0,-1
5/3/2021 13:45,0,-1
5/3/2021 13:50,0,-1
5/3/2021 13:55,0,-1
5/3/2021 14:00,0,-1
5/3/2021 14:05,0,-1
5/3/2021 14:10,0,-1
5/3/2021 14:15,0,-1
5/3/2021 14:20,0,-1
5/3/2021 14:25,0,-1
5/3/2021 14:30,0,-1
5/3/2021 14:35,0,-1
5/3/2021 14:40,0,-1
5/3/2021 14:45,0,-1
5/3/2021 14:50,0,-1
5/3/2021 14:55,0,-1
5/3/2021 15:00,0,-1
5/3/2021 15:05,0,-1
5/3/2021 15:10,0,-1
5/3/2021 15:15,0,-1
5/3/2021 15:20,0,-1
5/3/2021 15:25,0,-1
5/3/2021 15:30,0,-1
5/3/2021 15:35,0,-1
5/3/2021 15:40,0,-1
5/3/2021 15:45,0,-1
5/3/2021 15:50,0,-1
5/3/2021 15:55,0,-1
5/3/2021 16:00,0,-1
5/3/2021 16:05,0,-1
5/3/2021 16:10,0,-1
5/3/2021 16:15,0,-1
5/3/2021 16:20,0,-1
5/3/2021 16:25,0,-1
5/3/2021 16:30,0,-1
5/3/2021 16:35,0,-1
5/3/2021 16:40,0,-1
5/3/2021 16:45,0,-1
5/3/2021 16:50,0,-1
5/3/2021 16:55,0,-1
5/3/2021 17:00,0,-1
5/3/2021 17:05,0,-1
5/3/2021 17:10,0,-1
5/3/2021 17:15,0,-1
5/3/2021 17:20,0,-1
5/3/2021 17:25,0,-1
5/3/2021 17:30,0,-1
5/3/2021 17:35,0,-1
5/3/2021 17:40,0,-1
5/3/2021 17:45,0,-1
5/3/2021 17:50,0,-1
5/3/2021 17:55,0,-1
5/3/2021 18:00,0,-1
5/3/2021 18:05,0,-1
5/3/2021 18:10,0,-1
5/3/2021 18:15,0,-1
5/3/2021 18:20,0,-1
5/3/2021 18:25,0,-1
5/3/2021 18:30,0,-1
5/3/2021 18:35,0,-1
5/3/2021 18:40,0,-1
5/3/2021 18:45,0,-1
5/3/2021 18:50,0,-1
5/3/2021 18:55,0,-1
5/3/2021 19:00,0,-1
5/3/2021 19:05,0,-1
5/3/2021 19:10,0,-1
5/3/2021 19:15,0,-1
5/3/2021 19:20,0,-1
5/3/2021 19:25,0,-1
5/3/2021 19:30,0,-1
5/3/2021 19:35,0,-1
5/3/2021 19:40,0,-1
5/3/2021 19:45,0,-1
5/3/2021 19:50,0,-1
5/3/2021 19:55,0,-1
5/3/2021 20:00,0,-1
5/3/2021 20:05,0,-1
5/3/2021 20:10,0,-1
5/3/2021 20:15,0,-1
5/3/2021 20:20,0,-1
5/3/2021 20:25,0,-1
5/3/2021 20:30,0,-1
5/3/2021 20:35,0,-1
5/3/2021 20:40,0,-1
5/3/2021 20:45,0,-1
5/3/2021 20:50,0,-1
5/3/2021 20:55,0,-1
5/3/2021 21:00,0,-1
5/3/2021 21:05,0,-1
5/3/2021 21:10,0,-1
5/3/2021 21:15,0,-1
5/3/2021 21:20,0,-1
5/3/2021 21:25,0,-1
5/3/2021 21:30,0,-1
5/3/2021 21:35,0,-1
5/3/2021 21:40,0,-1
5/3/2021 21:45,0,-1
5/3/2021 21:50,0,-1
5/3/2021 21:55,0,-1
5/3/2021 22:00,0,-1
5/3/2021 22:05,0,-1
5/3/2021 22:10,0,-1
5/3/2021 22:15,0,-1
5/3/2021 22:20,0,-1
5/3/2021 22:25,0,-1
5/3/2021 22:30,0,-1
5/3/2021 22:35,0,-1
5/3/2021 22:40,0,-1
5/3/2021 22:45,0,-1
5/3/2021 22:50,0,-1
5/3/2021 22:55,0,-1
5/3/2021 23:00,0,-1
5/3/2021 23:05,0,-1
5/3/2021 23:10,0,-1
5/3/2021 23:15,0,-1
5/3/2021 23:20,0,-1
5/3/2021 23:25,0,-1
5/3/2021 23:30,0,-1
5/3/2021 23:35,0,-1
5/3/2021 23:40,0,-1
5/3/2021 23:45,0,-1
5/3/2021 23:50,0,-1
5/3/2021 23:55,0,-1
5/4/2021 0:00,0,-1
5/4/2021 0:05,0,-1
5/4/2021 0:10,0,-1
5/4/2021 0:15,0,-1
5/4/2021 0:20,0,-1
5/4/2021 0:25,0,-1
5/4/2021 0:30,0,-1
5/4/2021 0:35,0,-1
5/4/2021 0:40,0,-1
5/4/2021 0:45,0,-1
5/4/2021 0:50,0,-1
5/4/2021 0:55,0,-1
5/4/2021 1:00,0,-1
5/4/2021 1:05,0,-1
5/4/2021 1:10,0,-1
5/4/2021 1:15,0,-1
5/4/2021 1:20,0,-1
5/4/2021 1:25,0,-1
5/4/2021 1:30,0,-1
5/4/2021 1:35,0,-1
5/4/2021 1:40,0,-1
5/4/2021 1:45,0,-1
5/4/2021 1:50,0,-1
5/4/2021 1:55,0,-1
5/4/2021 2:00,0,-1
5/4/2021 2:05,0,-1
5/4/2021 2:10,0,-1
5/4/2021 2:15,0,-1
5/4/2021 2:20,0,-1
5/4/2021 2:25,0,-1
5/4/2021 2:30,0,-1
5/4/2021 2:35,0,-1
5/4/2021 2:40,0,-1
5/4/2021 2:45,0,-1
5/4/2021 2:50,0,-1
5/4/2021 2:55,0,-1
5/4/2021 3:00,0,-1
5/4/2021 3:05,0,-1
5/4/2021 3:10,0,-1
5/4/2021 3:15,0,-1
5/4/2021 3:20,0,-1
5/4/2021 3:25,0,-1
5/4/2021 3:30,0,-1
5/4/2021 3:35,0,-1
5/4/2021 3:40,0,-1
5/4/2021 3:45,0,-1
5/4/2021 3:50,0,-1
5/4/2021 3:55,0,-1
5/4/2021 4:00,0,-1
5/4/2021 4:05,0,-1
5/4/2021 4:10,0,-1
5/4/2021 4:15,0,-1
5/4/2021 4:20,0,-1
5/4/2021 4:25,0,-1
5/4/2021 4:30,0,-1
5/4/2021 4:35,0,-1
5/4/2021 4:40,0,-1
5/4/2021 4:45,0,-1
5/4/2021 4:50,0,-1
5/4/2021 4:55,0,-1
5/4/2021 5:00,0,-1
5/4/2021 5:05,0,-1
5/4/2021 5:10,0,-1
5/4/2021 5:15,0,-1
5/4/2021 5:20,0,-1
5/4/2021 5:25,0,-1
5/4/2021 5:30,0,-1
5/4/2021 5:35,0,-1
5/4/2021 5:40,0,-1
5/4/2021 5:45,0,-1
5/4/2021 5:50,0,-1
5/4/2021 5:55,0,-1
5/4/2021 6:00,0,-1
5/4/2021 6:05,0,-1
5/4/2021 6:10,0,-1
5/4/2021 6:15,0,-1
5/4/2021 6:20,0,-1
5/4/2021 6:25,0,-1
5/4/2021 6:30,0,-1
5/4/2021 6:35,0,-1
5/4/2021 6:40,0,-1
5/4/2021 6:45,0,-1
5/4/2021 6:50,0,-1
5/4/2021 6:55,0,-1
5/4/2021 7:00,0,-1
5/4/2021 7:05,0,-1
5/4/2021 7:10,0,-1
5/4/2021 7:15,0,-1
5/4/2021 7:20,0,-1
5/4/2021 7:25,0,-1
5/4/2021 7:30,0,-1
5/4/2021 7:35,0,-1
5/4/2021 7:40,0,-1
5/4/2021 7:45,0,-1
5/4/2021 7:50,0,-1
5/4/2021 7:55,0,-1
5/4/2021 8:00,0,-1
5/4/2021 8:05,0,-1
5/4/2021 8:10,0,-1
5/4/2021 8:15,0,-1
5/4/2021 8:20,0,-1
5/4/2021 8:25,0,-1
5/4/2021 8:30,0,-1
5/4/2021 8:35,0,-1
5/4/2021 8:40,0,-1
5/4/2021 8:45,0,-1
5/4/2021 8:50,0,-1
5/4/2021 8:55,0,-1
5/4/2021 9:00,0,-1
5/4/2021 9:05,0,-1
5/4/2021 9:10,0,-1
5/4/2021 9:15,0,-1
5/4/2021 9:20,0,-1
5/4/2021 9:25,0,0.1184371
5/4/2021 9:30,0,-1
5/4/2021 9:35,0,-1
5/4/2021 9:40,0,-1
5/4/2021 9:45,0,-1
5/4/2021 9:50,0,-1
5/4/2021 9:55,0,-1
5/4/2021 10:00,0,-1
5/4/2021 10:05,0,-1
5/4/2021 10:10,0,-1
5/4/2021 10:15,0,-1
5/4/2021 10:20,0,-1
5/4/2021 10:25,0,-1
5/4/2021 10:30,0,-1
5/4/2021 10:35,0,-1
5/4/2021 10:40,0,-1
5/4/2021 10:45,0,-1
5/4/2021 10:50,0,-1
5/4/2021 10:55,0,-1
5/4/2021 11:00,0,-1
5/4/2021 11:05,0,-1
5/4/2021 11:10,0,-1
5/4/2021 11:15,0,-1
5/4/2021 11:20,0,-1
5/4/2021 11:25,0,-1
5/4/2021 11:30,0,-1
5/4/2021 11:35,0,-1
5/4/2021 11:40,0,-1
5/4/2021 11:45,0,-1
5/4/2021 11:50,0,-1
5/4/2021 11:55,0,-1
5/4/2021 12:00,0,-1
5/4/2021 12:05,0,-1
5/4/2021 12:10,0,-1
5/4/2021 12:15,0,-1
5/4/2021 12:20,0,-1
5/4/2021 12:25,0,-1
5/4/2021 12:30,0,-1
5/4/2021 12:35,0,-1
5/4/2021 12:40,0,-1
5/4/2021 12:45,0,-1
5/4/2021 12:50,0,-1
5/4/2021 12:55,0,-1
5/4/2021 13:00,0,-1
5/4/2021 13:05,0,-1
5/4/2021 13:10,0,-1
5/4/2021 13:15,0,-1
5/4/2021 13:20,0,-1
5/4/2021 13:25,0,-1
5/4/2021 13:30,0,-1
5/4/2021 13:35,0,-1
5/4/2021 13:40,0,-1
5/4/2021 13:45,0,-1
5/4/2021 13:50,0,-1
5/4/2021 13:55,0,-1
5/4/2021 14:00,0,-1
5/4/2021 14:05,0,-1
5/4/2021 14:10,0,-1
5/4/2021 14:15,0,-1
5/4/2021 14:20,0,-1
5/4/2021 14:25,0,-1
5/4/2021 14:30,0,-1
5/4/2021 14:35,0,-1
5/4/2021 14:40,0,-1
5/4/2021 14:45,0,-1
5/4/2021 14:50,0,-1
5/4/2021 14:55,0,-1
5/4/2021 15:00,0,-1
5/4/2021 15:05,0,-1
5/4/2021 15:10,0,-1
5/4/2021 15:15,0,-1
5/4/2021 15:20,0,-1
5/4/2021 15:25,0,-1
5/4/2021 15:30,0,-1
5/4/2021 15:35,0,-1
5/4/2021 15:40,0,-1
5/4/2021 15:45,0,-1
5/4/2021 15:50,0,-1
5/4/2021 15:55,0,-1
5/4/2021 16:00,0,-1
5/4/2021 16:05,0,-1
5/4/2021 16:10,0,-1
5/4/2021 16:15,0,-1
5/4/2021 16:20,0,-1
5/4/2021 16:25,0,-1
5/4/2021 16:30,0,-1
5/4/2021 16:35,0,-1
5/4/2021 16:40,0,-1
5/4/2021 16:45,0,-1
5/4/2021 16:50,0,-1
5/4/2021 16:55,0,-1
5/4/2021 17:00,0,-1
5/4/2021 17:05,0,-1
5/4/2021 17:10,0,-1
5/4/2021 17:15,0,-1
5/4/2021 17:20,0,-1
5/4/2021 17:25,0,-1
5/4/2021 17:30,0,-1
5/4/2021 17:35,0,-1
5/4/2021 17:40,0,-1
5/4/2021 17:45,0,-1
5/4/2021 17:50,0,-1
5/4/2021 17:55,0,-1
5/4/2021 18:00,0,-1
5/4/2021 18:05,0,-1
5/4/2021 18:10,0,-1
5/4/2021 18:15,0,-1
5/4/2021 18:20,0,-1
5/4/2021 18:25,0,-1
5/4/2021 18:30,0,-1
5/4/2021 18:35,0,-1
5/4/2021 18:40,0,-1
5/4/2021 18:45,0,-1
5/4/2021 18:50,0,-1
5/4/2021 18:55,0,-1
5/4/2021 19:00,0,-1
5/4/2021 19:05,0,-1
5/4/2021 19:10,0,-1
5/4/2021 19:15,0,-1
5/4/2021 19:20,0,-1
5/4/2021 19:25,0,-1
5/4/2021 19:30,0,-1
5/4/2021 19:35,0,-1
5/4/2021 19:40,0,-1
5/4/2021 19:45,0,-1
5/4/2021 19:50,0,-1
5/4/2021 19:55,0,-1
5/4/2021 20:00,0,-1
5/4/2021 20:05,0,-1
5/4/2021 20:10,0,-1
5/4/2021 20:15,0,-1
5/4/2021 20:20,0,-1
5/4/2021 20:25,0,-1
5/4/2021 20:30,0,-1
5/4/2021 20:35,0,-1
5/4/2021 20:40,0,-1
5/4/2021 20:45,0,-1
5/4/2021 20:50,0,-1
5/4/2021 20:55,0,-1
5/4/2021 21:00,0,-1
5/4/2021 21:05,0,-1
5/4/2021 21:10,0,-1
5/4/2021 21:15,0,-1
5/4/2021 21:20,0,-1
5/4/2021 21:25,0,-1
5/4/2021 21:30,0,-1
5/4/2021 21:35,0,-1
5/4/2021 21:40,0,-1
5/4/2021 21:45,0,-1
5/4/2021 21:50,0,-1
5/4/2021 21:55,0,-1
5/4/2021 22:00,0,-1
5/4/2021 22:05,0,-1
5/4/2021 22:10,0,-1
5/4/2021 22:15,0,-1
5/4/2021 22:20,0,-1
5/4/2021 22:25,0,-1
5/4/2021 22:30,0,-1
5/4/2021 22:35,0,-1
5/4/2021 22:40,0,-1
5/4/2021 22:45,0,-1
5/4/2021 22:50,0,-1
5/4/2021 22:55,0,-1
5/4/2021 23:00,0,-1
5/4/2021 23:05,0,-1
5/4/2021 23:10,0,-1
5/4/2021 23:15,0,-1
5/4/2021 23:20,0,-1
5/4/2021 23:25,0,-1
5/4/2021 23:30,0,-1
5/4/2021 23:35,0,-1
5/4/2021 23:40,0,-1
5/4/2021 23:45,0,-1
5/4/2021 23:50,0,-1
5/4/2021 23:55,0,-1
5/5/2021 0:00,0,-1
5/5/2021 0:05,0,-1
5/5/2021 0:10,0,-1
5/5/2021 0:15,0,-1
5/5/2021 0:20,0,-1
5/5/2021 0:25,0,-1
5/5/2021 0:30,0,-1
5/5/2021 0:35,0,-1
5/5/2021 0:40,0,-1
5/5/2021 0:45,0,-1
5/5/2021 0:50,0,-1
5/5/2021 0:55,0,-1
5/5/2021 1:00,0,-1
5/5/2021 1:05,0,-1
5/5/2021 1:10,0,-1
5/5/2021 1:15,0,-1
5/5/2021 1:20,0,-1
5/5/2021 1:25,0,-1
5/5/2021 1:30,0,-1
5/5/2021 1:35,0,-1
5/5/2021 1:40,0,-1
5/5/2021 1:45,0,-1
5/5/2021 1:50,0,-1
5/5/2021 1:55,0,-1
5/5/2021 2:00,0,-1
5/5/2021 2:05,0,-1
5/5/2021 2:10,0,-1
5/5/2021 2:15,0,-1
5/5/2021 2:20,0,-1
5/5/2021 2:25,0,-1
5/5/2021 2:30,0,-1
5/5/2021 2:35,0,-1
5/5/2021 2:40,0,-1
5/5/2021 2:45,0,-1
5/5/2021 2:50,0,-1
5/5/2021 2:55,0,-1
5/5/2021 3:00,0,-1
5/5/2021 3:05,0,-1
5/5/2021 3:10,0,-1
5/5/2021 3:15,0,-1
5/5/2021 3:20,0,-1
5/5/2021 3:25,0,-1
5/5/2021 3:30,0,-1
5/5/2021 3:35,0,-1
5/5/2021 3:40,0,-1
5/5/2021 3:45,0,-1
5/5/2021 3:50,0,-1
5/5/2021 3:55,0,-1
5/5/2021 4:00,0,-1
5/5/2021 4:05,0,-1
5/5/2021 4:10,0,-1
5/5/2021 4:15,0,-1
5/5/2021 4:20,0,-1
5/5/2021 4:25,0,-1
5/5/2021 4:30,0,-1
5/5/2021 4:35,0,-1
5/5/2021 4:40,0,-1
5/5/2021 4:45,0,-1
5/5/2021 4:50,0,-1
5/5/2021 4:55,0,-1
5/5/2021 5:00,0,-1
5/5/2021 5:05,0,-1
5/5/2021 5:10,0,-1
5/5/2021 5:15,0,-1
5/5/2021 5:20,0,-1
5/5/2021 5:25,0,-1
5/5/2021 5:30,0,-1
5/5/2021 5:35,0,-1
5/5/2021 5:40,0,-1
5/5/2021 5:45,0,-1
5/5/2021 5:50,0,-1
5/5/2021 5:55,0,-1
5/5/2021 6:00,0,-1
5/5/2021 6:05,0,-1
5/5/2021 6:10,0,-1
5/5/2021 6:15,0,-1
5/5/2021 6:20,0,-1
5/5/2021 6:25,0,-1
5/5/2021 6:30,0,-1
5/5/2021 6:35,0,-1
5/5/2021 6:40,0,-1
5/5/2021 6:45,0,-1
5/5/2021 6:50,0,-1
5/5/2021 6:55,0,-1
5/5/2021 7:00,0,-1
5/5/2021 7:05,0,-1
5/5/2021 7:10,0,-1
5/5/2021 7:15,0,-1
5/5/2021 7:20,0,-1
5/5/2021 7:25,0,-1
5/5/2021 7:30,0,-1
5/5/2021 7:35,0,-1
5/5/2021 7:40,0,-1
5/5/2021 7:45,0,-1
5/5/2021 7:50,0,-1
5/5/2021 7:55,0,-1
5/5/2021 8:00,0,-1
5/5/2021 8:05,0,-1
5/5/2021 8:10,0,-1
5/5/2021 8:15,0,-1
5/5/2021 8:20,0,-1
5/5/2021 8:25,0,-1
5/5/2021 8:30,0,-1
5/5/2021 8:35,0,-1
5/5/2021 8:40,0,-1
5/5/2021 8:45,0,-1
5/5/2021 8:50,0,-1
5/5/2021 8:55,0,-1
5/5/2021 9:00,0,-1
5/5/2021 9:05,0,-1
5/5/2021 9:10,0,-1
5/5/2021 9:15,0,-1
5/5/2021 9:20,0,-1
5/5/2021 9:25,0,-1
5/5/2021 9:30,0,-1
5/5/2021 9:35,0,-1
5/5/2021 9:40,0,-1
5/5/2021 9:45,0,-1
5/5/2021 9:50,0,-1
5/5/2021 9:55,0,-1
5/5/2021 10:00,0,-1
5/5/2021 10:05,0,-1
5/5/2021 10:10,0,-1
5/5/2021 10:15,0,-1
5/5/2021 10:20,0,-1
5/5/2021 10:25,0,-1
5/5/2021 10:30,0,-1
5/5/2021 10:35,0,-1
5/5/2021 10:40,0,-1
5/5/2021 10:45,0,-1
5/5/2021 10:50,0,-1
5/5/2021 10:55,0,-1
5/5/2021 11:00,0,-1
5/5/2021 11:05,0,-1
5/5/2021 11:10,0,-1
5/5/2021 11:15,0,-1
5/5/2021 11:20,0,-1
5/5/2021 11:25,0,-1
5/5/2021 11:30,0,-1
5/5/2021 11:35,0,-1
5/5/2021 11:40,0,-1
5/5/2021 11:45,0,-1
5/5/2021 11:50,0,-1
5/5/2021 11:55,0,-1
5/5/2021 12:00,0,-1
5/5/2021 12:05,0,-1
5/5/2021 12:10,0,-1
5/5/2021 12:15,0,-1
5/5/2021 12:20,0,-1
5/5/2021 12:25,0,-1
5/5/2021 12:30,0,-1
5/5/2021 12:35,0,-1
5/5/2021 12:40,0,-1
5/5/2021 12:45,0,-1
5/5/2021 12:50,0,-1
5/5/2021 12:55,0,-1
5/5/2021 13:00,0,-1
5/5/2021 13:05,0,-1
5/5/2021 13:10,0,-1
5/5/2021 13:15,0,-1
5/5/2021 13:20,0,-1
5/5/2021 13:25,0,-1
5/5/2021 13:30,0,-1
5/5/2021 13:35,0,-1
5/5/2021 13:40,0,-1
5/5/2021 13:45,0,-1
5/5/2021 13:50,0,-1
5/5/2021 13:55,0,-1
5/5/2021 14:00,0,-1
5/5/2021 14:05,0,-1
5/5/2021 14:10,0,-1
5/5/2021 14:15,0,-1
5/5/2021 14:20,0,-1
5/5/2021 14:25,0,-1
5/5/2021 14:30,0,-1
5/5/2021 14:35,0,-1
5/5/2021 14:40,0,-1
5/5/2021 14:45,0,-1
5/5/2021 14:50,0,-1
5/5/2021 14:55,0,-1
5/5/2021 15:00,0,-1
5/5/2021 15:05,0,-1
5/5/2021 15:10,0,-1
5/5/2021 15:15,0,-1
5/5/2021 15:20,0,-1
5/5/2021 15:25,0,-1
5/5/2021 15:30,0,-1
5/5/2021 15:35,0,-1
5/5/2021 15:40,0,-1
5/5/2021 15:45,0,0.203125
5/5/2021 15:50,0,-1
5/5/2021 15:55,0,-1
5/5/2021 16:00,0,-1
5/5/2021 16:05,0,-1
5/5/2021 16:10,0,-1
5/5/2021 16:15,0,-1
5/5/2021 16:20,0,-1
5/5/2021 16:25,0,-1
5/5/2021 16:30,0,-1
5/5/2021 16:35,0,-1
5/5/2021 16:40,0,-1
5/5/2021 16:45,0,-1
5/5/2021 16:50,0,-1
5/5/2021 16:55,0,-1
5/5/2021 17:00,0,-1
5/5/2021 17:05,0,-1
5/5/2021 17:10,0,-1
5/5/2021 17:15,0,-1
5/5/2021 17:20,0,-1
5/5/2021 17:25,0,-1
5/5/2021 17:30,0,-1
5/5/2021 17:35,0,-1
5/5/2021 17:40,0,-1
5/5/2021 17:45,0,-1
5/5/2021 17:50,0,-1
5/5/2021 17:55,0,-1
5/5/2021 18:00,0,-1
5/5/2021 18:05,0,-1
5/5/2021 18:10,0,-1
5/5/2021 18:15,0,-1
5/5/2021 18:20,0,-1
5/5/2021 18:25,0,-1
5/5/2021 18:30,0,-1
5/5/2021 18:35,0,-1
5/5/2021 18:40,0,-1
5/5/2021 18:45,0,-1
5/5/2021 18:50,0,-1
5/5/2021 18:55,0,-1
5/5/2021 19:00,0,-1
5/5/2021 19:05,0,-1
5/5/2021 19:10,0,-1
5/5/2021 19:15,0,-1
5/5/2021 19:20,0,-1
5/5/2021 19:25,0,-1
5/5/2021 19:30,0,-1
5/5/2021 19:35,0,-1
5/5/2021 19:40,0,-1
5/5/2021 19:45,0,-1
5/5/2021 19:50,0,-1
5/5/2021 19:55,0,-1
5/5/2021 20:00,0,-1
5/5/2021 20:05,0,-1
5/5/2021 20:10,0,-1
5/5/2021 20:15,0,-1
5/5/2021 20:20,0,-1
5/5/2021 20:25,0,-1
5/5/2021 20:30,0,-1
5/5/2021 20:35,0,-1
5/5/2021 20:40,0,-1
5/5/2021 20:45,0,-1
5/5/2021 20:50,0,-1
5/5/2021 20:55,0,-1
5/5/2021 21:00,0,-1
5/5/2021 21:05,0,-1
5/5/2021 21:10,0,-1
5/5/2021 21:15,0,-1
5/5/2021 21:20,0,-1
5/5/2021 21:25,0,-1
5/5/2021 21:30,0,-1
5/5/2021 21:35,0,-1
5/5/2021 21:40,0,-1
5/5/2021 21:45,0,-1
5/5/2021 21:50,0,-1
5/5/2021 21:55,0,-1
5/5/2021 22:00,0,-1
5/5/2021 22:05,0,-1
5/5/2021 22:10,0,-1
5/5/2021 22:15,0,-1
5/5/2021 22:20,0,-1
5/5/2021 22:25,0.7628308,0.1892552
5/5/2021 22:30,0.8078769,0.1892552
5/5/2021 22:35,0.9452308,0.1892552
5/5/2021 22:40,1.042708,0.1892552
5/5/2021 22:45,1.019815,0.1892552
5/5/2021 22:50,1.008,0.1892552
5/5/2021 22:55,1.007262,0.07570208
5/5/2021 23:00,1.005046,0.07081807
5/5/2021 23:05,1.011692,0.06837607
5/5/2021 23:10,1.001354,0.07570208
5/5/2021 23:15,1.002831,0.06593407
5/5/2021 23:20,1.006523,0.06349207
5/5/2021 23:25,1.013908,0.06227106
5/5/2021 23:30,1.004308,0.06227106
5/5/2021 23:35,1.005046,0.05982906
5/5/2021 23:40,1.006523,0.05982906
5/5/2021 23:45,1.006523,0.05982906
5/5/2021 23:50,1.012431,0.05860806
5/5/2021 23:55,1.007262,0.05860806
5/6/2021 0:00,1.015385,0.05860806
5/6/2021 0:05,1.006523,0.05738706
5/6/2021 0:10,0.9991384,0.05860806
5/6/2021 0:15,0.9984,0.05860806
5/6/2021 0:20,1.000615,0.05738706
5/6/2021 0:25,1.006523,0.05616606
5/6/2021 0:30,0.9932307,0.05616606
5/6/2021 0:35,0.996923,0.05616606
5/6/2021 0:40,0.9984,0.05616606
5/6/2021 0:45,0.996923,0.05494506
5/6/2021 0:50,1.002831,0.05494506
5/6/2021 0:55,1.002092,0.05372405
5/6/2021 1:00,1.011692,0.05372405
5/6/2021 1:05,1.001354,0.05372405
5/6/2021 1:10,0.9998769,0.05372405
5/6/2021 1:15,0.9961846,0.05250305
5/6/2021 1:20,0.9954461,0.05250305
5/6/2021 1:25,0.9998769,0.05128205
5/6/2021 1:30,0.9954461,0.05128205
5/6/2021 1:35,0.9984,0.05128205
5/6/2021 1:40,0.9984,0.05128205
5/6/2021 1:45,0.9902769,0.05128205
5/6/2021 1:50,0.9947076,0.05128205
5/6/2021 1:55,0.9843692,0.05128205
5/6/2021 2:00,0.9991384,0.05128205
5/6/2021 2:05,0.9917538,0.05006105
5/6/2021 2:10,0.9932307,0.05006105
5/6/2021 2:15,0.9902769,0.05006105
5/6/2021 2:20,0.9947076,0.05006105
5/6/2021 2:25,0.9961846,0.04884005
5/6/2021 2:30,0.9947076,0.04884005
5/6/2021 2:35,0.9932307,0.04884005
5/6/2021 2:40,0.9939692,0.04884005
5/6/2021 2:45,0.9902769,0.04884005
5/6/2021 2:50,0.9902769,0.04884005
5/6/2021 2:55,0.9947076,0.04884005
5/6/2021 3:00,0.9902769,0.04884005
5/6/2021 3:05,0.9932307,0.04884005
5/6/2021 3:10,0.9961846,0.04884005
5/6/2021 3:15,0.9961846,0.04884005
5/6/2021 3:20,0.9917538,0.04761905
5/6/2021 3:25,0.9947076,0.04761905
5/6/2021 3:30,0.9910154,0.04761905
5/6/2021 3:35,0.9888,0.04761905
5/6/2021 3:40,0.9961846,0.04761905
5/6/2021 3:45,0.9917538,0.04761905
5/6/2021 3:50,0.9865846,0.04639805
5/6/2021 3:55,0.9821538,0.04639805
5/6/2021 4:00,0.9821538,0.04639805
5/6/2021 4:05,0.9814154,0.04639805
5/6/2021 4:10,0.9851077,0.04639805
5/6/2021 4:15,0.9910154,0.04639805
5/6/2021 4:20,0.9821538,0.04639805
5/6/2021 4:25,0.9843692,0.04639805
5/6/2021 4:30,0.9792,0.04639805
5/6/2021 4:35,0.9924923,0.04639805
5/6/2021 4:40,1.044185,0.04639805
5/6/2021 4:45,0.9504,0.04639805
5/6/2021 4:50,1.005046,0.04639805
5/6/2021 4:55,0.9984,0.04639805
5/6/2021 5:00,0.9984,0.04639805
5/6/2021 5:05,1.006523,0.04639805
5/6/2021 5:10,1.007262,0.04639805
5/6/2021 5:15,1.004308,0.04639805
5/6/2021 5:20,0.9991384,0.04517705
5/6/2021 5:25,0.9984,0.04517705
5/6/2021 5:30,0.9976615,0.04517705
5/6/2021 5:35,1.004308,0.04517705
5/6/2021 5:40,0.9895384,0.04517705
5/6/2021 5:45,0.9976615,0.04517705
5/6/2021 5:50,0.9947076,0.04517705
5/6/2021 5:55,0.9932307,0.04517705
5/6/2021 6:00,1.005046,0.04517705
5/6/2021 6:05,0.9984,0.04517705
5/6/2021 6:10,0.9932307,0.04517705
5/6/2021 6:15,1.005785,0.04395605
5/6/2021 6:20,1.002092,0.04395605
5/6/2021 6:25,1.002831,0.04395605
5/6/2021 6:30,0.9939692,0.04395605
5/6/2021 6:35,0.9895384,0.04395605
5/6/2021 6:40,0.9961846,0.04395605
5/6/2021 6:45,0.996923,0.04395605
5/6/2021 6:50,0.9954461,0.04395605
5/6/2021 6:55,0.9998769,0.04395605
5/6/2021 7:00,0.9939692,0.04395605
5/6/2021 7:05,0.996923,0.04395605
5/6/2021 7:10,1.000615,0.04395605
5/6/2021 7:15,0.9991384,0.04395605
5/6/2021 7:20,1.002092,0.04395605
5/6/2021 7:25,0.996923,0.04395605
5/6/2021 7:30,0.9991384,0.04395605
5/6/2021 7:35,1.001354,0.04395605
5/6/2021 7:40,1.007262,0.04395605
5/6/2021 7:45,0.9998769,0.04395605
5/6/2021 7:50,0.9984,0.04395605
5/6/2021 7:55,1.000615,0.04395605
5/6/2021 8:00,0.9917538,0.04395605
5/6/2021 8:05,1.002831,0.04395605
5/6/2021 8:10,0.9998769,0.04395605
5/6/2021 8:15,0.9917538,0.04395605
5/6/2021 8:20,0.9917538,0.04395605
5/6/2021 8:25,1.008,0.04395605
5/6/2021 8:30,0.996923,0.04395605
5/6/2021 8:35,0.9976615,0.04395605
5/6/2021 8:40,0.9998769,0.04395605
5/6/2021 8:45,1.000615,0.04395605
5/6/2021 8:50,0.9961846,0.04395605
5/6/2021 8:55,0.9998769,0.04395605
5/6/2021 9:00,0.9910154,0.04395605
5/6/2021 9:05,0.9932307,0.04395605
5/6/2021 9:10,1.002831,0.04395605
5/6/2021 9:15,0.996923,0.04395605
5/6/2021 9:20,0.9991384,0.04395605
5/6/2021 9:25,1.005785,0.04395605
5/6/2021 9:30,0.9991384,0.04395605
5/6/2021 9:35,0.9917538,0.04395605
5/6/2021 9:40,0.996923,0.04395605
5/6/2021 9:45,0.9976615,0.04395605
5/6/2021 9:50,0.9984,0.04395605
5/6/2021 9:55,0.9961846,0.04395605
5/6/2021 10:00,0.9961846,0.04395605
5/6/2021 10:05,0.9947076,0.04395605
5/6/2021 10:10,0.9976615,0.04395605
5/6/2021 10:15,1.012431,0.04395605
5/6/2021 10:20,0.9924923,0.04395605
5/6/2021 10:25,1.005046,0.04395605
5/6/2021 10:30,0.9984,0.04395605
5/6/2021 10:35,0.9991384,0.04395605
5/6/2021 10:40,0.9932307,0.04395605
5/6/2021 10:45,0.996923,0.04395605
5/6/2021 10:50,1.012431,0.04395605
5/6/2021 10:55,0.9998769,0.04395605
5/6/2021 11:00,0.9991384,0.04395605
5/6/2021 11:05,0.9984,0.04395605
5/6/2021 11:10,1.003569,0.04395605
5/6/2021 11:15,1.005785,0.04395605
5/6/2021 11:20,1.002092,0.04395605
5/6/2021 11:25,1.001354,0.04395605
5/6/2021 11:30,1.002831,0.04395605
5/6/2021 11:35,1.005785,0.04395605
5/6/2021 11:40,1.012431,0.04395605
5/6/2021 11:45,0.9984,0.04395605
5/6/2021 11:50,1.007262,0.04395605
5/6/2021 11:55,1.000615,0.04395605
5/6/2021 12:00,1.002092,0.04395605
5/6/2021 12:05,1.007262,0.04395605
5/6/2021 12:10,1.003569,0.04395605
5/6/2021 12:15,0.9998769,0.04395605
5/6/2021 12:20,0.9998769,0.04395605
5/6/2021 12:25,0.9954461,0.04395605
5/6/2021 12:30,1.005046,0.04395605
5/6/2021 12:35,0.9998769,0.04395605
5/6/2021 12:40,0.996923,0.04395605
5/6/2021 12:45,1.010215,0.04395605
5/6/2021 12:50,0.9947076,0.04395605
5/6/2021 12:55,1.008,0.04395605
5/6/2021 13:00,1.002831,0.04395605
5/6/2021 13:05,0.9947076,0.04395605
5/6/2021 13:10,1.006523,0.04395605
5/6/2021 13:15,1.002831,0.04395605
5/6/2021 13:20,0.9902769,0.04395605
5/6/2021 13:25,1.004308,0.03907204
5/6/2021 13:30,1.002831,0.03907204
5/6/2021 13:35,0.9984,0.03907204
5/6/2021 13:40,1.005785,0.03907204
5/6/2021 13:45,1.005046,0.03907204
5/6/2021 13:50,0.9961846,0.03907204
5/6/2021 13:55,0.996923,0.03907204
5/6/2021 14:00,1.004308,0.03907204
5/6/2021 14:05,1.005785,0.03907204
5/6/2021 14:10,1.007262,0.03907204
5/6/2021 14:15,1.012431,0.03907204
5/6/2021 14:20,1.005785,0.03907204
5/6/2021 14:25,1.006523,0.03907204
5/6/2021 14:30,0.9947076,0.03907204
5/6/2021 14:35,1.005785,0.03907204
5/6/2021 14:40,1.005046,0.03907204
5/6/2021 14:45,1.008,0.03907204
5/6/2021 14:50,1.015385,0.03907204
5/6/2021 14:55,1.001354,0.03907204
5/6/2021 15:00,1.005046,0.03907204
5/6/2021 15:05,1.004308,0.03907204
5/6/2021 15:10,1.008,0.03907204
5/6/2021 15:15,1.008,0.03907204
5/6/2021 15:20,1.004308,0.03907204
5/6/2021 15:25,1.004308,0.03907204
5/6/2021 15:30,1.001354,0.03907204
5/6/2021 15:35,1.004308,0.03907204
5/6/2021 15:40,1.008,0.03907204
5/6/2021 15:45,1.006523,0.03907204
5/6/2021 15:50,1.010215,0.03907204
5/6/2021 15:55,1.006523,0.03907204
5/6/2021 16:00,1.011692,0.03907204
5/6/2021 16:05,1.005785,0.03907204
5/6/2021 16:10,1.005785,0.03907204
5/6/2021 16:15,1.006523,0.03907204
5/6/2021 16:20,1.004308,0.03907204
5/6/2021 16:25,1.010954,0.03907204
5/6/2021 16:30,1.005785,0.03907204
5/6/2021 16:35,1.001354,0.03907204
5/6/2021 16:40,1.008,0.03907204
5/6/2021 16:45,1.005785,0.03907204
5/6/2021 16:50,1.004308,0.03907204
5/6/2021 16:55,1.004308,0.03907204
5/6/2021 17:00,1.004308,0.03907204
5/6/2021 17:05,1.016862,0.03907204
5/6/2021 17:10,1.013908,0.03907204
5/6/2021 17:15,1.002831,0.03907204
5/6/2021 17:20,1.005785,0.03907204
5/6/2021 17:25,1.016123,0.03907204
5/6/2021 17:30,0.9961846,0.03907204
5/6/2021 17:35,1.013908,0.03785104
5/6/2021 17:40,1.005785,0.03785104
5/6/2021 17:45,0.9961846,0.03785104
5/6/2021 17:50,1.010954,0.03785104
5/6/2021 17:55,1.008,0.03785104
5/6/2021 18:00,1.005046,0.03785104
5/6/2021 18:05,1.004308,0.03785104
5/6/2021 18:10,1.005046,0.03785104
5/6/2021 18:15,1.010215,0.03785104
5/6/2021 18:20,1.006523,0.03785104
5/6/2021 18:25,1.008738,0.03785104
5/6/2021 18:30,1.013908,0.03785104
5/6/2021 18:35,1.006523,0.03785104
5/6/2021 18:40,1.009477,0.03785104
5/6/2021 18:45,1.012431,0.03785104
5/6/2021 18:50,1.012431,0.03785104
5/6/2021 18:55,1.009477,0.03785104
5/6/2021 19:00,1.000615,0.03785104
5/6/2021 19:05,1.014646,0.03785104
5/6/2021 19:10,1.012431,0.03785104
5/6/2021 19:15,1.010954,0.03785104
5/6/2021 19:20,1.007262,0.03785104
5/6/2021 19:25,1.016123,0.03785104
5/6/2021 19:30,1.012431,0.03785104
5/6/2021 19:35,1.016123,0.03785104
5/6/2021 19:40,1.015385,0.03785104
5/6/2021 19:45,1.012431,0.03785104
5/6/2021 19:50,1.010954,0.03785104
5/6/2021 19:55,1.016862,0.03785104
5/6/2021 20:00,1.018338,0.03785104
5/6/2021 20:05,0.9984,0.03785104
5/6/2021 20:10,1.009477,0.03785104
5/6/2021 20:15,1.018338,0.03785104
5/6/2021 20:20,1.015385,0.03785104
5/6/2021 20:25,1.015385,0.03785104
5/6/2021 20:30,1.016862,0.03785104
5/6/2021 20:35,1.013908,0.03785104
5/6/2021 20:40,1.004308,0.03785104
5/6/2021 20:45,0.9998769,0.03785104
5/6/2021 20:50,1.010954,0.03785104
5/6/2021 20:55,1.009477,0.03785104
5/6/2021 21:00,0.9961846,0.03785104
5/6/2021 21:05,1.021292,0.03785104
5/6/2021 21:10,1.0176,0.03785104
5/6/2021 21:15,1.014646,0.03785104
5/6/2021 21:20,1.004308,0.03785104
5/6/2021 21:25,1.019815,0.03785104
5/6/2021 21:30,1.013169,0.03785104
5/6/2021 21:35,1.020554,0.03785104
5/6/2021 21:40,1.011692,0.03785104
5/6/2021 21:45,1.014646,0.03785104
5/6/2021 21:50,1.012431,0.03785104
5/6/2021 21:55,1.011692,0.03785104
5/6/2021 22:00,1.015385,0.03785104
5/6/2021 22:05,1.009477,0.03785104
5/6/2021 22:10,1.008,0.03785104
5/6/2021 22:15,1.008738,0.03785104
5/6/2021 22:20,1.021292,0.03785104
5/6/2021 22:25,0.9984,0.03785104
5/6/2021 22:30,0.9880615,0.03785104
5/6/2021 22:35,0.9954461,0.03785104
5/6/2021 22:40,0.9888,0.03785104
5/6/2021 22:45,0.9939692,0.03785104
5/6/2021 22:50,0.987323,0.03785104
5/6/2021 22:55,0.9910154,0.03785104
5/6/2021 23:00,0.9976615,0.03785104
5/6/2021 23:05,0.9851077,0.03785104
5/6/2021 23:10,0.9851077,0.03785104
5/6/2021 23:15,0.9888,0.03785104
5/6/2021 23:20,0.9851077,0.03785104
5/6/2021 23:25,0.9888,0.03785104
5/6/2021 23:30,0.9865846,0.03785104
5/6/2021 23:35,0.9880615,0.03785104
5/6/2021 23:40,0.9902769,0.03785104
5/6/2021 23:45,0.9851077,0.03785104
5/6/2021 23:50,0.987323,0.03785104
5/6/2021 23:55,0.9836308,0.03785104
5/7/2021 0:00,0.9799384,0.03785104
5/7/2021 0:05,0.9821538,0.03785104
5/7/2021 0:10,0.9895384,0.03785104
5/7/2021 0:15,0.9902769,0.03785104
5/7/2021 0:20,0.9784615,0.03785104
5/7/2021 0:25,0.9910154,0.03785104
5/7/2021 0:30,0.9910154,0.03785104
5/7/2021 0:35,0.987323,0.03785104
5/7/2021 0:40,0.9924923,0.03785104
5/7/2021 0:45,0.9888,0.03785104
5/7/2021 0:50,0.9851077,0.03785104
5/7/2021 0:55,0.9902769,0.03785104
5/7/2021 1:00,0.9836308,0.03785104
5/7/2021 1:05,0.9851077,0.03785104
5/7/2021 1:10,0.9865846,0.03785104
5/7/2021 1:15,0.9851077,0.03785104
5/7/2021 1:20,0.987323,0.03785104
5/7/2021 1:25,0.9821538,0.03785104
5/7/2021 1:30,0.9880615,0.03785104
5/7/2021 1:35,0.9851077,0.03785104
5/7/2021 1:40,0.9932307,0.03785104
5/7/2021 1:45,0.9865846,0.03785104
5/7/2021 1:50,0.9865846,0.03785104
5/7/2021 1:55,0.9902769,0.03785104
5/7/2021 2:00,0.9865846,0.03785104
5/7/2021 2:05,0.9888,0.03785104
5/7/2021 2:10,0.9865846,0.03785104
5/7/2021 2:15,0.9851077,0.03785104
5/7/2021 2:20,0.9947076,0.03785104
5/7/2021 2:25,0.9851077,0.03785104
5/7/2021 2:30,0.9902769,0.03785104
5/7/2021 2:35,0.9954461,0.03785104
5/7/2021 2:40,0.9947076,0.03785104
5/7/2021 2:45,1.005785,0.03785104
5/7/2021 2:50,1.003569,0.03785104
5/7/2021 2:55,0.9917538,0.03785104
5/7/2021 3:00,0.9888,0.03785104
5/7/2021 3:05,0.9961846,0.03785104
5/7/2021 3:10,1.004308,0.03785104
5/7/2021 3:15,0.9947076,0.03785104
5/7/2021 3:20,0.9961846,0.03785104
5/7/2021 3:25,0.9865846,0.03785104
5/7/2021 3:30,0.9984,0.03785104
5/7/2021 3:35,1.004308,0.03785104
5/7/2021 3:40,1.000615,0.03785104
5/7/2021 3:45,0.996923,0.03785104
5/7/2021 3:50,0.9939692,0.03785104
5/7/2021 3:55,0.996923,0.03785104
5/7/2021 4:00,0.9939692,0.03785104
5/7/2021 4:05,0.996923,0.03785104
5/7/2021 4:10,0.9806769,0.03785104
5/7/2021 4:15,0.9769846,0.03785104
5/7/2021 4:20,0.9865846,0.03785104
5/7/2021 4:25,0.9917538,0.03785104
5/7/2021 4:30,0.9777231,0.03785104
5/7/2021 4:35,0.9806769,0.03785104
5/7/2021 4:40,0.9902769,0.03785104
5/7/2021 4:45,0.996923,0.03785104
5/7/2021 4:50,0.9976615,0.03785104
5/7/2021 4:55,0.987323,0.03785104
5/7/2021 5:00,0.9902769,0.03785104
5/7/2021 5:05,0.9799384,0.03785104
5/7/2021 5:10,0.9917538,0.03785104
5/7/2021 5:15,0.996923,0.03785104
5/7/2021 5:20,0.9888,0.03785104
5/7/2021 5:25,0.9851077,0.03785104
5/7/2021 5:30,0.9843692,0.03785104
5/7/2021 5:35,0.9961846,0.03785104
5/7/2021 5:40,0.9902769,0.03785104
5/7/2021 5:45,0.9947076,0.03785104
5/7/2021 5:50,0.9836308,0.03785104
5/7/2021 5:55,0.9858461,0.03785104
5/7/2021 6:00,0.987323,0.03785104
5/7/2021 6:05,0.987323,0.03785104
5/7/2021 6:10,0.9843692,0.03785104
5/7/2021 6:15,0.9858461,0.03785104
5/7/2021 6:20,0.9865846,0.03785104
5/7/2021 6:25,0.9851077,0.03785104
5/7/2021 6:30,0.9984,0.03785104
5/7/2021 6:35,0.9932307,0.03785104
5/7/2021 6:40,0.9895384,0.03785104
5/7/2021 6:45,0.9902769,0.03785104
5/7/2021 6:50,0.9902769,0.03785104
5/7/2021 6:55,0.9865846,0.03785104
5/7/2021 7:00,0.9888,0.03785104
5/7/2021 7:05,0.9865846,0.03785104
5/7/2021 7:10,0.9910154,0.03785104
5/7/2021 7:15,0.987323,0.03785104
5/7/2021 7:20,0.9902769,0.03785104
5/7/2021 7:25,0.9947076,0.03785104
5/7/2021 7:30,0.9858461,0.03785104
5/7/2021 7:35,0.9806769,0.03785104
5/7/2021 7:40,0.9895384,0.03785104
5/7/2021 7:45,0.9821538,0.03785104
5/7/2021 7:50,0.9954461,0.03785104
5/7/2021 7:55,0.996923,0.03785104
5/7/2021 8:00,0.9932307,0.03785104
5/7/2021 8:05,0.9984,0.03785104
5/7/2021 8:10,0.9939692,0.03785104
5/7/2021 8:15,0.996923,0.03785104
5/7/2021 8:20,0.9939692,0.03785104
5/7/2021 8:25,0.9961846,0.03785104
5/7/2021 8:30,0.987323,0.03785104
5/7/2021 8:35,0.9991384,0.03785104
5/7/2021 8:40,0.9976615,0.03785104
5/7/2021 8:45,0.9902769,0.03785104
5/7/2021 8:50,0.9910154,0.03785104
5/7/2021 8:55,0.9939692,0.03785104
5/7/2021 9:00,0.9984,0.03785104
5/7/2021 9:05,0.9917538,0.03785104
5/7/2021 9:10,1.002092,0.03785104
5/7/2021 9:15,0.9961846,0.03785104
5/7/2021 9:20,1.002092,0.03785104
5/7/2021 9:25,0.9984,0.03785104
5/7/2021 9:30,0.9902769,0.03785104
5/7/2021 9:35,0.9947076,0.03785104
5/7/2021 9:40,0.9939692,0.03785104
5/7/2021 9:45,0.9939692,0.03785104
5/7/2021 9:50,0.9947076,0.03785104
5/7/2021 9:55,1.001354,0.03785104
5/7/2021 10:00,0.9961846,0.03785104
5/7/2021 10:05,1.007262,0.03785104
5/7/2021 10:10,1.001354,0.03785104
5/7/2021 10:15,1.002831,0.03785104
5/7/2021 10:20,0.996923,0.03785104
5/7/2021 10:25,0.9984,0.03785104
5/7/2021 10:30,0.9998769,0.03785104
5/7/2021 10:35,0.996923,0.03785104
5/7/2021 10:40,0.996923,0.03785104
5/7/2021 10:45,0.9932307,0.03785104
5/7/2021 10:50,0.9917538,0.03785104
5/7/2021 10:55,1.004308,0.03785104
5/7/2021 11:00,1.000615,0.03785104
5/7/2021 11:05,0.9984,0.03785104
5/7/2021 11:10,1.004308,0.03785104
5/7/2021 11:15,0.9924923,0.03785104
5/7/2021 11:20,1.000615,0.03785104
5/7/2021 11:25,0.9910154,0.03785104
5/7/2021 11:30,0.9917538,0.03785104
5/7/2021 11:35,0.9998769,0.03785104
5/7/2021 11:40,0.9961846,0.03785104
5/7/2021 11:45,0.9902769,0.03785104
5/7/2021 11:50,1.005046,0.03785104
5/7/2021 11:55,0.9947076,0.03785104
5/7/2021 12:00,1.000615,0.03785104
5/7/2021 12:05,1.000615,0.03785104
5/7/2021 12:10,1.001354,0.03785104
5/7/2021 12:15,0.9976615,0.03785104
5/7/2021 12:20,1.002831,0.03785104
5/7/2021 12:25,1.001354,0.03785104
5/7/2021 12:30,0.9991384,0.03785104
5/7/2021 12:35,0.9947076,0.03785104
5/7/2021 12:40,1.002092,0.03785104
5/7/2021 12:45,0.9998769,0.03785104
5/7/2021 12:50,1.001354,0.03785104
5/7/2021 12:55,0.9998769,0.03785104
5/7/2021 13:00,0.9991384,0.03785104
5/7/2021 13:05,0.996923,0.03785104
5/7/2021 13:10,0.9998769,0.03785104
5/7/2021 13:15,0.9991384,0.03785104
5/7/2021 13:20,1.002831,0.03785104
5/7/2021 13:25,1.005046,0.03785104
5/7/2021 13:30,0.9902769,0.03785104
5/7/2021 13:35,0.9924923,0.03785104
5/7/2021 13:40,0.9902769,0.03785104
5/7/2021 13:45,0.996923,0.03785104
5/7/2021 13:50,0.9961846,0.03785104
5/7/2021 13:55,0.9954461,0.03785104
5/7/2021 14:00,1.000615,0.03785104
5/7/2021 14:05,0.996923,0.03785104
5/7/2021 14:10,0.9998769,0.03785104
5/7/2021 14:15,0.987323,0.03785104
5/7/2021 14:20,0.9947076,0.03785104
5/7/2021 14:25,0.9984,0.03785104
5/7/2021 14:30,0.9932307,0.03785104
5/7/2021 14:35,0.9910154,0.03785104
5/7/2021 14:40,0.9998769,0.03785104
5/7/2021 14:45,1.001354,0.03785104
5/7/2021 14:50,0.9932307,0.03785104
5/7/2021 14:55,1.000615,0.03785104
5/7/2021 15:00,0.9902769,0.03785104
5/7/2021 15:05,1.006523,0.03785104
5/7/2021 15:10,0.9924923,0.03785104
5/7/2021 15:15,0.9910154,0.03907204
5/7/2021 15:20,0.9895384,0.03907204
5/7/2021 15:25,0.9910154,0.03907204
5/7/2021 15:30,0.9984,0.03907204
5/7/2021 15:35,0.9836308,0.03907204
5/7/2021 15:40,0.9947076,0.03907204
5/7/2021 15:45,0.9947076,0.03907204
5/7/2021 15:50,0.987323,0.03907204
5/7/2021 15:55,0.9828923,0.03907204
5/7/2021 16:00,0.987323,0.03907204
5/7/2021 16:05,0.9924923,0.03907204
5/7/2021 16:10,0.9991384,0.03907204
5/7/2021 16:15,0.987323,0.03907204
5/7/2021 16:20,0.9932307,0.03907204
5/7/2021 16:25,0.9924923,0.03907204
5/7/2021 16:30,0.9895384,0.03907204
5/7/2021 16:35,0.9939692,0.03907204
5/7/2021 16:40,0.9888,0.03907204
5/7/2021 16:45,0.9976615,0.03907204
5/7/2021 16:50,0.9836308,0.03907204
5/7/2021 16:55,0.9836308,0.03907204
5/7/2021 17:00,0.9895384,0.03907204
5/7/2021 17:05,0.9865846,0.03907204
5/7/2021 17:10,0.9888,0.03907204
5/7/2021 17:15,0.9888,0.03907204
5/7/2021 17:20,0.9880615,0.03907204
5/7/2021 17:25,0.9888,0.03907204
5/7/2021 17:30,0.9851077,0.03907204
5/7/2021 17:35,0.996923,0.03907204
5/7/2021 17:40,0.987323,0.03907204
5/7/2021 17:45,0.9836308,0.03907204
5/7/2021 17:50,0.9984,0.03907204
5/7/2021 17:55,0.9910154,0.03907204
5/7/2021 18:00,0.9910154,0.03907204
5/7/2021 18:05,0.9888,0.03907204
5/7/2021 18:10,0.9932307,0.03907204
5/7/2021 18:15,0.9836308,0.03907204
5/7/2021 18:20,0.9895384,0.03907204
5/7/2021 18:25,0.9902769,0.03907204
5/7/2021 18:30,0.9902769,0.03907204
5/7/2021 18:35,0.9924923,0.03907204
5/7/2021 18:40,0.9865846,0.03907204
5/7/2021 18:45,0.9947076,0.03907204
5/7/2021 18:50,0.9947076,0.03907204
5/7/2021 18:55,0.9984,0.03907204
5/7/2021 19:00,0.9865846,0.03907204
5/7/2021 19:05,0.9902769,0.03907204
5/7/2021 19:10,0.987323,0.03907204
5/7/2021 19:15,0.9902769,0.03907204
5/7/2021 19:20,0.987323,0.03907204
5/7/2021 19:25,0.9865846,0.03907204
5/7/2021 19:30,0.9895384,0.03907204
5/7/2021 19:35,0.987323,0.03907204
5/7/2021 19:40,0.9806769,0.03907204
5/7/2021 19:45,0.9851077,0.03907204
5/7/2021 19:50,0.9895384,0.03907204
5/7/2021 19:55,0.9902769,0.03907204
5/7/2021 20:00,0.9851077,0.03785104
5/7/2021 20:05,0.9843692,0.03785104
5/7/2021 20:10,0.9821538,0.03785104
5/7/2021 20:15,0.9821538,0.03785104
5/7/2021 20:20,0.9777231,0.03785104
5/7/2021 20:25,0.9636922,0.03785104
5/7/2021 20:30,0.9880615,0.03785104
5/7/2021 20:35,0.987323,0.03785104
5/7/2021 20:40,0.987323,0.03785104
5/7/2021 20:45,0.9836308,0.03785104
5/7/2021 20:50,0.9814154,0.03785104
5/7/2021 20:55,0.9924923,0.03785104
5/7/2021 21:00,0.9851077,0.03785104
5/7/2021 21:05,0.9851077,0.03785104
5/7/2021 21:10,0.9836308,0.03785104
5/7/2021 21:15,0.9924923,0.03785104
5/7/2021 21:20,0.9851077,0.03785104
5/7/2021 21:25,0.987323,0.03785104
5/7/2021 21:30,0.9917538,0.03785104
5/7/2021 21:35,0.9924923,0.03785104
5/7/2021 21:40,0.9888,0.03785104
5/7/2021 21:45,0.9858461,0.03785104
5/7/2021 21:50,0.9836308,0.03785104
5/7/2021 21:55,0.987323,0.03785104
5/7/2021 22:00,0.9895384,0.03785104
5/7/2021 22:05,0.9895384,0.03785104
5/7/2021 22:10,0.987323,0.03785104
5/7/2021 22:15,0.987323,0.03785104
5/7/2021 22:20,0.9821538,0.03785104
5/7/2021 22:25,0.9917538,0.03785104
5/7/2021 22:30,0.9821538,0.03785104
5/7/2021 22:35,0.9792,0.03785104
5/7/2021 22:40,0.9858461,0.03785104
5/7/2021 22:45,0.9895384,0.03785104
5/7/2021 22:50,0.9843692,0.03785104
5/7/2021 22:55,0.9755077,0.03785104
5/7/2021 23:00,1.008738,0.03785104
5/7/2021 23:05,0.9984,0.03785104
5/7/2021 23:10,1.009477,0.03785104
5/7/2021 23:15,1.002831,0.03785104
5/7/2021 23:20,1.001354,0.03785104
5/7/2021 23:25,0.9984,0.03785104
5/7/2021 23:30,1.004308,0.03785104
5/7/2021 23:35,1.006523,0.03785104
5/7/2021 23:40,1.001354,0.03785104
5/7/2021 23:45,1.004308,0.03785104
5/7/2021 23:50,1.002831,0.03785104
5/7/2021 23:55,1.000615,0.03785104
5/8/2021 0:00,1.000615,0.03785104
5/8/2021 0:05,1.001354,0.03785104
5/8/2021 0:10,0.9961846,0.03785104
5/8/2021 0:15,0.9947076,0.03785104
5/8/2021 0:20,0.9991384,0.03785104
5/8/2021 0:25,1.001354,0.03785104
5/8/2021 0:30,0.9998769,0.03785104
5/8/2021 0:35,0.9976615,0.03785104
5/8/2021 0:40,0.996923,0.03785104
5/8/2021 0:45,0.996923,0.03785104
5/8/2021 0:50,0.9924923,0.03785104
5/8/2021 0:55,0.9947076,0.03785104
5/8/2021 1:00,0.9991384,0.03785104
5/8/2021 1:05,0.9932307,0.03785104
5/8/2021 1:10,0.9947076,0.03785104
5/8/2021 1:15,0.9961846,0.03785104
5/8/2021 1:20,0.9947076,0.03785104
5/8/2021 1:25,0.9939692,0.03785104
5/8/2021 1:30,0.9984,0.03785104
5/8/2021 1:35,0.9947076,0.03785104
5/8/2021 1:40,0.9961846,0.03785104
5/8/2021 1:45,0.9836308,0.03785104
5/8/2021 1:50,0.9888,0.03785104
5/8/2021 1:55,1.001354,0.03785104
5/8/2021 2:00,0.9851077,0.03785104
5/8/2021 2:05,0.996923,0.03785104
5/8/2021 2:10,0.996923,0.03785104
5/8/2021 2:15,0.9888,0.03785104
5/8/2021 2:20,0.9836308,0.03785104
5/8/2021 2:25,0.9769846,0.03785104
5/8/2021 2:30,0.9888,0.03785104
5/8/2021 2:35,0.9836308,0.03785104
5/8/2021 2:40,0.9821538,0.03785104
5/8/2021 2:45,0.9895384,0.03785104
5/8/2021 2:50,0.9843692,0.03785104
5/8/2021 2:55,0.9924923,0.03785104
5/8/2021 3:00,0.9836308,0.03785104
5/8/2021 3:05,0.9821538,0.03785104
5/8/2021 3:10,0.9865846,0.03785104
5/8/2021 3:15,0.9917538,0.03785104
5/8/2021 3:20,0.9865846,0.03785104
5/8/2021 3:25,0.9961846,0.03785104
5/8/2021 3:30,0.987323,0.03785104
5/8/2021 3:35,0.9865846,0.03785104
5/8/2021 3:40,0.9843692,0.03785104
5/8/2021 3:45,0.9888,0.03785104
5/8/2021 3:50,0.9836308,0.03785104
5/8/2021 3:55,0.9910154,0.03785104
5/8/2021 4:00,0.9865846,0.03785104
5/8/2021 4:05,0.9917538,0.03785104
5/8/2021 4:10,0.987323,0.03785104
5/8/2021 4:15,0.9976615,0.03785104
5/8/2021 4:20,0.9917538,0.03785104
5/8/2021 4:25,0.9865846,0.03785104
5/8/2021 4:30,0.987323,0.03785104
5/8/2021 4:35,0.9024,0.03785104
5/8/2021 4:40,0.8957538,0.03785104
5/8/2021 4:45,0.8942769,0.03785104
5/8/2021 4:50,0.8891077,0.03785104
5/8/2021 4:55,0.8861538,0.03785104
5/8/2021 5:00,0.8809846,0.03785104
5/8/2021 5:05,0.8861538,0.03785104
5/8/2021 5:10,0.8795077,0.03785104
5/8/2021 5:15,0.8868923,0.03785104
5/8/2021 5:20,0.9046153,0.03785104
5/8/2021 5:25,0.9046153,0.03785104
5/8/2021 5:30,0.9112616,0.03785104
5/8/2021 5:35,0.9001846,0.03785104
5/8/2021 5:40,0.9083077,0.03785104
5/8/2021 5:45,0.8979692,0.03785104
5/8/2021 5:50,0.9024,0.03785104
5/8/2021 5:55,0.8189538,0.03785104
5/8/2021 6:00,0.7399384,0.03785104
5/8/2021 6:05,0.8086154,0.03785104
5/8/2021 6:10,0.8056615,0.03785104
5/8/2021 6:15,0.8056615,0.03785104
5/8/2021 6:20,0.8064,0.03785104
5/8/2021 6:25,0.8019692,0.03785104
5/8/2021 6:30,0.8078769,0.03785104
5/8/2021 6:35,0.8056615,0.03785104
5/8/2021 6:40,0.8041846,0.03785104
5/8/2021 6:45,0.8078769,0.03785104
5/8/2021 6:50,0.8064,0.03785104
5/8/2021 6:55,0.8027077,0.03785104
5/8/2021 7:00,0.8019692,0.03785104
5/8/2021 7:05,0.8034461,0.03785104
5/8/2021 7:10,0.8078769,0.03785104
5/8/2021 7:15,0.8049231,0.03785104
5/8/2021 7:20,0.8086154,0.03785104
5/8/2021 7:25,0.8049231,0.03785104
5/8/2021 7:30,0.8071384,0.03785104
5/8/2021 7:35,0.8093538,0.03785104
5/8/2021 7:40,0.8034461,0.03785104
5/8/2021 7:45,0.8078769,0.03785104
5/8/2021 7:50,0.8108307,0.03785104
5/8/2021 7:55,0.8027077,0.03785104
5/8/2021 8:00,0.8056615,0.03785104
5/8/2021 8:05,0.8034461,0.03785104
5/8/2021 8:10,0.8034461,0.03785104
5/8/2021 8:15,0.8012308,0.03785104
5/8/2021 8:20,0.8078769,0.03785104
5/8/2021 8:25,0.8064,0.03785104
5/8/2021 8:30,0.8064,0.03785104
5/8/2021 8:35,0.8049231,0.03785104
5/8/2021 8:40,0.8078769,0.03785104
5/8/2021 8:45,0.8115692,0.03785104
5/8/2021 8:50,0.8064,0.03785104
5/8/2021 8:55,0.8041846,0.03785104
5/8/2021 9:00,0.8041846,0.03785104
5/8/2021 9:05,0.8056615,0.03785104
5/8/2021 9:10,0.8130461,0.03785104
5/8/2021 9:15,0.7990154,0.03785104
5/8/2021 9:20,0.8019692,0.03785104
5/8/2021 9:25,0.8071384,0.03785104
5/8/2021 9:30,0.8056615,0.03785104
5/8/2021 9:35,0.8064,0.03785104
5/8/2021 9:40,0.8019692,0.03785104
5/8/2021 9:45,0.8056615,0.03785104
5/8/2021 9:50,0.8086154,0.03785104
5/8/2021 9:55,0.8064,0.03785104
5/8/2021 10:00,0.8049231,0.03785104
5/8/2021 10:05,0.8078769,0.03785104
5/8/2021 10:10,0.8056615,0.03785104
5/8/2021 10:15,0.8078769,0.03785104
5/8/2021 10:20,0.8041846,0.03785104
5/8/2021 10:25,0.8130461,0.03785104
5/8/2021 10:30,0.8034461,0.03785104
5/8/2021 10:35,0.8093538,0.03785104
5/8/2021 10:40,0.8019692,0.03785104
5/8/2021 10:45,0.8078769,0.03785104
5/8/2021 10:50,0.8041846,0.03785104
5/8/2021 10:55,0.8034461,0.03785104
5/8/2021 11:00,0.7953231,0.03785104
5/8/2021 11:05,0.7945846,0.03785104
5/8/2021 11:10,0.7997538,0.03785104
5/8/2021 11:15,0.8093538,0.03785104
5/8/2021 11:20,0.7968,0.03785104
5/8/2021 11:25,0.8108307,0.03785104
5/8/2021 11:30,0.8078769,0.03785104
5/8/2021 11:35,0.8004923,0.03785104
5/8/2021 11:40,0.7982769,0.03785104
5/8/2021 11:45,0.8049231,0.03663004
5/8/2021 11:50,0.8064,0.03663004
5/8/2021 11:55,0.8034461,0.03663004
5/8/2021 12:00,0.8019692,0.03663004
5/8/2021 12:05,0.8041846,0.03663004
5/8/2021 12:10,0.7982769,0.03663004
5/8/2021 12:15,0.8034461,0.03663004
5/8/2021 12:20,0.8019692,0.03663004
5/8/2021 12:25,0.8049231,0.03663004
5/8/2021 12:30,0.8049231,0.03663004
5/8/2021 12:35,0.8019692,0.03663004
5/8/2021 12:40,0.8123077,0.03663004
5/8/2021 12:45,0.8078769,0.03663004
5/8/2021 12:50,0.8093538,0.03663004
5/8/2021 12:55,0.8123077,0.03663004
5/8/2021 13:00,0.8071384,0.03663004
5/8/2021 13:05,0.8064,0.03663004
5/8/2021 13:10,0.8064,0.03663004
5/8/2021 13:15,0.8049231,0.03663004
5/8/2021 13:20,0.8049231,0.03663004
5/8/2021 13:25,0.8056615,0.03663004
5/8/2021 13:30,0.8049231,0.03663004
5/8/2021 13:35,0.8108307,0.03663004
5/8/2021 13:40,0.8108307,0.03663004
5/8/2021 13:45,0.8034461,0.03663004
5/8/2021 13:50,0.8049231,0.03663004
5/8/2021 13:55,0.8108307,0.03663004
5/8/2021 14:00,0.8056615,0.03663004
5/8/2021 14:05,0.8093538,0.03663004
5/8/2021 14:10,0.8056615,0.03663004
5/8/2021 14:15,0.8093538,0.03663004
5/8/2021 14:20,0.8064,0.03663004
5/8/2021 14:25,0.8049231,0.03663004
5/8/2021 14:30,0.8056615,0.03663004
5/8/2021 14:35,0.8078769,0.03663004
5/8/2021 14:40,0.8041846,0.03663004
5/8/2021 14:45,0.8041846,0.03663004
5/8/2021 14:50,0.8078769,0.03663004
5/8/2021 14:55,0.8123077,0.03663004
5/8/2021 15:00,0.8100923,0.03663004
5/8/2021 15:05,0.8049231,0.03663004
5/8/2021 15:10,0.8027077,0.03663004
5/8/2021 15:15,0.8012308,0.03663004
5/8/2021 15:20,0.7997538,0.03663004
5/8/2021 15:25,0.8056615,0.03663004
5/8/2021 15:30,0.8108307,0.03663004
5/8/2021 15:35,0.8078769,0.03663004
5/8/2021 15:40,0.8115692,0.03663004
5/8/2021 15:45,0.8049231,0.03663004
5/8/2021 15:50,0.8108307,0.03663004
5/8/2021 15:55,0.7990154,0.03663004
5/8/2021 16:00,0.8034461,0.03663004
5/8/2021 16:05,0.8027077,0.03663004
5/8/2021 16:10,0.8071384,0.03663004
5/8/2021 16:15,0.8034461,0.03663004
5/8/2021 16:20,0.8086154,0.03663004
5/8/2021 16:25,0.8012308,0.03785104
5/8/2021 16:30,0.8093538,0.03663004
5/8/2021 16:35,0.8034461,0.03663004
5/8/2021 16:40,0.8064,0.03663004
5/8/2021 16:45,0.8041846,0.03663004
5/8/2021 16:50,0.8078769,0.03663004
5/8/2021 16:55,0.8012308,0.03663004
5/8/2021 17:00,0.8019692,0.03663004
5/8/2021 17:05,0.8071384,0.03663004
5/8/2021 17:10,0.8078769,0.03663004
5/8/2021 17:15,0.8086154,0.03663004
5/8/2021 17:20,0.8093538,0.03663004
5/8/2021 17:25,0.8123077,0.03663004
5/8/2021 17:30,0.8019692,0.03663004
5/8/2021 17:35,0.8071384,0.03663004
5/8/2021 17:40,0.8093538,0.03663004
5/8/2021 17:45,0.8078769,0.03663004
5/8/2021 17:50,0.8093538,0.03663004
5/8/2021 17:55,0.8130461,0.03663004
5/8/2021 18:00,0.8086154,0.03663004
5/8/2021 18:05,0.8189538,0.03663004
5/8/2021 18:10,0.8108307,0.03663004
5/8/2021 18:15,0.8123077,0.03663004
5/8/2021 18:20,0.8078769,0.03663004
5/8/2021 18:25,0.8071384,0.03663004
5/8/2021 18:30,0.8086154,0.03663004
5/8/2021 18:35,0.8056615,0.03540904
5/8/2021 18:40,0.8137846,0.03540904
5/8/2021 18:45,0.8137846,0.03540904
5/8/2021 18:50,0.8056615,0.03540904
5/8/2021 18:55,0.8049231,0.03540904
5/8/2021 19:00,0.8034461,0.03540904
5/8/2021 19:05,0.8064,0.03540904
5/8/2021 19:10,0.8100923,0.03540904
5/8/2021 19:15,0.8093538,0.03540904
5/8/2021 19:20,0.8100923,0.03540904
5/8/2021 19:25,0.8049231,0.03540904
5/8/2021 19:30,0.8064,0.03540904
5/8/2021 19:35,0.8012308,0.03540904
5/8/2021 19:40,0.8086154,0.03540904
5/8/2021 19:45,0.8078769,0.03540904
5/8/2021 19:50,0.8004923,0.03540904
5/8/2021 19:55,0.8019692,0.03540904
5/8/2021 20:00,0,0.03540904
5/8/2021 20:05,0,-1
5/8/2021 20:10,0,-1
5/8/2021 20:15,0,-1
5/8/2021 20:20,0,-1
5/8/2021 20:25,0,-1
5/8/2021 20:30,0,-1
5/8/2021 20:35,0,-1
5/8/2021 20:40,0,-1
5/8/2021 20:45,0,-1
5/8/2021 20:50,0,-1
5/8/2021 20:55,0,-1
5/8/2021 21:00,0,-1
5/8/2021 21:05,0,-1
5/8/2021 21:10,0,-1
5/8/2021 21:15,0,-1
5/8/2021 21:20,0,-1
5/8/2021 21:25,0,-1
5/8/2021 21:30,0,-1
5/8/2021 21:35,0,-1
5/8/2021 21:40,0,-1
5/8/2021 21:45,0,-1
5/8/2021 21:50,0,-1
5/8/2021 21:55,0,-1
5/8/2021 22:00,0,-1
5/8/2021 22:05,0,-1
5/8/2021 22:10,0,-1
5/8/2021 22:15,0,-1
5/8/2021 22:20,0,-1
5/8/2021 22:25,0,-1
5/8/2021 22:30,0,-1
5/8/2021 22:35,0,-1
5/8/2021 22:40,0,-1
5/8/2021 22:45,0,-1
5/8/2021 22:50,0,-1
5/8/2021 22:55,0,-1
5/8/2021 23:00,0,-1
5/8/2021 23:05,0,-1
5/8/2021 23:10,0,-1
5/8/2021 23:15,0,-1
5/8/2021 23:20,0,-1
5/8/2021 23:25,0,-1
5/8/2021 23:30,0,-1
5/8/2021 23:35,0,-1
5/8/2021 23:40,0,-1
5/8/2021 23:45,0,-1
5/8/2021 23:50,0,-1
5/8/2021 23:55,0,-1
5/9/2021 0:00,0,-1
5/9/2021 0:05,0,-1
5/9/2021 0:10,0,-1
5/9/2021 0:15,0,-1
5/9/2021 0:20,0,-1
5/9/2021 0:25,0,-1
5/9/2021 0:30,0,-1
5/9/2021 0:35,0,-1
5/9/2021 0:40,0,-1
5/9/2021 0:45,0,-1
5/9/2021 0:50,0,-1
5/9/2021 0:55,0,-1
5/9/2021 1:00,0,-1
5/9/2021 1:05,0,-1
5/9/2021 1:10,0,-1
5/9/2021 1:15,0,-1
5/9/2021 1:20,0,-1
5/9/2021 1:25,0,-1
5/9/2021 1:30,0,-1
5/9/2021 1:35,0,-1
5/9/2021 1:40,0,-1
5/9/2021 1:45,0,-1
5/9/2021 1:50,0,-1
5/9/2021 1:55,0,-1
5/9/2021 2:00,0,-1
5/9/2021 2:05,0,-1
5/9/2021 2:10,0,-1
5/9/2021 2:15,0,-1
5/9/2021 2:20,0,-1
5/9/2021 2:25,0,-1
5/9/2021 2:30,0,-1
5/9/2021 2:35,0,-1
5/9/2021 2:40,0,-1
5/9/2021 2:45,0,-1
5/9/2021 2:50,0,-1
5/9/2021 2:55,0,-1
5/9/2021 3:00,0,-1
5/9/2021 3:05,0,-1
5/9/2021 3:10,0,-1
5/9/2021 3:15,0,-1
5/9/2021 3:20,0,-1
5/9/2021 3:25,0,-1
5/9/2021 3:30,0,-1
5/9/2021 3:35,0,-1
5/9/2021 3:40,0,-1
5/9/2021 3:45,0,-1
5/9/2021 3:50,0,-1
5/9/2021 3:55,0,-1
5/9/2021 4:00,0,-1
5/9/2021 4:05,0,-1
5/9/2021 4:10,0,-1
5/9/2021 4:15,0,-1
5/9/2021 4:20,0,-1
5/9/2021 4:25,0,-1
5/9/2021 4:30,0,-1
5/9/2021 4:35,0,-1
5/9/2021 4:40,0,-1
5/9/2021 4:45,0,-1
5/9/2021 4:50,0,-1
5/9/2021 4:55,0,-1
5/9/2021 5:00,0,-1
5/9/2021 5:05,0,-1
5/9/2021 5:10,0,-1
5/9/2021 5:15,0,-1
5/9/2021 5:20,0,-1
5/9/2021 5:25,0,-1
5/9/2021 5:30,0,-1
5/9/2021 5:35,0,-1
5/9/2021 5:40,0,-1
5/9/2021 5:45,0,-1
5/9/2021 5:50,0,-1
5/9/2021 5:55,0,-1
5/9/2021 6:00,0,-1
5/9/2021 6:05,0,-1
5/9/2021 6:10,0,-1
5/9/2021 6:15,0,-1
5/9/2021 6:20,0,-1
5/9/2021 6:25,0,-1
5/9/2021 6:30,0,-1
5/9/2021 6:35,0,-1
5/9/2021 6:40,0,-1
5/9/2021 6:45,0,-1
5/9/2021 6:50,0,-1
5/9/2021 6:55,0,-1
5/9/2021 7:00,0,-1
5/9/2021 7:05,0,-1
5/9/2021 7:10,0,-1
5/9/2021 7:15,0,-1
5/9/2021 7:20,0,-1
5/9/2021 7:25,0,-1
5/9/2021 7:30,0,-1
5/9/2021 7:35,0,-1
5/9/2021 7:40,0,-1
5/9/2021 7:45,0,-1
5/9/2021 7:50,0,-1
5/9/2021 7:55,0,-1
5/9/2021 8:00,0,-1
5/9/2021 8:05,0,-1
5/9/2021 8:10,0,-1
5/9/2021 8:15,0,-1
5/9/2021 8:20,0,-1
5/9/2021 8:25,0,-1
5/9/2021 8:30,0,-1
5/9/2021 8:35,0,-1
5/9/2021 8:40,0,-1
5/9/2021 8:45,0,-1
5/9/2021 8:50,0,-1
5/9/2021 8:55,0,-1
5/9/2021 9:00,0,-1
5/9/2021 9:05,0,-1
5/9/2021 9:10,0,-1
5/9/2021 9:15,0,-1
5/9/2021 9:20,0,-1
5/9/2021 9:25,0,-1
5/9/2021 9:30,0,-1
5/9/2021 9:35,0,-1
5/9/2021 9:40,0,-1
5/9/2021 9:45,0,-1
5/9/2021 9:50,0,-1
5/9/2021 9:55,0,-1
5/9/2021 10:00,0,-1
5/9/2021 10:05,0,-1
5/9/2021 10:10,0,-1
5/9/2021 10:15,0,-1
5/9/2021 10:20,0,-1
5/9/2021 10:25,0,-1
5/9/2021 10:30,0,-1
5/9/2021 10:35,0,-1
5/9/2021 10:40,0,-1
5/9/2021 10:45,0,-1
5/9/2021 10:50,0,-1
5/9/2021 10:55,0,-1
5/9/2021 11:00,0,-1
5/9/2021 11:05,0,-1
5/9/2021 11:10,0,-1
5/9/2021 11:15,0,-1
5/9/2021 11:20,0,-1
5/9/2021 11:25,0,-1
5/9/2021 11:30,0,-1
5/9/2021 11:35,0,-1
5/9/2021 11:40,0,-1
5/9/2021 11:45,0,-1
5/9/2021 11:50,0,-1
5/9/2021 11:55,0,-1
5/9/2021 12:00,0,-1
5/9/2021 12:05,0,-1
5/9/2021 12:10,0,-1
5/9/2021 12:15,0,-1
5/9/2021 12:20,0,-1
5/9/2021 12:25,0,-1
5/9/2021 12:30,0,-1
5/9/2021 12:35,0,-1
5/9/2021 12:40,0,-1
5/9/2021 12:45,0,-1
5/9/2021 12:50,0,-1
5/9/2021 12:55,0,-1
5/9/2021 13:00,0,-1
5/9/2021 13:05,0,-1
5/9/2021 13:10,0,-1
5/9/2021 13:15,0,-1
5/9/2021 13:20,0,-1
5/9/2021 13:25,0,-1
5/9/2021 13:30,0,-1
5/9/2021 13:35,0,-1
5/9/2021 13:40,0,-1
5/9/2021 13:45,0,-1
5/9/2021 13:50,0,-1
5/9/2021 13:55,0,-1
5/9/2021 14:00,0,-1
5/9/2021 14:05,0,-1
5/9/2021 14:10,0,-1
5/9/2021 14:15,0,-1
5/9/2021 14:20,0,-1
5/9/2021 14:25,0,-1
5/9/2021 14:30,0,-1
5/9/2021 14:35,0,-1
5/9/2021 14:40,0,-1
5/9/2021 14:45,0,-1
5/9/2021 14:50,0,-1
5/9/2021 14:55,0,-1
5/9/2021 15:00,0,-1
5/9/2021 15:05,0,-1
5/9/2021 15:10,0,-1
5/9/2021 15:15,0,-1
5/9/2021 15:20,0,-1
5/9/2021 15:25,0,-1
5/9/2021 15:30,0,-1
5/9/2021 15:35,0,-1
5/9/2021 15:40,0,-1
5/9/2021 15:45,0,-1
5/9/2021 15:50,0,-1
5/9/2021 15:55,0,-1
5/9/2021 16:00,0,-1
5/9/2021 16:05,0,-1
5/9/2021 16:10,0,-1
5/9/2021 16:15,0,-1
5/9/2021 16:20,0,-1
5/9/2021 16:25,0,-1
5/9/2021 16:30,0,-1
5/9/2021 16:35,0,-1
5/9/2021 16:40,0,-1
5/9/2021 16:45,0,-1
5/9/2021 16:50,0,-1
5/9/2021 16:55,0,-1
5/9/2021 17:00,0,-1
5/9/2021 17:05,0,-1
5/9/2021 17:10,0,-1
5/9/2021 17:15,0,-1
5/9/2021 17:20,0,-1
5/9/2021 17:25,0,-1
5/9/2021 17:30,0,-1
5/9/2021 17:35,0,-1
5/9/2021 17:40,0,-1
5/9/2021 17:45,0,-1
5/9/2021 17:50,0,-1
5/9/2021 17:55,0,-1
5/9/2021 18:00,0,-1
5/9/2021 18:05,0,-1
5/9/2021 18:10,0,-1
5/9/2021 18:15,0,-1
5/9/2021 18:20,0,-1
5/9/2021 18:25,0,-1
5/9/2021 18:30,0,-1
5/9/2021 18:35,0,-1
5/9/2021 18:40,0,-1
5/9/2021 18:45,0,-1
5/9/2021 18:50,0,-1
5/9/2021 18:55,0,-1
5/9/2021 19:00,0,-1
5/9/2021 19:05,0,-1
5/9/2021 19:10,0,-1
5/9/2021 19:15,0,-1
5/9/2021 19:20,0,-1
5/9/2021 19:25,0,-1
5/9/2021 19:30,0,-1
5/9/2021 19:35,0,-1
5/9/2021 19:40,0,-1
5/9/2021 19:45,0,-1
5/9/2021 19:50,0,-1
5/9/2021 19:55,0,-1
5/9/2021 20:00,0,-1
5/9/2021 20:05,0,-1
5/9/2021 20:10,0,-1
5/9/2021 20:15,0,-1
5/9/2021 20:20,0,-1
5/9/2021 20:25,0,-1
5/9/2021 20:30,0,-1
5/9/2021 20:35,0,-1
5/9/2021 20:40,0,-1
5/9/2021 20:45,0,-1
5/9/2021 20:50,0,-1
5/9/2021 20:55,0,-1
5/9/2021 21:00,0,-1
5/9/2021 21:05,0,-1
5/9/2021 21:10,0,-1
5/9/2021 21:15,0,-1
5/9/2021 21:20,0,-1
5/9/2021 21:25,0,-1
5/9/2021 21:30,0,-1
5/9/2021 21:35,0,-1
5/9/2021 21:40,0,-1
5/9/2021 21:45,0,-1
5/9/2021 21:50,0,-1
5/9/2021 21:55,0,-1
5/9/2021 22:00,0,-1
5/9/2021 22:05,0,-1
5/9/2021 22:10,0,-1
5/9/2021 22:15,0,-1
5/9/2021 22:20,0,-1
5/9/2021 22:25,0,-1
5/9/2021 22:30,0,-1
5/9/2021 22:35,0,-1
5/9/2021 22:40,0,-1
5/9/2021 22:45,0,-1
5/9/2021 22:50,0,-1
5/9/2021 22:55,0,-1
5/9/2021 23:00,0,-1
5/9/2021 23:05,0,-1
5/9/2021 23:10,0,-1
5/9/2021 23:15,0,-1
5/9/2021 23:20,0,-1
5/9/2021 23:25,0,-1
5/9/2021 23:30,0,-1
5/9/2021 23:35,0,-1
5/9/2021 23:40,0,-1
5/9/2021 23:45,0,-1
5/9/2021 23:50,0,-1
5/9/2021 23:55,0,-1
5/10/2021 0:00,0,-1
5/10/2021 0:05,0,-1
5/10/2021 0:10,0,-1
5/10/2021 0:15,0,-1
5/10/2021 0:20,0,-1
5/10/2021 0:25,0,-1
5/10/2021 0:30,0,-1
5/10/2021 0:35,0,-1
5/10/2021 0:40,0,-1
5/10/2021 0:45,0,-1
5/10/2021 0:50,0,-1
5/10/2021 0:55,0,-1
5/10/2021 1:00,0,-1
5/10/2021 1:05,0,-1
5/10/2021 1:10,0,-1
5/10/2021 1:15,0,-1
5/10/2021 1:20,0,-1
5/10/2021 1:25,0,-1
5/10/2021 1:30,0,-1
5/10/2021 1:35,0,-1
5/10/2021 1:40,0,-1
5/10/2021 1:45,0,-1
5/10/2021 1:50,0,-1
5/10/2021 1:55,0,-1
5/10/2021 2:00,0,-1
5/10/2021 2:05,0,-1
5/10/2021 2:10,0,-1
5/10/2021 2:15,0,-1
5/10/2021 2:20,0,-1
5/10/2021 2:25,0,-1
5/10/2021 2:30,0,-1
5/10/2021 2:35,0,-1
5/10/2021 2:40,0,-1
5/10/2021 2:45,0,-1
5/10/2021 2:50,0,-1
5/10/2021 2:55,0,-1
5/10/2021 3:00,0,-1
5/10/2021 3:05,0,-1
5/10/2021 3:10,0,-1
5/10/2021 3:15,0,-1
5/10/2021 3:20,0,-1
5/10/2021 3:25,0,-1
5/10/2021 3:30,0,-1
5/10/2021 3:35,0,-1
5/10/2021 3:40,0,-1
5/10/2021 3:45,0,-1
5/10/2021 3:50,0,-1
5/10/2021 3:55,0,-1
5/10/2021 4:00,0,-1
5/10/2021 4:05,0,-1
5/10/2021 4:10,0,-1
5/10/2021 4:15,0,-1
5/10/2021 4:20,0,-1
5/10/2021 4:25,0,-1
5/10/2021 4:30,0,-1
5/10/2021 4:35,0,-1
5/10/2021 4:40,0,-1
5/10/2021 4:45,0,-1
5/10/2021 4:50,0,-1
5/10/2021 4:55,0,-1
5/10/2021 5:00,0,-1
5/10/2021 5:05,0,-1
5/10/2021 5:10,0,-1
5/10/2021 5:15,0,-1
5/10/2021 5:20,0,-1
5/10/2021 5:25,0,-1
5/10/2021 5:30,0,-1
5/10/2021 5:35,0,-1
5/10/2021 5:40,0,-1
5/10/2021 5:45,0,-1
5/10/2021 5:50,0,-1
5/10/2021 5:55,0,-1
5/10/2021 6:00,0,-1
5/10/2021 6:05,0,-1
5/10/2021 6:10,0,-1
5/10/2021 6:15,0,-1
5/10/2021 6:20,0,-1
5/10/2021 6:25,0,-1
5/10/2021 6:30,0,-1
5/10/2021 6:35,0,-1
5/10/2021 6:40,0,-1
5/10/2021 6:45,0,-1
5/10/2021 6:50,0,-1
5/10/2021 6:55,0,-1
5/10/2021 7:00,0,-1
5/10/2021 7:05,0,-1
5/10/2021 7:10,0,-1
5/10/2021 7:15,0,-1
5/10/2021 7:20,0,-1
5/10/2021 7:25,0,-1
5/10/2021 7:30,0,-1
5/10/2021 7:35,0,-1
5/10/2021 7:40,0,-1
5/10/2021 7:45,0,-1
5/10/2021 7:50,0,-1
5/10/2021 7:55,0,-1
5/10/2021 8:00,0,-1
5/10/2021 8:05,0,-1
5/10/2021 8:10,0,-1
5/10/2021 8:15,0,-1
5/10/2021 8:20,0,-1
5/10/2021 8:25,0,-1
5/10/2021 8:30,0,-1
5/10/2021 8:35,0,-1
5/10/2021 8:40,0,-1
5/10/2021 8:45,0,-1
5/10/2021 8:50,0,-1
5/10/2021 8:55,0,-1
5/10/2021 9:00,0,-1
5/10/2021 9:05,0,-1
5/10/2021 9:10,0,-1
5/10/2021 9:15,0,-1
5/10/2021 9:20,0,-1
5/10/2021 9:25,0,-1
5/10/2021 9:30,0,-1
5/10/2021 9:35,0,-1
5/10/2021 9:40,0,-1
5/10/2021 9:45,0,-1
5/10/2021 9:50,0,-1
5/10/2021 9:55,0,-1
5/10/2021 10:00,0,-1
5/10/2021 10:05,0,-1
5/10/2021 10:10,0,-1
5/10/2021 10:15,0,-1
5/10/2021 10:20,0,-1
5/10/2021 10:25,0,-1
5/10/2021 10:30,0,-1
5/10/2021 10:35,0,-1
5/10/2021 10:40,0,-1
5/10/2021 10:45,0,-1
5/10/2021 10:50,0,-1
5/10/2021 10:55,0,-1
5/10/2021 11:00,0,-1
5/10/2021 11:05,0,-1
5/10/2021 11:10,0,-1
5/10/2021 11:15,0,-1
5/10/2021 11:20,0,-1
5/10/2021 11:25,0,-1
5/10/2021 11:30,0,-1
5/10/2021 11:35,0,-1
5/10/2021 11:40,0,-1
5/10/2021 11:45,0,-1
5/10/2021 11:50,0,-1
5/10/2021 11:55,0,-1
5/10/2021 12:00,0,-1
5/10/2021 12:05,0,-1
5/10/2021 12:10,0,-1
5/10/2021 12:15,0,-1
5/10/2021 12:20,0,-1
5/10/2021 12:25,0,-1
5/10/2021 12:30,0,-1
5/10/2021 12:35,0,-1
5/10/2021 12:40,0,-1
5/10/2021 12:45,0,-1
5/10/2021 12:50,0,-1
5/10/2021 12:55,0,-1
5/10/2021 13:00,0,-1
5/10/2021 13:05,0,-1
5/10/2021 13:10,0,-1
5/10/2021 13:15,0,-1
5/10/2021 13:20,0,-1
5/10/2021 13:25,0,-1
5/10/2021 13:30,0,-1
5/10/2021 13:35,0,-1
5/10/2021 13:40,0,-1
5/10/2021 13:45,0,-1
5/10/2021 13:50,0,-1
5/10/2021 13:55,0,-1
5/10/2021 14:00,0,-1
5/10/2021 14:05,0,-1
5/10/2021 14:10,0,-1
5/10/2021 14:15,0,-1
5/10/2021 14:20,0,-1
5/10/2021 14:25,0,-1
5/10/2021 14:30,0,-1
5/10/2021 14:35,0,-1
5/10/2021 14:40,0,-1
5/10/2021 14:45,0,-1
5/10/2021 14:50,0,-1
5/10/2021 14:55,0,-1
5/10/2021 15:00,0,-1
5/10/2021 15:05,0,-1
5/10/2021 15:10,0,-1
5/10/2021 15:15,0,-1
5/10/2021 15:20,0,-1
5/10/2021 15:25,0,-1
5/10/2021 15:30,0,-1
5/10/2021 15:35,0,-1
5/10/2021 15:40,0,-1
5/10/2021 15:45,0,-1
5/10/2021 15:50,0,-1
5/10/2021 15:55,0,-1
5/10/2021 16:00,0,-1
5/10/2021 16:05,0,-1
5/10/2021 16:10,0,-1
5/10/2021 16:15,0,-1
5/10/2021 16:20,0,-1
5/10/2021 16:25,0,-1
5/10/2021 16:30,0,-1
5/10/2021 16:35,0,-1
5/10/2021 16:40,0,-1
5/10/2021 16:45,0,-1
5/10/2021 16:50,0,-1
5/10/2021 16:55,0,-1
5/10/2021 17:00,0,-1
5/10/2021 17:05,0,-1
5/10/2021 17:10,0,-1
5/10/2021 17:15,0,-1
5/10/2021 17:20,0,-1
5/10/2021 17:25,0,-1
5/10/2021 17:30,0,-1
5/10/2021 17:35,0,-1
5/10/2021 17:40,0,-1
5/10/2021 17:45,0,-1
5/10/2021 17:50,0,-1
5/10/2021 17:55,0,-1
5/10/2021 18:00,0,-1
5/10/2021 18:05,0,-1
5/10/2021 18:10,0,-1
5/10/2021 18:15,0,-1
5/10/2021 18:20,0,-1
5/10/2021 18:25,0,-1
5/10/2021 18:30,0,-1
5/10/2021 18:35,0,-1
5/10/2021 18:40,0,-1
5/10/2021 18:45,0,-1
5/10/2021 18:50,0,-1
5/10/2021 18:55,0,-1
5/10/2021 19:00,0,-1
5/10/2021 19:05,0.9673846,0.1709402
5/10/2021 19:10,1.020554,0.2173382
5/10/2021 19:15,1.005785,0.1050061
5/10/2021 19:20,1.006523,0.07448108
5/10/2021 19:25,1.008,0.06959707
5/10/2021 19:30,1.006523,0.06715507
5/10/2021 19:35,1.004308,0.06593407
5/10/2021 19:40,1.002092,0.06471307
5/10/2021 19:45,1.006523,0.06349207
5/10/2021 19:50,1.005785,0.06349207
5/10/2021 19:55,1.003569,0.06227106
5/10/2021 20:00,1.004308,0.06227106
5/10/2021 20:05,1.008738,0.06227106
5/10/2021 20:10,1.010954,0.06227106
5/10/2021 20:15,1.005785,0.06105006
5/10/2021 20:20,1.008,0.05982906
5/10/2021 20:25,0.9998769,0.05982906
5/10/2021 20:30,1.007262,0.05982906
5/10/2021 20:35,1.004308,0.05982906
5/10/2021 20:40,1.004308,0.05982906
5/10/2021 20:45,1.005046,0.05982906
5/10/2021 20:50,1.002831,0.05860806
5/10/2021 20:55,1.005785,0.05860806
5/10/2021 21:00,1.001354,0.05860806
5/10/2021 21:05,1.010215,0.05738706
5/10/2021 21:10,1.000615,0.05738706
5/10/2021 21:15,1.012431,0.05738706
5/10/2021 21:20,1.005785,0.05738706
5/10/2021 21:25,0.9984,0.05738706
5/10/2021 21:30,1.006523,0.05738706
5/10/2021 21:35,1.003569,0.05616606
5/10/2021 21:40,1.015385,0.05616606
5/10/2021 21:45,1.001354,0.05616606
5/10/2021 21:50,0.9998769,0.05616606
5/10/2021 21:55,1.006523,0.05616606
5/10/2021 22:00,1.006523,0.05616606
5/10/2021 22:05,1.002831,0.05616606
5/10/2021 22:10,1.001354,0.05616606
5/10/2021 22:15,1.005785,0.05494506
5/10/2021 22:20,1.002092,0.05494506
5/10/2021 22:25,0.9932307,0.05494506
5/10/2021 22:30,1.012431,0.05494506
5/10/2021 22:35,1.019815,0.05494506
5/10/2021 22:40,0.9984,0.05494506
5/10/2021 22:45,1.004308,0.05372405
5/10/2021 22:50,0.9932307,0.05372405
5/10/2021 22:55,0.9961846,0.05372405
5/10/2021 23:00,1.005785,0.05372405
5/10/2021 23:05,0.9961846,0.05372405
5/10/2021 23:10,0.9991384,0.05372405
5/10/2021 23:15,0.9998769,0.05372405
5/10/2021 23:20,0.9924923,0.05372405
5/10/2021 23:25,1.010954,0.05372405
5/10/2021 23:30,0.9961846,0.05372405
5/10/2021 23:35,0.9895384,0.05372405
5/10/2021 23:40,1.001354,0.05372405
5/10/2021 23:45,0.9961846,0.05372405
5/10/2021 23:50,0.9961846,0.05250305
5/10/2021 23:55,0.9917538,0.05250305
5/11/2021 0:00,0.996923,0.05250305
5/11/2021 0:05,0.9984,0.05250305
5/11/2021 0:10,1.004308,0.05250305
5/11/2021 0:15,0.996923,0.05250305
5/11/2021 0:20,0.9902769,0.05250305
5/11/2021 0:25,0.9961846,0.05250305
5/11/2021 0:30,0.9984,0.05250305
5/11/2021 0:35,0.9976615,0.05250305
5/11/2021 0:40,0.9991384,0.05250305
5/11/2021 0:45,0.9947076,0.05250305
5/11/2021 0:50,0.9947076,0.05128205
5/11/2021 0:55,0.9924923,0.05128205
5/11/2021 1:00,0.9917538,0.05128205
5/11/2021 1:05,1.001354,0.05128205
5/11/2021 1:10,0.996923,0.05128205
5/11/2021 1:15,0.9998769,0.05128205
5/11/2021 1:20,0.9902769,0.05128205
5/11/2021 1:25,0.9961846,0.05250305
5/11/2021 1:30,0.9902769,0.05128205
5/11/2021 1:35,1.004308,0.05128205
5/11/2021 1:40,0.9924923,0.05128205
5/11/2021 1:45,0.9939692,0.05128205
5/11/2021 1:50,0.9924923,0.05128205
5/11/2021 1:55,0.9961846,0.05128205
5/11/2021 2:00,0.9961846,0.05128205
5/11/2021 2:05,0.9910154,0.05128205
5/11/2021 2:10,0.9939692,0.05128205
5/11/2021 2:15,0.9984,0.05128205
5/11/2021 2:20,0.9998769,0.05128205
5/11/2021 2:25,0.9932307,0.05128205
5/11/2021 2:30,0.9895384,0.05128205
5/11/2021 2:35,0.9888,0.05128205
5/11/2021 2:40,0.9880615,0.05128205
5/11/2021 2:45,0.9932307,0.05128205
5/11/2021 2:50,0.9917538,0.05128205
5/11/2021 2:55,0.9865846,0.05128205
5/11/2021 3:00,0.9947076,0.05128205
5/11/2021 3:05,0.9947076,0.05128205
5/11/2021 3:10,0.9939692,0.05128205
5/11/2021 3:15,0.9954461,0.05128205
5/11/2021 3:20,0.9961846,0.05128205
5/11/2021 3:25,0.9910154,0.05128205
5/11/2021 3:30,0.996923,0.05128205
5/11/2021 3:35,0.987323,0.05128205
5/11/2021 3:40,0.9888,0.05128205
5/11/2021 3:45,0.9836308,0.05128205
5/11/2021 3:50,0.9939692,0.05006105
5/11/2021 3:55,0.9961846,0.05006105
5/11/2021 4:00,0.9865846,0.05128205
5/11/2021 4:05,0.9806769,0.05006105
5/11/2021 4:10,0.9821538,0.05006105
5/11/2021 4:15,0.9902769,0.05006105
5/11/2021 4:20,0.9806769,0.05006105
5/11/2021 4:25,1.093662,0.05006105
5/11/2021 4:30,1.027938,0.05006105
5/11/2021 4:35,1.0176,0.05006105
5/11/2021 4:40,1.008738,0.05006105
5/11/2021 4:45,1.005785,0.05006105
5/11/2021 4:50,0.9910154,0.05006105
5/11/2021 4:55,0.9991384,0.05006105
5/11/2021 5:00,0.9947076,0.05006105
5/11/2021 5:05,0.9947076,0.05006105
5/11/2021 5:10,0.9984,0.05006105
5/11/2021 5:15,1.002831,0.05006105
5/11/2021 5:20,1.002831,0.05006105
5/11/2021 5:25,0.9961846,0.05006105
5/11/2021 5:30,1.004308,0.04884005
5/11/2021 5:35,0.9917538,0.04884005
5/11/2021 5:40,0.9961846,0.04884005
5/11/2021 5:45,1.001354,0.04884005
5/11/2021 5:50,0.996923,0.04884005
5/11/2021 5:55,0.9888,0.04884005
5/11/2021 6:00,0.9932307,0.04884005
5/11/2021 6:05,0.987323,0.04884005
5/11/2021 6:10,0.9821538,0.04884005
5/11/2021 6:15,0.9939692,0.04884005
5/11/2021 6:20,0.9954461,0.04884005
5/11/2021 6:25,0.9917538,0.04884005
5/11/2021 6:30,0.9888,0.04884005
5/11/2021 6:35,0.9984,0.04884005
5/11/2021 6:40,0.9836308,0.04884005
5/11/2021 6:45,0.9888,0.04884005
5/11/2021 6:50,1.005785,0.04884005
5/11/2021 6:55,0.9961846,0.04884005
5/11/2021 7:00,0.9976615,0.04884005
5/11/2021 7:05,0.9932307,0.04884005
5/11/2021 7:10,0.9865846,0.04884005
5/11/2021 7:15,0.9939692,0.04884005
5/11/2021 7:20,0.9216,0.04884005
5/11/2021 7:25,0.8994461,0.04884005
5/11/2021 7:30,0.8942769,0.04884005
5/11/2021 7:35,0.8935384,0.04884005
5/11/2021 7:40,0.8987077,0.04884005
5/11/2021 7:45,0.8891077,0.04884005
5/11/2021 7:50,0.8876308,0.04884005
5/11/2021 7:55,0.8987077,0.04884005
5/11/2021 8:00,0.8832,0.04884005
5/11/2021 8:05,0.8839385,0.04884005
5/11/2021 8:10,0.8913231,0.04884005
5/11/2021 8:15,0.8913231,0.04884005
5/11/2021 8:20,0.8832,0.04884005
5/11/2021 8:25,0.8876308,0.04884005
5/11/2021 8:30,0.8905846,0.04884005
5/11/2021 8:35,0.8795077,0.04884005
5/11/2021 8:40,0.8876308,0.04884005
5/11/2021 8:45,0.8891077,0.04884005
5/11/2021 8:50,0.8891077,0.04884005
5/11/2021 8:55,0.8905846,0.04884005
5/11/2021 9:00,0.8957538,0.04884005
5/11/2021 9:05,0.8891077,0.04884005
5/11/2021 9:10,0.8846769,0.04884005
5/11/2021 9:15,0.8891077,0.04884005
5/11/2021 9:20,0.8846769,0.04884005
5/11/2021 9:25,0.8905846,0.04884005
5/11/2021 9:30,0.8928,0.04884005
5/11/2021 9:35,0.8913231,0.04884005
5/11/2021 9:40,0.8928,0.04884005
5/11/2021 9:45,0.8964923,0.04884005
5/11/2021 9:50,0.8861538,0.04884005
5/11/2021 9:55,1.014646,0.04884005
5/11/2021 10:00,1.007262,0.04884005
5/11/2021 10:05,1.015385,0.04884005
5/11/2021 10:10,1.019077,0.04884005
5/11/2021 10:15,0.9998769,0.04884005
5/11/2021 10:20,0.9932307,0.04884005
5/11/2021 10:25,0.9998769,0.04884005
5/11/2021 10:30,0.9961846,0.04884005
5/11/2021 10:35,0.9998769,0.04884005
5/11/2021 10:40,0.9961846,0.04884005
5/11/2021 10:45,0.9991384,0.04884005
5/11/2021 10:50,0.996923,0.04884005
5/11/2021 10:55,0.9932307,0.04884005
5/11/2021 11:00,0.996923,0.04884005
5/11/2021 11:05,0.9961846,0.04884005
5/11/2021 11:10,0.9932307,0.04884005
5/11/2021 11:15,1.002831,0.04884005
5/11/2021 11:20,0.9998769,0.04884005
5/11/2021 11:25,1.001354,0.04884005
5/11/2021 11:30,1.001354,0.04884005
5/11/2021 11:35,1.013169,0.04884005
5/11/2021 11:40,1.005785,0.04884005
5/11/2021 11:45,1.001354,0.04884005
5/11/2021 11:50,0.9961846,0.04884005
5/11/2021 11:55,0.9961846,0.04884005
5/11/2021 12:00,0.9932307,0.04884005
5/11/2021 12:05,0.9954461,0.04395605
5/11/2021 12:10,1.010954,0.04395605
5/11/2021 12:15,1.001354,0.04395605
5/11/2021 12:20,0.9976615,0.04395605
5/11/2021 12:25,0.996923,0.04395605
5/11/2021 12:30,1.000615,0.04395605
5/11/2021 12:35,1.000615,0.04395605
5/11/2021 12:40,0.9984,0.04395605
5/11/2021 12:45,1.005785,0.04395605
5/11/2021 12:50,0.9961846,0.04395605
5/11/2021 12:55,1.002831,0.04395605
5/11/2021 13:00,0.9924923,0.04395605
5/11/2021 13:05,0.9991384,0.04395605
5/11/2021 13:10,0.9998769,0.04395605
5/11/2021 13:15,0.9998769,0.04273504
5/11/2021 13:20,1.006523,0.04273504
5/11/2021 13:25,1.004308,0.04273504
5/11/2021 13:30,1.002831,0.04273504
5/11/2021 13:35,0.9998769,0.04273504
5/11/2021 13:40,1.001354,0.04273504
5/11/2021 13:45,0.9998769,0.04273504
5/11/2021 13:50,1.010954,0.04273504
5/11/2021 13:55,1.008,0.04273504
5/11/2021 14:00,1.008,0.04273504
5/11/2021 14:05,0.9998769,0.04273504
5/11/2021 14:10,1.008,0.04273504
5/11/2021 14:15,1.012431,0.04151404
5/11/2021 14:20,1.005046,0.04151404
5/11/2021 14:25,1.002092,0.04151404
5/11/2021 14:30,1.005785,0.04151404
5/11/2021 14:35,1.005046,0.04151404
5/11/2021 14:40,1.004308,0.04151404
5/11/2021 14:45,1.016123,0.04151404
5/11/2021 14:50,0.9991384,0.04151404
5/11/2021 14:55,1.006523,0.04151404
5/11/2021 15:00,1.010954,0.04151404
5/11/2021 15:05,1.000615,0.04151404
5/11/2021 15:10,1.005785,0.04151404
5/11/2021 15:15,1.005046,0.04151404
5/11/2021 15:20,1.006523,0.04151404
5/11/2021 15:25,1.005785,0.04151404
5/11/2021 15:30,1.010215,0.04151404
5/11/2021 15:35,1.009477,0.04151404
5/11/2021 15:40,0.9961846,0.04151404
5/11/2021 15:45,1.002831,0.04151404
5/11/2021 15:50,0.996923,0.04151404
5/11/2021 15:55,1.004308,0.04151404
5/11/2021 16:00,1.008,0.04151404
5/11/2021 16:05,1.008,0.04151404
5/11/2021 16:10,1.006523,0.04151404
5/11/2021 16:15,1.080369,0.04151404
5/11/2021 16:20,1.089231,0.04151404
5/11/2021 16:25,1.087015,0.04151404
5/11/2021 16:30,1.064862,0.04151404
5/11/2021 16:35,1.016123,0.04151404
5/11/2021 16:40,1.084062,0.04151404
5/11/2021 16:45,1.013908,0.04151404
5/11/2021 16:50,1.053785,0.04151404
5/11/2021 16:55,1.060431,0.04151404
5/11/2021 17:00,1.061908,0.04151404
5/11/2021 17:05,1.066338,0.04151404
5/11/2021 17:10,1.055261,0.04151404
5/11/2021 17:15,1.071508,0.04151404
5/11/2021 17:20,1.089231,0.04151404
5/11/2021 17:25,1.116554,0.04151404
5/11/2021 17:30,1.111385,0.04151404
5/11/2021 17:35,1.115077,0.04151404
5/11/2021 17:40,1.105477,0.04151404
5/11/2021 17:45,1.103261,0.04151404
5/11/2021 17:50,1.096615,0.04151404
5/11/2021 17:55,1.100308,0.04151404
5/11/2021 18:00,1.103261,0.04151404
5/11/2021 18:05,1.092185,0.04151404
5/11/2021 18:10,1.104,0.04151404
5/11/2021 18:15,1.111385,0.04151404
5/11/2021 18:20,1.106954,0.04151404
5/11/2021 18:25,1.103261,0.04151404
5/11/2021 18:30,1.101785,0.04151404
5/11/2021 18:35,1.103261,0.04151404
5/11/2021 18:40,1.101046,0.04151404
5/11/2021 18:45,1.093662,0.04151404
5/11/2021 18:50,1.098092,0.04151404
5/11/2021 18:55,1.097354,0.04151404
5/11/2021 19:00,1.095877,0.04151404
5/11/2021 19:05,1.106954,0.04151404
5/11/2021 19:10,1.104,0.04273504
5/11/2021 19:15,1.111385,0.04273504
5/11/2021 19:20,1.106954,0.04151404
5/11/2021 19:25,1.109908,0.04151404
5/11/2021 19:30,1.104,0.04151404
5/11/2021 19:35,1.111385,0.04151404
5/11/2021 19:40,1.109908,0.04151404
5/11/2021 19:45,1.114338,0.04151404
5/11/2021 19:50,1.103261,0.04151404
5/11/2021 19:55,1.109908,0.04151404
5/11/2021 20:00,1.107692,0.04151404
5/11/2021 20:05,1.110646,0.04151404
5/11/2021 20:10,1.098831,0.04151404
5/11/2021 20:15,1.1136,0.04151404
5/11/2021 20:20,1.118031,0.04151404
5/11/2021 20:25,1.106215,0.04151404
5/11/2021 20:30,1.104738,0.04029304
5/11/2021 20:35,1.0944,0.04029304
5/11/2021 20:40,1.098092,0.04029304
5/11/2021 20:45,1.105477,0.04029304
5/11/2021 20:50,1.101046,0.04029304
5/11/2021 20:55,1.098831,0.04029304
5/11/2021 21:00,1.101785,0.04029304
5/11/2021 21:05,1.101046,0.04029304
5/11/2021 21:10,1.097354,0.04029304
5/11/2021 21:15,1.090708,0.04029304
5/11/2021 21:20,1.112123,0.04029304
5/11/2021 21:25,1.100308,0.04029304
5/11/2021 21:30,1.0944,0.04029304
5/11/2021 21:35,1.100308,0.04029304
5/11/2021 21:40,1.096615,0.04029304
5/11/2021 21:45,1.097354,0.04029304
5/11/2021 21:50,1.097354,0.04029304
5/11/2021 21:55,1.098831,0.04029304
5/11/2021 22:00,1.100308,0.04029304
5/11/2021 22:05,1.104,0.04029304
5/11/2021 22:10,1.099569,0.04029304
5/11/2021 22:15,1.092185,0.04029304
5/11/2021 22:20,1.093662,0.04029304
5/11/2021 22:25,1.093662,0.04029304
5/11/2021 22:30,1.087754,0.04029304
5/11/2021 22:35,1.090708,0.04029304
5/11/2021 22:40,1.082585,0.04029304
5/11/2021 22:45,1.084062,0.04029304
5/11/2021 22:50,1.082585,0.04029304
5/11/2021 22:55,1.1328,0.04029304
5/11/2021 23:00,1.112862,0.04029304
5/11/2021 23:05,1.109908,0.04029304
5/11/2021 23:10,1.122462,0.04029304
5/11/2021 23:15,1.120985,0.04029304
5/11/2021 23:20,1.127631,0.04029304
5/11/2021 23:25,1.140185,0.04029304
5/11/2021 23:30,1.1232,0.04029304
5/11/2021 23:35,1.115077,0.04029304
5/11/2021 23:40,1.124677,0.04029304
5/11/2021 23:45,1.126892,0.04029304
5/11/2021 23:50,1.135754,0.04029304
5/11/2021 23:55,1.1328,0.04029304
5/12/2021 0:00,1.052308,0.04029304
5/12/2021 0:05,1.098831,0.04029304
5/12/2021 0:10,1.0944,0.04029304
5/12/2021 0:15,1.101785,0.04029304
5/12/2021 0:20,1.096615,0.04029304
5/12/2021 0:25,1.098831,0.04029304
5/12/2021 0:30,1.0944,0.04029304
5/12/2021 0:35,1.090708,0.04029304
5/12/2021 0:40,1.086277,0.04029304
5/12/2021 0:45,1.096615,0.04029304
5/12/2021 0:50,1.095877,0.04029304
5/12/2021 0:55,1.093662,0.04029304
5/12/2021 1:00,1.078154,0.04029304
5/12/2021 1:05,1.105477,0.04029304
5/12/2021 1:10,1.088492,0.04029304
5/12/2021 1:15,1.010215,0.04029304
5/12/2021 1:20,0.9836308,0.04029304
5/12/2021 1:25,0.9888,0.04029304
5/12/2021 1:30,0.9777231,0.04029304
5/12/2021 1:35,0.9792,0.04029304
5/12/2021 1:40,0.9984,0.04029304
5/12/2021 1:45,0.9902769,0.04029304
5/12/2021 1:50,0.9888,0.04029304
5/12/2021 1:55,0.9939692,0.04029304
5/12/2021 2:00,0.987323,0.04029304
5/12/2021 2:05,0.9880615,0.04029304
5/12/2021 2:10,0.9821538,0.03907204
5/12/2021 2:15,0.9851077,0.03907204
5/12/2021 2:20,0.987323,0.03907204
5/12/2021 2:25,0.9799384,0.03907204
5/12/2021 2:30,1.020554,0.03907204
5/12/2021 2:35,0.9984,0.03907204
5/12/2021 2:40,1.000615,0.03907204
5/12/2021 2:45,0.9991384,0.03907204
5/12/2021 2:50,1.002831,0.03907204
5/12/2021 2:55,1.005785,0.03907204
5/12/2021 3:00,0.9917538,0.03907204
5/12/2021 3:05,0.9984,0.03907204
5/12/2021 3:10,0.9961846,0.03907204
5/12/2021 3:15,0.9984,0.03907204
5/12/2021 3:20,1.004308,0.03907204
5/12/2021 3:25,0.9939692,0.03907204
5/12/2021 3:30,0.9954461,0.03907204
5/12/2021 3:35,1.002831,0.03907204
5/12/2021 3:40,0.9880615,0.03907204
5/12/2021 3:45,0.9947076,0.03907204
5/12/2021 3:50,0.9910154,0.03907204
5/12/2021 3:55,0.9991384,0.03907204
5/12/2021 4:00,0.9984,0.03907204
5/12/2021 4:05,0.9939692,0.03907204
5/12/2021 4:10,0.9917538,0.03907204
5/12/2021 4:15,0.9991384,0.03907204
5/12/2021 4:20,0.9932307,0.03907204
5/12/2021 4:25,1.004308,0.03907204
5/12/2021 4:30,0.996923,0.03907204
5/12/2021 4:35,0.9917538,0.03907204
5/12/2021 4:40,0.9961846,0.03907204
5/12/2021 4:45,1.004308,0.04029304
5/12/2021 4:50,0.9947076,0.04029304
5/12/2021 4:55,0.9984,0.04029304
5/12/2021 5:00,0.9947076,0.04029304
5/12/2021 5:05,0.9961846,0.04029304
5/12/2021 5:10,0.9991384,0.04029304
5/12/2021 5:15,0.9902769,0.04029304
5/12/2021 5:20,0.9947076,0.04029304
5/12/2021 5:25,1.001354,0.04029304
5/12/2021 5:30,0.9932307,0.04029304
5/12/2021 5:35,0.9924923,0.04029304
5/12/2021 5:40,0.9917538,0.04029304
5/12/2021 5:45,0.9947076,0.04029304
5/12/2021 5:50,0.9792,0.04029304
5/12/2021 5:55,0.9902769,0.04029304
5/12/2021 6:00,0.9939692,0.04029304
5/12/2021 6:05,0.9917538,0.04151404
5/12/2021 6:10,0.9961846,0.04151404
5/12/2021 6:15,0.9865846,0.04151404
5/12/2021 6:20,0.9932307,0.04151404
5/12/2021 6:25,0.9939692,0.04151404
5/12/2021 6:30,0.9902769,0.04151404
5/12/2021 6:35,0.9880615,0.04151404
5/12/2021 6:40,0.9939692,0.04151404
5/12/2021 6:45,0.9961846,0.04151404
5/12/2021 6:50,0.9902769,0.04151404
5/12/2021 6:55,0.9976615,0.04151404
5/12/2021 7:00,0.9947076,0.04151404
5/12/2021 7:05,0.9932307,0.04151404
5/12/2021 7:10,0.9947076,0.04151404
5/12/2021 7:15,0.9984,0.04151404
5/12/2021 7:20,0.9932307,0.04151404
5/12/2021 7:25,1.001354,0.04151404
5/12/2021 7:30,0.9984,0.04151404
5/12/2021 7:35,0.9947076,0.04151404
5/12/2021 7:40,0.9888,0.04151404
5/12/2021 7:45,0.9932307,0.04151404
5/12/2021 7:50,1.006523,0.04151404
5/12/2021 7:55,0.996923,0.04029304
5/12/2021 8:00,0.9939692,0.04151404
5/12/2021 8:05,0.996923,0.04029304
5/12/2021 8:10,0.9947076,0.04029304
5/12/2021 8:15,0.996923,0.04029304
5/12/2021 8:20,1.004308,0.04029304
5/12/2021 8:25,0.9932307,0.04029304
5/12/2021 8:30,0.9954461,0.04029304
5/12/2021 8:35,0.9961846,0.04029304
5/12/2021 8:40,0.9932307,0.04029304
5/12/2021 8:45,0.9910154,0.04029304
5/12/2021 8:50,0.9984,0.04029304
5/12/2021 8:55,1.120985,0.04029304
5/12/2021 9:00,1.119508,0.04029304
5/12/2021 9:05,1.121723,0.04029304
5/12/2021 9:10,1.071508,0.04029304
5/12/2021 9:15,1.119508,0.04029304
5/12/2021 9:20,1.064862,0.04029304
5/12/2021 9:25,1.124677,0.04029304
5/12/2021 9:30,1.044923,0.04029304
5/12/2021 9:35,1.117292,0.04029304
5/12/2021 9:40,1.042708,0.04029304
5/12/2021 9:45,1.140185,0.04029304
5/12/2021 9:50,1.124677,0.04029304
5/12/2021 9:55,1.120246,0.04029304
5/12/2021 10:00,1.122462,0.04029304
5/12/2021 10:05,1.115815,0.04029304
5/12/2021 10:10,1.099569,0.04029304
5/12/2021 10:15,1.093662,0.04029304
5/12/2021 10:20,1.111385,0.04029304
5/12/2021 10:25,1.112862,0.04029304
5/12/2021 10:30,1.097354,0.04029304
5/12/2021 10:35,1.104,0.04029304
5/12/2021 10:40,1.095877,0.04029304
5/12/2021 10:45,1.105477,0.04029304
5/12/2021 10:50,1.098831,0.04029304
5/12/2021 10:55,1.106954,0.04029304
5/12/2021 11:00,1.106954,0.04029304
5/12/2021 11:05,1.101046,0.04029304
5/12/2021 11:10,1.105477,0.04029304
5/12/2021 11:15,1.098831,0.04029304
5/12/2021 11:20,1.101785,0.04029304
5/12/2021 11:25,1.108431,0.03907204
5/12/2021 11:30,1.103261,0.04029304
5/12/2021 11:35,1.106215,0.04029304
5/12/2021 11:40,1.101046,0.04029304
5/12/2021 11:45,1.099569,0.04029304
5/12/2021 11:50,1.104,0.03907204
5/12/2021 11:55,1.098092,0.03907204
5/12/2021 12:00,1.098831,0.03907204
5/12/2021 12:05,1.105477,0.03907204
5/12/2021 12:10,1.107692,0.03907204
5/12/2021 12:15,1.096615,0.03907204
5/12/2021 12:20,1.106215,0.03907204
5/12/2021 12:25,1.104,0.03907204
5/12/2021 12:30,1.095877,0.03907204
5/12/2021 12:35,1.103261,0.03907204
5/12/2021 12:40,1.106215,0.03907204
5/12/2021 12:45,1.098831,0.03907204
5/12/2021 12:50,1.108431,0.03907204
5/12/2021 12:55,1.098831,0.03907204
5/12/2021 13:00,1.097354,0.03907204
5/12/2021 13:05,1.104738,0.03907204
5/12/2021 13:10,1.109908,0.03785104
5/12/2021 13:15,1.097354,0.03785104
5/12/2021 13:20,1.112123,0.03785104
5/12/2021 13:25,1.104,0.03785104
5/12/2021 13:30,1.102523,0.03785104
5/12/2021 13:35,1.103261,0.03785104
5/12/2021 13:40,1.097354,0.03785104
5/12/2021 13:45,1.101785,0.03785104
5/12/2021 13:50,1.097354,0.03785104
5/12/2021 13:55,1.104,0.03785104
5/12/2021 14:00,1.111385,0.03785104
5/12/2021 14:05,1.103261,0.03785104
5/12/2021 14:10,1.106215,0.03785104
5/12/2021 14:15,1.0944,0.03785104
5/12/2021 14:20,1.109169,0.03785104
5/12/2021 14:25,1.1136,0.03785104
5/12/2021 14:30,1.103261,0.03785104
5/12/2021 14:35,1.104,0.03785104
5/12/2021 14:40,1.106215,0.03785104
5/12/2021 14:45,1.101785,0.03785104
5/12/2021 14:50,1.100308,0.03785104
5/12/2021 14:55,1.104,0.03785104
5/12/2021 15:00,1.100308,0.03785104
5/12/2021 15:05,1.100308,0.03785104
5/12/2021 15:10,1.103261,0.03785104
5/12/2021 15:15,1.099569,0.03785104
5/12/2021 15:20,1.098831,0.03785104
5/12/2021 15:25,1.101785,0.03785104
5/12/2021 15:30,1.104,0.03785104
5/12/2021 15:35,1.099569,0.03785104
5/12/2021 15:40,1.098831,0.03785104
5/12/2021 15:45,1.104,0.03785104
5/12/2021 15:50,1.108431,0.03785104
5/12/2021 15:55,1.097354,0.03785104
5/12/2021 16:00,1.101785,0.03785104
5/12/2021 16:05,1.103261,0.03785104
5/12/2021 16:10,1.103261,0.03785104
5/12/2021 16:15,1.110646,0.03785104
5/12/2021 16:20,1.103261,0.03785104
5/12/2021 16:25,1.102523,0.03785104
5/12/2021 16:30,1.096615,0.03785104
5/12/2021 16:35,1.100308,0.03785104
5/12/2021 16:40,1.102523,0.03785104
5/12/2021 16:45,1.097354,0.03785104
5/12/2021 16:50,1.097354,0.03785104
5/12/2021 16:55,1.102523,0.03785104
5/12/2021 17:00,1.098092,0.03785104
5/12/2021 17:05,1.104,0.03785104
5/12/2021 17:10,1.106954,0.03785104
5/12/2021 17:15,1.105477,0.03785104
5/12/2021 17:20,1.101046,0.03785104
5/12/2021 17:25,1.100308,0.03785104
5/12/2021 17:30,1.096615,0.03785104
5/12/2021 17:35,1.108431,0.03785104
5/12/2021 17:40,1.104,0.03785104
5/12/2021 17:45,1.104,0.03785104
5/12/2021 17:50,1.097354,0.03785104
5/12/2021 17:55,1.103261,0.03785104
5/12/2021 18:00,1.112862,0.03785104
5/12/2021 18:05,1.102523,0.03785104
5/12/2021 18:10,1.097354,0.03785104
5/12/2021 18:15,1.106215,0.03785104
5/12/2021 18:20,1.099569,0.03785104
5/12/2021 18:25,1.103261,0.03663004
5/12/2021 18:30,1.102523,0.03785104
5/12/2021 18:35,1.095138,0.03785104
5/12/2021 18:40,1.107692,0.03785104
5/12/2021 18:45,1.104738,0.03785104
5/12/2021 18:50,1.096615,0.03663004
5/12/2021 18:55,1.095877,0.03663004
5/12/2021 19:00,1.098092,0.03663004
5/12/2021 19:05,1.104,0.03663004
5/12/2021 19:10,1.0944,0.03663004
5/12/2021 19:15,1.095877,0.03663004
5/12/2021 19:20,1.092185,0.03663004
5/12/2021 19:25,1.098831,0.03663004
5/12/2021 19:30,1.100308,0.03663004
5/12/2021 19:35,1.096615,0.03663004
5/12/2021 19:40,1.097354,0.03663004
5/12/2021 19:45,1.090708,0.03663004
5/12/2021 19:50,1.0944,0.03663004
5/12/2021 19:55,1.095877,0.03663004
5/12/2021 20:00,1.081108,0.03663004
5/12/2021 20:05,1.092185,0.03663004
5/12/2021 20:10,1.086277,0.03663004
5/12/2021 20:15,1.084062,0.03663004
5/12/2021 20:20,1.097354,0.03663004
5/12/2021 20:25,1.089969,0.03663004
5/12/2021 20:30,1.0944,0.03663004
5/12/2021 20:35,1.087754,0.03663004
5/12/2021 20:40,1.098092,0.03663004
5/12/2021 20:45,1.095138,0.03663004
5/12/2021 20:50,1.083323,0.03663004
5/12/2021 20:55,1.087754,0.03663004
5/12/2021 21:00,1.0848,0.03663004
5/12/2021 21:05,1.068554,0.03663004
5/12/2021 21:10,1.104,0.03663004
5/12/2021 21:15,1.109169,0.03663004
5/12/2021 21:20,1.109908,0.03663004
5/12/2021 21:25,1.106215,0.03663004
5/12/2021 21:30,1.105477,0.03663004
5/12/2021 21:35,1.097354,0.03663004
5/12/2021 21:40,1.098092,0.03663004
5/12/2021 21:45,1.106215,0.03663004
5/12/2021 21:50,1.101046,0.03663004
5/12/2021 21:55,1.101785,0.03663004
5/12/2021 22:00,1.101785,0.03663004
5/12/2021 22:05,1.098092,0.03663004
5/12/2021 22:10,1.098831,0.03663004
5/12/2021 22:15,1.100308,0.03663004
5/12/2021 22:20,1.103261,0.03663004
5/12/2021 22:25,1.089969,0.03663004
5/12/2021 22:30,1.084062,0.03663004
5/12/2021 22:35,1.093662,0.03663004
5/12/2021 22:40,1.088492,0.03785104
5/12/2021 22:45,1.022769,0.03785104
5/12/2021 22:50,0.9806769,0.03785104
5/12/2021 22:55,1.019077,0.03663004
5/12/2021 23:00,0.9865846,0.03785104
5/12/2021 23:05,0.987323,0.03785104
5/12/2021 23:10,0.9888,0.03785104
5/12/2021 23:15,0.9888,0.03785104
5/12/2021 23:20,0.9865846,0.03785104
5/12/2021 23:25,0.9792,0.03785104
5/12/2021 23:30,0.9769846,0.03785104
5/12/2021 23:35,0.9924923,0.03785104
5/12/2021 23:40,0.9784615,0.03785104
5/12/2021 23:45,1.009477,0.03785104
5/12/2021 23:50,1.011692,0.03785104
5/12/2021 23:55,1.011692,0.03785104
5/13/2021 0:00,1.018338,0.03785104
5/13/2021 0:05,1.008,0.03785104
5/13/2021 0:10,1.013908,0.03785104
5/13/2021 0:15,1.013908,0.03785104
5/13/2021 0:20,1.006523,0.03785104
5/13/2021 0:25,1.000615,0.03785104
5/13/2021 0:30,1.008,0.03785104
5/13/2021 0:35,1.009477,0.03785104
5/13/2021 0:40,1.005046,0.03785104
5/13/2021 0:45,1.001354,0.03785104
5/13/2021 0:50,1.019077,0.03785104
5/13/2021 0:55,1.005046,0.03785104
5/13/2021 1:00,1.008,0.03785104
5/13/2021 1:05,1.002831,0.03785104
5/13/2021 1:10,1.004308,0.03785104
5/13/2021 1:15,1.014646,0.03785104
5/13/2021 1:20,1.008,0.03785104
5/13/2021 1:25,0.9991384,0.03785104
5/13/2021 1:30,1.008738,0.03785104
5/13/2021 1:35,1.001354,0.03785104
5/13/2021 1:40,1.003569,0.03785104
5/13/2021 1:45,1.001354,0.03785104
5/13/2021 1:50,1.001354,0.03785104
5/13/2021 1:55,0.9984,0.03785104
5/13/2021 2:00,1.005785,0.03785104
5/13/2021 2:05,0.9998769,0.03663004
5/13/2021 2:10,0.996923,0.03785104
5/13/2021 2:15,0.9961846,0.03663004
5/13/2021 2:20,0.9932307,0.03663004
5/13/2021 2:25,0.9991384,0.03663004
5/13/2021 2:30,0.9895384,0.03663004
5/13/2021 2:35,1.006523,0.03663004
5/13/2021 2:40,0.9976615,0.03663004
5/13/2021 2:45,1.002831,0.03663004
5/13/2021 2:50,0.9984,0.03663004
5/13/2021 2:55,1.001354,0.03663004
5/13/2021 3:00,0.9947076,0.03663004
5/13/2021 3:05,1.001354,0.03663004
5/13/2021 3:10,1.003569,0.03663004
5/13/2021 3:15,0.9984,0.03663004
5/13/2021 3:20,1.002092,0.03663004
5/13/2021 3:25,0.9932307,0.03663004
5/13/2021 3:30,1.004308,0.03663004
5/13/2021 3:35,0.9961846,0.03663004
5/13/2021 3:40,0.9954461,0.03663004
5/13/2021 3:45,1.002092,0.03663004
5/13/2021 3:50,1.005046,0.03663004
5/13/2021 3:55,0.9991384,0.03663004
5/13/2021 4:00,1.008,0.03663004
5/13/2021 4:05,1.008,0.03663004
5/13/2021 4:10,1.002831,0.03663004
5/13/2021 4:15,0.9991384,0.03663004
5/13/2021 4:20,1.008,0.03663004
5/13/2021 4:25,0.9932307,0.03663004
5/13/2021 4:30,1.001354,0.03663004
5/13/2021 4:35,0.9954461,0.03663004
5/13/2021 4:40,0.996923,0.03663004
5/13/2021 4:45,0.9984,0.03663004
5/13/2021 4:50,1.002831,0.03663004
5/13/2021 4:55,0.9984,0.03663004
5/13/2021 5:00,0.9998769,0.03663004
5/13/2021 5:05,1.005785,0.03663004
5/13/2021 5:10,0.996923,0.03663004
5/13/2021 5:15,0.9998769,0.03663004
5/13/2021 5:20,0.9961846,0.03663004
5/13/2021 5:25,0.996923,0.03663004
5/13/2021 5:30,1.015385,0.03663004
5/13/2021 5:35,0.9947076,0.03663004
5/13/2021 5:40,1.005785,0.03540904
5/13/2021 5:45,0.9984,0.03540904
5/13/2021 5:50,1.006523,0.03540904
5/13/2021 5:55,1.007262,0.03540904
5/13/2021 6:00,0.9902769,0.03540904
5/13/2021 6:05,0.9991384,0.03540904
5/13/2021 6:10,1.003569,0.03785104
5/13/2021 6:15,0.9991384,0.03540904
5/13/2021 6:20,1.007262,0.03540904
5/13/2021 6:25,1.001354,0.03540904
5/13/2021 6:30,0.9984,0.03540904
5/13/2021 6:35,1.001354,0.03540904
5/13/2021 6:40,1.002092,0.03540904
5/13/2021 6:45,0.9998769,0.03540904
5/13/2021 6:50,0.9984,0.03540904
5/13/2021 6:55,0.9998769,0.03540904
5/13/2021 7:00,1.004308,0.03540904
5/13/2021 7:05,1.001354,0.03540904
5/13/2021 7:10,1.005046,0.03540904
5/13/2021 7:15,1.002831,0.03540904
5/13/2021 7:20,1.005785,0.03540904
5/13/2021 7:25,1.002831,0.03540904
5/13/2021 7:30,1.003569,0.03540904
5/13/2021 7:35,1.000615,0.03540904
5/13/2021 7:40,1.008,0.03540904
5/13/2021 7:45,1.015385,0.03540904
5/13/2021 7:50,1.013908,0.03540904
5/13/2021 7:55,1.009477,0.03540904
5/13/2021 8:00,1.008738,0.03540904
5/13/2021 8:05,1.002831,0.03540904
5/13/2021 8:10,1.006523,0.03540904
5/13/2021 8:15,0.9984,0.03540904
5/13/2021 8:20,1.008738,0.03540904
5/13/2021 8:25,1.004308,0.03540904
5/13/2021 8:30,1.006523,0.03907204
5/13/2021 8:35,1.002831,0.03540904
5/13/2021 8:40,1.002831,0.03540904
5/13/2021 8:45,0.9984,0.03540904
5/13/2021 8:50,0.9998769,0.03540904
5/13/2021 8:55,0.9917538,0.03540904
5/13/2021 9:00,0.9947076,0.03540904
5/13/2021 9:05,1.000615,0.03540904
5/13/2021 9:10,0.9902769,0.03540904
5/13/2021 9:15,0.9984,0.03540904
5/13/2021 9:20,1.003569,0.03540904
5/13/2021 9:25,1.005785,0.03540904
5/13/2021 9:30,1.002831,0.03540904
5/13/2021 9:35,1.002831,0.03540904
5/13/2021 9:40,1.000615,0.03540904
5/13/2021 9:45,1.002831,0.03540904
5/13/2021 9:50,1.002831,0.03540904
5/13/2021 9:55,0.9998769,0.03540904
5/13/2021 10:00,0.9998769,0.03540904
5/13/2021 10:05,1.001354,0.03540904
5/13/2021 10:10,1.002092,0.03540904
5/13/2021 10:15,1.001354,0.03540904
5/13/2021 10:20,1.003569,0.03540904
5/13/2021 10:25,1.004308,0.03540904
5/13/2021 10:30,0.996923,0.03540904
5/13/2021 10:35,1.002831,0.03540904
5/13/2021 10:40,0.9910154,0.03540904
5/13/2021 10:45,1.001354,0.03540904
5/13/2021 10:50,0.9984,0.03540904
5/13/2021 10:55,0.9998769,0.03540904
5/13/2021 11:00,0.9961846,0.03540904
5/13/2021 11:05,1.000615,0.03540904
5/13/2021 11:10,1.009477,0.03540904
5/13/2021 11:15,0.9976615,0.03540904
5/13/2021 11:20,1.016123,0.03540904
5/13/2021 11:25,1.002831,0.03540904
5/13/2021 11:30,1.002092,0.03540904
5/13/2021 11:35,1.002831,0.03540904
5/13/2021 11:40,1.010954,0.03540904
5/13/2021 11:45,0.9991384,0.03540904
5/13/2021 11:50,0.9954461,0.03540904
5/13/2021 11:55,1.002092,0.03540904
5/13/2021 12:00,1.006523,0.03540904
5/13/2021 12:05,1.000615,0.03540904
5/13/2021 12:10,1.008,0.03540904
5/13/2021 12:15,0.9991384,0.03540904
5/13/2021 12:20,1.003569,0.03540904
5/13/2021 12:25,0.9998769,0.03540904
5/13/2021 12:30,1.008,0.03540904
5/13/2021 12:35,1.001354,0.03540904
5/13/2021 12:40,0.9998769,0.03540904
5/13/2021 12:45,1.001354,0.03540904
5/13/2021 12:50,0.9998769,0.03540904
5/13/2021 12:55,0.9932307,0.03540904
5/13/2021 13:00,1.012431,0.03540904
5/13/2021 13:05,1.008,0.03540904
5/13/2021 13:10,1.005785,0.03540904
5/13/2021 13:15,1.004308,0.03540904
5/13/2021 13:20,1.005785,0.03540904
5/13/2021 13:25,0.9976615,0.03540904
5/13/2021 13:30,1.003569,0.03540904
5/13/2021 13:35,0.9961846,0.03540904
5/13/2021 13:40,1.002092,0.03540904
5/13/2021 13:45,1.006523,0.03540904
5/13/2021 13:50,1.004308,0.03540904
5/13/2021 13:55,1.005046,0.03540904
5/13/2021 14:00,1.003569,0.03540904
5/13/2021 14:05,0.9998769,0.03540904
5/13/2021 14:10,1.002092,0.03540904
5/13/2021 14:15,0.9976615,0.03540904
5/13/2021 14:20,1.001354,0.03540904
5/13/2021 14:25,1.002092,0.03540904
5/13/2021 14:30,0.9939692,0.03540904
5/13/2021 14:35,1.001354,0.03540904
5/13/2021 14:40,1.004308,0.03540904
5/13/2021 14:45,1.005046,0.03540904
5/13/2021 14:50,1.005046,0.03540904
5/13/2021 14:55,1.005046,0.03540904
5/13/2021 15:00,0.9998769,0.03540904
5/13/2021 15:05,1.003569,0.03540904
5/13/2021 15:10,1.009477,0.03540904
5/13/2021 15:15,1.010215,0.03540904
5/13/2021 15:20,1.003569,0.03540904
5/13/2021 15:25,1.009477,0.03540904
5/13/2021 15:30,1.001354,0.03540904
5/13/2021 15:35,1.008,0.03540904
5/13/2021 15:40,1.003569,0.03540904
5/13/2021 15:45,1.001354,0.03540904
5/13/2021 15:50,1.006523,0.03540904
5/13/2021 15:55,1.002831,0.03540904
5/13/2021 16:00,1.001354,0.03540904
5/13/2021 16:05,1.006523,0.03540904
5/13/2021 16:10,1.001354,0.03540904
5/13/2021 16:15,1.014646,0.03540904
5/13/2021 16:20,1.005785,0.03540904
5/13/2021 16:25,1.004308,0.03540904
5/13/2021 16:30,0.996923,0.03540904
5/13/2021 16:35,1.011692,0.03540904
5/13/2021 16:40,1.004308,0.03540904
5/13/2021 16:45,1.008,0.03540904
5/13/2021 16:50,1.003569,0.03540904
5/13/2021 16:55,1.005785,0.03540904
5/13/2021 17:00,1.003569,0.03540904
5/13/2021 17:05,1.015385,0.03540904
5/13/2021 17:10,1.004308,0.03540904
5/13/2021 17:15,1.003569,0.03540904
5/13/2021 17:20,1.002092,0.03540904
5/13/2021 17:25,0.9947076,0.03540904
5/13/2021 17:30,1.005785,0.03540904
5/13/2021 17:35,0.9961846,0.03540904
5/13/2021 17:40,1.001354,0.03540904
5/13/2021 17:45,1.005785,0.03540904
5/13/2021 17:50,0.996923,0.03540904
5/13/2021 17:55,0.996923,0.03540904
5/13/2021 18:00,0.9961846,0.03540904
5/13/2021 18:05,1.004308,0.03540904
5/13/2021 18:10,1.006523,0.03540904
5/13/2021 18:15,1.001354,0.03540904
5/13/2021 18:20,0.9998769,0.03540904
5/13/2021 18:25,1.003569,0.03540904
5/13/2021 18:30,1.005785,0.03540904
5/13/2021 18:35,1.000615,0.03540904
5/13/2021 18:40,1.005046,0.03540904
5/13/2021 18:45,0.9939692,0.03540904
5/13/2021 18:50,1.004308,0.03540904
5/13/2021 18:55,1.007262,0.03540904
5/13/2021 19:00,0.9880615,0.03540904
5/13/2021 19:05,0.9991384,0.03540904
5/13/2021 19:10,0.996923,0.03540904
5/13/2021 19:15,0.9984,0.03540904
5/13/2021 19:20,1.005785,0.03540904
5/13/2021 19:25,0.9998769,0.03540904
5/13/2021 19:30,1.002092,0.03540904
5/13/2021 19:35,0.9939692,0.03540904
5/13/2021 19:40,1.014646,0.03540904
5/13/2021 19:45,1.002831,0.03540904
5/13/2021 19:50,0.9895384,0.03540904
5/13/2021 19:55,1.001354,0.03540904
5/13/2021 20:00,0.9932307,0.03540904
5/13/2021 20:05,0.9947076,0.03540904
5/13/2021 20:10,0.9998769,0.03540904
5/13/2021 20:15,0.9939692,0.03540904
5/13/2021 20:20,0.9991384,0.03540904
5/13/2021 20:25,0.9984,0.03540904
5/13/2021 20:30,0.9998769,0.03540904
5/13/2021 20:35,0.9917538,0.03540904
5/13/2021 20:40,0.9932307,0.03540904
5/13/2021 20:45,0.9895384,0.03540904
5/13/2021 20:50,0.9954461,0.03540904
5/13/2021 20:55,0.9851077,0.03540904
5/13/2021 21:00,0.9865846,0.03540904
5/13/2021 21:05,0.9910154,0.03540904
5/13/2021 21:10,0.9917538,0.03540904
5/13/2021 21:15,0.9976615,0.03540904
5/13/2021 21:20,0.9836308,0.03540904
5/13/2021 21:25,1.004308,0.03540904
5/13/2021 21:30,0.9924923,0.03540904
5/13/2021 21:35,0.9947076,0.03540904
5/13/2021 21:40,0.9917538,0.03540904
5/13/2021 21:45,0.987323,0.03540904
5/13/2021 21:50,0.987323,0.03540904
5/13/2021 21:55,0.9902769,0.03540904
5/13/2021 22:00,0.9932307,0.03540904
5/13/2021 22:05,0.987323,0.03540904
5/13/2021 22:10,0.987323,0.03540904
5/13/2021 22:15,0.9806769,0.03540904
5/13/2021 22:20,0.9902769,0.03540904
5/13/2021 22:25,0.9851077,0.03540904
5/13/2021 22:30,0.9902769,0.03540904
5/13/2021 22:35,0.9865846,0.03540904
5/13/2021 22:40,0.9932307,0.03540904
5/13/2021 22:45,0.9888,0.03540904
5/13/2021 22:50,0.987323,0.03540904
5/13/2021 22:55,0.9792,0.03540904
5/13/2021 23:00,0.9821538,0.03540904
5/13/2021 23:05,0.9806769,0.03540904
5/13/2021 23:10,0.9821538,0.03540904
5/13/2021 23:15,0.9851077,0.03540904
5/13/2021 23:20,1.008,0.03540904
5/13/2021 23:25,0.9998769,0.03540904
5/13/2021 23:30,1.009477,0.03540904
5/13/2021 23:35,1.014646,0.03540904
5/13/2021 23:40,1.003569,0.03540904
5/13/2021 23:45,1.009477,0.03540904
5/13/2021 23:50,0.9998769,0.03540904
5/13/2021 23:55,0.9976615,0.03540904
5/14/2021 0:00,0.9917538,0.03540904
5/14/2021 0:05,1.004308,0.03540904
5/14/2021 0:10,0.9954461,0.03540904
5/14/2021 0:15,0.9902769,0.03540904
5/14/2021 0:20,0.9961846,0.03540904
5/14/2021 0:25,0.9865846,0.03540904
5/14/2021 0:30,0.9888,0.03540904
5/14/2021 0:35,1.004308,0.03540904
5/14/2021 0:40,0.9828923,0.03540904
5/14/2021 0:45,0.9888,0.03540904
5/14/2021 0:50,0.9865846,0.03540904
5/14/2021 0:55,0.9725538,0.03540904
5/14/2021 1:00,0.9851077,0.03540904
5/14/2021 1:05,0.9777231,0.03540904
5/14/2021 1:10,0.9836308,0.03540904
5/14/2021 1:15,0.9718154,0.03540904
5/14/2021 1:20,0.9851077,0.03540904
5/14/2021 1:25,0.9769846,0.03540904
5/14/2021 1:30,1.042708,0.03540904
5/14/2021 1:35,0.9821538,0.03540904
5/14/2021 1:40,0.9762462,0.03540904
5/14/2021 1:45,0.9784615,0.03540904
5/14/2021 1:50,0.9784615,0.03540904
5/14/2021 1:55,0.9799384,0.03540904
5/14/2021 2:00,0.9710769,0.03540904
5/14/2021 2:05,1.019077,0.03540904
5/14/2021 2:10,1.008,0.03540904
5/14/2021 2:15,1.0176,0.03540904
5/14/2021 2:20,1.019077,0.03540904
5/14/2021 2:25,1.009477,0.03540904
5/14/2021 2:30,1.008738,0.03540904
5/14/2021 2:35,1.011692,0.03540904
5/14/2021 2:40,1.0272,0.03540904
5/14/2021 2:45,0.996923,0.03540904
5/14/2021 2:50,1.009477,0.03540904
5/14/2021 2:55,1.004308,0.03540904
5/14/2021 3:00,1.002092,0.03540904
5/14/2021 3:05,0.9998769,0.03540904
5/14/2021 3:10,1.002831,0.03540904
5/14/2021 3:15,1.001354,0.03540904
5/14/2021 3:20,0.9991384,0.03540904
5/14/2021 3:25,0.9984,0.03540904
5/14/2021 3:30,1.001354,0.03540904
5/14/2021 3:35,1.000615,0.03540904
5/14/2021 3:40,0.9954461,0.03540904
5/14/2021 3:45,0.9998769,0.03540904
5/14/2021 3:50,0.9947076,0.03540904
5/14/2021 3:55,0.9947076,0.03540904
5/14/2021 4:00,0.9947076,0.03540904
5/14/2021 4:05,1.000615,0.03540904
5/14/2021 4:10,0.987323,0.03540904
5/14/2021 4:15,1.000615,0.03540904
5/14/2021 4:20,0.9939692,0.03540904
5/14/2021 4:25,0.9961846,0.03540904
5/14/2021 4:30,0.9836308,0.03540904
5/14/2021 4:35,0.9917538,0.03540904
5/14/2021 4:40,0.9851077,0.03540904
5/14/2021 4:45,0.9961846,0.03540904
5/14/2021 4:50,0.9932307,0.03540904
5/14/2021 4:55,0.987323,0.03540904
5/14/2021 5:00,0.9902769,0.03540904
5/14/2021 5:05,0.9888,0.03540904
5/14/2021 5:10,0.9895384,0.03540904
5/14/2021 5:15,0.9851077,0.03540904
5/14/2021 5:20,0.9762462,0.03540904
5/14/2021 5:25,0.9851077,0.03540904
5/14/2021 5:30,0.9851077,0.03540904
5/14/2021 5:35,0.9814154,0.03540904
5/14/2021 5:40,0.9806769,0.03540904
5/14/2021 5:45,0.9917538,0.03540904
5/14/2021 5:50,1.025723,0.03540904
5/14/2021 5:55,0.9622154,0.03540904
5/14/2021 6:00,1.013908,0.03540904
5/14/2021 6:05,1.008738,0.03540904
5/14/2021 6:10,1.007262,0.03540904
5/14/2021 6:15,0.9998769,0.03540904
5/14/2021 6:20,1.004308,0.03540904
5/14/2021 6:25,1.003569,0.03540904
5/14/2021 6:30,1.007262,0.03540904
5/14/2021 6:35,1.001354,0.03540904
5/14/2021 6:40,1.004308,0.03540904
5/14/2021 6:45,1.010215,0.03540904
5/14/2021 6:50,1.005785,0.03540904
5/14/2021 6:55,1.002831,0.03540904
5/14/2021 7:00,1.004308,0.03540904
5/14/2021 7:05,1.004308,0.03540904
5/14/2021 7:10,1.010215,0.03540904
5/14/2021 7:15,1.001354,0.03540904
5/14/2021 7:20,1.005046,0.03540904
5/14/2021 7:25,1.002831,0.03540904
5/14/2021 7:30,0.9216,0.03540904
5/14/2021 7:35,0.8972307,0.03540904
5/14/2021 7:40,0.8972307,0.03540904
5/14/2021 7:45,0.8920615,0.03540904
5/14/2021 7:50,0.8928,0.03540904
5/14/2021 7:55,0.8928,0.03540904
5/14/2021 8:00,0.9038769,0.03540904
5/14/2021 8:05,0.8950154,0.03540904
5/14/2021 8:10,0.8935384,0.03540904
5/14/2021 8:15,0.8950154,0.03540904
5/14/2021 8:20,0.8891077,0.03540904
5/14/2021 8:25,0.8913231,0.03540904
5/14/2021 8:30,0.8942769,0.03540904
5/14/2021 8:35,0.8935384,0.03540904
5/14/2021 8:40,0.9031384,0.03540904
5/14/2021 8:45,0.9009231,0.03540904
5/14/2021 8:50,0.8994461,0.03540904
5/14/2021 8:55,0.8928,0.03540904
5/14/2021 9:00,0.9001846,0.03540904
5/14/2021 9:05,0.9075692,0.03663004
5/14/2021 9:10,0.9068307,0.03663004
5/14/2021 9:15,0.9105231,0.03663004
5/14/2021 9:20,0.9792,0.03663004
5/14/2021 9:25,1.019815,0.03540904
5/14/2021 9:30,1.016862,0.03540904
5/14/2021 9:35,1.023508,0.03540904
5/14/2021 9:40,1.022031,0.03540904
5/14/2021 9:45,1.016123,0.03540904
5/14/2021 9:50,1.005785,0.03540904
5/14/2021 9:55,1.002092,0.03540904
5/14/2021 10:00,1.000615,0.03540904
5/14/2021 10:05,1.012431,0.03540904
5/14/2021 10:10,1.006523,0.03540904
5/14/2021 10:15,1.007262,0.03540904
5/14/2021 10:20,1.006523,0.03540904
5/14/2021 10:25,1.008738,0.03540904
5/14/2021 10:30,1.003569,0.03540904
5/14/2021 10:35,1.002831,0.03540904
5/14/2021 10:40,1.003569,0.03540904
5/14/2021 10:45,1.000615,0.03540904
5/14/2021 10:50,1.005046,0.03540904
5/14/2021 10:55,1.002831,0.03540904
5/14/2021 11:00,1.002831,0.03540904
5/14/2021 11:05,1.001354,0.03540904
5/14/2021 11:10,1.002831,0.03540904
5/14/2021 11:15,1.005785,0.03540904
5/14/2021 11:20,1.006523,0.03540904
5/14/2021 11:25,1.008,0.03540904
5/14/2021 11:30,0.996923,0.03540904
5/14/2021 11:35,1.004308,0.03540904
5/14/2021 11:40,1.002831,0.03540904
5/14/2021 11:45,0.9961846,0.03540904
5/14/2021 11:50,1.004308,0.03540904
5/14/2021 11:55,0.9961846,0.03540904
5/14/2021 12:00,1.007262,0.03540904
5/14/2021 12:05,1.002831,0.03540904
5/14/2021 12:10,0.9998769,0.03540904
5/14/2021 12:15,1.006523,0.03540904
5/14/2021 12:20,0.9991384,0.03540904
5/14/2021 12:25,1.005785,0.03540904
5/14/2021 12:30,1.007262,0.03540904
5/14/2021 12:35,1.008,0.03540904
5/14/2021 12:40,1.003569,0.03540904
5/14/2021 12:45,1.000615,0.03540904
5/14/2021 12:50,1.003569,0.03540904
5/14/2021 12:55,0.9998769,0.03540904
5/14/2021 13:00,1.001354,0.03540904
5/14/2021 13:05,1.004308,0.03540904
5/14/2021 13:10,1.002092,0.03540904
5/14/2021 13:15,1.002092,0.03540904
5/14/2021 13:20,0.9991384,0.03540904
5/14/2021 13:25,0.9984,0.03540904
5/14/2021 13:30,0.996923,0.03540904
5/14/2021 13:35,1.005046,0.03540904
5/14/2021 13:40,0.9939692,0.03540904
5/14/2021 13:45,0.9998769,0.03540904
5/14/2021 13:50,1.003569,0.03540904
5/14/2021 13:55,0.9917538,0.03540904
5/14/2021 14:00,0.9954461,0.03540904
5/14/2021 14:05,0.9917538,0.03540904
5/14/2021 14:10,0.9984,0.03540904
5/14/2021 14:15,0.9902769,0.03540904
5/14/2021 14:20,0.9947076,0.03540904
5/14/2021 14:25,0.9858461,0.03540904
5/14/2021 14:30,0.9895384,0.03540904
5/14/2021 14:35,0.9939692,0.03540904
5/14/2021 14:40,0.9932307,0.03540904
5/14/2021 14:45,0.9851077,0.03540904
5/14/2021 14:50,0.9932307,0.03540904
5/14/2021 14:55,0.9843692,0.03540904
5/14/2021 15:00,0.987323,0.03540904
5/14/2021 15:05,0.987323,0.03540904
5/14/2021 15:10,0.9947076,0.03540904
5/14/2021 15:15,0.9924923,0.03540904
5/14/2021 15:20,0.9939692,0.03540904
5/14/2021 15:25,0.9880615,0.03540904
5/14/2021 15:30,0.987323,0.03540904
5/14/2021 15:35,0.9961846,0.03540904
5/14/2021 15:40,0.9828923,0.03540904
5/14/2021 15:45,0.987323,0.03540904
5/14/2021 15:50,0.9843692,0.03540904
5/14/2021 15:55,0.9932307,0.03540904
5/14/2021 16:00,0.9888,0.03540904
5/14/2021 16:05,0.9806769,0.03540904
5/14/2021 16:10,0.9777231,0.03540904
5/14/2021 16:15,0.9821538,0.03540904
5/14/2021 16:20,0.9851077,0.03540904
5/14/2021 16:25,0.9865846,0.03540904
5/14/2021 16:30,0.9851077,0.03540904
5/14/2021 16:35,0.9792,0.03540904
5/14/2021 16:40,0.9755077,0.03540904
5/14/2021 16:45,0.9836308,0.03540904
5/14/2021 16:50,0.9851077,0.03540904
5/14/2021 16:55,0.987323,0.03540904
5/14/2021 17:00,0.9888,0.03540904
5/14/2021 17:05,0.9821538,0.03540904
5/14/2021 17:10,0.9888,0.03540904
5/14/2021 17:15,0.9865846,0.03540904
5/14/2021 17:20,0.9821538,0.03540904
5/14/2021 17:25,0.9895384,0.03540904
5/14/2021 17:30,0.9961846,0.03540904
5/14/2021 17:35,1.033846,0.03540904
5/14/2021 17:40,1.0176,0.03540904
5/14/2021 17:45,0.958523,0.03540904
5/14/2021 17:50,1.010954,0.03540904
5/14/2021 17:55,1.016862,0.03540904
5/14/2021 18:00,1.008,0.03540904
5/14/2021 18:05,1.009477,0.03540904
5/14/2021 18:10,1.011692,0.03540904
5/14/2021 18:15,1.009477,0.03540904
5/14/2021 18:20,1.012431,0.03540904
5/14/2021 18:25,1.003569,0.03540904
5/14/2021 18:30,0.9555692,0.03540904
5/14/2021 18:35,0.9068307,0.03540904
5/14/2021 18:40,0.8994461,0.03540904
5/14/2021 18:45,0.8994461,0.03540904
5/14/2021 18:50,0.8964923,0.03540904
5/14/2021 18:55,0.8928,0.03540904
5/14/2021 19:00,0.9001846,0.03540904
5/14/2021 19:05,0.8861538,0.03540904
5/14/2021 19:10,0.8898461,0.03540904
5/14/2021 19:15,0.8883692,0.03540904
5/14/2021 19:20,0.8868923,0.03540904
5/14/2021 19:25,0.8928,0.03663004
5/14/2021 19:30,0.8950154,0.03663004
5/14/2021 19:35,0.8839385,0.03663004
5/14/2021 19:40,0.8846769,0.03663004
5/14/2021 19:45,0.8913231,0.03663004
5/14/2021 19:50,0.8898461,0.03663004
5/14/2021 19:55,0.8913231,0.03540904
5/14/2021 20:00,0.8876308,0.03540904
5/14/2021 20:05,0.8898461,0.03540904
5/14/2021 20:10,0.8942769,0.03540904
5/14/2021 20:15,0.8928,0.03540904
5/14/2021 20:20,0.8854154,0.03540904
5/14/2021 20:25,0.8891077,0.03540904
5/14/2021 20:30,0.8824615,0.03540904
5/14/2021 20:35,0.8868923,0.03540904
5/14/2021 20:40,0.8868923,0.03540904
5/14/2021 20:45,0.8846769,0.03540904
5/14/2021 20:50,0.8876308,0.03540904
5/14/2021 20:55,0.8817231,0.03540904
5/14/2021 21:00,0.8758153,0.03540904
5/14/2021 21:05,0.8876308,0.03540904
5/14/2021 21:10,0.9282461,0.03540904
5/14/2021 21:15,0.8846769,0.03540904
5/14/2021 21:20,0.8758153,0.03540904
5/14/2021 21:25,0.8787692,0.03540904
5/14/2021 21:30,0.9068307,0.03540904
5/14/2021 21:35,0.9075692,0.03540904
5/14/2021 21:40,0.8987077,0.03540904
5/14/2021 21:45,0.9024,0.03540904
5/14/2021 21:50,0.9024,0.03540904
5/14/2021 21:55,0.9060923,0.03540904
5/14/2021 22:00,0.9038769,0.03540904
5/14/2021 22:05,0.9068307,0.03540904
5/14/2021 22:10,0.9105231,0.03540904
5/14/2021 22:15,0,-1
5/14/2021 22:20,0,-1
5/14/2021 22:25,0,-1
5/14/2021 22:30,0,-1
5/14/2021 22:35,0,-1
5/14/2021 22:40,0,-1
5/14/2021 22:45,0,-1
5/14/2021 22:50,0,-1
5/14/2021 22:55,0,-1
5/14/2021 23:00,0,-1
5/14/2021 23:05,0,-1
5/14/2021 23:10,0,-1
5/14/2021 23:15,0,-1
5/14/2021 23:20,0,-1
5/14/2021 23:25,0,-1
5/14/2021 23:30,0,-1
5/14/2021 23:35,0,-1
5/14/2021 23:40,0,-1
5/14/2021 23:45,0,-1
5/14/2021 23:50,0,-1
5/14/2021 23:55,0,-1
5/15/2021 0:00,0,-1
5/15/2021 0:05,0,-1
5/15/2021 0:10,0,-1
5/15/2021 0:15,0,-1
5/15/2021 0:20,0,-1
5/15/2021 0:25,0,-1
5/15/2021 0:30,0,-1
5/15/2021 0:35,0,-1
5/15/2021 0:40,0,-1
5/15/2021 0:45,0,-1
5/15/2021 0:50,0,-1
5/15/2021 0:55,0,-1
5/15/2021 1:00,0,-1
5/15/2021 1:05,0,-1
5/15/2021 1:10,0,-1
5/15/2021 1:15,0,-1
5/15/2021 1:20,0,-1
5/15/2021 1:25,0,-1
5/15/2021 1:30,0,-1
5/15/2021 1:35,0,-1
5/15/2021 1:40,0,-1
5/15/2021 1:45,0,-1
5/15/2021 1:50,0,-1
5/15/2021 1:55,0,-1
5/15/2021 2:00,0,-1
5/15/2021 2:05,0,-1
5/15/2021 2:10,0,-1
5/15/2021 2:15,0,-1
5/15/2021 2:20,0,-1
5/15/2021 2:25,0,-1
5/15/2021 2:30,0,-1
5/15/2021 2:35,0,-1
5/15/2021 2:40,0,-1
5/15/2021 2:45,0,-1
5/15/2021 2:50,0,-1
5/15/2021 2:55,0,-1
5/15/2021 3:00,0,-1
5/15/2021 3:05,0,-1
5/15/2021 3:10,0,-1
5/15/2021 3:15,0,-1
5/15/2021 3:20,0,-1
5/15/2021 3:25,0,-1
5/15/2021 3:30,0,-1
5/15/2021 3:35,0,-1
5/15/2021 3:40,0,-1
5/15/2021 3:45,0,-1
5/15/2021 3:50,0,-1
5/15/2021 3:55,0,-1
5/15/2021 4:00,0,-1
5/15/2021 4:05,0,-1
5/15/2021 4:10,0,-1
5/15/2021 4:15,0,-1
5/15/2021 4:20,0,-1
5/15/2021 4:25,0,-1
5/15/2021 4:30,0,-1
5/15/2021 4:35,0,-1
5/15/2021 4:40,0,-1
5/15/2021 4:45,0,-1
5/15/2021 4:50,0,-1
5/15/2021 4:55,0,-1
5/15/2021 5:00,0,-1
5/15/2021 5:05,0,-1
5/15/2021 5:10,0,-1
5/15/2021 5:15,0,-1
5/15/2021 5:20,0,-1
5/15/2021 5:25,0,-1
5/15/2021 5:30,0,-1
5/15/2021 5:35,0,-1
5/15/2021 5:40,0,-1
5/15/2021 5:45,0,-1
5/15/2021 5:50,0,-1
5/15/2021 5:55,0,-1
5/15/2021 6:00,0,-1
5/15/2021 6:05,0,-1
5/15/2021 6:10,0,-1
5/15/2021 6:15,0,-1
5/15/2021 6:20,0,-1
5/15/2021 6:25,0,-1
5/15/2021 6:30,0,-1
5/15/2021 6:35,0,-1
5/15/2021 6:40,0,-1
5/15/2021 6:45,0,-1
5/15/2021 6:50,0,-1
5/15/2021 6:55,0,-1
5/15/2021 7:00,0,-1
5/15/2021 7:05,0,-1
5/15/2021 7:10,0,-1
5/15/2021 7:15,0,-1
5/15/2021 7:20,0,-1
5/15/2021 7:25,0,-1
5/15/2021 7:30,0,-1
5/15/2021 7:35,0,-1
5/15/2021 7:40,0,-1
5/15/2021 7:45,0,-1
5/15/2021 7:50,0,-1
5/15/2021 7:55,0,-1
5/15/2021 8:00,0,-1
5/15/2021 8:05,0,-1
5/15/2021 8:10,0,-1
5/15/2021 8:15,0,-1
5/15/2021 8:20,0,-1
5/15/2021 8:25,0,-1
5/15/2021 8:30,0,-1
5/15/2021 8:35,0,-1
5/15/2021 8:40,0,-1
5/15/2021 8:45,0,-1
5/15/2021 8:50,0,-1
5/15/2021 8:55,0,-1
5/15/2021 9:00,0,-1
5/15/2021 9:05,0,-1
5/15/2021 9:10,0,-1
5/15/2021 9:15,0,-1
5/15/2021 9:20,0,-1
5/15/2021 9:25,0,-1
5/15/2021 9:30,0,-1
5/15/2021 9:35,0,-1
5/15/2021 9:40,0,-1
5/15/2021 9:45,0,-1
5/15/2021 9:50,0,-1
5/15/2021 9:55,0,-1
5/15/2021 10:00,0,-1
5/15/2021 10:05,0,-1
5/15/2021 10:10,0,-1
5/15/2021 10:15,0,-1
5/15/2021 10:20,0,-1
5/15/2021 10:25,0,-1
5/15/2021 10:30,0,-1
5/15/2021 10:35,0,-1
5/15/2021 10:40,0,-1
5/15/2021 10:45,0,-1
5/15/2021 10:50,0,-1
5/15/2021 10:55,0,-1
5/15/2021 11:00,0,-1
5/15/2021 11:05,0,-1
5/15/2021 11:10,0,-1
5/15/2021 11:15,0,-1
5/15/2021 11:20,0,-1
5/15/2021 11:25,0,-1
5/15/2021 11:30,0,-1
5/15/2021 11:35,0,-1
5/15/2021 11:40,0,-1
5/15/2021 11:45,0,-1
5/15/2021 11:50,0,-1
5/15/2021 11:55,0,-1
5/15/2021 12:00,0,-1
5/15/2021 12:05,0,-1
5/15/2021 12:10,0,-1
5/15/2021 12:15,0,-1
5/15/2021 12:20,0,-1
5/15/2021 12:25,0,-1
5/15/2021 12:30,0,-1
5/15/2021 12:35,0,-1
5/15/2021 12:40,0,-1
5/15/2021 12:45,0,-1
5/15/2021 12:50,0,-1
5/15/2021 12:55,0,-1
5/15/2021 13:00,0,-1
5/15/2021 13:05,0,-1
5/15/2021 13:10,0,-1
5/15/2021 13:15,0,-1
5/15/2021 13:20,0,-1
5/15/2021 13:25,0,-1
5/15/2021 13:30,0,-1
5/15/2021 13:35,0,-1
5/15/2021 13:40,0,-1
5/15/2021 13:45,0,-1
5/15/2021 13:50,0,-1
5/15/2021 13:55,0,-1
5/15/2021 14:00,0,-1
5/15/2021 14:05,0,-1
5/15/2021 14:10,0,-1
5/15/2021 14:15,0,-1
5/15/2021 14:20,0,-1
5/15/2021 14:25,0,-1
5/15/2021 14:30,0,-1
5/15/2021 14:35,0,-1
5/15/2021 14:40,0,-1
5/15/2021 14:45,0,-1
5/15/2021 14:50,0,-1
5/15/2021 14:55,0,-1
5/15/2021 15:00,0,-1
5/15/2021 15:05,0,-1
5/15/2021 15:10,0,-1
5/15/2021 15:15,0,-1
5/15/2021 15:20,0,-1
5/15/2021 15:25,0,-1
5/15/2021 15:30,0,-1
5/15/2021 15:35,0,-1
5/15/2021 15:40,0.7118769,0.4102564
5/15/2021 15:45,0.9851077,0.1709402
5/15/2021 15:50,0.9858461,0.2442002
5/15/2021 15:55,0.9917538,0.1672772
5/15/2021 16:00,0.9821538,0.1282051
5/15/2021 16:05,0.9932307,0.1098901
5/15/2021 16:10,0.9843692,0.0989011
5/15/2021 16:15,0.9851077,0.09157509
5/15/2021 16:20,0.987323,0.08547009
5/15/2021 16:25,0.996923,0.07814408
5/15/2021 16:30,0.9895384,0.07326008
5/15/2021 16:35,0.987323,0.07081807
5/15/2021 16:40,0.9939692,0.06715507
5/15/2021 16:45,0.9902769,0.06471307
5/15/2021 16:50,0.9880615,0.06227106
5/15/2021 16:55,0.9888,0.06105006
5/15/2021 17:00,0.996923,0.05982906
5/15/2021 17:05,0.9932307,0.05860806
5/15/2021 17:10,0.9924923,0.05738706
5/15/2021 17:15,0.9939692,0.05738706
5/15/2021 17:20,0.9917538,0.05616606
5/15/2021 17:25,0.9851077,0.05494506
5/15/2021 17:30,0.9947076,0.05494506
5/15/2021 17:35,0.9888,0.05372405
5/15/2021 17:40,0.9961846,0.05372405
5/15/2021 17:45,0.9851077,0.05250305
5/15/2021 17:50,0.9910154,0.05128205
5/15/2021 17:55,0.9858461,0.05128205
5/15/2021 18:00,0.9932307,0.05128205
5/15/2021 18:05,0.9814154,0.05128205
5/15/2021 18:10,0.9902769,0.05128205
5/15/2021 18:15,0.9843692,0.05006105
5/15/2021 18:20,0.9888,0.05006105
5/15/2021 18:25,0.987323,0.05006105
5/15/2021 18:30,0.9895384,0.04884005
5/15/2021 18:35,0.9880615,0.04884005
5/15/2021 18:40,0.9888,0.04884005
5/15/2021 18:45,0.987323,0.04884005
5/15/2021 18:50,0.987323,0.04884005
5/15/2021 18:55,0.9865846,0.04761905
5/15/2021 19:00,0.9836308,0.04761905
5/15/2021 19:05,0.9888,0.04761905
5/15/2021 19:10,0.987323,0.04639805
5/15/2021 19:15,0.9902769,0.04639805
5/15/2021 19:20,0.9799384,0.04639805
5/15/2021 19:25,0.9888,0.04639805
5/15/2021 19:30,0.9888,0.04639805
5/15/2021 19:35,0.9902769,0.04639805
5/15/2021 19:40,0.9917538,0.04639805
5/15/2021 19:45,0.9910154,0.04517705
5/15/2021 19:50,0.9917538,0.04517705
5/15/2021 19:55,0.9947076,0.04517705
5/15/2021 20:00,0.9917538,0.04395605
5/15/2021 20:05,1.109908,0.04395605
5/15/2021 20:10,1.036062,0.04395605
5/15/2021 20:15,1.108431,0.04395605
5/15/2021 20:20,1.103261,0.04395605
5/15/2021 20:25,1.096615,0.04395605
5/15/2021 20:30,1.110646,0.04395605
5/15/2021 20:35,1.104,0.04395605
5/15/2021 20:40,1.102523,0.04395605
5/15/2021 20:45,1.100308,0.04395605
5/15/2021 20:50,1.099569,0.04395605
5/15/2021 20:55,1.1136,0.04273504
5/15/2021 21:00,1.108431,0.04273504
5/15/2021 21:05,1.102523,0.04273504
5/15/2021 21:10,1.104,0.04151404
5/15/2021 21:15,1.105477,0.04151404
5/15/2021 21:20,1.109908,0.04151404
5/15/2021 21:25,1.106215,0.04151404
5/15/2021 21:30,1.106954,0.04151404
5/15/2021 21:35,1.105477,0.04151404
5/15/2021 21:40,1.104738,0.04151404
5/15/2021 21:45,1.104738,0.04151404
5/15/2021 21:50,1.1136,0.04151404
5/15/2021 21:55,1.103261,0.04151404
5/15/2021 22:00,1.106954,0.04151404
5/15/2021 22:05,1.105477,0.04151404
5/15/2021 22:10,1.109908,0.04151404
5/15/2021 22:15,1.122462,0.04151404
5/15/2021 22:20,1.103261,0.04151404
5/15/2021 22:25,1.118031,0.04151404
5/15/2021 22:30,1.103261,0.04151404
5/15/2021 22:35,1.107692,0.04151404
5/15/2021 22:40,1.097354,0.04151404
5/15/2021 22:45,1.105477,0.04151404
5/15/2021 22:50,1.111385,0.04151404
5/15/2021 22:55,1.104,0.04151404
5/15/2021 23:00,1.101785,0.04151404
5/15/2021 23:05,1.099569,0.04151404
5/15/2021 23:10,1.115077,0.04151404
5/15/2021 23:15,1.102523,0.04151404
5/15/2021 23:20,1.112123,0.04151404
5/15/2021 23:25,1.098831,0.04151404
5/15/2021 23:30,1.109169,0.04151404
5/15/2021 23:35,1.105477,0.04151404
5/15/2021 23:40,1.106954,0.04151404
5/15/2021 23:45,1.095877,0.04151404
5/15/2021 23:50,1.092185,0.04151404
5/15/2021 23:55,1.089231,0.04151404
5/16/2021 0:00,1.092923,0.04151404
5/16/2021 0:05,1.092185,0.04151404
5/16/2021 0:10,1.092923,0.04151404
5/16/2021 0:15,1.086277,0.04151404
5/16/2021 0:20,1.089231,0.04151404
5/16/2021 0:25,1.086277,0.04151404
5/16/2021 0:30,1.097354,0.04151404
5/16/2021 0:35,1.090708,0.04151404
5/16/2021 0:40,1.092185,0.04151404
5/16/2021 0:45,1.088492,0.04151404
5/16/2021 0:50,1.084062,0.04029304
5/16/2021 0:55,1.098092,0.04151404
5/16/2021 1:00,1.096615,0.04029304
5/16/2021 1:05,1.050831,0.04029304
5/16/2021 1:10,1.116554,0.04029304
5/16/2021 1:15,1.1136,0.04029304
5/16/2021 1:20,1.103261,0.04029304
5/16/2021 1:25,1.108431,0.04029304
5/16/2021 1:30,1.106215,0.04029304
5/16/2021 1:35,1.105477,0.04029304
5/16/2021 1:40,1.110646,0.04029304
5/16/2021 1:45,1.103261,0.04029304
5/16/2021 1:50,1.104,0.04029304
5/16/2021 1:55,1.112123,0.04029304
5/16/2021 2:00,1.104,0.04029304
5/16/2021 2:05,1.100308,0.04029304
5/16/2021 2:10,1.108431,0.04151404
5/16/2021 2:15,1.108431,0.04151404
5/16/2021 2:20,1.104,0.04151404
5/16/2021 2:25,1.095138,0.04151404
5/16/2021 2:30,1.109169,0.04151404
5/16/2021 2:35,1.095138,0.04151404
5/16/2021 2:40,1.095877,0.04151404
5/16/2021 2:45,1.105477,0.04273504
5/16/2021 2:50,1.101785,0.04273504
5/16/2021 2:55,1.109908,0.04273504
5/16/2021 3:00,1.098831,0.04273504
5/16/2021 3:05,1.103261,0.04151404
5/16/2021 3:10,1.101046,0.04151404
5/16/2021 3:15,1.102523,0.04151404
5/16/2021 3:20,1.097354,0.04151404
5/16/2021 3:25,1.101785,0.04151404
5/16/2021 3:30,1.095877,0.04151404
5/16/2021 3:35,1.1232,0.04151404
5/16/2021 3:40,1.102523,0.04151404
5/16/2021 3:45,1.103261,0.04151404
5/16/2021 3:50,1.108431,0.04151404
5/16/2021 3:55,1.109908,0.04151404
5/16/2021 4:00,1.106954,0.04151404
5/16/2021 4:05,1.097354,0.04151404
5/16/2021 4:10,1.109908,0.04151404
5/16/2021 4:15,1.104738,0.04151404
5/16/2021 4:20,1.104,0.04151404
5/16/2021 4:25,1.109908,0.04029304
5/16/2021 4:30,1.111385,0.04029304
5/16/2021 4:35,1.112123,0.04029304
5/16/2021 4:40,1.106954,0.04029304
5/16/2021 4:45,1.095877,0.04029304
5/16/2021 4:50,1.098092,0.04029304
5/16/2021 4:55,1.100308,0.04029304
5/16/2021 5:00,1.109169,0.04029304
5/16/2021 5:05,1.112862,0.04029304
5/16/2021 5:10,1.111385,0.04029304
5/16/2021 5:15,1.104738,0.04029304
5/16/2021 5:20,1.110646,0.04029304
5/16/2021 5:25,1.118031,0.04029304
5/16/2021 5:30,1.111385,0.04029304
5/16/2021 5:35,1.101785,0.04029304
5/16/2021 5:40,1.107692,0.04029304
5/16/2021 5:45,1.115077,0.04029304
5/16/2021 5:50,1.109169,0.04029304
5/16/2021 5:55,1.115815,0.04029304
5/16/2021 6:00,1.120985,0.04029304
5/16/2021 6:05,1.120985,0.04029304
5/16/2021 6:10,1.111385,0.04029304
5/16/2021 6:15,1.116554,0.04029304
5/16/2021 6:20,1.101785,0.04029304
5/16/2021 6:25,1.1232,0.04029304
5/16/2021 6:30,1.033108,0.04029304
5/16/2021 6:35,1.127631,0.04029304
5/16/2021 6:40,1.102523,0.04029304
5/16/2021 6:45,1.108431,0.04029304
5/16/2021 6:50,1.119508,0.04029304
5/16/2021 6:55,1.107692,0.04029304
5/16/2021 7:00,1.111385,0.04029304
5/16/2021 7:05,1.104,0.04029304
5/16/2021 7:10,1.116554,0.04029304
5/16/2021 7:15,1.105477,0.04029304
5/16/2021 7:20,1.102523,0.03907204
5/16/2021 7:25,1.105477,0.03907204
5/16/2021 7:30,1.108431,0.03907204
5/16/2021 7:35,1.102523,0.03907204
5/16/2021 7:40,1.099569,0.03907204
5/16/2021 7:45,1.098092,0.03907204
5/16/2021 7:50,1.101046,0.03907204
5/16/2021 7:55,1.098092,0.03907204
5/16/2021 8:00,1.107692,0.03907204
5/16/2021 8:05,1.111385,0.03907204
5/16/2021 8:10,1.097354,0.03907204
5/16/2021 8:15,1.103261,0.03907204
5/16/2021 8:20,1.109169,0.03907204
5/16/2021 8:25,1.093662,0.03907204
5/16/2021 8:30,1.101785,0.03907204
5/16/2021 8:35,1.103261,0.03907204
5/16/2021 8:40,1.098831,0.03907204
5/16/2021 8:45,1.112862,0.03907204
5/16/2021 8:50,1.100308,0.03907204
5/16/2021 8:55,1.108431,0.03907204
5/16/2021 9:00,1.104,0.03907204
5/16/2021 9:05,1.107692,0.03907204
5/16/2021 9:10,1.104,0.03907204
5/16/2021 9:15,1.109169,0.03907204
5/16/2021 9:20,1.106954,0.03907204
5/16/2021 9:25,1.093662,0.03907204
5/16/2021 9:30,1.095877,0.03907204
5/16/2021 9:35,1.096615,0.03907204
5/16/2021 9:40,1.109908,0.04029304
5/16/2021 9:45,1.101785,0.04029304
5/16/2021 9:50,1.096615,0.04029304
5/16/2021 9:55,1.101785,0.04029304
5/16/2021 10:00,1.098092,0.04029304
5/16/2021 10:05,1.098092,0.04029304
5/16/2021 10:10,1.103261,0.04029304
5/16/2021 10:15,1.096615,0.04029304
5/16/2021 10:20,1.101785,0.04029304
5/16/2021 10:25,1.101785,0.04029304
5/16/2021 10:30,1.100308,0.04029304
5/16/2021 10:35,1.106954,0.04029304
5/16/2021 10:40,1.108431,0.04029304
5/16/2021 10:45,1.095877,0.04029304
5/16/2021 10:50,0.9769846,0.04029304
5/16/2021 10:55,0.996923,0.04029304
5/16/2021 11:00,0.996923,0.04029304
5/16/2021 11:05,0.9984,0.04029304
5/16/2021 11:10,0.9961846,0.04029304
5/16/2021 11:15,0.9902769,0.04029304
5/16/2021 11:20,0.996923,0.04029304
5/16/2021 11:25,0.9991384,0.04029304
5/16/2021 11:30,0.9917538,0.04029304
5/16/2021 11:35,0.9976615,0.04029304
5/16/2021 11:40,1.002092,0.04029304
5/16/2021 11:45,0.9961846,0.04029304
5/16/2021 11:50,0.9998769,0.04029304
5/16/2021 11:55,0.9991384,0.04029304
5/16/2021 12:00,1.012431,0.04029304
5/16/2021 12:05,1.005785,0.04029304
5/16/2021 12:10,0.9984,0.04029304
5/16/2021 12:15,1.001354,0.04029304
5/16/2021 12:20,0.9932307,0.04029304
5/16/2021 12:25,1.008,0.04029304
5/16/2021 12:30,1.001354,0.04029304
5/16/2021 12:35,1.011692,0.04029304
5/16/2021 12:40,0.9947076,0.04029304
5/16/2021 12:45,1.005046,0.04029304
5/16/2021 12:50,0.9954461,0.04029304
5/16/2021 12:55,1.011692,0.04029304
5/16/2021 13:00,1.002831,0.04029304
5/16/2021 13:05,1.008738,0.03907204
5/16/2021 13:10,1.008738,0.03907204
5/16/2021 13:15,1.001354,0.03907204
5/16/2021 13:20,1.010954,0.03907204
5/16/2021 13:25,0.9976615,0.03907204
5/16/2021 13:30,1.004308,0.03907204
5/16/2021 13:35,0.9991384,0.03907204
5/16/2021 13:40,0.9984,0.03907204
5/16/2021 13:45,0.9991384,0.03907204
5/16/2021 13:50,1.003569,0.03907204
5/16/2021 13:55,1.001354,0.03907204
5/16/2021 14:00,0.9976615,0.03907204
5/16/2021 14:05,0.9947076,0.03907204
5/16/2021 14:10,0.996923,0.03907204
5/16/2021 14:15,0.9976615,0.03907204
5/16/2021 14:20,0.9998769,0.03907204
5/16/2021 14:25,0.9976615,0.03907204
5/16/2021 14:30,0.9954461,0.03907204
5/16/2021 14:35,0.996923,0.03907204
5/16/2021 14:40,0.9902769,0.03907204
5/16/2021 14:45,0.9880615,0.03907204
5/16/2021 14:50,0.9917538,0.03785104
5/16/2021 14:55,0.9939692,0.03785104
5/16/2021 15:00,0.9947076,0.03785104
5/16/2021 15:05,0.9954461,0.03785104
5/16/2021 15:10,1.000615,0.03785104
5/16/2021 15:15,0.996923,0.03785104
5/16/2021 15:20,0.9961846,0.03785104
5/16/2021 15:25,0.9961846,0.03785104
5/16/2021 15:30,1.002092,0.03785104
5/16/2021 15:35,1.010954,0.03785104
5/16/2021 15:40,1.001354,0.03785104
5/16/2021 15:45,0.9947076,0.03785104
5/16/2021 15:50,0.9947076,0.03785104
5/16/2021 15:55,0.9984,0.03785104
5/16/2021 16:00,1.005046,0.03785104
5/16/2021 16:05,0.9932307,0.03785104
5/16/2021 16:10,0.9984,0.03785104
5/16/2021 16:15,0.996923,0.03785104
5/16/2021 16:20,0.9991384,0.03785104
5/16/2021 16:25,1.001354,0.03785104
5/16/2021 16:30,0.9998769,0.03785104
5/16/2021 16:35,1.004308,0.03785104
5/16/2021 16:40,1.006523,0.03785104
5/16/2021 16:45,1.004308,0.03785104
5/16/2021 16:50,0.9976615,0.03785104
5/16/2021 16:55,1.001354,0.03785104
5/16/2021 17:00,0.9961846,0.03785104
5/16/2021 17:05,0.996923,0.03785104
5/16/2021 17:10,0.9991384,0.03785104
5/16/2021 17:15,1.001354,0.03785104
5/16/2021 17:20,0.9984,0.03785104
5/16/2021 17:25,0.9939692,0.03785104
5/16/2021 17:30,0.9984,0.03785104
5/16/2021 17:35,0.9932307,0.03785104
5/16/2021 17:40,0.9984,0.03785104
5/16/2021 17:45,0.9984,0.03785104
5/16/2021 17:50,1.003569,0.03785104
5/16/2021 17:55,0.9976615,0.03785104
5/16/2021 18:00,0.996923,0.03785104
5/16/2021 18:05,1.002831,0.03785104
5/16/2021 18:10,1.008,0.03785104
5/16/2021 18:15,1.006523,0.03785104
5/16/2021 18:20,0.9902769,0.03785104
5/16/2021 18:25,1.001354,0.03785104
5/16/2021 18:30,0.996923,0.03785104
5/16/2021 18:35,0.9947076,0.03785104
5/16/2021 18:40,0.9961846,0.03785104
5/16/2021 18:45,0.996923,0.03785104
5/16/2021 18:50,0.996923,0.03785104
5/16/2021 18:55,0.9910154,0.03785104
5/16/2021 19:00,0.9865846,0.03785104
5/16/2021 19:05,0.9947076,0.03785104
5/16/2021 19:10,0.9924923,0.03785104
5/16/2021 19:15,0.9902769,0.03785104
5/16/2021 19:20,0.9851077,0.03785104
5/16/2021 19:25,0.9961846,0.03785104
5/16/2021 19:30,0.9836308,0.03785104
5/16/2021 19:35,0.9865846,0.03785104
5/16/2021 19:40,0.9865846,0.03785104
5/16/2021 19:45,0.9821538,0.03785104
5/16/2021 19:50,0.9888,0.03785104
5/16/2021 19:55,0.9865846,0.03785104
5/16/2021 20:00,0.996923,0.03785104
5/16/2021 20:05,0.996923,0.03785104
5/16/2021 20:10,0.9880615,0.03785104
5/16/2021 20:15,0.9888,0.03785104
5/16/2021 20:20,0.9932307,0.03785104
5/16/2021 20:25,0.9910154,0.03785104
5/16/2021 20:30,0.9917538,0.03785104
5/16/2021 20:35,0.987323,0.03785104
5/16/2021 20:40,0.9932307,0.03785104
5/16/2021 20:45,0.9902769,0.03785104
5/16/2021 20:50,0.9895384,0.03785104
5/16/2021 20:55,0.9865846,0.03785104
5/16/2021 21:00,0.9932307,0.03785104
5/16/2021 21:05,0.9880615,0.03785104
5/16/2021 21:10,0.996923,0.03785104
5/16/2021 21:15,0.996923,0.03785104
5/16/2021 21:20,0.9799384,0.03785104
5/16/2021 21:25,0.9932307,0.03785104
5/16/2021 21:30,0.9858461,0.03785104
5/16/2021 21:35,0.9836308,0.03785104
5/16/2021 21:40,0.9851077,0.03785104
5/16/2021 21:45,1.044185,0.03785104
5/16/2021 21:50,0.96,0.03785104
5/16/2021 21:55,0.9984,0.03785104
5/16/2021 22:00,1.004308,0.03785104
5/16/2021 22:05,1.003569,0.03785104
5/16/2021 22:10,1.005046,0.03785104
5/16/2021 22:15,1.002831,0.03785104
5/16/2021 22:20,1.003569,0.03785104
5/16/2021 22:25,1.001354,0.03785104
5/16/2021 22:30,1.002831,0.03785104
5/16/2021 22:35,0.9961846,0.03785104
5/16/2021 22:40,0.9984,0.03785104
5/16/2021 22:45,0.9961846,0.03785104
5/16/2021 22:50,0.9954461,0.03785104
5/16/2021 22:55,1.005785,0.03785104
5/16/2021 23:00,0.9961846,0.03785104
5/16/2021 23:05,0.9998769,0.03785104
5/16/2021 23:10,1.002831,0.03785104
5/16/2021 23:15,0.9924923,0.03785104
5/16/2021 23:20,0.9932307,0.03785104
5/16/2021 23:25,1.002831,0.03785104
5/16/2021 23:30,0.9851077,0.03785104
5/16/2021 23:35,0.9939692,0.03785104
5/16/2021 23:40,0.9932307,0.03785104
5/16/2021 23:45,0.9924923,0.03785104
5/16/2021 23:50,0.9984,0.03785104
5/16/2021 23:55,0.9961846,0.03785104
5/17/2021 0:00,0.9954461,0.03785104
5/17/2021 0:05,0.9880615,0.03785104
5/17/2021 0:10,0.996923,0.03785104
5/17/2021 0:15,0.996923,0.03785104
5/17/2021 0:20,0.9924923,0.03785104
5/17/2021 0:25,0.9947076,0.03785104
5/17/2021 0:30,0.9947076,0.03785104
5/17/2021 0:35,0.9939692,0.03785104
5/17/2021 0:40,0.9939692,0.03785104
5/17/2021 0:45,1.002831,0.03663004
5/17/2021 0:50,1.002831,0.03663004
5/17/2021 0:55,1.001354,0.03663004
5/17/2021 1:00,0.9991384,0.03663004
5/17/2021 1:05,1.004308,0.03663004
5/17/2021 1:10,0.9932307,0.03663004
5/17/2021 1:15,0.996923,0.03663004
5/17/2021 1:20,0.9998769,0.03663004
5/17/2021 1:25,0.9998769,0.03663004
5/17/2021 1:30,1.008,0.03663004
5/17/2021 1:35,0.9902769,0.03663004
5/17/2021 1:40,0.9961846,0.03663004
5/17/2021 1:45,1.002092,0.03663004
5/17/2021 1:50,0.996923,0.03663004
5/17/2021 1:55,0.9984,0.03663004
5/17/2021 2:00,0.9924923,0.03663004
5/17/2021 2:05,1.001354,0.03663004
5/17/2021 2:10,1.003569,0.03663004
5/17/2021 2:15,0.9976615,0.03663004
5/17/2021 2:20,1.001354,0.03663004
5/17/2021 2:25,0.9984,0.03663004
5/17/2021 2:30,1.002092,0.03663004
5/17/2021 2:35,1.000615,0.03663004
5/17/2021 2:40,1.004308,0.03663004
5/17/2021 2:45,0.9998769,0.03540904
5/17/2021 2:50,0.9998769,0.03540904
5/17/2021 2:55,1.002092,0.03540904
5/17/2021 3:00,0.996923,0.03540904
5/17/2021 3:05,1.002831,0.03540904
5/17/2021 3:10,1.003569,0.03540904
5/17/2021 3:15,1.002831,0.03540904
5/17/2021 3:20,0.996923,0.03540904
5/17/2021 3:25,1.003569,0.03540904
5/17/2021 3:30,1.010954,0.03540904
5/17/2021 3:35,1.003569,0.03540904
5/17/2021 3:40,0.9961846,0.03540904
5/17/2021 3:45,1.002831,0.03540904
5/17/2021 3:50,1.007262,0.03540904
5/17/2021 3:55,0.9976615,0.03540904
5/17/2021 4:00,0.9984,0.03540904
5/17/2021 4:05,0.9961846,0.03540904
5/17/2021 4:10,0.9932307,0.03540904
5/17/2021 4:15,0.9910154,0.03540904
5/17/2021 4:20,0.9917538,0.03540904
5/17/2021 4:25,0.9924923,0.03540904
5/17/2021 4:30,0.9865846,0.03540904
5/17/2021 4:35,0.9954461,0.03540904
5/17/2021 4:40,0.9880615,0.03540904
5/17/2021 4:45,0.996923,0.03540904
5/17/2021 4:50,0.9932307,0.03540904
5/17/2021 4:55,0.9984,0.03540904
5/17/2021 5:00,0.9888,0.03540904
5/17/2021 5:05,0.9954461,0.03540904
5/17/2021 5:10,0.9910154,0.03540904
5/17/2021 5:15,0.9888,0.03540904
5/17/2021 5:20,0.9932307,0.03540904
5/17/2021 5:25,0.9851077,0.03540904
5/17/2021 5:30,0.9910154,0.03540904
5/17/2021 5:35,0.9947076,0.03540904
5/17/2021 5:40,0.987323,0.03540904
5/17/2021 5:45,0.9902769,0.03540904
5/17/2021 5:50,0.9828923,0.03540904
5/17/2021 5:55,0.9563076,0.03540904
5/17/2021 6:00,1.002831,0.03540904
5/17/2021 6:05,0.9984,0.03540904
5/17/2021 6:10,1.009477,0.03540904
5/17/2021 6:15,0.9984,0.03540904
5/17/2021 6:20,1.003569,0.03540904
5/17/2021 6:25,1.003569,0.03540904
5/17/2021 6:30,0.9984,0.03540904
5/17/2021 6:35,1.002831,0.03540904
5/17/2021 6:40,0.9910154,0.03540904
5/17/2021 6:45,0.9858461,0.03540904
5/17/2021 6:50,0.987323,0.03540904
5/17/2021 6:55,0.9902769,0.03540904
5/17/2021 7:00,0.9880615,0.03540904
5/17/2021 7:05,0.9947076,0.03540904
5/17/2021 7:10,0.9910154,0.03540904
5/17/2021 7:15,0.9917538,0.03540904
5/17/2021 7:20,0.996923,0.03540904
5/17/2021 7:25,0.9924923,0.03540904
5/17/2021 7:30,0.987323,0.03540904
5/17/2021 7:35,0.9947076,0.03540904
5/17/2021 7:40,0.9932307,0.03540904
5/17/2021 7:45,1.001354,0.03540904
5/17/2021 7:50,0.9924923,0.03540904
5/17/2021 7:55,0.9858461,0.03540904
5/17/2021 8:00,0.9910154,0.03540904
5/17/2021 8:05,0.9910154,0.03540904
5/17/2021 8:10,0.996923,0.03540904
5/17/2021 8:15,0.987323,0.03540904
5/17/2021 8:20,0.9917538,0.03540904
5/17/2021 8:25,0.9895384,0.03540904
5/17/2021 8:30,0.9961846,0.03540904
5/17/2021 8:35,0.9910154,0.03540904
5/17/2021 8:40,0.9880615,0.03540904
5/17/2021 8:45,0.9865846,0.03540904
5/17/2021 8:50,0.9961846,0.03540904
5/17/2021 8:55,0.9947076,0.03540904
5/17/2021 9:00,0.9961846,0.03540904
5/17/2021 9:05,0.9947076,0.03540904
5/17/2021 9:10,0.9910154,0.03540904
5/17/2021 9:15,1.000615,0.03540904
5/17/2021 9:20,0.9910154,0.03540904
5/17/2021 9:25,0.9976615,0.03540904
5/17/2021 9:30,0.9902769,0.03540904
5/17/2021 9:35,1.001354,0.03540904
5/17/2021 9:40,1.001354,0.03540904
5/17/2021 9:45,1.002092,0.03540904
5/17/2021 9:50,0.9947076,0.03540904
5/17/2021 9:55,1.008,0.03540904
5/17/2021 10:00,0.996923,0.03540904
5/17/2021 10:05,0.9984,0.03540904
5/17/2021 10:10,0.9998769,0.03540904
5/17/2021 10:15,0.9998769,0.03540904
5/17/2021 10:20,1.008,0.03540904
5/17/2021 10:25,1.005785,0.03540904
5/17/2021 10:30,1.010954,0.03540904
5/17/2021 10:35,1.002831,0.03540904
5/17/2021 10:40,1.010954,0.03540904
5/17/2021 10:45,1.006523,0.03540904
5/17/2021 10:50,1.016123,0.03540904
5/17/2021 10:55,1.007262,0.03540904
5/17/2021 11:00,1.003569,0.03540904
5/17/2021 11:05,1.001354,0.03540904
5/17/2021 11:10,1.007262,0.03540904
5/17/2021 11:15,1.011692,0.03540904
5/17/2021 11:20,1.007262,0.03540904
5/17/2021 11:25,1.016123,0.03540904
5/17/2021 11:30,1.016862,0.03540904
5/17/2021 11:35,0.9769846,0.03540904
5/17/2021 11:40,1.010215,0.03540904
5/17/2021 11:45,1.010954,0.03540904
5/17/2021 11:50,1.001354,0.03540904
5/17/2021 11:55,1.020554,0.03540904
5/17/2021 12:00,1.012431,0.03540904
5/17/2021 12:05,1.002831,0.03540904
5/17/2021 12:10,1.016123,0.03540904
5/17/2021 12:15,1.015385,0.03540904
5/17/2021 12:20,1.012431,0.03540904
5/17/2021 12:25,1.015385,0.03540904
5/17/2021 12:30,1.0176,0.03540904
5/17/2021 12:35,1.016123,0.03540904
5/17/2021 12:40,1.015385,0.03540904
5/17/2021 12:45,1.012431,0.03540904
5/17/2021 12:50,1.019077,0.03540904
5/17/2021 12:55,1.014646,0.03540904
5/17/2021 13:00,0.9533538,0.03540904
5/17/2021 13:05,0.987323,0.03540904
5/17/2021 13:10,0.987323,0.03540904
5/17/2021 13:15,0.9865846,0.03540904
5/17/2021 13:20,0.9895384,0.03540904
5/17/2021 13:25,0.9865846,0.03540904
5/17/2021 13:30,0.9836308,0.03540904
5/17/2021 13:35,0.9888,0.03540904
5/17/2021 13:40,0.9851077,0.03540904
5/17/2021 13:45,0.9865846,0.03540904
5/17/2021 13:50,0.987323,0.03540904
5/17/2021 13:55,0.9777231,0.03540904
5/17/2021 14:00,0.987323,0.03540904
5/17/2021 14:05,0.9718154,0.03540904
5/17/2021 14:10,0.9504,0.03540904
5/17/2021 14:15,1.019815,0.03540904
5/17/2021 14:20,1.1136,0.03540904
5/17/2021 14:25,1.117292,0.03540904
5/17/2021 14:30,1.120985,0.03540904
5/17/2021 14:35,1.106954,0.03540904
5/17/2021 14:40,1.116554,0.03540904
5/17/2021 14:45,1.112862,0.03540904
5/17/2021 14:50,1.107692,0.03540904
5/17/2021 14:55,1.106954,0.03540904
5/17/2021 15:00,1.105477,0.03540904
5/17/2021 15:05,1.1136,0.03540904
5/17/2021 15:10,1.104738,0.03540904
5/17/2021 15:15,1.115815,0.03540904
5/17/2021 15:20,1.107692,0.03540904
5/17/2021 15:25,1.108431,0.03540904
5/17/2021 15:30,1.103261,0.03540904
5/17/2021 15:35,1.105477,0.03540904
5/17/2021 15:40,1.106954,0.03540904
5/17/2021 15:45,1.106954,0.03540904
5/17/2021 15:50,1.091446,0.03540904
5/17/2021 15:55,1.008,0.03540904
5/17/2021 16:00,1.010954,0.03540904
5/17/2021 16:05,1.005785,0.03540904
5/17/2021 16:10,0.9947076,0.03540904
5/17/2021 16:15,1.001354,0.03540904
5/17/2021 16:20,0.9961846,0.03540904
5/17/2021 16:25,1.002831,0.03540904
5/17/2021 16:30,0.9984,0.03540904
5/17/2021 16:35,1.005785,0.03540904
5/17/2021 16:40,0.9947076,0.03540904
5/17/2021 16:45,0.9976615,0.03540904
5/17/2021 16:50,0.9932307,0.03540904
5/17/2021 16:55,0.9961846,0.03540904
5/17/2021 17:00,0.9947076,0.03540904
5/17/2021 17:05,0.9961846,0.03540904
5/17/2021 17:10,1.000615,0.03540904
5/17/2021 17:15,0.996923,0.03540904
5/17/2021 17:20,0.9910154,0.03540904
5/17/2021 17:25,0.9895384,0.03540904
5/17/2021 17:30,0.9910154,0.03540904
5/17/2021 17:35,0.9939692,0.03540904
5/17/2021 17:40,1.001354,0.03540904
5/17/2021 17:45,0.996923,0.03540904
5/17/2021 17:50,0.9924923,0.03540904
5/17/2021 17:55,0.9910154,0.03540904
5/17/2021 18:00,0.9806769,0.03540904
5/17/2021 18:05,0.9814154,0.03540904
5/17/2021 18:10,0.987323,0.03540904
5/17/2021 18:15,0.9880615,0.03540904
5/17/2021 18:20,0.9858461,0.03540904
5/17/2021 18:25,0.9858461,0.03540904
5/17/2021 18:30,0.9932307,0.03540904
5/17/2021 18:35,0.9910154,0.03540904
5/17/2021 18:40,0.9762462,0.03540904
5/17/2021 18:45,0.9880615,0.03540904
5/17/2021 18:50,0.987323,0.03540904
5/17/2021 18:55,0.9865846,0.03540904
5/17/2021 19:00,0.9851077,0.03540904
5/17/2021 19:05,0.9917538,0.03540904
5/17/2021 19:10,0.9895384,0.03540904
5/17/2021 19:15,0.9880615,0.03540904
5/17/2021 19:20,0.987323,0.03540904
5/17/2021 19:25,0.9821538,0.03540904
5/17/2021 19:30,0.9769846,0.03540904
5/17/2021 19:35,0.9836308,0.03540904
5/17/2021 19:40,0.9910154,0.03540904
5/17/2021 19:45,1.022031,0.03540904
5/17/2021 19:50,1.032369,0.03540904
5/17/2021 19:55,0.9947076,0.03540904
5/17/2021 20:00,1.002831,0.03540904
5/17/2021 20:05,0.9998769,0.03540904
5/17/2021 20:10,0.9954461,0.03540904
5/17/2021 20:15,0.9984,0.03540904
5/17/2021 20:20,0.9976615,0.03540904
5/17/2021 20:25,0.996923,0.03540904
5/17/2021 20:30,1.001354,0.03540904
5/17/2021 20:35,0.9991384,0.03540904
5/17/2021 20:40,1.002831,0.03540904
5/17/2021 20:45,0.9984,0.03540904
5/17/2021 20:50,0.9888,0.03540904
5/17/2021 20:55,0.996923,0.03540904
5/17/2021 21:00,0.9932307,0.03540904
5/17/2021 21:05,0.996923,0.03540904
5/17/2021 21:10,0.9954461,0.03540904
5/17/2021 21:15,1.002831,0.03540904
5/17/2021 21:20,0.9961846,0.03540904
5/17/2021 21:25,0.9917538,0.03540904
5/17/2021 21:30,0.996923,0.03540904
5/17/2021 21:35,0.9902769,0.03540904
5/17/2021 21:40,0.9836308,0.03540904
5/17/2021 21:45,0.9932307,0.03540904
5/17/2021 21:50,0.9976615,0.03540904
5/17/2021 21:55,0.9902769,0.03540904
5/17/2021 22:00,0.9895384,0.03540904
5/17/2021 22:05,0.9998769,0.03540904
5/17/2021 22:10,0.9895384,0.03540904
5/17/2021 22:15,0.9984,0.03540904
5/17/2021 22:20,0.9954461,0.03540904
5/17/2021 22:25,0.9917538,0.03540904
5/17/2021 22:30,0.9902769,0.03540904
5/17/2021 22:35,0.9777231,0.03540904
5/17/2021 22:40,0.9917538,0.03540904
5/17/2021 22:45,0.9851077,0.03418804
5/17/2021 22:50,0.9910154,0.03418804
5/17/2021 22:55,0.9910154,0.03418804
5/17/2021 23:00,0.9806769,0.03418804
5/17/2021 23:05,0.9902769,0.03418804
5/17/2021 23:10,1.064862,0.03418804
5/17/2021 23:15,0.9806769,0.03418804
5/17/2021 23:20,0.9865846,0.03418804
5/17/2021 23:25,1.030154,0.03418804
5/17/2021 23:30,0.9769846,0.03418804
5/17/2021 23:35,1.009477,0.03418804
5/17/2021 23:40,1.008738,0.03418804
5/17/2021 23:45,1.005785,0.03418804
5/17/2021 23:50,1.005785,0.03418804
5/17/2021 23:55,1.006523,0.03418804
5/18/2021 0:00,1.020554,0.03418804
5/18/2021 0:05,1.009477,0.03418804
5/18/2021 0:10,1.010954,0.03418804
5/18/2021 0:15,1.008738,0.03418804
5/18/2021 0:20,1.005046,0.03418804
5/18/2021 0:25,1.010215,0.03418804
5/18/2021 0:30,1.008,0.03418804
5/18/2021 0:35,1.006523,0.03418804
5/18/2021 0:40,1.005785,0.03418804
5/18/2021 0:45,1.001354,0.03418804
5/18/2021 0:50,1.001354,0.03418804
5/18/2021 0:55,1.005785,0.03418804
5/18/2021 1:00,0.9998769,0.03418804
5/18/2021 1:05,1.003569,0.03418804
5/18/2021 1:10,0.9932307,0.03418804
5/18/2021 1:15,0.9932307,0.03418804
5/18/2021 1:20,0.9910154,0.03418804
5/18/2021 1:25,0.9961846,0.03418804
5/18/2021 1:30,0.9895384,0.03418804
5/18/2021 1:35,0.9865846,0.03418804
5/18/2021 1:40,0.9895384,0.03418804
5/18/2021 1:45,0.9888,0.03418804
5/18/2021 1:50,0.9924923,0.03418804
5/18/2021 1:55,0.9910154,0.03418804
5/18/2021 2:00,0.9865846,0.03418804
5/18/2021 2:05,0.9902769,0.03418804
5/18/2021 2:10,0.9814154,0.03418804
5/18/2021 2:15,0.9806769,0.03418804
5/18/2021 2:20,0.987323,0.03418804
5/18/2021 2:25,0.9888,0.03418804
5/18/2021 2:30,0.9865846,0.03418804
5/18/2021 2:35,0.9895384,0.03418804
5/18/2021 2:40,0.9902769,0.03418804
5/18/2021 2:45,0.9762462,0.03418804
5/18/2021 2:50,0.987323,0.03418804
5/18/2021 2:55,0.9799384,0.03418804
5/18/2021 3:00,0.9851077,0.03418804
5/18/2021 3:05,0.9828923,0.03418804
5/18/2021 3:10,0.987323,0.03418804
5/18/2021 3:15,0.9865846,0.03418804
5/18/2021 3:20,0.9910154,0.03418804
5/18/2021 3:25,0.9888,0.03418804
5/18/2021 3:30,0.9865846,0.03418804
5/18/2021 3:35,0.987323,0.03418804
5/18/2021 3:40,0.987323,0.03418804
5/18/2021 3:45,0.9851077,0.03418804
5/18/2021 3:50,0.9939692,0.03418804
5/18/2021 3:55,0.9947076,0.03418804
5/18/2021 4:00,0.9947076,0.03418804
5/18/2021 4:05,0.9924923,0.03418804
5/18/2021 4:10,0.9961846,0.03418804
5/18/2021 4:15,0.9932307,0.03418804
5/18/2021 4:20,0.9961846,0.03418804
5/18/2021 4:25,0.9917538,0.03418804
5/18/2021 4:30,0.9998769,0.03418804
5/18/2021 4:35,0.9902769,0.03418804
5/18/2021 4:40,0.9924923,0.03418804
5/18/2021 4:45,0.9998769,0.03418804
5/18/2021 4:50,0.9954461,0.03418804
5/18/2021 4:55,0.9954461,0.03418804
5/18/2021 5:00,1.001354,0.03418804
5/18/2021 5:05,0.9984,0.03418804
5/18/2021 5:10,1.001354,0.03418804
5/18/2021 5:15,1.004308,0.03418804
5/18/2021 5:20,0.9976615,0.03418804
5/18/2021 5:25,1.006523,0.03418804
5/18/2021 5:30,0.9924923,0.03418804
5/18/2021 5:35,0.9976615,0.03418804
5/18/2021 5:40,1.005785,0.03418804
5/18/2021 5:45,1.003569,0.03418804
5/18/2021 5:50,1.007262,0.03418804
5/18/2021 5:55,1.002831,0.03418804
5/18/2021 6:00,0.9984,0.03418804
5/18/2021 6:05,1.010954,0.03418804
5/18/2021 6:10,0.9984,0.03418804
5/18/2021 6:15,1.001354,0.03418804
5/18/2021 6:20,1.022031,0.03418804
5/18/2021 6:25,1.052308,0.03418804
5/18/2021 6:30,0.9651692,0.03418804
5/18/2021 6:35,1.016862,0.03418804
5/18/2021 6:40,1.008,0.03418804
5/18/2021 6:45,1.005785,0.03418804
5/18/2021 6:50,1.005785,0.03418804
5/18/2021 6:55,0.9961846,0.03418804
5/18/2021 7:00,1.004308,0.03418804
5/18/2021 7:05,0.9961846,0.03418804
5/18/2021 7:10,0.9984,0.03418804
5/18/2021 7:15,1.001354,0.03418804
5/18/2021 7:20,0.9312,0.03418804
5/18/2021 7:25,0.9053538,0.03418804
5/18/2021 7:30,0.8972307,0.03418804
5/18/2021 7:35,0.8964923,0.03418804
5/18/2021 7:40,0.8950154,0.03418804
5/18/2021 7:45,0.8942769,0.03418804
5/18/2021 7:50,0.8876308,0.03418804
5/18/2021 7:55,0.8891077,0.03418804
5/18/2021 8:00,0.8817231,0.03418804
5/18/2021 8:05,0.8935384,0.03418804
5/18/2021 8:10,0.8817231,0.03418804
5/18/2021 8:15,0.8846769,0.03418804
5/18/2021 8:20,0.8868923,0.03418804
5/18/2021 8:25,0.8817231,0.03418804
5/18/2021 8:30,0.8913231,0.03418804
5/18/2021 8:35,0.8913231,0.03418804
5/18/2021 8:40,0.8846769,0.03418804
5/18/2021 8:45,0.8935384,0.03418804
5/18/2021 8:50,0.8920615,0.03418804
5/18/2021 8:55,0.8846769,0.03418804
5/18/2021 9:00,0.8876308,0.03418804
5/18/2021 9:05,0.8905846,0.03418804
5/18/2021 9:10,0.8913231,0.03418804
5/18/2021 9:15,0.8905846,0.03418804
5/18/2021 9:20,1.008738,0.03418804
5/18/2021 9:25,1.004308,0.03418804
5/18/2021 9:30,1.004308,0.03418804
5/18/2021 9:35,0.9984,0.03418804
5/18/2021 9:40,1.002831,0.03418804
5/18/2021 9:45,1.010215,0.03418804
5/18/2021 9:50,1.006523,0.03418804
5/18/2021 9:55,1.004308,0.03418804
5/18/2021 10:00,1.002831,0.03418804
5/18/2021 10:05,1.010954,0.03418804
5/18/2021 10:10,1.009477,0.03418804
5/18/2021 10:15,1.010954,0.03418804
5/18/2021 10:20,1.002831,0.03418804
5/18/2021 10:25,1.010215,0.03418804
5/18/2021 10:30,1.004308,0.03418804
5/18/2021 10:35,1.005785,0.03418804
5/18/2021 10:40,1.005785,0.03418804
5/18/2021 10:45,1.006523,0.03418804
5/18/2021 10:50,1.007262,0.03418804
5/18/2021 10:55,1.005785,0.03418804
5/18/2021 11:00,1.010954,0.03418804
5/18/2021 11:05,1.008,0.03418804
5/18/2021 11:10,1.006523,0.03418804
5/18/2021 11:15,1.013169,0.03418804
5/18/2021 11:20,1.013908,0.03418804
5/18/2021 11:25,1.010954,0.03418804
5/18/2021 11:30,1.009477,0.03418804
5/18/2021 11:35,1.013908,0.03418804
5/18/2021 11:40,1.006523,0.03418804
5/18/2021 11:45,1.012431,0.03418804
5/18/2021 11:50,1.015385,0.03418804
5/18/2021 11:55,1.012431,0.03418804
5/18/2021 12:00,1.022031,0.03418804
5/18/2021 12:05,1.024246,0.03418804
5/18/2021 12:10,0.9673846,0.03418804
5/18/2021 12:15,1.016123,0.03418804
5/18/2021 12:20,1.019077,0.03418804
5/18/2021 12:25,1.018338,0.03418804
5/18/2021 12:30,1.013908,0.03418804
5/18/2021 12:35,1.008,0.03418804
5/18/2021 12:40,1.015385,0.03418804
5/18/2021 12:45,1.008,0.03418804
5/18/2021 12:50,1.012431,0.03418804
5/18/2021 12:55,1.016862,0.03418804
5/18/2021 13:00,0.9984,0.03418804
5/18/2021 13:05,1.005785,0.03418804
5/18/2021 13:10,1.015385,0.03418804
5/18/2021 13:15,1.002831,0.03418804
5/18/2021 13:20,1.006523,0.03418804
5/18/2021 13:25,0.9976615,0.03418804
5/18/2021 13:30,0.9984,0.03418804
5/18/2021 13:35,1.018338,0.03418804
5/18/2021 13:40,1.007262,0.03418804
5/18/2021 13:45,1.007262,0.03418804
5/18/2021 13:50,1.005785,0.03418804
5/18/2021 13:55,1.004308,0.03418804
5/18/2021 14:00,1.003569,0.03418804
5/18/2021 14:05,1.008,0.03418804
5/18/2021 14:10,1.001354,0.03418804
5/18/2021 14:15,1.010215,0.03418804
5/18/2021 14:20,1.005046,0.03418804
5/18/2021 14:25,1.000615,0.03418804
5/18/2021 14:30,1.002831,0.03418804
5/18/2021 14:35,1.004308,0.03418804
5/18/2021 14:40,1.008,0.03418804
5/18/2021 14:45,1.002831,0.03418804
5/18/2021 14:50,0.996923,0.03418804
5/18/2021 14:55,1.002831,0.03418804
5/18/2021 15:00,1.010954,0.03418804
5/18/2021 15:05,1.000615,0.03418804
5/18/2021 15:10,1.011692,0.03418804
5/18/2021 15:15,1.005785,0.03418804
5/18/2021 15:20,1.004308,0.03418804
5/18/2021 15:25,1.006523,0.03418804
5/18/2021 15:30,1.007262,0.03418804
5/18/2021 15:35,1.008,0.03418804
5/18/2021 15:40,1.000615,0.03418804
5/18/2021 15:45,0.996923,0.03418804
5/18/2021 15:50,0.9961846,0.03418804
5/18/2021 15:55,1.000615,0.03418804
5/18/2021 16:00,0.9984,0.03418804
5/18/2021 16:05,1.001354,0.03418804
5/18/2021 16:10,1.001354,0.03418804
5/18/2021 16:15,0.9998769,0.03418804
5/18/2021 16:20,0.9954461,0.03418804
5/18/2021 16:25,0.9917538,0.03418804
5/18/2021 16:30,1.007262,0.03418804
5/18/2021 16:35,0.9954461,0.03418804
5/18/2021 16:40,0.9984,0.03418804
5/18/2021 16:45,1.001354,0.03418804
5/18/2021 16:50,0.9984,0.03418804
5/18/2021 16:55,0.9888,0.03418804
5/18/2021 17:00,0.9932307,0.03418804
5/18/2021 17:05,0.9851077,0.03418804
5/18/2021 17:10,0.9947076,0.03418804
5/18/2021 17:15,0.9792,0.03418804
5/18/2021 17:20,0.9880615,0.03418804
5/18/2021 17:25,0.987323,0.03418804
5/18/2021 17:30,0.9888,0.03418804
5/18/2021 17:35,0.9799384,0.03418804
5/18/2021 17:40,0.9880615,0.03418804
5/18/2021 17:45,0.9902769,0.03418804
5/18/2021 17:50,0.9888,0.03418804
5/18/2021 17:55,0.9888,0.03418804
5/18/2021 18:00,0.9851077,0.03418804
5/18/2021 18:05,0.9858461,0.03418804
5/18/2021 18:10,0.9924923,0.03418804
5/18/2021 18:15,0.9836308,0.03418804
5/18/2021 18:20,0.9843692,0.03418804
5/18/2021 18:25,0.9880615,0.03418804
5/18/2021 18:30,0.9917538,0.03418804
5/18/2021 18:35,0.9865846,0.03418804
5/18/2021 18:40,0.9821538,0.03418804
5/18/2021 18:45,0.9799384,0.03418804
5/18/2021 18:50,0.9732923,0.03418804
5/18/2021 18:55,0.9806769,0.03418804
5/18/2021 19:00,0.9888,0.03418804
5/18/2021 19:05,0.9880615,0.03418804
5/18/2021 19:10,0.9858461,0.03418804
5/18/2021 19:15,0.9924923,0.03418804
5/18/2021 19:20,0.9732923,0.03418804
5/18/2021 19:25,0.9851077,0.03418804
5/18/2021 19:30,1.018338,0.03418804
5/18/2021 19:35,0.958523,0.03418804
5/18/2021 19:40,0.9607384,0.03418804
5/18/2021 19:45,1.008,0.03418804
5/18/2021 19:50,1.021292,0.03418804
5/18/2021 19:55,1.025723,0.03418804
5/18/2021 20:00,1.010215,0.03418804
5/18/2021 20:05,1.012431,0.03418804
5/18/2021 20:10,0.9998769,0.03418804
5/18/2021 20:15,1.001354,0.03418804
5/18/2021 20:20,1.001354,0.03418804
5/18/2021 20:25,1.004308,0.03418804
5/18/2021 20:30,0.9917538,0.03418804
5/18/2021 20:35,0.9947076,0.03418804
5/18/2021 20:40,0.9984,0.03418804
5/18/2021 20:45,0.9932307,0.03418804
5/18/2021 20:50,1.002092,0.03418804
5/18/2021 20:55,0.9932307,0.03418804
5/18/2021 21:00,0.9917538,0.03418804
5/18/2021 21:05,0.9976615,0.03418804
5/18/2021 21:10,0.9961846,0.03418804
5/18/2021 21:15,0.987323,0.03418804
5/18/2021 21:20,0.9880615,0.03418804
5/18/2021 21:25,0.9947076,0.03418804
5/18/2021 21:30,0.9932307,0.03418804
5/18/2021 21:35,0.9888,0.03418804
5/18/2021 21:40,0.9932307,0.03418804
5/18/2021 21:45,0.9917538,0.03418804
5/18/2021 21:50,0.987323,0.03418804
5/18/2021 21:55,0.9865846,0.03418804
5/18/2021 22:00,0.9910154,0.03418804
5/18/2021 22:05,0.9836308,0.03418804
5/18/2021 22:10,0.9865846,0.03418804
5/18/2021 22:15,0.9843692,0.03418804
5/18/2021 22:20,0.9836308,0.03418804
5/18/2021 22:25,0.9947076,0.03418804
5/18/2021 22:30,0.9888,0.03418804
5/18/2021 22:35,0.9910154,0.03418804
5/18/2021 22:40,0.987323,0.03418804
5/18/2021 22:45,0.9836308,0.03418804
5/18/2021 22:50,0.9814154,0.03418804
5/18/2021 22:55,0.987323,0.03418804
5/18/2021 23:00,0.987323,0.03418804
5/18/2021 23:05,0.9976615,0.03418804
5/18/2021 23:10,0.9865846,0.03418804
5/18/2021 23:15,0.9836308,0.03418804
5/18/2021 23:20,0.9858461,0.03418804
5/18/2021 23:25,1.019077,0.03418804
5/18/2021 23:30,1.012431,0.03418804
5/18/2021 23:35,1.006523,0.03418804
5/18/2021 23:40,1.013169,0.03418804
5/18/2021 23:45,1.008,0.03418804
5/18/2021 23:50,1.004308,0.03418804
5/18/2021 23:55,1.003569,0.03418804
5/19/2021 0:00,1.006523,0.03418804
5/19/2021 0:05,1.001354,0.03418804
5/19/2021 0:10,1.006523,0.03418804
5/19/2021 0:15,1.007262,0.03418804
5/19/2021 0:20,0.9998769,0.03418804
5/19/2021 0:25,0.9984,0.03418804
5/19/2021 0:30,1.008738,0.03418804
5/19/2021 0:35,1.005046,0.03418804
5/19/2021 0:40,0.9961846,0.03418804
5/19/2021 0:45,1.007262,0.03418804
5/19/2021 0:50,1.015385,0.03418804
5/19/2021 0:55,1.005785,0.03540904
5/19/2021 1:00,1.009477,0.03540904
5/19/2021 1:05,0.9998769,0.03540904
5/19/2021 1:10,0.996923,0.03540904
5/19/2021 1:15,1.004308,0.03540904
5/19/2021 1:20,0.996923,0.03540904
5/19/2021 1:25,0.9976615,0.03540904
5/19/2021 1:30,0.9991384,0.03540904
5/19/2021 1:35,0.9917538,0.03540904
5/19/2021 1:40,0.9984,0.03540904
5/19/2021 1:45,0.987323,0.03540904
5/19/2021 1:50,0.9924923,0.03540904
5/19/2021 1:55,0.9902769,0.03540904
5/19/2021 2:00,0.996923,0.03540904
5/19/2021 2:05,0.9939692,0.03540904
5/19/2021 2:10,0.9865846,0.03540904
5/19/2021 2:15,0.9836308,0.03540904
5/19/2021 2:20,0.9821538,0.03540904
5/19/2021 2:25,0.9836308,0.03540904
5/19/2021 2:30,0.9858461,0.03540904
5/19/2021 2:35,0.9865846,0.03540904
5/19/2021 2:40,0.9821538,0.03540904
5/19/2021 2:45,0.9777231,0.03540904
5/19/2021 2:50,0.9806769,0.03540904
5/19/2021 2:55,0.987323,0.03540904
5/19/2021 3:00,0.9836308,0.03540904
5/19/2021 3:05,0.9902769,0.03540904
5/19/2021 3:10,0,-1
5/19/2021 3:15,0,-1
5/19/2021 3:20,0,-1
5/19/2021 3:25,0,-1
5/19/2021 3:30,0,-1
5/19/2021 3:35,0,-1
5/19/2021 3:40,0,-1
5/19/2021 3:45,0,-1
5/19/2021 3:50,0,-1
5/19/2021 3:55,0,-1
5/19/2021 4:00,0,-1
5/19/2021 4:05,0,-1
5/19/2021 4:10,0,-1
5/19/2021 4:15,0,-1
5/19/2021 4:20,0,-1
5/19/2021 4:25,0,-1
5/19/2021 4:30,0,-1
5/19/2021 4:35,0,-1
5/19/2021 4:40,0,-1
5/19/2021 4:45,0,-1
5/19/2021 4:50,0,-1
5/19/2021 4:55,0,-1
5/19/2021 5:00,0,-1
5/19/2021 5:05,0,-1
5/19/2021 5:10,0,-1
5/19/2021 5:15,0,-1
5/19/2021 5:20,0,-1
5/19/2021 5:25,0,-1
5/19/2021 5:30,0,-1
5/19/2021 5:35,0,-1
5/19/2021 5:40,0,-1
5/19/2021 5:45,0,-1
5/19/2021 5:50,0,-1
5/19/2021 5:55,0,-1
5/19/2021 6:00,0,-1
5/19/2021 6:05,0,-1
5/19/2021 6:10,0,-1
5/19/2021 6:15,0,-1
5/19/2021 6:20,0,-1
5/19/2021 6:25,0,-1
5/19/2021 6:30,0,-1
5/19/2021 6:35,0,-1
5/19/2021 6:40,0,-1
5/19/2021 6:45,0,-1
5/19/2021 6:50,0,-1
5/19/2021 6:55,0,-1
5/19/2021 7:00,0,-1
5/19/2021 7:05,0,-1
5/19/2021 7:10,0,-1
5/19/2021 7:15,0,-1
5/19/2021 7:20,0,-1
5/19/2021 7:25,0,-1
5/19/2021 7:30,0,-1
5/19/2021 7:35,0,-1
5/19/2021 7:40,0,-1
5/19/2021 7:45,0,-1
5/19/2021 7:50,0,-1
5/19/2021 7:55,0,-1
5/19/2021 8:00,0,-1
5/19/2021 8:05,0,-1
5/19/2021 8:10,0,-1
5/19/2021 8:15,0,-1
5/19/2021 8:20,0,-1
5/19/2021 8:25,0,-1
5/19/2021 8:30,0,-1
5/19/2021 8:35,0,-1
5/19/2021 8:40,0,-1
5/19/2021 8:45,0,-1
5/19/2021 8:50,0,-1
5/19/2021 8:55,0,-1
5/19/2021 9:00,0,-1
5/19/2021 9:05,0,-1
5/19/2021 9:10,0,-1
5/19/2021 9:15,0,-1
5/19/2021 9:20,0,-1
5/19/2021 9:25,0,-1
5/19/2021 9:30,0,-1
5/19/2021 9:35,0,-1
5/19/2021 9:40,0,-1
5/19/2021 9:45,0,-1
5/19/2021 9:50,0,-1
5/19/2021 9:55,0,-1
5/19/2021 10:00,0,-1
5/19/2021 10:05,0,-1
5/19/2021 10:10,0,-1
5/19/2021 10:15,0,-1
5/19/2021 10:20,0,-1
5/19/2021 10:25,0,-1
5/19/2021 10:30,0,-1
5/19/2021 10:35,0,-1
5/19/2021 10:40,0,-1
5/19/2021 10:45,0,-1
5/19/2021 10:50,0,-1
5/19/2021 10:55,0,-1
5/19/2021 11:00,0,-1
5/19/2021 11:05,0,-1
5/19/2021 11:15,0,-1
5/19/2021 11:20,0,-1
5/19/2021 11:25,0,-1
5/19/2021 11:30,0,-1
5/19/2021 11:35,0,-1
5/19/2021 11:40,0,-1
5/19/2021 11:45,0,-1
5/19/2021 11:50,0,-1
5/19/2021 11:55,0,-1
5/19/2021 12:00,0,-1
5/19/2021 12:05,0,-1
5/19/2021 12:10,0,-1
5/19/2021 12:15,0,-1
5/19/2021 12:20,0,-1
5/19/2021 12:25,0,-1
5/19/2021 12:30,0,-1
5/19/2021 12:35,0,-1
5/19/2021 12:40,0,-1
5/19/2021 12:45,0,-1
5/19/2021 12:50,0,-1
5/19/2021 12:55,0,-1
5/19/2021 13:00,0,-1
5/19/2021 13:05,0,-1
5/19/2021 13:10,0,-1
5/19/2021 13:15,0,-1
5/19/2021 13:20,0,-1
5/19/2021 13:25,0,-1
5/19/2021 13:30,0,-1
5/19/2021 13:35,0,-1
5/19/2021 13:40,0,-1
5/19/2021 13:45,0,-1
5/19/2021 13:50,0,-1
5/19/2021 13:55,0,-1
5/19/2021 14:00,0,-1
5/19/2021 14:05,0,-1
5/19/2021 14:10,0,-1
5/19/2021 14:15,0,-1
5/19/2021 14:20,0,-1
5/19/2021 14:25,0,-1
5/19/2021 14:30,0,-1
5/19/2021 14:35,0,-1
5/19/2021 14:40,0,-1
5/19/2021 14:45,0,-1
5/19/2021 14:50,0,-1
5/19/2021 14:55,0,-1
5/19/2021 15:00,0,-1
5/19/2021 15:05,0,-1
5/19/2021 15:10,0,-1
5/19/2021 15:15,0,-1
5/19/2021 15:20,0,-1
5/19/2021 15:25,0,-1
5/19/2021 15:30,0,-1
5/19/2021 15:35,0,-1
5/19/2021 15:40,0,-1
5/19/2021 15:45,0,-1
5/19/2021 15:50,0,-1
5/19/2021 15:55,0,-1
5/19/2021 16:00,0,-1
5/19/2021 16:05,0,-1
5/19/2021 16:10,0,-1
5/19/2021 16:15,0,-1
5/19/2021 16:20,0,-1
5/19/2021 16:25,0,-1
5/19/2021 16:30,0,-1
5/19/2021 16:35,0,-1
5/19/2021 16:40,0,-1
5/19/2021 16:45,0,-1
5/19/2021 16:50,0,-1
5/19/2021 16:55,0,-1
5/19/2021 17:00,0,-1
5/19/2021 17:05,0,-1
5/19/2021 17:10,0,-1
5/19/2021 17:15,0,-1
5/19/2021 17:20,0,-1
5/19/2021 17:25,0,-1
5/19/2021 17:30,0,-1
5/19/2021 17:35,0,-1
5/19/2021 17:40,0,-1
5/19/2021 17:45,0,-1
5/19/2021 17:50,0,-1
5/19/2021 17:55,0,-1
5/19/2021 18:00,0,-1
5/19/2021 18:05,0,-1
5/19/2021 18:10,0,-1
5/19/2021 18:15,0,-1
5/19/2021 18:20,0,-1
5/19/2021 18:25,0,-1
5/19/2021 18:30,0,-1
5/19/2021 18:35,0,-1
5/19/2021 18:40,0,-1
5/19/2021 18:45,0,-1
5/19/2021 18:50,0,-1
5/19/2021 18:55,0,-1
5/19/2021 19:00,0,-1
5/19/2021 19:05,0,-1
5/19/2021 19:10,0,-1
5/19/2021 19:15,0,-1
5/19/2021 19:20,0,-1
5/19/2021 19:25,0,-1
5/19/2021 19:30,0,-1
5/19/2021 19:35,0,-1
5/19/2021 19:40,0,-1
5/19/2021 19:45,0,-1
5/19/2021 19:50,0,0.08302809
5/19/2021 19:55,0,-1
5/19/2021 20:00,0,-1
5/19/2021 20:05,0,-1
5/19/2021 20:10,0,-1
5/19/2021 20:15,0,-1
5/19/2021 20:20,0,-1
5/19/2021 20:25,0,-1
5/19/2021 20:30,0,-1
5/19/2021 20:35,0,-1
5/19/2021 20:40,0,-1
5/19/2021 20:45,0,-1
5/19/2021 20:50,0,-1
5/19/2021 20:55,0,-1
5/19/2021 21:00,0,-1
5/19/2021 21:05,0,-1
5/19/2021 21:10,0,-1
5/19/2021 21:15,0,-1
5/19/2021 21:20,0,-1
5/19/2021 21:25,0,-1
5/19/2021 21:30,0,-1
5/19/2021 21:35,0,-1
5/19/2021 21:40,0,-1
5/19/2021 21:45,0,-1
5/19/2021 21:50,0,-1
5/19/2021 21:55,0,-1
5/19/2021 22:00,0,-1
5/19/2021 22:05,0,-1
5/19/2021 22:10,0,-1
5/19/2021 22:15,0,-1
5/19/2021 22:20,0,-1
5/19/2021 22:25,0,-1
5/19/2021 22:30,0,-1
5/19/2021 22:35,0,-1
5/19/2021 22:40,0,-1
5/19/2021 22:45,0,-1
5/19/2021 22:50,0,-1
5/19/2021 22:55,0,-1
5/19/2021 23:00,0,-1
5/19/2021 23:05,0,-1
5/19/2021 23:10,0,-1
5/19/2021 23:15,0,-1
5/19/2021 23:20,0,-1
5/19/2021 23:25,0,-1
5/19/2021 23:30,0,-1
5/19/2021 23:35,0,-1
5/19/2021 23:40,0,-1
5/19/2021 23:45,0,-1
5/19/2021 23:50,0,-1
5/19/2021 23:55,0,-1
5/20/2021 0:00,0,-1
5/20/2021 0:05,0,-1
5/20/2021 0:10,0,-1
5/20/2021 0:15,0,-1
5/20/2021 0:20,0,-1
5/20/2021 0:25,0,-1
5/20/2021 0:30,0,-1
5/20/2021 0:35,0,-1
5/20/2021 0:40,0,-1
5/20/2021 0:45,0,-1
5/20/2021 0:50,0,-1
5/20/2021 0:55,0,-1
5/20/2021 1:00,0,-1
5/20/2021 1:05,0,-1
5/20/2021 1:10,0,-1
5/20/2021 1:15,0,-1
5/20/2021 1:20,0,-1
5/20/2021 1:25,0,-1
5/20/2021 1:30,0,-1
5/20/2021 1:35,0,-1
5/20/2021 1:40,0,-1
5/20/2021 1:45,0,-1
5/20/2021 1:50,0,-1
5/20/2021 1:55,0,-1
5/20/2021 2:00,0,-1
5/20/2021 2:05,0,-1
5/20/2021 2:10,0,-1
5/20/2021 2:15,0,-1
5/20/2021 2:20,0,-1
5/20/2021 2:25,0,-1
5/20/2021 2:30,0,-1
5/20/2021 2:35,0,-1
5/20/2021 2:40,0,-1
5/20/2021 2:45,0,-1
5/20/2021 2:50,0,-1
5/20/2021 2:55,0,-1
5/20/2021 3:00,0,-1
5/20/2021 3:05,0,-1
5/20/2021 3:10,0,-1
5/20/2021 3:15,0,-1
5/20/2021 3:20,0,-1
5/20/2021 3:25,0,-1
5/20/2021 3:30,0,-1
5/20/2021 3:35,0,-1
5/20/2021 3:40,0,-1
5/20/2021 3:45,0,-1
5/20/2021 3:50,0,-1
5/20/2021 3:55,0,-1
5/20/2021 4:00,0,-1
5/20/2021 4:05,0,-1
5/20/2021 4:10,0,-1
5/20/2021 4:15,0,-1
5/20/2021 4:20,0,-1
5/20/2021 4:25,0,-1
5/20/2021 4:30,0,-1
5/20/2021 4:35,0,-1
5/20/2021 4:40,0,-1
5/20/2021 4:45,0,-1
5/20/2021 4:50,0,-1
5/20/2021 4:55,0,-1
5/20/2021 5:00,0,-1
5/20/2021 5:05,0,-1
5/20/2021 5:10,0,-1
5/20/2021 5:15,0,-1
5/20/2021 5:20,0,-1
5/20/2021 5:25,0,-1
5/20/2021 5:30,0,-1
5/20/2021 5:35,0,-1
5/20/2021 5:40,0,-1
5/20/2021 5:45,0,-1
5/20/2021 5:50,0,-1
5/20/2021 5:55,0,-1
5/20/2021 6:00,0,-1
5/20/2021 6:05,0,-1
5/20/2021 6:10,0,-1
5/20/2021 6:15,0,-1
5/20/2021 6:20,0,-1
5/20/2021 6:25,0,-1
5/20/2021 6:30,0,-1
5/20/2021 6:35,0,-1
5/20/2021 6:40,0,-1
5/20/2021 6:45,0,-1
5/20/2021 6:50,0,-1
5/20/2021 6:55,0,-1
5/20/2021 7:00,0,-1
5/20/2021 7:05,0,-1
5/20/2021 7:10,0,-1
5/20/2021 7:15,0,-1
5/20/2021 7:20,0,-1
5/20/2021 7:25,0,-1
5/20/2021 7:30,0,-1
5/20/2021 7:35,0,-1
5/20/2021 7:40,0,-1
5/20/2021 7:45,0,-1
5/20/2021 7:50,0,-1
5/20/2021 7:55,0,-1
5/20/2021 8:00,0,-1
5/20/2021 8:05,0,-1
5/20/2021 8:10,0,-1
5/20/2021 8:15,0,-1
5/20/2021 8:20,0,-1
5/20/2021 8:25,0,-1
5/20/2021 8:30,0,-1
5/20/2021 8:35,0,-1
5/20/2021 8:40,0,-1
5/20/2021 8:45,0,-1
5/20/2021 8:50,0,-1
5/20/2021 8:55,0,-1
5/20/2021 9:00,0,-1
5/20/2021 9:05,0,-1
5/20/2021 9:10,0,-1
5/20/2021 9:15,0,-1
5/20/2021 9:20,0,-1
5/20/2021 9:25,0,-1
5/20/2021 9:30,0,-1
5/20/2021 9:35,0,-1
5/20/2021 9:40,0,-1
5/20/2021 9:45,0,-1
5/20/2021 9:50,0,-1
5/20/2021 9:55,0,-1
5/20/2021 10:00,0,-1
5/20/2021 10:05,0,-1
5/20/2021 10:10,0,-1
5/20/2021 10:15,0,-1
5/20/2021 10:20,0,-1
5/20/2021 10:25,0,-1
5/20/2021 10:30,0,-1
5/20/2021 10:35,0,-1
5/20/2021 10:40,0,-1
5/20/2021 10:45,0,-1
5/20/2021 10:50,0,-1
5/20/2021 10:55,0,-1
5/20/2021 11:00,0,-1
5/20/2021 11:05,0,-1
5/20/2021 11:10,0,-1
5/20/2021 11:15,0,-1
5/20/2021 11:20,0,-1
5/20/2021 11:25,0,-1
5/20/2021 11:30,0,-1
5/20/2021 11:35,0,-1
5/20/2021 11:40,0,-1
5/20/2021 11:45,0,-1
5/20/2021 11:50,0,-1
5/20/2021 11:55,0,-1
5/20/2021 12:00,0,-1
5/20/2021 12:05,0,-1
5/20/2021 12:10,0,-1
5/20/2021 12:15,0,-1
5/20/2021 12:20,0,-1
5/20/2021 12:25,0,-1
5/20/2021 12:30,0,-1
5/20/2021 12:35,0,-1
5/20/2021 12:40,0,-1
5/20/2021 12:45,0,-1
5/20/2021 12:50,0,-1
5/20/2021 12:55,0,-1
5/20/2021 13:00,0,-1
5/20/2021 13:05,0,-1
5/20/2021 13:10,0,-1
5/20/2021 13:15,0,-1
5/20/2021 13:20,0,-1
5/20/2021 13:25,0,-1
5/20/2021 13:30,0,-1
5/20/2021 13:35,0,-1
5/20/2021 13:40,0,-1
5/20/2021 13:45,0,-1
5/20/2021 13:50,0,-1
5/20/2021 13:55,0,-1
5/20/2021 14:00,0,-1
5/20/2021 14:05,0,-1
5/20/2021 14:10,0,-1
5/20/2021 14:15,0,-1
5/20/2021 14:20,0,-1
5/20/2021 14:25,0,-1
5/20/2021 14:30,0,-1
5/20/2021 14:35,0,-1
5/20/2021 14:40,0,-1
5/20/2021 14:45,0,-1
5/20/2021 14:50,0,-1
5/20/2021 14:55,0,-1
5/20/2021 15:00,0,-1
5/20/2021 15:05,0,-1
5/20/2021 15:10,0,-1
5/20/2021 15:15,0,-1
5/20/2021 15:20,0,-1
5/20/2021 15:25,0,-1
5/20/2021 15:30,0,-1
5/20/2021 15:35,0,-1
5/20/2021 15:40,0,-1
5/20/2021 15:45,0,-1
5/20/2021 15:50,0,-1
5/20/2021 15:55,0,-1
5/20/2021 16:00,0,-1
5/20/2021 16:05,0,-1
5/20/2021 16:10,0,-1
5/20/2021 16:15,0,-1
5/20/2021 16:20,0,-1
5/20/2021 16:25,0,-1
5/20/2021 16:30,0,-1
5/20/2021 16:35,0,-1
5/20/2021 16:40,0,-1
5/20/2021 16:45,0,-1
5/20/2021 16:50,0,-1
5/20/2021 16:55,0,-1
5/20/2021 17:00,0,-1
5/20/2021 17:05,0,-1
5/20/2021 17:10,0,-1
5/20/2021 17:15,0,-1
5/20/2021 17:20,0,-1
5/20/2021 17:25,0,-1
5/20/2021 17:30,0,-1
5/20/2021 17:35,0,-1
5/20/2021 17:40,0,-1
5/20/2021 17:45,0,-1
5/20/2021 17:50,0,-1
5/20/2021 17:55,0,-1
5/20/2021 18:00,0,-1
5/20/2021 18:05,0,-1
5/20/2021 18:10,0,-1
5/20/2021 18:15,0,-1
5/20/2021 18:20,0,-1
5/20/2021 18:25,0,-1
5/20/2021 18:30,0,-1
5/20/2021 18:35,0,-1
5/20/2021 18:40,0,-1
5/20/2021 18:45,0,-1
5/20/2021 18:50,0,-1
5/20/2021 18:55,0,-1
5/20/2021 19:00,0,-1
5/20/2021 19:05,0,-1
5/20/2021 19:10,0,-1
5/20/2021 19:15,0,-1
5/20/2021 19:20,0,-1
5/20/2021 19:25,0,-1
5/20/2021 19:30,0,-1
5/20/2021 19:35,0,-1
5/20/2021 19:40,0,-1
5/20/2021 19:45,0,-1
5/20/2021 19:50,0,-1
5/20/2021 19:55,0,-1
5/20/2021 20:00,0,-1
5/20/2021 20:05,0,-1
5/20/2021 20:10,0,-1
5/20/2021 20:15,0,-1
5/20/2021 20:20,0,-1
5/20/2021 20:25,0,-1
5/20/2021 20:30,0,-1
5/20/2021 20:35,0,-1
5/20/2021 20:40,0,-1
5/20/2021 20:45,0,-1
5/20/2021 20:50,0,-1
5/20/2021 20:55,0,-1
5/20/2021 21:00,0,-1
5/20/2021 21:05,0,-1
5/20/2021 21:10,0,-1
5/20/2021 21:15,0,-1
5/20/2021 21:20,0,-1
5/20/2021 21:25,0,-1
5/20/2021 21:30,0,-1
5/20/2021 21:35,0,-1
5/20/2021 21:40,0,-1
5/20/2021 21:45,0,-1
5/20/2021 21:50,1.087754,0.1147741
5/20/2021 21:55,1.089231,0.2991453
5/20/2021 22:00,1.092185,0.6544567
5/20/2021 22:05,1.095877,0.5079365
5/20/2021 22:10,1.093662,0.3076923
5/20/2021 22:15,1.093662,0.2283272
5/20/2021 22:20,1.101785,0.1831502
5/20/2021 22:25,1.1136,0.1489622
5/20/2021 22:30,1.095877,0.1269841
5/20/2021 22:35,1.095138,0.1098901
5/20/2021 22:40,1.098831,0.0964591
5/20/2021 22:45,1.106215,0.08669109
5/20/2021 22:50,1.105477,0.07814408
5/20/2021 22:55,1.105477,0.07081807
5/20/2021 23:00,1.105477,0.06593407
5/20/2021 23:05,1.095877,0.06227106
5/20/2021 23:10,1.091446,0.05738706
5/20/2021 23:15,1.092923,0.05616606
5/20/2021 23:20,1.101046,0.05372405
5/20/2021 23:25,1.087754,0.05128205
5/20/2021 23:30,1.0944,0.05006105
5/20/2021 23:35,1.090708,0.04884005
5/20/2021 23:40,1.104,0.04639805
5/20/2021 23:45,1.092185,0.04639805
5/20/2021 23:50,1.093662,0.04517705
5/20/2021 23:55,1.095138,0.04395605
5/21/2021 0:00,1.085538,0.04395605
5/21/2021 0:05,1.091446,0.04395605
5/21/2021 0:10,1.087015,0.04273504
5/21/2021 0:15,1.097354,0.04273504
5/21/2021 0:20,1.090708,0.04151404
5/21/2021 0:25,1.089969,0.04151404
5/21/2021 0:30,1.095877,0.04151404
5/21/2021 0:35,1.0944,0.04151404
5/21/2021 0:40,1.090708,0.04151404
5/21/2021 0:45,1.098831,0.04151404
5/21/2021 0:50,1.089231,0.04151404
5/21/2021 0:55,1.101046,0.04029304
5/21/2021 1:00,1.090708,0.04029304
5/21/2021 1:05,1.105477,0.04029304
5/21/2021 1:10,1.087754,0.04029304
5/21/2021 1:15,1.092923,0.04029304
5/21/2021 1:20,1.089231,0.04029304
5/21/2021 1:25,1.099569,0.04029304
5/21/2021 1:30,1.095138,0.04029304
5/21/2021 1:35,1.095877,0.04029304
5/21/2021 1:40,1.099569,0.04029304
5/21/2021 1:45,1.089969,0.04029304
5/21/2021 1:50,1.092185,0.04029304
5/21/2021 1:55,1.098092,0.04029304
5/21/2021 2:00,1.102523,0.04029304
5/21/2021 2:05,1.093662,0.04029304
5/21/2021 2:10,1.098092,0.04029304
5/21/2021 2:15,1.093662,0.04029304
5/21/2021 2:20,1.093662,0.04029304
5/21/2021 2:25,1.096615,0.04029304
5/21/2021 2:30,1.0944,0.04029304
5/21/2021 2:35,1.0944,0.04029304
5/21/2021 2:40,1.104,0.03907204
5/21/2021 2:45,1.100308,0.03907204
5/21/2021 2:50,1.0944,0.03907204
5/21/2021 2:55,1.104738,0.03907204
5/21/2021 3:00,1.098831,0.03907204
5/21/2021 3:05,1.092185,0.03907204
5/21/2021 3:10,1.101785,0.03907204
5/21/2021 3:15,1.107692,0.03907204
5/21/2021 3:20,1.105477,0.03907204
5/21/2021 3:25,1.103261,0.03907204
5/21/2021 3:30,1.097354,0.03907204
5/21/2021 3:35,1.099569,0.03907204
5/21/2021 3:40,1.101046,0.03907204
5/21/2021 3:45,1.096615,0.03907204
5/21/2021 3:50,1.106954,0.03907204
5/21/2021 3:55,1.101785,0.03907204
5/21/2021 4:00,1.104738,0.03785104
5/21/2021 4:05,1.103261,0.03785104
5/21/2021 4:10,1.0944,0.03785104
5/21/2021 4:15,1.104738,0.03785104
5/21/2021 4:20,1.104,0.03785104
5/21/2021 4:25,1.101785,0.03785104
5/21/2021 4:30,1.097354,0.03785104
5/21/2021 4:35,1.096615,0.03785104
5/21/2021 4:40,1.089969,0.03785104
5/21/2021 4:45,1.090708,0.03785104
5/21/2021 4:50,1.093662,0.03785104
5/21/2021 4:55,1.092185,0.03785104
5/21/2021 5:00,1.092923,0.03785104
5/21/2021 5:05,1.097354,0.03785104
5/21/2021 5:10,1.095877,0.03785104
5/21/2021 5:15,1.089969,0.03785104
5/21/2021 5:20,1.092185,0.03785104
5/21/2021 5:25,1.092185,0.03785104
5/21/2021 5:30,1.097354,0.03785104
5/21/2021 5:35,1.092185,0.03785104
5/21/2021 5:40,1.101785,0.03785104
5/21/2021 5:45,1.106215,0.03785104
5/21/2021 5:50,1.093662,0.03785104
5/21/2021 5:55,1.103261,0.03785104
5/21/2021 6:00,1.100308,0.03785104
5/21/2021 6:05,1.093662,0.03785104
5/21/2021 6:10,1.098092,0.03785104
5/21/2021 6:15,1.092185,0.03785104
5/21/2021 6:20,1.088492,0.03785104
5/21/2021 6:25,1.097354,0.03785104
5/21/2021 6:30,1.092185,0.03785104
5/21/2021 6:35,1.098831,0.03785104
5/21/2021 6:40,1.0944,0.03785104
5/21/2021 6:45,1.095877,0.03785104
5/21/2021 6:50,1.086277,0.03785104
5/21/2021 6:55,1.092185,0.03785104
5/21/2021 7:00,1.091446,0.03785104
5/21/2021 7:05,1.089231,0.03785104
5/21/2021 7:10,1.0944,0.03785104
5/21/2021 7:15,1.092923,0.03785104
5/21/2021 7:20,1.082585,0.03785104
5/21/2021 7:25,1.092923,0.03785104
5/21/2021 7:30,1.092185,0.03785104
5/21/2021 7:35,1.088492,0.03785104
5/21/2021 7:40,1.092185,0.03785104
5/21/2021 7:45,1.089969,0.03785104
5/21/2021 7:50,1.092185,0.03785104
5/21/2021 7:55,1.0944,0.03785104
5/21/2021 8:00,1.102523,0.03785104
5/21/2021 8:05,1.090708,0.03785104
5/21/2021 8:10,1.095138,0.03785104
5/21/2021 8:15,1.0944,0.03785104
5/21/2021 8:20,1.0944,0.03785104
5/21/2021 8:25,1.095877,0.03785104
5/21/2021 8:30,1.093662,0.03785104
5/21/2021 8:35,1.093662,0.03785104
5/21/2021 8:40,1.081108,0.03785104
5/21/2021 8:45,1.087015,0.03785104
5/21/2021 8:50,1.0848,0.03785104
5/21/2021 8:55,1.088492,0.03785104
5/21/2021 9:00,1.0944,0.03785104
5/21/2021 9:05,1.098831,0.03785104
5/21/2021 9:10,1.079631,0.03785104
5/21/2021 9:15,1.0848,0.03785104
5/21/2021 9:20,1.185231,0.03785104
5/21/2021 9:25,1.0848,0.03785104
5/21/2021 9:30,1.087754,0.03785104
5/21/2021 9:35,1.185969,0.03785104
5/21/2021 9:40,1.157908,0.03785104
5/21/2021 9:45,1.249477,0.03785104
5/21/2021 9:50,1.217723,0.03785104
5/21/2021 9:55,1.204431,0.03785104
5/21/2021 10:00,1.202954,0.03785104
5/21/2021 10:05,1.205908,0.03785104
5/21/2021 10:10,1.208862,0.03785104
5/21/2021 10:15,1.200738,0.03785104
5/21/2021 10:20,1.203692,0.03785104
5/21/2021 10:25,1.202954,0.03785104
5/21/2021 10:30,1.201477,0.03785104
5/21/2021 10:35,1.205908,0.03785104
5/21/2021 10:40,1.200738,0.03785104
5/21/2021 10:45,1.204431,0.03785104
5/21/2021 10:50,1.206646,0.03785104
5/21/2021 10:55,1.205908,0.03785104
5/21/2021 11:00,1.201477,0.03785104
5/21/2021 11:05,1.204431,0.03785104
5/21/2021 11:10,1.212554,0.03785104
5/21/2021 11:15,1.201477,0.03785104
5/21/2021 11:20,1.205908,0.03785104
5/21/2021 11:25,1.199262,0.03785104
5/21/2021 11:30,1.205908,0.03785104
5/21/2021 11:35,1.205169,0.03785104
5/21/2021 11:40,1.211815,0.03785104
5/21/2021 11:45,1.211077,0.03785104
5/21/2021 11:50,1.202954,0.03785104
5/21/2021 11:55,1.202215,0.03785104
5/21/2021 12:00,1.205908,0.03785104
5/21/2021 12:05,1.212554,0.03785104
5/21/2021 12:10,1.208123,0.03785104
5/21/2021 12:15,1.213292,0.03785104
5/21/2021 12:20,1.207385,0.03785104
5/21/2021 12:25,1.216246,0.03785104
5/21/2021 12:30,1.207385,0.03785104
5/21/2021 12:35,1.205908,0.03785104
5/21/2021 12:40,1.210338,0.03785104
5/21/2021 12:45,1.214031,0.03785104
5/21/2021 12:50,1.214031,0.03785104
5/21/2021 12:55,1.208862,0.03785104
5/21/2021 13:00,1.220677,0.03785104
5/21/2021 13:05,1.218462,0.03785104
5/21/2021 13:10,1.206646,0.03785104
5/21/2021 13:15,1.216985,0.03785104
5/21/2021 13:20,1.216246,0.03785104
5/21/2021 13:25,1.202954,0.03785104
5/21/2021 13:30,1.214031,0.03785104
5/21/2021 13:35,1.221415,0.03785104
5/21/2021 13:40,1.205169,0.03785104
5/21/2021 13:45,1.2192,0.03785104
5/21/2021 13:50,1.204431,0.03785104
5/21/2021 13:55,1.211815,0.03785104
5/21/2021 14:00,1.212554,0.03785104
5/21/2021 14:05,1.214031,0.03785104
5/21/2021 14:10,1.202215,0.03785104
5/21/2021 14:15,1.204431,0.03785104
5/21/2021 14:20,1.206646,0.03785104
5/21/2021 14:25,1.210338,0.03785104
5/21/2021 14:30,1.200738,0.03785104
5/21/2021 14:35,1.205908,0.03785104
5/21/2021 14:40,1.206646,0.03785104
5/21/2021 14:45,1.200738,0.03785104
5/21/2021 14:50,1.206646,0.03785104
5/21/2021 14:55,1.204431,0.03785104
5/21/2021 15:00,1.202954,0.03785104
5/21/2021 15:05,1.194831,0.03785104
5/21/2021 15:10,1.201477,0.03785104
5/21/2021 15:15,1.208862,0.03785104
5/21/2021 15:20,1.214031,0.03785104
5/21/2021 15:25,1.193354,0.03785104
5/21/2021 15:30,1.210338,0.03785104
5/21/2021 15:35,1.202954,0.03907204
5/21/2021 15:40,1.205169,0.03907204
5/21/2021 15:45,1.205908,0.03907204
5/21/2021 15:50,1.203692,0.03907204
5/21/2021 15:55,1.201477,0.03907204
5/21/2021 16:00,1.196308,0.03907204
5/21/2021 16:05,1.202954,0.03907204
5/21/2021 16:10,1.208862,0.03907204
5/21/2021 16:15,1.200738,0.03907204
5/21/2021 16:20,1.2,0.03907204
5/21/2021 16:25,1.200738,0.03907204
5/21/2021 16:30,1.191877,0.03907204
5/21/2021 16:35,1.216985,0.03907204
5/21/2021 16:40,1.199262,0.03907204
5/21/2021 16:45,1.208123,0.03907204
5/21/2021 16:50,1.201477,0.03907204
5/21/2021 16:55,1.208123,0.03907204
5/21/2021 17:00,1.194831,0.03907204
5/21/2021 17:05,1.207385,0.04029304
5/21/2021 17:10,1.197785,0.04029304
5/21/2021 17:15,1.188923,0.03907204
5/21/2021 17:20,1.197046,0.03907204
5/21/2021 17:25,1.197046,0.03907204
5/21/2021 17:30,1.193354,0.03907204
5/21/2021 17:35,1.201477,0.03907204
5/21/2021 17:40,1.198523,0.03907204
5/21/2021 17:45,1.185231,0.03907204
5/21/2021 17:50,1.203692,0.03907204
5/21/2021 17:55,1.199262,0.03907204
5/21/2021 18:00,1.197046,0.03907204
5/21/2021 18:05,1.193354,0.04029304
5/21/2021 18:10,1.195569,0.04029304
5/21/2021 18:15,1.192615,0.04029304
5/21/2021 18:20,1.200738,0.04029304
5/21/2021 18:25,1.2,0.04029304
5/21/2021 18:30,1.204431,0.04029304
5/21/2021 18:35,1.192615,0.04029304
5/21/2021 18:40,1.202215,0.04029304
5/21/2021 18:45,1.184492,0.04029304
5/21/2021 18:50,1.200738,0.04029304
5/21/2021 18:55,1.191877,0.04029304
5/21/2021 19:00,1.189662,0.04029304
5/21/2021 19:05,1.193354,0.04029304
5/21/2021 19:10,1.181538,0.04029304
5/21/2021 19:15,1.194092,0.04029304
5/21/2021 19:20,1.194831,0.04029304
5/21/2021 19:25,1.194092,0.04029304
5/21/2021 19:30,1.183015,0.04029304
5/21/2021 19:35,1.195569,0.04029304
5/21/2021 19:40,1.184492,0.04029304
5/21/2021 19:45,1.191877,0.04029304
5/21/2021 19:50,1.195569,0.04029304
5/21/2021 19:55,1.191877,0.04029304
5/21/2021 20:00,1.193354,0.04029304
5/21/2021 20:05,1.194831,0.04029304
5/21/2021 20:10,1.199262,0.04029304
5/21/2021 20:15,1.191138,0.04029304
5/21/2021 20:20,1.191138,0.04029304
5/21/2021 20:25,1.1904,0.04029304
5/21/2021 20:30,1.188184,0.04029304
5/21/2021 20:35,1.198523,0.04029304
5/21/2021 20:40,1.187446,0.04029304
5/21/2021 20:45,1.182277,0.04029304
5/21/2021 20:50,1.182277,0.04029304
5/21/2021 20:55,1.179323,0.04029304
5/21/2021 21:00,1.216246,0.04029304
5/21/2021 21:05,1.233231,0.04029304
5/21/2021 21:10,1.149785,0.04029304
5/21/2021 21:15,1.146831,0.04029304
5/21/2021 21:20,1.145354,0.04029304
5/21/2021 21:25,1.214769,0.04029304
5/21/2021 21:30,1.220677,0.04029304
5/21/2021 21:35,1.222154,0.04029304
5/21/2021 21:40,1.214031,0.04029304
5/21/2021 21:45,1.214031,0.04029304
5/21/2021 21:50,1.223631,0.03907204
5/21/2021 21:55,1.214769,0.03907204
5/21/2021 22:00,1.203692,0.03907204
5/21/2021 22:05,1.215508,0.03907204
5/21/2021 22:10,1.205908,0.03907204
5/21/2021 22:15,1.220677,0.03907204
5/21/2021 22:20,1.205908,0.03785104
5/21/2021 22:25,1.211815,0.03785104
5/21/2021 22:30,1.219938,0.03785104
5/21/2021 22:35,1.214031,0.03785104
5/21/2021 22:40,1.207385,0.03785104
5/21/2021 22:45,1.208862,0.03785104
5/21/2021 22:50,1.210338,0.03785104
5/21/2021 22:55,1.197785,0.03785104
5/21/2021 23:00,1.2096,0.03785104
5/21/2021 23:05,1.214769,0.03785104
5/21/2021 23:10,1.212554,0.03785104
5/21/2021 23:15,1.210338,0.03785104
5/21/2021 23:20,1.207385,0.03785104
5/21/2021 23:25,1.200738,0.03785104
5/21/2021 23:30,1.193354,0.03785104
5/21/2021 23:35,1.202954,0.03785104
5/21/2021 23:40,1.210338,0.03785104
5/21/2021 23:45,1.188923,0.03785104
5/21/2021 23:50,1.193354,0.03785104
5/21/2021 23:55,1.196308,0.03785104
5/22/2021 0:00,1.2,0.03785104
5/22/2021 0:05,1.191138,0.03785104
5/22/2021 0:10,1.200738,0.03663004
5/22/2021 0:15,1.201477,0.03663004
5/22/2021 0:20,1.197046,0.03663004
5/22/2021 0:25,1.2,0.03663004
5/22/2021 0:30,1.203692,0.03663004
5/22/2021 0:35,1.194831,0.03663004
5/22/2021 0:40,1.198523,0.03663004
5/22/2021 0:45,1.194831,0.03663004
5/22/2021 0:50,1.1904,0.03663004
5/22/2021 0:55,1.197785,0.03663004
5/22/2021 1:00,1.186708,0.03663004
5/22/2021 1:05,1.196308,0.03663004
5/22/2021 1:10,1.193354,0.03663004
5/22/2021 1:15,1.191877,0.03663004
5/22/2021 1:20,1.198523,0.03663004
5/22/2021 1:25,1.201477,0.03663004
5/22/2021 1:30,1.193354,0.03663004
5/22/2021 1:35,1.193354,0.03663004
5/22/2021 1:40,1.192615,0.03663004
5/22/2021 1:45,1.191138,0.03663004
5/22/2021 1:50,1.189662,0.03663004
5/22/2021 1:55,1.189662,0.03663004
5/22/2021 2:00,1.188923,0.03663004
5/22/2021 2:05,1.188184,0.03663004
5/22/2021 2:10,1.182277,0.03663004
5/22/2021 2:15,1.188184,0.03663004
5/22/2021 2:20,1.188923,0.03663004
5/22/2021 2:25,1.188923,0.03663004
5/22/2021 2:30,1.1904,0.03663004
5/22/2021 2:35,1.172677,0.03663004
5/22/2021 2:40,1.239138,0.03663004
5/22/2021 2:45,1.216985,0.03663004
5/22/2021 2:50,1.205169,0.03663004
5/22/2021 2:55,1.211077,0.03663004
5/22/2021 3:00,1.208862,0.03663004
5/22/2021 3:05,1.212554,0.03663004
5/22/2021 3:10,1.202215,0.03663004
5/22/2021 3:15,1.212554,0.03663004
5/22/2021 3:20,1.202954,0.03663004
5/22/2021 3:25,1.2,0.03663004
5/22/2021 3:30,1.205908,0.03663004
5/22/2021 3:35,1.202954,0.03663004
5/22/2021 3:40,1.206646,0.03663004
5/22/2021 3:45,1.211815,0.03663004
5/22/2021 3:50,1.212554,0.03663004
5/22/2021 3:55,1.202954,0.03540904
5/22/2021 4:00,1.208862,0.03663004
5/22/2021 4:05,1.201477,0.03540904
5/22/2021 4:10,1.205908,0.03540904
5/22/2021 4:15,1.208862,0.03540904
5/22/2021 4:20,1.213292,0.03663004
5/22/2021 4:25,1.202954,0.03663004
5/22/2021 4:30,1.009477,0.03663004
5/22/2021 4:35,1.001354,0.03540904
5/22/2021 4:40,1.002831,0.03540904
5/22/2021 4:45,1.005785,0.03663004
5/22/2021 4:50,0.9932307,0.03663004
5/22/2021 4:55,0.9984,0.03663004
5/22/2021 5:00,1.001354,0.03663004
5/22/2021 5:05,1.006523,0.03663004
5/22/2021 5:10,1.006523,0.03663004
5/22/2021 5:15,0.996923,0.03663004
5/22/2021 5:20,0.9924923,0.03663004
5/22/2021 5:25,0.9947076,0.03663004
5/22/2021 5:30,0.9932307,0.03663004
5/22/2021 5:35,0.9954461,0.03663004
5/22/2021 5:40,0.9947076,0.03663004
5/22/2021 5:45,0.9858461,0.03663004
5/22/2021 5:50,0.9961846,0.03663004
5/22/2021 5:55,0.9880615,0.03663004
5/22/2021 6:00,0.9806769,0.03663004
5/22/2021 6:05,0.9947076,0.03663004
5/22/2021 6:10,0.9851077,0.03663004
5/22/2021 6:15,0.987323,0.03663004
5/22/2021 6:20,0.9902769,0.03663004
5/22/2021 6:25,0.9865846,0.03663004
5/22/2021 6:30,0.9888,0.03663004
5/22/2021 6:35,0.9888,0.03663004
5/22/2021 6:40,0.9851077,0.03663004
5/22/2021 6:45,0.987323,0.03663004
5/22/2021 6:50,0.987323,0.03663004
5/22/2021 6:55,0.9865846,0.03663004
5/22/2021 7:00,0.9902769,0.03663004
5/22/2021 7:05,0.9910154,0.03663004
5/22/2021 7:10,0.9917538,0.03663004
5/22/2021 7:15,0.9851077,0.03663004
5/22/2021 7:20,0.9777231,0.03663004
5/22/2021 7:25,0.9865846,0.03785104
5/22/2021 7:30,0.9888,0.03785104
5/22/2021 7:35,0.9821538,0.03785104
5/22/2021 7:40,0.9880615,0.03663004
5/22/2021 7:45,0.9888,0.03785104
5/22/2021 7:50,0.9828923,0.03785104
5/22/2021 7:55,0.9769846,0.03785104
5/22/2021 8:00,0.9836308,0.03785104
5/22/2021 8:05,1.0176,0.03785104
5/22/2021 8:10,0.9917538,0.03785104
5/22/2021 8:15,0.9902769,0.03785104
5/22/2021 8:20,0.9961846,0.03785104
5/22/2021 8:25,0.9880615,0.03785104
5/22/2021 8:30,0.9910154,0.03785104
5/22/2021 8:35,0.9902769,0.03785104
5/22/2021 8:40,0.9902769,0.03785104
5/22/2021 8:45,0.9836308,0.03785104
5/22/2021 8:50,1.005785,0.03785104
5/22/2021 8:55,1.014646,0.03785104
5/22/2021 9:00,1.014646,0.03785104
5/22/2021 9:05,1.011692,0.03785104
5/22/2021 9:10,1.012431,0.03785104
5/22/2021 9:15,1.013169,0.03785104
5/22/2021 9:20,1.008738,0.03785104
5/22/2021 9:25,1.009477,0.03785104
5/22/2021 9:30,1.012431,0.03785104
5/22/2021 9:35,1.009477,0.03785104
5/22/2021 9:40,1.009477,0.03785104
5/22/2021 9:45,1.013169,0.03785104
5/22/2021 9:50,1.008738,0.03785104
5/22/2021 9:55,1.008,0.03785104
5/22/2021 10:00,1.005046,0.03785104
5/22/2021 10:05,1.009477,0.03785104
5/22/2021 10:10,1.005046,0.03785104
5/22/2021 10:15,1.005046,0.03785104
5/22/2021 10:20,1.007262,0.03785104
5/22/2021 10:25,1.008738,0.03785104
5/22/2021 10:30,0.9998769,0.03785104
5/22/2021 10:35,0.9984,0.03785104
5/22/2021 10:40,1.004308,0.03785104
5/22/2021 10:45,1.002831,0.03785104
5/22/2021 10:50,0.9998769,0.03785104
5/22/2021 10:55,1.002831,0.03785104
5/22/2021 11:00,1.005046,0.03785104
5/22/2021 11:05,0.9984,0.03785104
5/22/2021 11:10,1.001354,0.03785104
5/22/2021 11:15,0.9991384,0.03785104
5/22/2021 11:20,1.002092,0.03785104
5/22/2021 11:25,0.9984,0.03785104
5/22/2021 11:30,0.996923,0.03785104
5/22/2021 11:35,0.9984,0.03785104
5/22/2021 11:40,0.996923,0.03785104
5/22/2021 11:45,0.9976615,0.03785104
5/22/2021 11:50,0.9961846,0.03785104
5/22/2021 11:55,1.001354,0.03785104
5/22/2021 12:00,0.9939692,0.03785104
5/22/2021 12:05,0.9932307,0.03785104
5/22/2021 12:10,0.9947076,0.03785104
5/22/2021 12:15,0.987323,0.03785104
5/22/2021 12:20,0.9888,0.03785104
5/22/2021 12:25,0.996923,0.03785104
5/22/2021 12:30,0.996923,0.03785104
5/22/2021 12:35,0.9939692,0.03785104
5/22/2021 12:40,0.9932307,0.03785104
5/22/2021 12:45,0.9954461,0.03785104
5/22/2021 12:50,0.9902769,0.03785104
5/22/2021 12:55,0.9947076,0.03785104
5/22/2021 13:00,0.9888,0.03785104
5/22/2021 13:05,0.9924923,0.03785104
5/22/2021 13:10,0.987323,0.03785104
5/22/2021 13:15,0.9895384,0.03785104
5/22/2021 13:20,0.9961846,0.03785104
5/22/2021 13:25,0.9851077,0.03785104
5/22/2021 13:30,0.9792,0.03785104
5/22/2021 13:35,0.9910154,0.03785104
5/22/2021 13:40,0.987323,0.03785104
5/22/2021 13:45,0.9828923,0.03785104
5/22/2021 13:50,0.9888,0.03785104
5/22/2021 13:55,0.9836308,0.03785104
5/22/2021 14:00,0.9932307,0.03785104
5/22/2021 14:05,0.9843692,0.03785104
5/22/2021 14:10,0.9895384,0.03785104
5/22/2021 14:15,0.9836308,0.03785104
5/22/2021 14:20,0.9888,0.03785104
5/22/2021 14:25,0.9888,0.03785104
5/22/2021 14:30,0.9843692,0.03785104
5/22/2021 14:35,0.9806769,0.03785104
5/22/2021 14:40,0.987323,0.03785104
5/22/2021 14:45,1.003569,0.03785104
5/22/2021 14:50,1.005785,0.03785104
5/22/2021 14:55,1.004308,0.03785104
5/22/2021 15:00,1.000615,0.03785104
5/22/2021 15:05,0.9998769,0.03785104
5/22/2021 15:10,1.002831,0.03785104
5/22/2021 15:15,1.004308,0.03785104
5/22/2021 15:20,1.002831,0.03785104
5/22/2021 15:25,1.006523,0.03785104
5/22/2021 15:30,1.003569,0.03785104
5/22/2021 15:35,1.002831,0.03785104
5/22/2021 15:40,1.008,0.03785104
5/22/2021 15:45,0.9961846,0.03785104
5/22/2021 15:50,1.003569,0.03785104
5/22/2021 15:55,1.001354,0.03785104
5/22/2021 16:00,1.005046,0.03785104
5/22/2021 16:05,1.001354,0.03785104
5/22/2021 16:10,1.002831,0.03785104
5/22/2021 16:15,0.9932307,0.03785104
5/22/2021 16:20,0.9998769,0.03785104
5/22/2021 16:25,1.001354,0.03785104
5/22/2021 16:30,1.002831,0.03785104
5/22/2021 16:35,1.002092,0.03785104
5/22/2021 16:40,0.9991384,0.03785104
5/22/2021 16:45,1.004308,0.03785104
5/22/2021 16:50,1.002092,0.03785104
5/22/2021 16:55,1.003569,0.03785104
5/22/2021 17:00,0.9991384,0.03785104
5/22/2021 17:05,1.001354,0.03785104
5/22/2021 17:10,1.000615,0.03785104
5/22/2021 17:15,1.006523,0.03785104
5/22/2021 17:20,0.9932307,0.03785104
5/22/2021 17:25,0.9947076,0.03785104
5/22/2021 17:30,0.9991384,0.03785104
5/22/2021 17:35,1.000615,0.03785104
5/22/2021 17:40,1.007262,0.03785104
5/22/2021 17:45,1.004308,0.03785104
5/22/2021 17:50,0.996923,0.03785104
5/22/2021 17:55,0.9954461,0.03785104
5/22/2021 18:00,0.9976615,0.03785104
5/22/2021 18:05,0.9947076,0.03785104
5/22/2021 18:10,1.001354,0.03785104
5/22/2021 18:15,0.996923,0.03785104
5/22/2021 18:20,0.9932307,0.03785104
5/22/2021 18:25,0.9984,0.03785104
5/22/2021 18:30,0.9961846,0.03785104
5/22/2021 18:35,0.9976615,0.03785104
5/22/2021 18:40,0.9961846,0.03785104
5/22/2021 18:45,0.9991384,0.03785104
5/22/2021 18:50,0.9947076,0.03785104
5/22/2021 18:55,0.9998769,0.03785104
5/22/2021 19:00,0.9924923,0.03785104
5/22/2021 19:05,0.9961846,0.03785104
5/22/2021 19:10,0.9998769,0.03785104
5/22/2021 19:15,0.9954461,0.03785104
5/22/2021 19:20,1.002831,0.03785104
5/22/2021 19:25,0.996923,0.03785104
5/22/2021 19:30,0.9961846,0.03785104
5/22/2021 19:35,0.9954461,0.03785104
5/22/2021 19:40,0.9888,0.03785104
5/22/2021 19:45,0.9976615,0.03785104
5/22/2021 19:50,0.9961846,0.03785104
5/22/2021 19:55,0.9976615,0.03785104
5/22/2021 20:00,0.9954461,0.03785104
5/22/2021 20:05,0.996923,0.03785104
5/22/2021 20:10,0.9947076,0.03785104
5/22/2021 20:15,1.002831,0.03785104
5/22/2021 20:20,0.9932307,0.03785104
5/22/2021 20:25,0.9939692,0.03785104
5/22/2021 20:30,0.9932307,0.03785104
5/22/2021 20:35,0.9932307,0.03785104
5/22/2021 20:40,0.9976615,0.03785104
5/22/2021 20:45,0.9924923,0.03785104
5/22/2021 20:50,0.9902769,0.03785104
5/22/2021 20:55,0.9917538,0.03785104
5/22/2021 21:00,0.9902769,0.03785104
5/22/2021 21:05,1.000615,0.03785104
5/22/2021 21:10,0.9947076,0.03785104
5/22/2021 21:15,1.001354,0.03785104
5/22/2021 21:20,0.9961846,0.03785104
5/22/2021 21:25,0.9939692,0.03785104
5/22/2021 21:30,0.9947076,0.03785104
5/22/2021 21:35,0.9917538,0.03785104
5/22/2021 21:40,0.9998769,0.03785104
5/22/2021 21:45,1.002831,0.03785104
5/22/2021 21:50,1.000615,0.03785104
5/22/2021 21:55,0.987323,0.03785104
5/22/2021 22:00,1.000615,0.03785104
5/22/2021 22:05,0.996923,0.03785104
5/22/2021 22:10,0.9976615,0.03785104
5/22/2021 22:15,0.9917538,0.03785104
5/22/2021 22:20,0.9954461,0.03785104
5/22/2021 22:25,0.9954461,0.03785104
5/22/2021 22:30,0.996923,0.03785104
5/22/2021 22:35,0.9976615,0.03785104
5/22/2021 22:40,0.9984,0.03785104
5/22/2021 22:45,0.9991384,0.03785104
5/22/2021 22:50,0.9932307,0.03785104
5/22/2021 22:55,0.9998769,0.03785104
5/22/2021 23:00,0.996923,0.03785104
5/22/2021 23:05,1.000615,0.03785104
5/22/2021 23:10,0.9961846,0.03785104
5/22/2021 23:15,0.9851077,0.03785104
5/22/2021 23:20,0.9902769,0.03785104
5/22/2021 23:25,0.9932307,0.03785104
5/22/2021 23:30,0.9843692,0.03785104
5/22/2021 23:35,0.9895384,0.03785104
5/22/2021 23:40,0.1750154,0.03785104
5/22/2021 23:45,0,-1
5/22/2021 23:50,0,-1
5/22/2021 23:55,0,-1
5/23/2021 0:00,0,-1
5/23/2021 0:05,0,-1
5/23/2021 0:10,0,-1
5/23/2021 0:15,0,-1
5/23/2021 0:20,0,-1
5/23/2021 0:25,0,-1
5/23/2021 0:30,0,-1
5/23/2021 0:35,0,-1
5/23/2021 0:40,0,-1
5/23/2021 0:45,0,-1
5/23/2021 0:50,0,-1
5/23/2021 0:55,0,-1
5/23/2021 1:00,0,-1
5/23/2021 1:05,0,-1
5/23/2021 1:10,0,-1
5/23/2021 1:15,0,-1
5/23/2021 1:20,0,-1
5/23/2021 1:25,0,-1
5/23/2021 1:30,0,-1
5/23/2021 1:35,0,-1
5/23/2021 1:40,0,-1
5/23/2021 1:45,0,-1
5/23/2021 1:50,0,-1
5/23/2021 1:55,0,-1
5/23/2021 2:00,0,-1
5/23/2021 2:05,0,-1
5/23/2021 2:10,0,-1
5/23/2021 2:15,0,-1
5/23/2021 2:20,0,-1
5/23/2021 2:25,0,-1
5/23/2021 2:30,0,-1
5/23/2021 2:35,0,-1
5/23/2021 2:40,0,-1
5/23/2021 2:45,0,-1
5/23/2021 2:50,0,-1
5/23/2021 2:55,0,-1
5/23/2021 3:00,0,-1
5/23/2021 3:05,0,-1
5/23/2021 3:10,0,-1
5/23/2021 3:15,0,-1
5/23/2021 3:20,0,-1
5/23/2021 3:25,0,-1
5/23/2021 3:30,0,-1
5/23/2021 3:35,0,-1
5/23/2021 3:40,0,-1
5/23/2021 3:45,0,-1
5/23/2021 3:50,0,-1
5/23/2021 3:55,0,-1
5/23/2021 4:00,0,-1
5/23/2021 4:05,0,-1
5/23/2021 4:10,0,-1
5/23/2021 4:15,0,-1
5/23/2021 4:20,0,-1
5/23/2021 4:25,0,-1
5/23/2021 4:30,0,-1
5/23/2021 4:35,0,-1
5/23/2021 4:40,0,-1
5/23/2021 4:45,0,-1
5/23/2021 4:50,0,-1
5/23/2021 4:55,0,-1
5/23/2021 5:00,0,-1
5/23/2021 5:05,0,-1
5/23/2021 5:10,0,-1
5/23/2021 5:15,0,-1
5/23/2021 5:20,0,-1
5/23/2021 5:25,0,-1
5/23/2021 5:30,0,-1
5/23/2021 5:35,0,-1
5/23/2021 5:40,0,-1
5/23/2021 5:45,0,-1
5/23/2021 5:50,0,-1
5/23/2021 5:55,0,-1
5/23/2021 6:00,0,-1
5/23/2021 6:05,0,-1
5/23/2021 6:10,0,-1
5/23/2021 6:15,0,-1
5/23/2021 6:20,0,-1
5/23/2021 6:25,0,-1
5/23/2021 6:30,0,-1
5/23/2021 6:35,0,-1
5/23/2021 6:40,0,-1
5/23/2021 6:45,0,-1
5/23/2021 6:50,0,-1
5/23/2021 6:55,0,-1
5/23/2021 7:00,0,-1
5/23/2021 7:05,0,-1
5/23/2021 7:10,0,-1
5/23/2021 7:15,0,-1
5/23/2021 7:20,0,-1
5/23/2021 7:25,0,-1
5/23/2021 7:30,0,-1
5/23/2021 7:35,0,-1
5/23/2021 7:40,0,-1
5/23/2021 7:45,0,-1
5/23/2021 7:50,0,-1
5/23/2021 7:55,0,-1
5/23/2021 8:00,0,-1
5/23/2021 8:05,0,-1
5/23/2021 8:10,0,-1
5/23/2021 8:15,0,-1
5/23/2021 8:20,0,-1
5/23/2021 8:25,0,-1
5/23/2021 8:30,0,-1
5/23/2021 8:35,0,-1
5/23/2021 8:40,0,-1
5/23/2021 8:45,0,-1
5/23/2021 8:50,0,-1
5/23/2021 8:55,0,-1
5/23/2021 9:00,0,-1
5/23/2021 9:05,0,-1
5/23/2021 9:10,0,-1
5/23/2021 9:15,0,-1
5/23/2021 9:20,0,-1
5/23/2021 9:25,0,-1
5/23/2021 9:30,0,-1
5/23/2021 9:35,0,-1
5/23/2021 9:40,0,-1
5/23/2021 9:45,0,-1
5/23/2021 9:50,0,-1
5/23/2021 9:55,0,-1
5/23/2021 10:00,0,-1
5/23/2021 10:05,0,-1
5/23/2021 10:10,0,-1
5/23/2021 10:15,0,-1
5/23/2021 10:20,0,-1
5/23/2021 10:25,0,-1
5/23/2021 10:30,0,-1
5/23/2021 10:35,0,-1
5/23/2021 10:40,0,-1
5/23/2021 10:45,0,-1
5/23/2021 10:50,0,-1
5/23/2021 10:55,0,-1
5/23/2021 11:00,0,-1
5/23/2021 11:05,0,-1
5/23/2021 11:10,0,-1
5/23/2021 11:15,0,-1
5/23/2021 11:20,0,-1
5/23/2021 11:25,0,-1
5/23/2021 11:30,0,-1
5/23/2021 11:35,0,-1
5/23/2021 11:40,0,-1
5/23/2021 11:45,0,-1
5/23/2021 11:50,0,-1
5/23/2021 11:55,0,-1
5/23/2021 12:00,0,-1
5/23/2021 12:05,0,-1
5/23/2021 12:10,0,-1
5/23/2021 12:15,0,-1
5/23/2021 12:20,0,-1
5/23/2021 12:25,0,-1
5/23/2021 12:30,0,-1
5/23/2021 12:35,0,-1
5/23/2021 12:40,0,-1
5/23/2021 12:45,0,-1
5/23/2021 12:50,0,-1
5/23/2021 12:55,0,-1
5/23/2021 13:00,0,-1
5/23/2021 13:05,0,-1
5/23/2021 13:10,0,-1
5/23/2021 13:15,0,-1
5/23/2021 13:20,0,-1
5/23/2021 13:25,0,-1
5/23/2021 13:30,0,-1
5/23/2021 13:35,0,-1
5/23/2021 13:40,0,-1
5/23/2021 13:45,0,-1
5/23/2021 13:50,0,-1
5/23/2021 13:55,0,-1
5/23/2021 14:00,0,-1
5/23/2021 14:05,0,-1
5/23/2021 14:10,0,-1
5/23/2021 14:15,0,-1
5/23/2021 14:20,0,-1
5/23/2021 14:25,0,-1
5/23/2021 14:30,0,-1
5/23/2021 14:35,0,-1
5/23/2021 14:40,0,-1
5/23/2021 14:45,0,-1
5/23/2021 14:50,0,-1
5/23/2021 14:55,0,-1
5/23/2021 15:00,0,-1
5/23/2021 15:05,0,-1
5/23/2021 15:10,0,-1
5/23/2021 15:15,0,-1
5/23/2021 15:20,0,-1
5/23/2021 15:25,0,-1
5/23/2021 15:30,0,-1
5/23/2021 15:35,0,-1
5/23/2021 15:40,0,-1
5/23/2021 15:45,0,-1
5/23/2021 15:50,0,-1
5/23/2021 15:55,0,-1
5/23/2021 16:00,0,-1
5/23/2021 16:05,0,-1
5/23/2021 16:10,0,-1
5/23/2021 16:15,0,-1
5/23/2021 16:20,0,-1
5/23/2021 16:25,0,-1
5/23/2021 16:30,0,-1
5/23/2021 16:35,0,-1
5/23/2021 16:40,0,-1
5/23/2021 16:45,0,-1
5/23/2021 16:50,0,-1
5/23/2021 16:55,0,-1
5/23/2021 17:00,0,-1
5/23/2021 17:05,0,-1
5/23/2021 17:10,0,-1
5/23/2021 17:15,0,-1
5/23/2021 17:20,0,-1
5/23/2021 17:25,0,-1
5/23/2021 17:30,0,-1
5/23/2021 17:35,0,-1
5/23/2021 17:40,0,-1
5/23/2021 17:45,0,-1
5/23/2021 17:50,0,-1
5/23/2021 17:55,0,-1
5/23/2021 18:00,0,-1
5/23/2021 18:05,0,-1
5/23/2021 18:10,0,-1
5/23/2021 18:15,0,-1
5/23/2021 18:20,0,-1
5/23/2021 18:25,0,-1
5/23/2021 18:30,0,-1
5/23/2021 18:35,0,-1
5/23/2021 18:40,0,-1
5/23/2021 18:45,0,-1
5/23/2021 18:50,0,-1
5/23/2021 18:55,0,-1
5/23/2021 19:00,0,-1
5/23/2021 19:05,0,-1
5/23/2021 19:10,0,-1
5/23/2021 19:15,0,-1
5/23/2021 19:20,0,-1
5/23/2021 19:25,0,-1
5/23/2021 19:30,0,-1
5/23/2021 19:35,0,-1
5/23/2021 19:40,0,-1
5/23/2021 19:45,0,-1
5/23/2021 19:50,0,-1
5/23/2021 19:55,0,-1
5/23/2021 20:00,0,-1
5/23/2021 20:05,0,-1
5/23/2021 20:10,0,-1
5/23/2021 20:15,0.4563692,0.0952381
5/23/2021 20:20,0.9444923,0.1001221
5/23/2021 20:25,1.028677,0.1147741
5/23/2021 20:30,0.9725538,0.07814408
5/23/2021 20:35,1.006523,0.06227106
5/23/2021 20:40,1.024246,0.05616606
5/23/2021 20:45,1.031631,0.05372405
5/23/2021 20:50,1.022031,0.05128205
5/23/2021 20:55,1.016123,0.05006105
5/23/2021 21:00,1.010215,0.04884005
5/23/2021 21:05,1.013908,0.04761905
5/23/2021 21:10,1.020554,0.04639805
5/23/2021 21:15,1.013169,0.04639805
5/23/2021 21:20,1.019077,0.04639805
5/23/2021 21:25,0.9563076,0.04517705
5/23/2021 21:30,1.001354,0.04395605
5/23/2021 21:35,0.9939692,0.04395605
5/23/2021 21:40,1.002092,0.04395605
5/23/2021 21:45,1.005785,0.04395605
5/23/2021 21:50,1.001354,0.04395605
5/23/2021 21:55,1.002831,0.04395605
5/23/2021 22:00,1.003569,0.04273504
5/23/2021 22:05,0.9954461,0.04273504
5/23/2021 22:10,0.9954461,0.04273504
5/23/2021 22:15,1.001354,0.04151404
5/23/2021 22:20,1.002831,0.04151404
5/23/2021 22:25,1.009477,0.04151404
5/23/2021 22:30,1.004308,0.04151404
5/23/2021 22:35,0.9917538,0.04151404
5/23/2021 22:40,1.005785,0.04151404
5/23/2021 22:45,1.010954,0.04151404
5/23/2021 22:50,1.010954,0.04151404
5/23/2021 22:55,1.012431,0.04151404
5/23/2021 23:00,1.005785,0.04151404
5/23/2021 23:05,1.013908,0.04151404
5/23/2021 23:10,1.010954,0.04151404
5/23/2021 23:15,1.010215,0.04029304
5/23/2021 23:20,1.008738,0.04029304
5/23/2021 23:25,1.016862,0.04029304
5/23/2021 23:30,1.010215,0.04029304
5/23/2021 23:35,1.009477,0.04029304
5/23/2021 23:40,1.019077,0.04029304
5/23/2021 23:45,1.009477,0.04029304
5/23/2021 23:50,1.011692,0.04029304
5/23/2021 23:55,0.9865846,0.04029304
5/24/2021 0:00,1.061169,0.04029304
5/24/2021 0:05,0.9917538,0.04029304
5/24/2021 0:10,0.9828923,0.04029304
5/24/2021 0:15,0.9851077,0.04029304
5/24/2021 0:20,0.9792,0.04029304
5/24/2021 0:25,1.031631,0.04029304
5/24/2021 0:30,1.001354,0.04029304
5/24/2021 0:35,1.008,0.04029304
5/24/2021 0:40,1.006523,0.04029304
5/24/2021 0:45,1.006523,0.04029304
5/24/2021 0:50,1.009477,0.04029304
5/24/2021 0:55,1.003569,0.04029304
5/24/2021 1:00,1.004308,0.04029304
5/24/2021 1:05,1.001354,0.04029304
5/24/2021 1:10,1.005046,0.04029304
5/24/2021 1:15,1.005785,0.04029304
5/24/2021 1:20,1.005785,0.04029304
5/24/2021 1:25,1.008,0.04029304
5/24/2021 1:30,1.013908,0.04029304
5/24/2021 1:35,1.005785,0.04029304
5/24/2021 1:40,1.015385,0.04029304
5/24/2021 1:45,1.010954,0.04029304
5/24/2021 1:50,1.008,0.04029304
5/24/2021 1:55,1.008,0.04029304
5/24/2021 2:00,1.018338,0.04029304
5/24/2021 2:05,1.007262,0.04029304
5/24/2021 2:10,1.010954,0.04029304
5/24/2021 2:15,1.004308,0.04029304
5/24/2021 2:20,1.016123,0.03907204
5/24/2021 2:25,1.006523,0.03907204
5/24/2021 2:30,1.0176,0.03907204
5/24/2021 2:35,1.006523,0.03907204
5/24/2021 2:40,1.009477,0.03907204
5/24/2021 2:45,1.010215,0.03907204
5/24/2021 2:50,1.013908,0.03907204
5/24/2021 2:55,1.015385,0.03907204
5/24/2021 3:00,1.010954,0.03907204
5/24/2021 3:05,1.009477,0.03907204
5/24/2021 3:10,1.010215,0.03907204
5/24/2021 3:15,1.012431,0.03907204
5/24/2021 3:20,1.010215,0.03907204
5/24/2021 3:25,1.013908,0.03907204
5/24/2021 3:30,1.009477,0.03907204
5/24/2021 3:35,1.009477,0.03907204
5/24/2021 3:40,1.009477,0.03907204
5/24/2021 3:45,1.015385,0.03907204
5/24/2021 3:50,1.010215,0.03907204
5/24/2021 3:55,1.008,0.03907204
5/24/2021 4:00,1.002831,0.03907204
5/24/2021 4:05,1.009477,0.03907204
5/24/2021 4:10,1.020554,0.03907204
5/24/2021 4:15,1.009477,0.03907204
5/24/2021 4:20,1.012431,0.03907204
5/24/2021 4:25,1.010954,0.03907204
5/24/2021 4:30,1.016123,0.03907204
5/24/2021 4:35,1.006523,0.03907204
5/24/2021 4:40,1.005785,0.03907204
5/24/2021 4:45,1.021292,0.03907204
5/24/2021 4:50,1.010954,0.03907204
5/24/2021 4:55,1.008,0.03907204
5/24/2021 5:00,1.023508,0.03907204
5/24/2021 5:05,1.019815,0.03907204
5/24/2021 5:10,1.016862,0.03907204
5/24/2021 5:15,1.006523,0.03907204
5/24/2021 5:20,1.010215,0.03907204
5/24/2021 5:25,0.9917538,0.03907204
5/24/2021 5:30,0.9984,0.03907204
5/24/2021 5:35,0.996923,0.03907204
5/24/2021 5:40,1.002831,0.03907204
5/24/2021 5:45,1.004308,0.03907204
5/24/2021 5:50,0.9998769,0.03907204
5/24/2021 5:55,1.004308,0.03907204
5/24/2021 6:00,0.9961846,0.03907204
5/24/2021 6:05,0.9976615,0.03907204
5/24/2021 6:10,0.9932307,0.03907204
5/24/2021 6:15,0.9984,0.03907204
5/24/2021 6:20,1.003569,0.03907204
5/24/2021 6:25,1.002831,0.03907204
5/24/2021 6:30,0.9932307,0.03907204
5/24/2021 6:35,1.002831,0.03907204
5/24/2021 6:40,1.001354,0.03907204
5/24/2021 6:45,1.001354,0.03907204
5/24/2021 6:50,0.9998769,0.03907204
5/24/2021 6:55,0.9902769,0.03907204
5/24/2021 7:00,0.996923,0.03907204
5/24/2021 7:05,1.002831,0.03907204
5/24/2021 7:10,1.001354,0.03907204
5/24/2021 7:15,0.9991384,0.03907204
5/24/2021 7:20,0.9961846,0.03907204
5/24/2021 7:25,0.9998769,0.03907204
5/24/2021 7:30,0.9998769,0.03907204
5/24/2021 7:35,0.9917538,0.03907204
5/24/2021 7:40,0.9924923,0.03907204
5/24/2021 7:45,1.001354,0.03907204
5/24/2021 7:50,1.001354,0.03907204
5/24/2021 7:55,1.006523,0.03907204
5/24/2021 8:00,0.9924923,0.03907204
5/24/2021 8:05,0.9961846,0.03907204
5/24/2021 8:10,1.004308,0.03907204
5/24/2021 8:15,1.008738,0.03907204
5/24/2021 8:20,1.003569,0.03907204
5/24/2021 8:25,1.002831,0.03907204
5/24/2021 8:30,0.9984,0.03907204
5/24/2021 8:35,1.001354,0.03907204
5/24/2021 8:40,1.010954,0.03907204
5/24/2021 8:45,1.001354,0.03907204
5/24/2021 8:50,0.9954461,0.03907204
5/24/2021 8:55,0.9961846,0.03907204
5/24/2021 9:00,1.009477,0.03907204
5/24/2021 9:05,0.9947076,0.03907204
5/24/2021 9:10,0.9961846,0.03907204
5/24/2021 9:15,0.9984,0.03907204
5/24/2021 9:20,0.9984,0.03907204
5/24/2021 9:25,0.9998769,0.03907204
5/24/2021 9:30,1.000615,0.03907204
5/24/2021 9:35,1.001354,0.03907204
5/24/2021 9:40,1.004308,0.03907204
5/24/2021 9:45,1.002092,0.03907204
5/24/2021 9:50,1.013908,0.03907204
5/24/2021 9:55,0.9984,0.03907204
5/24/2021 10:00,0.9947076,0.03907204
5/24/2021 10:05,0.9917538,0.03907204
5/24/2021 10:10,0.9939692,0.03907204
5/24/2021 10:15,1.008738,0.03907204
5/24/2021 10:20,1.000615,0.03907204
5/24/2021 10:25,1.005046,0.03907204
5/24/2021 10:30,0.9924923,0.03907204
5/24/2021 10:35,0.9991384,0.03907204
5/24/2021 10:40,0.9984,0.03907204
5/24/2021 10:45,1.005785,0.03907204
5/24/2021 10:50,1.008738,0.03907204
5/24/2021 10:55,1.003569,0.03907204
5/24/2021 11:00,1.005046,0.03907204
5/24/2021 11:05,1.004308,0.03907204
5/24/2021 11:10,0.9998769,0.03907204
5/24/2021 11:15,1.001354,0.03907204
5/24/2021 11:20,1.001354,0.03907204
5/24/2021 11:25,1.002831,0.03907204
5/24/2021 11:30,1.013908,0.03907204
5/24/2021 11:35,1.008,0.03907204
5/24/2021 11:40,0.9910154,0.03907204
5/24/2021 11:45,0.9961846,0.03907204
5/24/2021 11:50,1.004308,0.03907204
5/24/2021 11:55,1.006523,0.03907204
5/24/2021 12:00,1.002831,0.03907204
5/24/2021 12:05,1.000615,0.03907204
5/24/2021 12:10,0.9984,0.03907204
5/24/2021 12:15,0.9991384,0.03907204
5/24/2021 12:20,0.9998769,0.03907204
5/24/2021 12:25,1.002831,0.03907204
5/24/2021 12:30,1.004308,0.03907204
5/24/2021 12:35,0.9976615,0.03907204
5/24/2021 12:40,1.004308,0.03907204
5/24/2021 12:45,1.003569,0.03907204
5/24/2021 12:50,1.004308,0.03907204
5/24/2021 12:55,0.9998769,0.03907204
5/24/2021 13:00,1.004308,0.03907204
5/24/2021 13:05,1.002092,0.03907204
5/24/2021 13:10,1.008,0.03907204
5/24/2021 13:15,1.001354,0.03907204
5/24/2021 13:20,1.002831,0.03907204
5/24/2021 13:25,1.000615,0.03907204
5/24/2021 13:30,1.000615,0.03907204
5/24/2021 13:35,1.004308,0.03907204
5/24/2021 13:40,1.006523,0.03907204
5/24/2021 13:45,1.010954,0.03907204
5/24/2021 13:50,1.010954,0.03907204
5/24/2021 13:55,1.000615,0.03907204
5/24/2021 14:00,1.005046,0.03907204
5/24/2021 14:05,1.006523,0.03907204
5/24/2021 14:10,1.006523,0.03907204
5/24/2021 14:15,1.011692,0.03907204
5/24/2021 14:20,1.002831,0.03907204
5/24/2021 14:25,1.005785,0.03907204
5/24/2021 14:30,1.002092,0.03907204
5/24/2021 14:35,0.9991384,0.03907204
5/24/2021 14:40,1.009477,0.03907204
5/24/2021 14:45,0.9954461,0.03907204
5/24/2021 14:50,1.007262,0.03907204
5/24/2021 14:55,0.9998769,0.03907204
5/24/2021 15:00,1.005785,0.03907204
5/24/2021 15:05,1.012431,0.03907204
5/24/2021 15:10,0.9991384,0.03907204
5/24/2021 15:15,1.008,0.03907204
5/24/2021 15:20,1.003569,0.03907204
5/24/2021 15:25,0.9932307,0.03907204
5/24/2021 15:30,1.005785,0.03907204
5/24/2021 15:35,0.9998769,0.03907204
5/24/2021 15:40,0.9947076,0.03907204
5/24/2021 15:45,1.001354,0.03907204
5/24/2021 15:50,1.001354,0.03907204
5/24/2021 15:55,1.002092,0.03907204
5/24/2021 16:00,1.013169,0.03907204
5/24/2021 16:05,1.002831,0.03907204
5/24/2021 16:10,0.9998769,0.03907204
5/24/2021 16:15,1.002092,0.03907204
5/24/2021 16:20,1.006523,0.03907204
5/24/2021 16:25,1.008,0.03907204
5/24/2021 16:30,1.015385,0.03907204
5/24/2021 16:35,0.9984,0.03907204
5/24/2021 16:40,1.001354,0.03907204
5/24/2021 16:45,0.9939692,0.03907204
5/24/2021 16:50,1.001354,0.03907204
5/24/2021 16:55,0.996923,0.03907204
5/24/2021 17:00,1.002831,0.03907204
5/24/2021 17:05,1.001354,0.03907204
5/24/2021 17:10,0.9976615,0.03907204
5/24/2021 17:15,1.001354,0.03907204
5/24/2021 17:20,1.001354,0.03907204
5/24/2021 17:25,1.008,0.03907204
5/24/2021 17:30,1.002092,0.03907204
5/24/2021 17:35,1.003569,0.03907204
5/24/2021 17:40,1.002092,0.03907204
5/24/2021 17:45,1.004308,0.03907204
5/24/2021 17:50,0.9932307,0.03907204
5/24/2021 17:55,1.005785,0.03907204
5/24/2021 18:00,1.002831,0.03907204
5/24/2021 18:05,1.005785,0.03907204
5/24/2021 18:10,1.002831,0.03907204
5/24/2021 18:15,1.000615,0.03907204
5/24/2021 18:20,0.9961846,0.03907204
5/24/2021 18:25,0.9998769,0.03907204
5/24/2021 18:30,0.9998769,0.03907204
5/24/2021 18:35,0.9961846,0.03907204
5/24/2021 18:40,0.9984,0.03907204
5/24/2021 18:45,0.9984,0.03907204
5/24/2021 18:50,1.005046,0.03907204
5/24/2021 18:55,1.001354,0.03907204
5/24/2021 19:00,0.9947076,0.03907204
5/24/2021 19:05,0.9954461,0.03907204
5/24/2021 19:10,0.9947076,0.03907204
5/24/2021 19:15,0.9954461,0.03907204
5/24/2021 19:20,0.9932307,0.03907204
5/24/2021 19:25,0.9932307,0.03907204
5/24/2021 19:30,0.9961846,0.03907204
5/24/2021 19:35,0.9947076,0.03907204
5/24/2021 19:40,0.987323,0.03907204
5/24/2021 19:45,1.004308,0.03907204
5/24/2021 19:50,0.9932307,0.03907204
5/24/2021 19:55,0.9947076,0.03907204
5/24/2021 20:00,0.9917538,0.03907204
5/24/2021 20:05,0.9895384,0.03907204
5/24/2021 20:10,0.987323,0.03907204
5/24/2021 20:15,0.9924923,0.03907204
5/24/2021 20:20,0.9947076,0.03907204
5/24/2021 20:25,0.9902769,0.03907204
5/24/2021 20:30,0.9998769,0.03907204
5/24/2021 20:35,0.9961846,0.03907204
5/24/2021 20:40,0.996923,0.03907204
5/24/2021 20:45,0.9888,0.03907204
5/24/2021 20:50,0.9947076,0.03907204
5/24/2021 20:55,0.9910154,0.03907204
5/24/2021 21:00,0.9954461,0.03907204
5/24/2021 21:05,0.9865846,0.03907204
5/24/2021 21:10,0.9932307,0.03907204
5/24/2021 21:15,0.9902769,0.03907204
5/24/2021 21:20,0.9902769,0.03907204
5/24/2021 21:25,0.9932307,0.03907204
5/24/2021 21:30,0.9821538,0.03907204
5/24/2021 21:35,0.996923,0.03907204
5/24/2021 21:40,0.9895384,0.03907204
5/24/2021 21:45,0.9917538,0.03907204
5/24/2021 21:50,0.9888,0.03907204
5/24/2021 21:55,0.9902769,0.03907204
5/24/2021 22:00,0.9924923,0.03907204
5/24/2021 22:05,0.9961846,0.04029304
5/24/2021 22:10,0.9814154,0.04029304
5/24/2021 22:15,0.9806769,0.04029304
5/24/2021 22:20,0.9924923,0.04029304
5/24/2021 22:25,0.9851077,0.04029304
5/24/2021 22:30,0.9821538,0.04029304
5/24/2021 22:35,0.9858461,0.04029304
5/24/2021 22:40,0.9836308,0.04029304
5/24/2021 22:45,0.9836308,0.04029304
5/24/2021 22:50,0.9777231,0.04029304
5/24/2021 22:55,0.9467077,0.04029304
5/24/2021 23:00,1.022031,0.04029304
5/24/2021 23:05,0.9954461,0.04029304
5/24/2021 23:10,1.008,0.04029304
5/24/2021 23:15,1.013908,0.04029304
5/24/2021 23:20,1.009477,0.04029304
5/24/2021 23:25,1.008738,0.04029304
5/24/2021 23:30,1.006523,0.04029304
5/24/2021 23:35,1.006523,0.04029304
5/24/2021 23:40,0.9895384,0.04029304
5/24/2021 23:45,0.996923,0.04029304
5/24/2021 23:50,0.9961846,0.04029304
5/24/2021 23:55,1.002831,0.04029304
5/25/2021 0:00,1.001354,0.04029304
5/25/2021 0:05,1.008738,0.04029304
5/25/2021 0:10,0.9984,0.04029304
5/25/2021 0:15,1.002831,0.04029304
5/25/2021 0:20,1.006523,0.04029304
5/25/2021 0:25,1.007262,0.04029304
5/25/2021 0:30,0.9961846,0.04029304
5/25/2021 0:35,1.006523,0.04029304
5/25/2021 0:40,1.003569,0.04029304
5/25/2021 0:45,1.002092,0.04029304
5/25/2021 0:50,1.002831,0.04029304
5/25/2021 0:55,1.005046,0.04029304
5/25/2021 1:00,1.004308,0.04029304
5/25/2021 1:05,1.009477,0.04029304
5/25/2021 1:10,1.006523,0.04029304
5/25/2021 1:15,1.002092,0.04029304
5/25/2021 1:20,0.9991384,0.04029304
5/25/2021 1:25,1.008738,0.04029304
5/25/2021 1:30,1.002831,0.04029304
5/25/2021 1:35,0.996923,0.04029304
5/25/2021 1:40,1.006523,0.04029304
5/25/2021 1:45,0.9991384,0.04029304
5/25/2021 1:50,1.002092,0.04029304
5/25/2021 1:55,1.002092,0.04029304
5/25/2021 2:00,1.010215,0.04029304
5/25/2021 2:05,1.001354,0.04029304
5/25/2021 2:10,1.004308,0.04029304
5/25/2021 2:15,1.001354,0.04029304
5/25/2021 2:20,0.9939692,0.04029304
5/25/2021 2:25,0.9961846,0.04029304
5/25/2021 2:30,0.9998769,0.04029304
5/25/2021 2:35,0.9947076,0.04029304
5/25/2021 2:40,1.002092,0.04029304
5/25/2021 2:45,0.9961846,0.04029304
5/25/2021 2:50,1.000615,0.04029304
5/25/2021 2:55,1.005785,0.04029304
5/25/2021 3:00,1.001354,0.04029304
5/25/2021 3:05,0.9998769,0.04029304
5/25/2021 3:10,0.9984,0.04029304
5/25/2021 3:15,0.9991384,0.04029304
5/25/2021 3:20,1.001354,0.04029304
5/25/2021 3:25,0.9984,0.04029304
5/25/2021 3:30,1.000615,0.04029304
5/25/2021 3:35,0.9998769,0.04029304
5/25/2021 3:40,0.996923,0.04029304
5/25/2021 3:45,0.9961846,0.04029304
5/25/2021 3:50,0.9932307,0.04029304
5/25/2021 3:55,0.9998769,0.04029304
5/25/2021 4:00,0.987323,0.04029304
5/25/2021 4:05,1.002092,0.04029304
5/25/2021 4:10,0.9947076,0.04029304
5/25/2021 4:15,0.9917538,0.04029304
5/25/2021 4:20,1.001354,0.04029304
5/25/2021 4:25,0.9961846,0.04029304
5/25/2021 4:30,0.9917538,0.04029304
5/25/2021 4:35,0.9954461,0.04029304
5/25/2021 4:40,0.9991384,0.04029304
5/25/2021 4:45,0.9924923,0.04029304
5/25/2021 4:50,0.9954461,0.04029304
5/25/2021 4:55,0.9939692,0.04029304
5/25/2021 5:00,0.9961846,0.04029304
5/25/2021 5:05,0.9984,0.04029304
5/25/2021 5:10,0.9902769,0.04029304
5/25/2021 5:15,0.996923,0.04029304
5/25/2021 5:20,0.9902769,0.04029304
5/25/2021 5:25,0.9851077,0.04029304
5/25/2021 5:30,0.9939692,0.04029304
5/25/2021 5:35,0.996923,0.04029304
5/25/2021 5:40,0.9961846,0.04029304
5/25/2021 5:45,0.9917538,0.04029304
5/25/2021 5:50,0.9954461,0.04029304
5/25/2021 5:55,0.9961846,0.04029304
5/25/2021 6:00,0.9865846,0.04029304
5/25/2021 6:05,0.9902769,0.04029304
5/25/2021 6:10,0.9910154,0.04029304
5/25/2021 6:15,0.9843692,0.04029304
5/25/2021 6:20,0.9991384,0.04029304
5/25/2021 6:25,0.9947076,0.04029304
5/25/2021 6:30,0.9924923,0.04029304
5/25/2021 6:35,0.9984,0.04029304
5/25/2021 6:40,1.001354,0.04029304
5/25/2021 6:45,0.9961846,0.04029304
5/25/2021 6:50,0.9932307,0.04029304
5/25/2021 6:55,1.005785,0.04029304
5/25/2021 7:00,1.005785,0.04029304
5/25/2021 7:05,0.996923,0.04029304
5/25/2021 7:10,0.9932307,0.04029304
5/25/2021 7:15,0.9939692,0.04029304
5/25/2021 7:20,0.9917538,0.04029304
5/25/2021 7:25,0.9888,0.04029304
5/25/2021 7:30,1.005046,0.04029304
5/25/2021 7:35,0.9939692,0.04029304
5/25/2021 7:40,1.001354,0.04151404
5/25/2021 7:45,0.9984,0.04029304
5/25/2021 7:50,1.008,0.04029304
5/25/2021 7:55,0.9895384,0.04029304
5/25/2021 8:00,0.9917538,0.04029304
5/25/2021 8:05,0.9998769,0.04029304
5/25/2021 8:10,1.012431,0.04029304
5/25/2021 8:15,1.001354,0.04029304
5/25/2021 8:20,1.004308,0.04029304
5/25/2021 8:25,0.9924923,0.04029304
5/25/2021 8:30,0.9902769,0.04029304
5/25/2021 8:35,0.9932307,0.04029304
5/25/2021 8:40,0.9998769,0.04029304
5/25/2021 8:45,0.9947076,0.04029304
5/25/2021 8:50,0.9924923,0.04029304
5/25/2021 8:55,0.9924923,0.04029304
5/25/2021 9:00,0.9917538,0.04029304
5/25/2021 9:05,0.9888,0.04029304
5/25/2021 9:10,0.9851077,0.04029304
5/25/2021 9:15,0.9888,0.04029304
5/25/2021 9:20,0.9932307,0.04029304
5/25/2021 9:25,0.9947076,0.04029304
5/25/2021 9:30,0.9902769,0.04029304
5/25/2021 9:35,0.9895384,0.04029304
5/25/2021 9:40,0.9880615,0.04029304
5/25/2021 9:45,0.9924923,0.04029304
5/25/2021 9:50,0.9932307,0.04029304
5/25/2021 9:55,0.9961846,0.04029304
5/25/2021 10:00,0.9932307,0.04029304
5/25/2021 10:05,0.9932307,0.04029304
5/25/2021 10:10,0.9865846,0.04029304
5/25/2021 10:15,0.9961846,0.04029304
5/25/2021 10:20,0.9858461,0.04029304
5/25/2021 10:25,0.9917538,0.04029304
5/25/2021 10:30,0.9984,0.04029304
5/25/2021 10:35,0.9910154,0.04029304
5/25/2021 10:40,0.987323,0.04029304
5/25/2021 10:45,0.9947076,0.04029304
5/25/2021 10:50,0.9858461,0.04029304
5/25/2021 10:55,0.9895384,0.04029304
5/25/2021 11:00,0.9902769,0.04029304
5/25/2021 11:05,0.9821538,0.04029304
5/25/2021 11:10,0.9858461,0.04029304
5/25/2021 11:15,0.9939692,0.04029304
5/25/2021 11:20,0.9888,0.04029304
5/25/2021 11:25,0.9947076,0.04029304
5/25/2021 11:30,0.9836308,0.04029304
5/25/2021 11:35,0.9880615,0.04029304
5/25/2021 11:40,0.9865846,0.04029304
5/25/2021 11:45,0.9954461,0.04029304
5/25/2021 11:50,0.9880615,0.04029304
5/25/2021 11:55,0.9851077,0.04029304
5/25/2021 12:00,0.9865846,0.04029304
5/25/2021 12:05,0.9984,0.04029304
5/25/2021 12:10,0.9924923,0.04029304
5/25/2021 12:15,0.9902769,0.04029304
5/25/2021 12:20,0.9947076,0.04029304
5/25/2021 12:25,0.9880615,0.04029304
5/25/2021 12:30,0.9902769,0.04029304
5/25/2021 12:35,0.9954461,0.04029304
5/25/2021 12:40,0.9947076,0.04029304
5/25/2021 12:45,0.996923,0.04029304
5/25/2021 12:50,0.9902769,0.04029304
5/25/2021 12:55,0.9932307,0.04029304
5/25/2021 13:00,0.9806769,0.04029304
5/25/2021 13:05,0.9902769,0.04029304
5/25/2021 13:10,0.9888,0.04029304
5/25/2021 13:15,0.9880615,0.04029304
5/25/2021 13:20,0.9836308,0.04029304
5/25/2021 13:25,0.9843692,0.04029304
5/25/2021 13:30,0.9954461,0.04029304
5/25/2021 13:35,0.9888,0.04029304
5/25/2021 13:40,0.9902769,0.04029304
5/25/2021 13:45,0.987323,0.04029304
5/25/2021 13:50,0.9865846,0.04029304
5/25/2021 13:55,0.9902769,0.04029304
5/25/2021 14:00,0.9961846,0.04029304
5/25/2021 14:05,0.987323,0.04029304
5/25/2021 14:10,0.9932307,0.04029304
5/25/2021 14:15,0.9917538,0.04029304
5/25/2021 14:20,0.987323,0.04029304
5/25/2021 14:25,0.9792,0.04029304
5/25/2021 14:30,0.9924923,0.04029304
5/25/2021 14:35,0.9917538,0.04029304
5/25/2021 14:40,0.9851077,0.04029304
5/25/2021 14:45,0.9917538,0.04029304
5/25/2021 14:50,0.9984,0.04029304
5/25/2021 14:55,0.9865846,0.04029304
5/25/2021 15:00,0.9865846,0.04029304
5/25/2021 15:05,0.9806769,0.04029304
5/25/2021 15:10,0.9924923,0.04029304
5/25/2021 15:15,0.9865846,0.04029304
5/25/2021 15:20,0.9895384,0.04029304
5/25/2021 15:25,0.9880615,0.04029304
5/25/2021 15:30,0.996923,0.04029304
5/25/2021 15:35,0.9851077,0.04029304
5/25/2021 15:40,0.9932307,0.04029304
5/25/2021 15:45,0.9932307,0.04029304
5/25/2021 15:50,0.987323,0.04029304
5/25/2021 15:55,0.987323,0.04029304
5/25/2021 16:00,0.9902769,0.04029304
5/25/2021 16:05,0.987323,0.04029304
5/25/2021 16:10,0.9888,0.04029304
5/25/2021 16:15,0.9932307,0.04029304
5/25/2021 16:20,0.9792,0.04029304
5/25/2021 16:25,0.9821538,0.04029304
5/25/2021 16:30,0.9821538,0.04029304
5/25/2021 16:35,0.9843692,0.04029304
5/25/2021 16:40,0.9954461,0.04029304
5/25/2021 16:45,0.9851077,0.04029304
5/25/2021 16:50,0.9865846,0.04029304
5/25/2021 16:55,0.9895384,0.04029304
5/25/2021 17:00,0.9806769,0.04029304
5/25/2021 17:05,0.9895384,0.04029304
5/25/2021 17:10,0.9932307,0.04029304
5/25/2021 17:15,0.9998769,0.04029304
5/25/2021 17:20,0.9888,0.04029304
5/25/2021 17:25,0.9836308,0.04029304
5/25/2021 17:30,0.9799384,0.04029304
5/25/2021 17:35,0.9828923,0.04029304
5/25/2021 17:40,0.9939692,0.04029304
5/25/2021 17:45,0.9865846,0.04029304
5/25/2021 17:50,0.9784615,0.04029304
5/25/2021 17:55,0.9858461,0.04029304
5/25/2021 18:00,0.9865846,0.04029304
5/25/2021 18:05,0.9851077,0.04029304
5/25/2021 18:10,0.9895384,0.04029304
5/25/2021 18:15,0.9806769,0.04029304
5/25/2021 18:20,0.987323,0.04029304
5/25/2021 18:25,0.9784615,0.04029304
5/25/2021 18:30,1.0368,0.04029304
5/25/2021 18:35,1.013169,0.04029304
5/25/2021 18:40,1.021292,0.04029304
5/25/2021 18:45,0.2304,0.04029304
5/25/2021 18:50,0,0.04029304
5/25/2021 18:55,0,-1
5/25/2021 19:00,0,-1
5/25/2021 19:05,0,-1
5/25/2021 19:10,0,-1
5/25/2021 19:15,0,-1
5/25/2021 19:20,0,-1
5/25/2021 19:25,0,-1
5/25/2021 19:30,0,-1
5/25/2021 19:35,0,-1
5/25/2021 19:40,0,-1
5/25/2021 19:45,0,-1
5/25/2021 19:50,0,-1
5/25/2021 19:55,0,-1
5/25/2021 20:00,0,-1
5/25/2021 20:05,0,-1
5/25/2021 20:10,0,-1
5/25/2021 20:15,0,-1
5/25/2021 20:20,0,-1
5/25/2021 20:25,0,-1
5/25/2021 20:30,0,-1
5/25/2021 20:35,0,-1
5/25/2021 20:40,0,-1
5/25/2021 20:45,0,-1
5/25/2021 20:50,0,-1
5/25/2021 20:55,0,-1
5/25/2021 21:00,0,-1
5/25/2021 21:05,0,-1
5/25/2021 21:10,0,-1
5/25/2021 21:15,0,-1
5/25/2021 21:20,0,-1
5/25/2021 21:25,0,-1
5/25/2021 21:30,0,-1
5/25/2021 21:35,0,-1
5/25/2021 21:40,0,-1
5/25/2021 21:45,0,-1
5/25/2021 21:50,0,-1
5/25/2021 21:55,0,-1
5/25/2021 22:00,0,-1
5/25/2021 22:05,0,-1
5/25/2021 22:10,0,-1
5/25/2021 22:15,0,-1
5/25/2021 22:20,0,-1
5/25/2021 22:25,0,-1
5/25/2021 22:30,0,-1
5/25/2021 22:35,0,-1
5/25/2021 22:40,0,-1
5/25/2021 22:45,0,-1
5/25/2021 22:50,0,-1
5/25/2021 22:55,0,-1
5/25/2021 23:00,0,-1
5/25/2021 23:05,0,-1
5/25/2021 23:10,0,-1
5/25/2021 23:15,0,-1
5/25/2021 23:20,0,-1
5/25/2021 23:25,0,-1
5/25/2021 23:30,0,-1
5/25/2021 23:35,0,-1
5/25/2021 23:40,0,-1
5/25/2021 23:45,0,-1
5/25/2021 23:50,0,-1
5/25/2021 23:55,0,-1
5/26/2021 0:00,0,-1
5/26/2021 0:05,0,-1
5/26/2021 0:10,0,-1
5/26/2021 0:15,0,-1
5/26/2021 0:20,0,-1
5/26/2021 0:25,0,-1
5/26/2021 0:30,0,-1
5/26/2021 0:35,0,-1
5/26/2021 0:40,0,-1
5/26/2021 0:45,0,-1
5/26/2021 0:50,0,-1
5/26/2021 0:55,0,-1
5/26/2021 1:00,0,-1
5/26/2021 1:05,0,-1
5/26/2021 1:10,0,-1
5/26/2021 1:15,0,-1
5/26/2021 1:20,0,-1
5/26/2021 1:25,0,-1
5/26/2021 1:30,0,-1
5/26/2021 1:35,0,-1
5/26/2021 1:40,0,-1
5/26/2021 1:45,0,-1
5/26/2021 1:50,0,-1
5/26/2021 1:55,0,-1
5/26/2021 2:00,0,-1
5/26/2021 2:05,0,-1
5/26/2021 2:10,0,-1
5/26/2021 2:15,0,-1
5/26/2021 2:20,0,-1
5/26/2021 2:25,0,-1
5/26/2021 2:30,0,-1
5/26/2021 2:35,0,-1
5/26/2021 2:40,0,-1
5/26/2021 2:45,0,-1
5/26/2021 2:50,0,-1
5/26/2021 2:55,0,-1
5/26/2021 3:00,0,-1
5/26/2021 3:05,0,-1
5/26/2021 3:10,0,-1
5/26/2021 3:15,0,-1
5/26/2021 3:20,0,-1
5/26/2021 3:25,0,-1
5/26/2021 3:30,0,-1
5/26/2021 3:35,0,-1
5/26/2021 3:40,0,-1
5/26/2021 3:45,0,-1
5/26/2021 3:50,0,-1
5/26/2021 3:55,0,-1
5/26/2021 4:00,0,-1
5/26/2021 4:05,0,-1
5/26/2021 4:10,0,-1
5/26/2021 4:15,0,-1
5/26/2021 4:20,0,-1
5/26/2021 4:25,0,-1
5/26/2021 4:30,0,-1
5/26/2021 4:35,0,-1
5/26/2021 4:40,0,-1
5/26/2021 4:45,0,-1
5/26/2021 4:50,0,-1
5/26/2021 4:55,0,-1
5/26/2021 5:00,0,-1
5/26/2021 5:05,0,-1
5/26/2021 5:10,0,-1
5/26/2021 5:15,0,-1
5/26/2021 5:20,0,-1
5/26/2021 5:25,0,-1
5/26/2021 5:30,0,-1
5/26/2021 5:35,0,-1
5/26/2021 5:40,0,-1
5/26/2021 5:45,0,-1
5/26/2021 5:50,0,-1
5/26/2021 5:55,0,-1
5/26/2021 6:00,0,-1
5/26/2021 6:05,0,-1
5/26/2021 6:10,0,-1
5/26/2021 6:15,0,-1
5/26/2021 6:20,0,-1
5/26/2021 6:25,0,-1
5/26/2021 6:30,0,-1
5/26/2021 6:35,0,-1
5/26/2021 6:40,0,-1
5/26/2021 6:45,0,-1
5/26/2021 6:50,0,-1
5/26/2021 6:55,0,-1
5/26/2021 7:00,0,-1
5/26/2021 7:05,0,-1
5/26/2021 7:10,0,-1
5/26/2021 7:15,0,-1
5/26/2021 7:20,0,-1
5/26/2021 7:25,0,-1
5/26/2021 7:30,0,-1
5/26/2021 7:35,0,-1
5/26/2021 7:40,0,-1
5/26/2021 7:45,0,-1
5/26/2021 7:50,0,-1
5/26/2021 7:55,0,-1
5/26/2021 8:00,0,-1
5/26/2021 8:05,0,-1
5/26/2021 8:10,0,-1
5/26/2021 8:15,0,-1
5/26/2021 8:20,0,-1
5/26/2021 8:25,0,-1
5/26/2021 8:30,0,-1
5/26/2021 8:35,0,-1
5/26/2021 8:40,0,-1
5/26/2021 8:45,0,-1
5/26/2021 8:50,0,-1
5/26/2021 8:55,0,-1
5/26/2021 9:00,0,-1
5/26/2021 9:05,0,-1
5/26/2021 9:10,0.9851077,0.3980464
5/26/2021 9:15,1.135754,0.1440782
5/26/2021 9:20,1.1328,0.0940171
5/26/2021 9:25,1.115815,0.07081807
5/26/2021 9:30,1.119508,0.06471307
5/26/2021 9:35,1.115815,0.06471307
5/26/2021 9:40,1.118769,0.06471307
5/26/2021 9:45,1.101785,0.06471307
5/26/2021 9:50,1.104738,0.06471307
5/26/2021 9:55,1.105477,0.06471307
5/26/2021 10:00,1.089969,0.06471307
5/26/2021 10:05,1.104,0.06471307
5/26/2021 10:10,1.106954,0.06471307
5/26/2021 10:15,1.104,0.06471307
5/26/2021 10:20,1.101046,0.06471307
5/26/2021 10:25,1.105477,0.06471307
5/26/2021 10:30,1.101046,0.06471307
5/26/2021 10:35,1.098831,0.06471307
5/26/2021 10:40,1.095877,0.06471307
5/26/2021 10:45,1.090708,0.04884005
5/26/2021 10:50,1.0848,0.04884005
5/26/2021 10:55,1.0944,0.04884005
5/26/2021 11:00,1.093662,0.04761905
5/26/2021 11:05,1.092185,0.04761905
5/26/2021 11:10,1.092185,0.04761905
5/26/2021 11:15,1.095877,0.04761905
5/26/2021 11:20,1.086277,0.04639805
5/26/2021 11:25,1.090708,0.04639805
5/26/2021 11:30,1.0848,0.04639805
5/26/2021 11:35,1.090708,0.04639805
5/26/2021 11:40,1.086277,0.04639805
5/26/2021 11:45,1.089231,0.04639805
5/26/2021 11:50,1.079631,0.04639805
5/26/2021 11:55,1.084062,0.04639805
5/26/2021 12:00,1.132061,0.04639805
5/26/2021 12:05,1.1136,0.04639805
5/26/2021 12:10,1.120246,0.04639805
5/26/2021 12:15,1.108431,0.04639805
5/26/2021 12:20,1.106954,0.04639805
5/26/2021 12:25,1.112123,0.04639805
5/26/2021 12:30,1.119508,0.04639805
5/26/2021 12:35,1.119508,0.04639805
5/26/2021 12:40,1.115077,0.04639805
5/26/2021 12:45,1.112123,0.04639805
5/26/2021 12:50,1.109908,0.04639805
5/26/2021 12:55,1.110646,0.04517705
5/26/2021 13:00,1.097354,0.04517705
5/26/2021 13:05,1.105477,0.04517705
5/26/2021 13:10,1.104738,0.04517705
5/26/2021 13:15,1.105477,0.04517705
5/26/2021 13:20,1.110646,0.04517705
5/26/2021 13:25,1.108431,0.04517705
5/26/2021 13:30,1.109908,0.04517705
5/26/2021 13:35,1.116554,0.04517705
5/26/2021 13:40,1.108431,0.04517705
5/26/2021 13:45,1.115077,0.04517705
5/26/2021 13:50,1.108431,0.04517705
5/26/2021 13:55,1.101785,0.04517705
5/26/2021 14:00,1.108431,0.04517705
5/26/2021 14:05,1.107692,0.04517705
5/26/2021 14:10,1.115815,0.04517705
5/26/2021 14:15,1.103261,0.04517705
5/26/2021 14:20,1.1136,0.04395605
5/26/2021 14:25,1.111385,0.04395605
5/26/2021 14:30,1.106215,0.04395605
5/26/2021 14:35,1.112123,0.04395605
5/26/2021 14:40,1.118031,0.04395605
5/26/2021 14:45,1.115077,0.04395605
5/26/2021 14:50,1.106954,0.04395605
5/26/2021 14:55,1.104738,0.04395605
5/26/2021 15:00,1.112123,0.04395605
5/26/2021 15:05,1.106215,0.04395605
5/26/2021 15:10,1.121723,0.04395605
5/26/2021 15:15,1.112862,0.04395605
5/26/2021 15:20,1.115077,0.04395605
5/26/2021 15:25,1.112862,0.04395605
5/26/2021 15:30,1.120985,0.04395605
5/26/2021 15:35,1.123938,0.04395605
5/26/2021 15:40,1.115815,0.04395605
5/26/2021 15:45,1.050092,0.04395605
5/26/2021 15:50,1.107692,0.04395605
5/26/2021 15:55,1.117292,0.04273504
5/26/2021 16:00,1.110646,0.04273504
5/26/2021 16:05,1.118031,0.04273504
5/26/2021 16:10,1.107692,0.04273504
5/26/2021 16:15,1.112862,0.04273504
5/26/2021 16:20,1.109169,0.04273504
5/26/2021 16:25,1.112862,0.04273504
5/26/2021 16:30,1.112862,0.04273504
5/26/2021 16:35,1.112862,0.04273504
5/26/2021 16:40,1.107692,0.04273504
5/26/2021 16:45,1.105477,0.04273504
5/26/2021 16:50,1.112862,0.04273504
5/26/2021 16:55,1.112862,0.04273504
5/26/2021 17:00,1.110646,0.04151404
5/26/2021 17:05,1.1232,0.04151404
5/26/2021 17:10,1.104,0.04151404
5/26/2021 17:15,1.112123,0.04151404
5/26/2021 17:20,1.108431,0.04151404
5/26/2021 17:25,1.105477,0.04151404
5/26/2021 17:30,1.102523,0.04151404
5/26/2021 17:35,1.111385,0.04151404
5/26/2021 17:40,1.104,0.04151404
5/26/2021 17:45,1.109169,0.04151404
5/26/2021 17:50,1.102523,0.04151404
5/26/2021 17:55,1.103261,0.04151404
5/26/2021 18:00,1.110646,0.04151404
5/26/2021 18:05,1.106215,0.04151404
5/26/2021 18:10,1.104738,0.04151404
5/26/2021 18:15,1.111385,0.04151404
5/26/2021 18:20,1.108431,0.04151404
5/26/2021 18:25,1.106954,0.04151404
5/26/2021 18:30,1.109908,0.04151404
5/26/2021 18:35,1.109908,0.04151404
5/26/2021 18:40,1.104,0.04151404
5/26/2021 18:45,1.110646,0.04151404
5/26/2021 18:50,1.108431,0.04151404
5/26/2021 18:55,1.112862,0.04151404
5/26/2021 19:00,1.102523,0.04151404
5/26/2021 19:05,1.109169,0.04151404
5/26/2021 19:10,1.100308,0.04151404
5/26/2021 19:15,1.104,0.04151404
5/26/2021 19:20,1.101785,0.04151404
5/26/2021 19:25,1.095877,0.04151404
5/26/2021 19:30,1.112862,0.04151404
5/26/2021 19:35,1.111385,0.04151404
5/26/2021 19:40,1.112862,0.04151404
5/26/2021 19:45,1.106215,0.04151404
5/26/2021 19:50,1.105477,0.04151404
5/26/2021 19:55,1.105477,0.04151404
5/26/2021 20:00,1.112862,0.04151404
5/26/2021 20:05,1.115077,0.04151404
5/26/2021 20:10,1.110646,0.04151404
5/26/2021 20:15,1.104,0.04151404
5/26/2021 20:20,1.106954,0.04151404
5/26/2021 20:25,1.108431,0.04151404
5/26/2021 20:30,1.107692,0.04151404
5/26/2021 20:35,1.111385,0.04151404
5/26/2021 20:40,1.105477,0.04151404
5/26/2021 20:45,1.098831,0.04151404
5/26/2021 20:50,1.109908,0.04151404
5/26/2021 20:55,1.110646,0.04151404
5/26/2021 21:00,1.109908,0.04151404
5/26/2021 21:05,1.111385,0.04151404
5/26/2021 21:10,1.117292,0.04151404
5/26/2021 21:15,1.119508,0.04151404
5/26/2021 21:20,1.106954,0.04151404
5/26/2021 21:25,1.116554,0.04151404
5/26/2021 21:30,1.104738,0.04151404
5/26/2021 21:35,1.114338,0.04151404
5/26/2021 21:40,1.112123,0.04151404
5/26/2021 21:45,1.098831,0.04151404
5/26/2021 21:50,1.115077,0.04151404
5/26/2021 21:55,1.106954,0.04151404
5/26/2021 22:00,1.106954,0.04151404
5/26/2021 22:05,1.109908,0.04151404
5/26/2021 22:10,1.101785,0.04151404
5/26/2021 22:15,1.109908,0.04151404
5/26/2021 22:20,1.102523,0.04151404
5/26/2021 22:25,1.105477,0.04151404
5/26/2021 22:30,1.106954,0.04151404
5/26/2021 22:35,1.114338,0.04151404
5/26/2021 22:40,1.112123,0.04151404
5/26/2021 22:45,1.106954,0.04151404
5/26/2021 22:50,1.115077,0.04151404
5/26/2021 22:55,1.108431,0.04151404
5/26/2021 23:00,1.104738,0.04151404
5/26/2021 23:05,1.105477,0.04151404
5/26/2021 23:10,1.108431,0.04151404
5/26/2021 23:15,1.106954,0.04151404
5/26/2021 23:20,1.107692,0.04151404
5/26/2021 23:25,1.106954,0.04151404
5/26/2021 23:30,1.097354,0.04151404
5/26/2021 23:35,1.101785,0.04151404
5/26/2021 23:40,1.101785,0.04151404
5/26/2021 23:45,1.101785,0.04151404
5/26/2021 23:50,1.004308,0.04151404
5/26/2021 23:55,0.9917538,0.04151404
5/27/2021 0:00,0.9836308,0.04151404
5/27/2021 0:05,0.9954461,0.04273504
5/27/2021 0:10,0.9895384,0.04273504
5/27/2021 0:15,1.005785,0.04273504
5/27/2021 0:20,0.9917538,0.04273504
5/27/2021 0:25,0.9947076,0.04273504
5/27/2021 0:30,1.003569,0.04273504
5/27/2021 0:35,0.9954461,0.04273504
5/27/2021 0:40,0.996923,0.04273504
5/27/2021 0:45,1.000615,0.04273504
5/27/2021 0:50,0.9998769,0.04273504
5/27/2021 0:55,1.001354,0.04273504
5/27/2021 1:00,0.9939692,0.04273504
5/27/2021 1:05,0.9961846,0.04273504
5/27/2021 1:10,0.9998769,0.04273504
5/27/2021 1:15,1.001354,0.04273504
5/27/2021 1:20,0.9998769,0.04273504
5/27/2021 1:25,1.003569,0.04273504
5/27/2021 1:30,1.107692,0.04273504
5/27/2021 1:35,1.1136,0.04273504
5/27/2021 1:40,1.106954,0.04273504
5/27/2021 1:45,1.116554,0.04273504
5/27/2021 1:50,1.106954,0.04273504
5/27/2021 1:55,1.115077,0.04273504
5/27/2021 2:00,1.103261,0.04273504
5/27/2021 2:05,1.1136,0.04273504
5/27/2021 2:10,1.105477,0.04273504
5/27/2021 2:15,1.108431,0.04273504
5/27/2021 2:20,1.111385,0.04273504
5/27/2021 2:25,1.116554,0.04273504
5/27/2021 2:30,1.106215,0.04273504
5/27/2021 2:35,1.111385,0.04273504
5/27/2021 2:40,1.114338,0.04273504
5/27/2021 2:45,1.115815,0.04273504
5/27/2021 2:50,1.115077,0.04273504
5/27/2021 2:55,1.1136,0.04273504
5/27/2021 3:00,1.112862,0.04273504
5/27/2021 3:05,1.104,0.04273504
5/27/2021 3:10,1.105477,0.04273504
5/27/2021 3:15,1.109908,0.04273504
5/27/2021 3:20,1.120985,0.04273504
5/27/2021 3:25,1.104738,0.04273504
5/27/2021 3:30,1.100308,0.04273504
5/27/2021 3:35,1.104738,0.04273504
5/27/2021 3:40,1.104738,0.04273504
5/27/2021 3:45,1.103261,0.04273504
5/27/2021 3:50,1.112862,0.04273504
5/27/2021 3:55,1.109908,0.04273504
5/27/2021 4:00,1.101046,0.04273504
5/27/2021 4:05,1.108431,0.04273504
5/27/2021 4:10,1.106215,0.04273504
5/27/2021 4:15,1.106954,0.04273504
5/27/2021 4:20,1.110646,0.04273504
5/27/2021 4:25,1.098831,0.04273504
5/27/2021 4:30,1.103261,0.04273504
5/27/2021 4:35,1.098831,0.04273504
5/27/2021 4:40,1.102523,0.04273504
5/27/2021 4:45,1.103261,0.04273504
5/27/2021 4:50,1.110646,0.04273504
5/27/2021 4:55,1.1136,0.04273504
5/27/2021 5:00,1.102523,0.04273504
5/27/2021 5:05,1.097354,0.04273504
5/27/2021 5:10,1.100308,0.04273504
5/27/2021 5:15,1.109908,0.04273504
5/27/2021 5:20,1.097354,0.04273504
5/27/2021 5:25,1.106954,0.04273504
5/27/2021 5:30,1.101046,0.04273504
5/27/2021 5:35,1.109908,0.04273504
5/27/2021 5:40,1.097354,0.04273504
5/27/2021 5:45,1.100308,0.04273504
5/27/2021 5:50,1.098831,0.04273504
5/27/2021 5:55,1.112123,0.04273504
5/27/2021 6:00,1.108431,0.04273504
5/27/2021 6:05,1.095877,0.04273504
5/27/2021 6:10,1.104,0.04273504
5/27/2021 6:15,1.104,0.04273504
5/27/2021 6:20,1.095138,0.04273504
5/27/2021 6:25,1.105477,0.04273504
5/27/2021 6:30,1.106215,0.04273504
5/27/2021 6:35,1.108431,0.04273504
5/27/2021 6:40,1.104,0.04273504
5/27/2021 6:45,1.105477,0.04273504
5/27/2021 6:50,1.111385,0.04273504
5/27/2021 6:55,1.106954,0.04273504
5/27/2021 7:00,1.104738,0.04273504
5/27/2021 7:05,1.108431,0.04273504
5/27/2021 7:10,1.101046,0.04273504
5/27/2021 7:15,1.101785,0.04273504
5/27/2021 7:20,1.101046,0.04273504
5/27/2021 7:25,1.104,0.04273504
5/27/2021 7:30,1.115077,0.04273504
5/27/2021 7:35,1.116554,0.04273504
5/27/2021 7:40,1.112862,0.04273504
5/27/2021 7:45,1.116554,0.04273504
5/27/2021 7:50,1.108431,0.04273504
5/27/2021 7:55,1.114338,0.04273504
5/27/2021 8:00,1.100308,0.04273504
5/27/2021 8:05,1.104,0.04273504
5/27/2021 8:10,1.104738,0.04273504
5/27/2021 8:15,1.105477,0.04273504
5/27/2021 8:20,1.101785,0.04273504
5/27/2021 8:25,1.101785,0.04273504
5/27/2021 8:30,1.109908,0.04273504
5/27/2021 8:35,1.112862,0.04273504
5/27/2021 8:40,1.115077,0.04395605
5/27/2021 8:45,1.106954,0.04395605
5/27/2021 8:50,1.106954,0.04395605
5/27/2021 8:55,1.106954,0.04395605
5/27/2021 9:00,1.114338,0.04395605
5/27/2021 9:05,1.111385,0.04395605
5/27/2021 9:10,1.111385,0.04395605
5/27/2021 9:15,1.105477,0.04395605
5/27/2021 9:20,1.112862,0.04395605
5/27/2021 9:25,1.1136,0.04395605
5/27/2021 9:30,1.108431,0.04395605
5/27/2021 9:35,1.104,0.04395605
5/27/2021 9:40,1.106954,0.04395605
5/27/2021 9:45,1.103261,0.04395605
5/27/2021 9:50,1.095877,0.04395605
5/27/2021 9:55,1.087754,0.04395605
5/27/2021 10:00,1.100308,0.04395605
5/27/2021 10:05,1.105477,0.04395605
5/27/2021 10:10,1.095877,0.04395605
5/27/2021 10:15,1.097354,0.04395605
5/27/2021 10:20,1.0944,0.04395605
5/27/2021 10:25,1.104,0.04395605
5/27/2021 10:30,1.098831,0.04395605
5/27/2021 10:35,1.101785,0.04395605
5/27/2021 10:40,1.101046,0.04395605
5/27/2021 10:45,1.109908,0.04395605
5/27/2021 10:50,1.101785,0.04395605
5/27/2021 10:55,1.112862,0.04395605
5/27/2021 11:00,1.107692,0.04395605
5/27/2021 11:05,1.101046,0.04395605
5/27/2021 11:10,1.1136,0.04395605
5/27/2021 11:15,1.106954,0.04395605
5/27/2021 11:20,1.106954,0.04395605
5/27/2021 11:25,1.109169,0.04395605
5/27/2021 11:30,1.105477,0.04395605
5/27/2021 11:35,1.095138,0.04395605
5/27/2021 11:40,1.111385,0.04395605
5/27/2021 11:45,1.101785,0.04395605
5/27/2021 11:50,1.101785,0.04395605
5/27/2021 11:55,1.108431,0.04395605
5/27/2021 12:00,1.120985,0.04395605
5/27/2021 12:05,1.112862,0.04395605
5/27/2021 12:10,1.1136,0.04395605
5/27/2021 12:15,1.109908,0.04395605
5/27/2021 12:20,1.108431,0.04395605
5/27/2021 12:25,1.106954,0.04395605
5/27/2021 12:30,1.109908,0.04395605
5/27/2021 12:35,1.106954,0.04395605
5/27/2021 12:40,1.106954,0.04395605
5/27/2021 12:45,1.112862,0.04395605
5/27/2021 12:50,1.108431,0.04395605
5/27/2021 12:55,1.106215,0.04395605
5/27/2021 13:00,1.112123,0.04395605
5/27/2021 13:05,1.112862,0.04395605
5/27/2021 13:10,1.122462,0.04395605
5/27/2021 13:15,1.116554,0.04395605
5/27/2021 13:20,1.107692,0.04395605
5/27/2021 13:25,1.115815,0.04395605
5/27/2021 13:30,1.110646,0.04517705
5/27/2021 13:35,1.106954,0.04517705
5/27/2021 13:40,1.104,0.04517705
5/27/2021 13:45,1.115077,0.04517705
5/27/2021 13:50,1.118031,0.04517705
5/27/2021 13:55,1.103261,0.04517705
5/27/2021 14:00,1.109908,0.04639805
5/27/2021 14:05,1.109908,0.04639805
5/27/2021 14:10,1.115077,0.04639805
5/27/2021 14:15,1.112123,0.04639805
5/27/2021 14:20,1.106954,0.04639805
5/27/2021 14:25,1.111385,0.04639805
5/27/2021 14:30,1.106954,0.04639805
5/27/2021 14:35,1.1136,0.04639805
5/27/2021 14:40,1.100308,0.04639805
5/27/2021 14:45,1.110646,0.04639805
5/27/2021 14:50,1.106954,0.04639805
5/27/2021 14:55,1.1136,0.04639805
5/27/2021 15:00,1.106215,0.04639805
5/27/2021 15:05,1.1136,0.04639805
5/27/2021 15:10,1.108431,0.04639805
5/27/2021 15:15,1.093662,0.04639805
5/27/2021 15:20,1.112123,0.04639805
5/27/2021 15:25,1.100308,0.02808303
5/27/2021 15:30,1.098092,0.02808303
5/27/2021 15:35,1.098092,0.02808303
5/27/2021 15:40,1.097354,0.02808303
5/27/2021 15:45,1.096615,0.02808303
5/27/2021 15:50,1.097354,0.02808303
5/27/2021 15:55,1.105477,0.02808303
5/27/2021 16:00,1.106215,0.02808303
5/27/2021 16:05,1.093662,0.02808303
5/27/2021 16:10,1.097354,0.02808303
5/27/2021 16:15,1.093662,0.02808303
5/27/2021 16:20,1.097354,0.02808303
5/27/2021 16:25,1.100308,0.02808303
5/27/2021 16:30,1.093662,0.02808303
5/27/2021 16:35,1.102523,0.02808303
5/27/2021 16:40,1.095877,0.02808303
5/27/2021 16:45,1.093662,0.02808303
5/27/2021 16:50,1.101785,0.02808303
5/27/2021 16:55,1.101046,0.02808303
5/27/2021 17:00,1.092185,0.02808303
5/27/2021 17:05,1.088492,0.02808303
5/27/2021 17:10,1.093662,0.02808303
5/27/2021 17:15,1.092923,0.02808303
5/27/2021 17:20,1.089231,0.02808303
5/27/2021 17:25,1.087754,0.02808303
5/27/2021 17:30,1.083323,0.02808303
5/27/2021 17:35,1.092185,0.02808303
5/27/2021 17:40,1.097354,0.02808303
5/27/2021 17:45,1.095138,0.02808303
5/27/2021 17:50,1.090708,0.02808303
5/27/2021 17:55,1.087754,0.02808303
5/27/2021 18:00,1.090708,0.02686203
5/27/2021 18:05,1.087015,0.02686203
5/27/2021 18:10,1.086277,0.02686203
5/27/2021 18:15,1.087754,0.02686203
5/27/2021 18:20,1.088492,0.02686203
5/27/2021 18:25,1.086277,0.02686203
5/27/2021 18:30,1.085538,0.02686203
5/27/2021 18:35,1.0848,0.02686203
5/27/2021 18:40,1.086277,0.02686203
5/27/2021 18:45,1.084062,0.02686203
5/27/2021 18:50,1.0848,0.02686203
5/27/2021 18:55,1.091446,0.02686203
5/27/2021 19:00,1.072985,0.02686203
5/27/2021 19:05,1.089231,0.02686203
5/27/2021 19:10,1.089231,0.02686203
5/27/2021 19:15,1.060431,0.02686203
5/27/2021 19:20,1.054523,0.02686203
5/27/2021 19:25,1.091446,0.02686203
5/27/2021 19:30,1.101785,0.02686203
5/27/2021 19:35,1.106954,0.02686203
5/27/2021 19:40,1.099569,0.02686203
5/27/2021 19:45,1.106215,0.02686203
5/27/2021 19:50,1.096615,0.02686203
5/27/2021 19:55,1.0944,0.02686203
5/27/2021 20:00,1.092923,0.02686203
5/27/2021 20:05,1.098831,0.02686203
5/27/2021 20:10,1.102523,0.02686203
5/27/2021 20:15,1.097354,0.02686203
5/27/2021 20:20,1.093662,0.02686203
5/27/2021 20:25,1.092923,0.02686203
5/27/2021 20:30,1.096615,0.02686203
5/27/2021 20:35,1.092185,0.02686203
5/27/2021 20:40,1.097354,0.02686203
5/27/2021 20:45,1.086277,0.02686203
5/27/2021 20:50,1.096615,0.02686203
5/27/2021 20:55,1.089231,0.02686203
5/27/2021 21:00,1.087015,0.02808303
5/27/2021 21:05,1.089231,0.02808303
5/27/2021 21:10,1.083323,0.02808303
5/27/2021 21:15,1.081846,0.02808303
5/27/2021 21:20,1.092923,0.02808303
5/27/2021 21:25,1.081846,0.02808303
5/27/2021 21:30,1.093662,0.02808303
5/27/2021 21:35,1.081108,0.02808303
5/27/2021 21:40,1.0848,0.02808303
5/27/2021 21:45,1.078892,0.02808303
5/27/2021 21:50,1.085538,0.02808303
5/27/2021 21:55,1.092185,0.02808303
5/27/2021 22:00,1.089969,0.02808303
5/27/2021 22:05,1.088492,0.02808303
5/27/2021 22:10,1.0848,0.02808303
5/27/2021 22:15,1.089231,0.02808303
5/27/2021 22:20,1.084062,0.02686203
5/27/2021 22:25,1.122462,0.02808303
5/27/2021 22:30,1.067815,0.02808303
5/27/2021 22:35,1.117292,0.02808303
5/27/2021 22:40,1.1136,0.02808303
5/27/2021 22:45,1.106954,0.02808303
5/27/2021 22:50,1.102523,0.02808303
5/27/2021 22:55,1.104,0.02808303
5/27/2021 23:00,1.111385,0.02808303
5/27/2021 23:05,1.110646,0.02808303
5/27/2021 23:10,1.115077,0.02686203
5/27/2021 23:15,1.105477,0.02686203
5/27/2021 23:20,1.106954,0.02808303
5/27/2021 23:25,1.099569,0.02808303
5/27/2021 23:30,1.097354,0.02808303
5/27/2021 23:35,1.100308,0.02808303
5/27/2021 23:40,1.095138,0.02808303
5/27/2021 23:45,1.105477,0.02808303
5/27/2021 23:50,1.100308,0.02930403
5/27/2021 23:55,1.095877,0.02930403
5/28/2021 0:00,1.095877,0.02930403
5/28/2021 0:05,1.093662,0.03052503
5/28/2021 0:10,1.097354,0.03052503
5/28/2021 0:15,1.086277,0.03052503
5/28/2021 0:20,1.089231,0.03052503
5/28/2021 0:25,1.089231,0.03052503
5/28/2021 0:30,1.084062,0.03052503
5/28/2021 0:35,1.080369,0.03052503
5/28/2021 0:40,1.087754,0.03052503
5/28/2021 0:45,1.082585,0.03052503
5/28/2021 0:50,1.082585,0.03052503
5/28/2021 0:55,1.058954,0.03052503
5/28/2021 1:00,1.053046,0.03052503
5/28/2021 1:05,1.051569,0.03052503
5/28/2021 1:10,1.1232,0.03052503
5/28/2021 1:15,1.118031,0.03052503
5/28/2021 1:20,1.108431,0.03052503
5/28/2021 1:25,1.118031,0.03052503
5/28/2021 1:30,1.105477,0.03052503
5/28/2021 1:35,1.107692,0.03052503
5/28/2021 1:40,1.105477,0.03052503
5/28/2021 1:45,1.103261,0.03052503
5/28/2021 1:50,1.102523,0.03052503
5/28/2021 1:55,1.097354,0.03052503
5/28/2021 2:00,1.030154,0.03052503
5/28/2021 2:05,1.009477,0.03052503
5/28/2021 2:10,0.9947076,0.03052503
5/28/2021 2:15,0.9843692,0.03052503
5/28/2021 2:20,0.9836308,0.03052503
5/28/2021 2:25,1.0176,0.03052503
5/28/2021 2:30,1.016862,0.03052503
5/28/2021 2:35,1.020554,0.02930403
5/28/2021 2:40,1.016862,0.02930403
5/28/2021 2:45,0.9836308,0.02930403
5/28/2021 2:50,0.9888,0.02930403
5/28/2021 2:55,0.9851077,0.02930403
5/28/2021 3:00,1.022031,0.02930403
5/28/2021 3:05,1.016862,0.02930403
5/28/2021 3:10,1.019077,0.02930403
5/28/2021 3:15,0.9784615,0.02930403
5/28/2021 3:20,1.002092,0.02930403
5/28/2021 3:25,1.002831,0.02930403
5/28/2021 3:30,0.9991384,0.02930403
5/28/2021 3:35,1.003569,0.02930403
5/28/2021 3:40,1.002831,0.02930403
5/28/2021 3:45,1.002831,0.02930403
5/28/2021 3:50,0.996923,0.02930403
5/28/2021 3:55,0.9902769,0.02930403
5/28/2021 4:00,0.987323,0.02930403
5/28/2021 4:05,0.9947076,0.02930403
5/28/2021 4:10,0.9984,0.02930403
5/28/2021 4:15,0.9902769,0.02930403
5/28/2021 4:20,0.9947076,0.02930403
5/28/2021 4:25,1.001354,0.02930403
5/28/2021 4:30,0.9858461,0.02930403
5/28/2021 4:35,0.9910154,0.02930403
5/28/2021 4:40,0.9865846,0.02930403
5/28/2021 4:45,0.9902769,0.02930403
5/28/2021 4:50,0.9902769,0.02930403
5/28/2021 4:55,0.9939692,0.02930403
5/28/2021 5:00,0.9902769,0.02930403
5/28/2021 5:05,0.9880615,0.02930403
5/28/2021 5:10,0.9851077,0.02808303
5/28/2021 5:15,0.9895384,0.02808303
5/28/2021 5:20,0.9917538,0.02808303
5/28/2021 5:25,0.987323,0.02808303
5/28/2021 5:30,0.9777231,0.02808303
5/28/2021 5:35,0.9888,0.02808303
5/28/2021 5:40,0.9932307,0.02808303
5/28/2021 5:45,0.9747692,0.02808303
5/28/2021 5:50,0.9998769,0.02808303
5/28/2021 5:55,0.9851077,0.02808303
5/28/2021 6:00,0.9858461,0.02808303
5/28/2021 6:05,0.9821538,0.02808303
5/28/2021 6:10,0.9806769,0.02808303
5/28/2021 6:15,1.047138,0.02808303
5/28/2021 6:20,1.013169,0.02808303
5/28/2021 6:25,1.018338,0.02808303
5/28/2021 6:30,1.019077,0.02808303
5/28/2021 6:35,1.002831,0.02808303
5/28/2021 6:40,0.9954461,0.02808303
5/28/2021 6:45,0.9932307,0.02808303
5/28/2021 6:50,0.9902769,0.02808303
5/28/2021 6:55,0.9888,0.02808303
5/28/2021 7:00,0.9895384,0.02808303
5/28/2021 7:05,0.9947076,0.02808303
5/28/2021 7:10,0.9851077,0.02808303
5/28/2021 7:15,0.9910154,0.02808303
5/28/2021 7:20,0.9821538,0.02808303
5/28/2021 7:25,0.9843692,0.02808303
5/28/2021 7:30,0.9843692,0.02808303
5/28/2021 7:35,0.987323,0.02808303
5/28/2021 7:40,0.9858461,0.02808303
5/28/2021 7:45,0.9858461,0.02808303
5/28/2021 7:50,0.9792,0.02808303
5/28/2021 7:55,0.958523,0.02808303
5/28/2021 8:00,1.002092,0.02808303
5/28/2021 8:05,1.001354,0.02808303
5/28/2021 8:10,1.006523,0.02808303
5/28/2021 8:15,1.005785,0.02808303
5/28/2021 8:20,0.9961846,0.02808303
5/28/2021 8:25,0.9851077,0.02808303
5/28/2021 8:30,0.9976615,0.02808303
5/28/2021 8:35,0.9917538,0.02808303
5/28/2021 8:40,0.9865846,0.02808303
5/28/2021 8:45,0.996923,0.02808303
5/28/2021 8:50,0.9910154,0.02808303
5/28/2021 8:55,0.9947076,0.02808303
5/28/2021 9:00,0.9777231,0.02808303
5/28/2021 9:05,0.9865846,0.02808303
5/28/2021 9:10,0.9902769,0.02808303
5/28/2021 9:15,0.9880615,0.02808303
5/28/2021 9:20,0.9939692,0.02808303
5/28/2021 9:25,0.987323,0.02808303
5/28/2021 9:30,0.9851077,0.02808303
5/28/2021 9:35,0.987323,0.02808303
5/28/2021 9:40,0.987323,0.02808303
5/28/2021 9:45,0.9932307,0.02808303
5/28/2021 9:50,0.9895384,0.02808303
5/28/2021 9:55,0.9917538,0.02808303
5/28/2021 10:00,0.9836308,0.02808303
5/28/2021 10:05,0.9880615,0.02808303
5/28/2021 10:10,0.9910154,0.02808303
5/28/2021 10:15,0.9932307,0.02808303
5/28/2021 10:20,0.9865846,0.02808303
5/28/2021 10:25,0.9821538,0.02808303
5/28/2021 10:30,0.9806769,0.02808303
5/28/2021 10:35,0.9836308,0.02808303
5/28/2021 10:40,0.9851077,0.02808303
5/28/2021 10:45,0.9836308,0.02808303
5/28/2021 10:50,0.9888,0.02808303
5/28/2021 10:55,0.9902769,0.02808303
5/28/2021 11:00,0.9880615,0.02808303
5/28/2021 11:05,1.012431,0.02808303
5/28/2021 11:10,1.025723,0.02808303
5/28/2021 11:15,0.9710769,0.02808303
5/28/2021 11:20,1.011692,0.02808303
5/28/2021 11:25,1.004308,0.02808303
5/28/2021 11:30,1.013908,0.02808303
5/28/2021 11:35,1.006523,0.02808303
5/28/2021 11:40,1.003569,0.02808303
5/28/2021 11:45,1.002831,0.02808303
5/28/2021 11:50,1.010954,0.02808303
5/28/2021 11:55,1.007262,0.02808303
5/28/2021 12:00,1.008,0.02808303
5/28/2021 12:05,1.005785,0.02808303
5/28/2021 12:10,1.009477,0.02808303
5/28/2021 12:15,1.006523,0.02808303
5/28/2021 12:20,1.002092,0.02808303
5/28/2021 12:25,1.001354,0.02808303
5/28/2021 12:30,1.002831,0.02808303
5/28/2021 12:35,0.9961846,0.02808303
5/28/2021 12:40,1.002831,0.02808303
5/28/2021 12:45,0.9961846,0.02808303
5/28/2021 12:50,0.9976615,0.02808303
5/28/2021 12:55,1.002831,0.02808303
5/28/2021 13:00,0.996923,0.02808303
5/28/2021 13:05,0.996923,0.02808303
5/28/2021 13:10,0.9984,0.02808303
5/28/2021 13:15,1.004308,0.02808303
5/28/2021 13:20,1.008,0.02808303
5/28/2021 13:25,0.9917538,0.02808303
5/28/2021 13:30,0.996923,0.02808303
5/28/2021 13:35,0.9910154,0.02808303
5/28/2021 13:40,0.9998769,0.02808303
5/28/2021 13:45,0.9888,0.02808303
5/28/2021 13:50,0.9910154,0.02808303
5/28/2021 13:55,0.9917538,0.02808303
5/28/2021 14:00,0.9917538,0.02808303
5/28/2021 14:05,0.987323,0.02808303
5/28/2021 14:10,0.9932307,0.02808303
5/28/2021 14:15,0.9917538,0.02808303
5/28/2021 14:20,0.9828923,0.02808303
5/28/2021 14:25,0.9947076,0.02808303
5/28/2021 14:30,0.9880615,0.02808303
5/28/2021 14:35,0.9843692,0.02808303
5/28/2021 14:40,0.9895384,0.02808303
5/28/2021 14:45,0.9806769,0.02808303
5/28/2021 14:50,0.9821538,0.02808303
5/28/2021 14:55,0.9851077,0.02808303
5/28/2021 15:00,0.9858461,0.02808303
5/28/2021 15:05,1.019815,0.02808303
5/28/2021 15:10,0.9961846,0.02808303
5/28/2021 15:15,1.023508,0.02808303
5/28/2021 15:20,1.018338,0.02808303
5/28/2021 15:25,1.016123,0.02808303
5/28/2021 15:30,1.016123,0.02808303
5/28/2021 15:35,1.012431,0.02808303
5/28/2021 15:40,0.9223384,0.02808303
5/28/2021 15:45,0.9075692,0.02808303
5/28/2021 15:50,0.9001846,0.02808303
5/28/2021 15:55,0.8994461,0.02808303
5/28/2021 16:00,0.8839385,0.02808303
5/28/2021 16:05,0.8898461,0.02808303
5/28/2021 16:10,0.8854154,0.02808303
5/28/2021 16:15,0.8735999,0.02808303
5/28/2021 16:20,0.8846769,0.02808303
5/28/2021 16:25,0.8802461,0.02808303
5/28/2021 16:30,0.8802461,0.02808303
5/28/2021 16:35,0.9024,0.02808303
5/28/2021 16:40,0.8972307,0.02808303
5/28/2021 16:45,0.8942769,0.02808303
5/28/2021 16:50,0.8898461,0.02808303
5/28/2021 16:55,0.8957538,0.02808303
5/28/2021 17:00,0.8994461,0.02808303
5/28/2021 17:05,0.8876308,0.02808303
5/28/2021 17:10,0.8935384,0.02808303
5/28/2021 17:15,0.8883692,0.02808303
5/28/2021 17:20,0.8928,0.02808303
5/28/2021 17:25,0.8891077,0.02808303
5/28/2021 17:30,0.8928,0.02808303
5/28/2021 17:35,0.8891077,0.02808303
5/28/2021 17:40,0.8920615,0.02808303
5/28/2021 17:45,0.8891077,0.02808303
5/28/2021 17:50,0.8846769,0.02808303
5/28/2021 17:55,0.8735999,0.02808303
5/28/2021 18:00,0.9186462,0.02808303
5/28/2021 18:05,0.8699077,0.02808303
5/28/2021 18:10,0.8987077,0.02808303
5/28/2021 18:15,0.9009231,0.02808303
5/28/2021 18:20,0.8957538,0.02808303
5/28/2021 18:25,0.8972307,0.02808303
5/28/2021 18:30,0.9038769,0.02808303
5/28/2021 18:35,0.8928,0.02808303
5/28/2021 18:40,0.9009231,0.02808303
5/28/2021 18:45,0.8920615,0.02808303
5/28/2021 18:50,0.8942769,0.02808303
5/28/2021 18:55,0.8913231,0.02808303
5/28/2021 19:00,0.8891077,0.02808303
5/28/2021 19:05,0.8846769,0.02808303
5/28/2021 19:10,0.8846769,0.02808303
5/28/2021 19:15,0.8765538,0.02808303
5/28/2021 19:20,0.8876308,0.02808303
5/28/2021 19:25,0.8780307,0.02808303
5/28/2021 19:30,0.8824615,0.02808303
5/28/2021 19:35,0.8861538,0.02808303
5/28/2021 19:40,0.8832,0.02808303
5/28/2021 19:45,0.8832,0.02808303
5/28/2021 19:50,0.8795077,0.02808303
5/28/2021 19:55,0.8750769,0.02808303
5/28/2021 20:00,0.8632615,0.02808303
5/28/2021 20:05,0.9090461,0.02808303
5/28/2021 20:10,0.9090461,0.02808303
5/28/2021 20:15,0.9105231,0.02808303
5/28/2021 20:20,0.9053538,0.02808303
5/28/2021 20:25,0.9053538,0.02808303
5/28/2021 20:30,0.9083077,0.02808303
5/28/2021 20:35,0.9046153,0.02808303
5/28/2021 20:40,0.9009231,0.02808303
5/28/2021 20:45,0.8994461,0.02808303
5/28/2021 20:50,0.8928,0.02808303
5/28/2021 20:55,0.8920615,0.02808303
5/28/2021 21:00,0.8802461,0.02808303
5/28/2021 21:05,0.8795077,0.02808303
5/28/2021 21:10,0.8876308,0.02808303
5/28/2021 21:15,0.9415385,0.02808303
5/28/2021 21:20,0.9186462,0.02808303
5/28/2021 21:25,0.9105231,0.02808303
5/28/2021 21:30,0.9009231,0.02808303
5/28/2021 21:35,0.8994461,0.02808303
5/28/2021 21:40,0.8994461,0.02808303
5/28/2021 21:45,0.8078769,0.02808303
5/28/2021 21:50,0.6424615,0.02808303
5/28/2021 21:55,0.5892923,0.02808303
5/28/2021 22:00,0.5878154,0.02930403
5/28/2021 22:05,0.6003692,0.03052503
5/28/2021 22:10,0.5974154,0.03052503
5/28/2021 22:15,0.5959384,0.03052503
5/28/2021 22:20,0.5937231,0.03174603
5/28/2021 22:25,0.5922462,0.03174603
5/28/2021 22:30,0.5966769,0.03174603
5/28/2021 22:35,0.5915077,0.03174603
5/28/2021 22:40,0.8270769,0.03174603
5/28/2021 22:45,0.8219077,0.03174603
5/28/2021 22:50,0.8108307,0.03052503
5/28/2021 22:55,0.8189538,0.03052503
5/28/2021 23:00,0.8137846,0.03052503
5/28/2021 23:05,0.814523,0.02930403
5/28/2021 23:10,0.8167384,0.02930403
5/28/2021 23:15,0.8108307,0.02930403
5/28/2021 23:20,0.8241231,0.02930403
5/28/2021 23:25,0.8056615,0.02930403
5/28/2021 23:30,0.8100923,0.02930403
5/28/2021 23:35,0.8041846,0.02930403
5/28/2021 23:40,0.8100923,0.02930403
5/28/2021 23:45,0.8019692,0.02930403
5/28/2021 23:50,0.8078769,0.02930403
5/28/2021 23:55,0.8049231,0.02930403
5/29/2021 0:00,0.8019692,0.02930403
5/29/2021 0:05,0.7982769,0.02808303
5/29/2021 0:10,0.8049231,0.02808303
5/29/2021 0:15,0.7997538,0.02808303
5/29/2021 0:20,0.7968,0.02930403
5/29/2021 0:25,0.7982769,0.02930403
5/29/2021 0:30,0.7908922,0.02808303
5/29/2021 0:35,0.7968,0.02930403
5/29/2021 0:40,0.7953231,0.02930403
5/29/2021 0:45,0.7916308,0.02930403
5/29/2021 0:50,0.7901538,0.02930403
5/29/2021 0:55,0.7886769,0.02930403
5/29/2021 1:00,0.7842461,0.02930403
5/29/2021 1:05,0.7931077,0.02930403
5/29/2021 1:10,0.7872,0.02930403
5/29/2021 1:15,0.7805538,0.02930403
5/29/2021 1:20,0.7849846,0.02930403
5/29/2021 1:25,0.7827692,0.02930403
5/29/2021 1:30,0.7805538,0.02930403
5/29/2021 1:35,0.7753846,0.02930403
5/29/2021 1:40,0.7827692,0.02930403
5/29/2021 1:45,0.7849846,0.02930403
5/29/2021 1:50,0.7886769,0.02930403
5/29/2021 1:55,0.7798154,0.02930403
5/29/2021 2:00,0.7953231,0.02930403
5/29/2021 2:05,0.7842461,0.02930403
5/29/2021 2:10,0.7849846,0.02930403
5/29/2021 2:15,0.785723,0.02930403
5/29/2021 2:20,0.7908922,0.02930403
5/29/2021 2:25,0.7916308,0.02930403
5/29/2021 2:30,0.7872,0.02930403
5/29/2021 2:35,0.7872,0.02930403
5/29/2021 2:40,0.7820308,0.02930403
5/29/2021 2:45,0.7827692,0.02930403
5/29/2021 2:50,0.7827692,0.02930403
5/29/2021 2:55,0.7798154,0.02930403
5/29/2021 3:00,0.7805538,0.02930403
5/29/2021 3:05,0.8174769,0.02930403
5/29/2021 3:10,0.8204307,0.02930403
5/29/2021 3:15,0.8189538,0.02808303
5/29/2021 3:20,0.8078769,0.02808303
5/29/2021 3:25,0.8078769,0.02808303
5/29/2021 3:30,0.8078769,0.02808303
5/29/2021 3:35,0.8078769,0.02808303
5/29/2021 3:40,0.7982769,0.02808303
5/29/2021 3:45,0.8049231,0.02808303
5/29/2021 3:50,0.7968,0.02808303
5/29/2021 3:55,0.8078769,0.02808303
5/29/2021 4:00,0.8071384,0.02808303
5/29/2021 4:05,0.8034461,0.02808303
5/29/2021 4:10,0.8019692,0.02808303
5/29/2021 4:15,0.7916308,0.02808303
5/29/2021 4:20,0.8019692,0.02808303
5/29/2021 4:25,0.7968,0.02808303
5/29/2021 4:30,0.7990154,0.02808303
5/29/2021 4:35,0.8012308,0.02808303
5/29/2021 4:40,0.7908922,0.02808303
5/29/2021 4:45,0.7864615,0.02808303
5/29/2021 4:50,0.7916308,0.02808303
5/29/2021 4:55,0.7849846,0.02808303
5/29/2021 5:00,0.7768615,0.02808303
5/29/2021 5:05,0.7812923,0.02808303
5/29/2021 5:10,0.7879384,0.02808303
5/29/2021 5:15,0.7790769,0.02808303
5/29/2021 5:20,0.7694769,0.02808303
5/29/2021 5:25,0.7812923,0.02808303
5/29/2021 5:30,0.7753846,0.02808303
5/29/2021 5:35,0.7842461,0.02808303
5/29/2021 5:40,0.7820308,0.02808303
5/29/2021 5:45,0.8219077,0.02808303
5/29/2021 5:50,0.7982769,0.02808303
5/29/2021 5:55,0.7820308,0.02808303
5/29/2021 6:00,0.7820308,0.02808303
5/29/2021 6:05,0.7805538,0.02808303
5/29/2021 6:10,0.7790769,0.02808303
5/29/2021 6:15,0.7776,0.02808303
5/29/2021 6:20,0.7746462,0.02808303
5/29/2021 6:25,0.816,0.02808303
5/29/2021 6:30,0.8093538,0.02808303
5/29/2021 6:35,0.8167384,0.02808303
5/29/2021 6:40,0.8123077,0.02808303
5/29/2021 6:45,0.8108307,0.02808303
5/29/2021 6:50,0.8049231,0.02808303
5/29/2021 6:55,0.8071384,0.02808303
5/29/2021 7:00,0.7990154,0.02808303
5/29/2021 7:05,0.8034461,0.02808303
5/29/2021 7:10,0.8019692,0.02808303
5/29/2021 7:15,0.8093538,0.02808303
5/29/2021 7:20,0.8064,0.02808303
5/29/2021 7:25,0.8049231,0.02808303
5/29/2021 7:30,0.8093538,0.02808303
5/29/2021 7:35,0.8086154,0.02808303
5/29/2021 7:40,0.8093538,0.02808303
5/29/2021 7:45,0.8086154,0.02808303
5/29/2021 7:50,0,-1
5/29/2021 7:55,0,-1
5/29/2021 8:00,0,-1
5/29/2021 8:05,0,-1
5/29/2021 8:10,0,-1
5/29/2021 8:15,0,-1
5/29/2021 8:20,0,-1
5/29/2021 8:25,0,-1
5/29/2021 8:30,0,-1
5/29/2021 8:35,0,-1
5/29/2021 8:40,0,-1
5/29/2021 8:45,0,-1
5/29/2021 8:50,0,-1
5/29/2021 8:55,0,-1
5/29/2021 9:00,0,-1
5/29/2021 9:05,0,-1
5/29/2021 9:10,0,-1
5/29/2021 9:15,0,-1
5/29/2021 9:20,0,-1
5/29/2021 9:25,0,-1
5/29/2021 9:30,0,-1
5/29/2021 9:35,0,-1
5/29/2021 9:40,0,-1
5/29/2021 9:45,0,-1
5/29/2021 9:50,0,-1
5/29/2021 9:55,0,-1
5/29/2021 10:00,0,-1
5/29/2021 10:05,0,-1
5/29/2021 10:10,0,-1
5/29/2021 10:15,0,-1
5/29/2021 10:20,0,-1
5/29/2021 10:25,0,0.08913309
5/29/2021 10:30,0,-1
5/29/2021 10:35,0,-1
5/29/2021 10:40,0,-1
5/29/2021 10:45,0,-1
5/29/2021 10:50,0,-1
5/29/2021 10:55,0,-1
5/29/2021 11:00,0,-1
5/29/2021 11:05,0,-1
5/29/2021 11:10,0,-1
5/29/2021 11:15,0,-1
5/29/2021 11:20,0,-1
5/29/2021 11:25,0,-1
5/29/2021 11:30,0,-1
5/29/2021 11:35,0,-1
5/29/2021 11:40,0,-1
5/29/2021 11:45,0,-1
5/29/2021 11:50,0,-1
5/29/2021 11:55,0,-1
5/29/2021 12:00,0,-1
5/29/2021 12:05,0,-1
5/29/2021 12:10,0,-1
5/29/2021 12:15,0,-1
5/29/2021 12:20,0,-1
5/29/2021 12:25,0,-1
5/29/2021 12:30,0,-1
5/29/2021 12:35,0,-1
5/29/2021 12:40,0,-1
5/29/2021 12:45,0,-1
5/29/2021 12:50,0,-1
5/29/2021 12:55,0,-1
5/29/2021 13:00,0,-1
5/29/2021 13:05,0,-1
5/29/2021 13:10,0,-1
5/29/2021 13:15,0,-1
5/29/2021 13:20,0,-1
5/29/2021 13:25,0,-1
5/29/2021 13:30,0,-1
5/29/2021 13:35,0,-1
5/29/2021 13:40,0,-1
5/29/2021 13:45,0,-1
5/29/2021 13:50,0,-1
5/29/2021 13:55,0,-1
5/29/2021 14:00,0,-1
5/29/2021 14:05,0,-1
5/29/2021 14:10,0,-1
5/29/2021 14:15,0,-1
5/29/2021 14:20,0,-1
5/29/2021 14:25,0,-1
5/29/2021 14:30,0,-1
5/29/2021 14:35,0,-1
5/29/2021 14:40,0,-1
5/29/2021 14:45,0,-1
5/29/2021 14:50,0,-1
5/29/2021 14:55,0,-1
5/29/2021 15:00,0,-1
5/29/2021 15:05,0,-1
5/29/2021 15:10,0,-1
5/29/2021 15:15,0,-1
5/29/2021 15:20,0,-1
5/29/2021 15:25,0,-1
5/29/2021 15:30,0,-1
5/29/2021 15:35,0,-1
5/29/2021 15:40,0,-1
5/29/2021 15:45,0,-1
5/29/2021 15:50,0,-1
5/29/2021 15:55,0,-1
5/29/2021 16:00,0,-1
5/29/2021 16:05,0,-1
5/29/2021 16:10,0,-1
5/29/2021 16:15,0,-1
5/29/2021 16:20,0,-1
5/29/2021 16:25,0,-1
5/29/2021 16:30,0,-1
5/29/2021 16:35,0,-1
5/29/2021 16:40,0,-1
5/29/2021 16:45,0,-1
5/29/2021 16:50,0,-1
5/29/2021 16:55,0,-1
5/29/2021 17:00,0,-1
5/29/2021 17:05,0,-1
5/29/2021 17:10,0,-1
5/29/2021 17:15,0,-1
5/29/2021 17:20,0,-1
5/29/2021 17:25,0,-1
5/29/2021 17:30,0,-1
5/29/2021 17:35,0,-1
5/29/2021 17:40,0,-1
5/29/2021 17:45,0,-1
5/29/2021 17:50,0,-1
5/29/2021 17:55,0,-1
5/29/2021 18:00,0,-1
5/29/2021 18:05,0,-1
5/29/2021 18:10,0,-1
5/29/2021 18:15,0,-1
5/29/2021 18:20,0,-1
5/29/2021 18:25,0,-1
5/29/2021 18:30,0,-1
5/29/2021 18:35,0,-1
5/29/2021 18:40,0,-1
5/29/2021 18:45,0,-1
5/29/2021 18:50,0,-1
5/29/2021 18:55,0,-1
5/29/2021 19:00,0,-1
5/29/2021 19:05,0,-1
5/29/2021 19:10,0,-1
5/29/2021 19:15,0,-1
5/29/2021 19:20,0,-1
5/29/2021 19:25,0,-1
5/29/2021 19:30,0,-1
5/29/2021 19:35,0,-1
5/29/2021 19:40,0,-1
5/29/2021 19:45,0,-1
5/29/2021 19:50,0,-1
5/29/2021 19:55,0,-1
5/29/2021 20:00,0,-1
5/29/2021 20:05,0,-1
5/29/2021 20:10,0,-1
5/29/2021 20:15,0,-1
5/29/2021 20:20,0,-1
5/29/2021 20:25,0,-1
5/29/2021 20:30,0,-1
5/29/2021 20:35,0,-1
5/29/2021 20:40,0,-1
5/29/2021 20:45,0,-1
5/29/2021 20:50,0,-1
5/29/2021 20:55,0,-1
5/29/2021 21:00,0,-1
5/29/2021 21:05,0,-1
5/29/2021 21:10,0,-1
5/29/2021 21:15,0,-1
5/29/2021 21:20,0,-1
5/29/2021 21:25,0,-1
5/29/2021 21:30,0,-1
5/29/2021 21:35,0,-1
5/29/2021 21:40,0,-1
5/29/2021 21:45,0,-1
5/29/2021 21:50,0,-1
5/29/2021 21:55,0,-1
5/29/2021 22:00,0,-1
5/29/2021 22:05,0,-1
5/29/2021 22:10,0,-1
5/29/2021 22:15,0,-1
5/29/2021 22:20,0,-1
5/29/2021 22:25,0,-1
5/29/2021 22:30,0,-1
5/29/2021 22:35,0,-1
5/29/2021 22:40,0,-1
5/29/2021 22:45,0,-1
5/29/2021 22:50,0,-1
5/29/2021 22:55,0,-1
5/29/2021 23:00,0,-1
5/29/2021 23:05,0,-1
5/29/2021 23:10,0,-1
5/29/2021 23:15,0,-1
5/29/2021 23:20,0,-1
5/29/2021 23:25,0,-1
5/29/2021 23:30,0,-1
5/29/2021 23:35,0,-1
5/29/2021 23:40,0,-1
5/29/2021 23:45,0,-1
5/29/2021 23:50,0,-1
5/29/2021 23:55,0,-1
5/30/2021 0:00,0,-1
5/30/2021 0:05,0,-1
5/30/2021 0:10,0,-1
5/30/2021 0:15,0,-1
5/30/2021 0:20,0,-1
5/30/2021 0:25,0,-1
5/30/2021 0:30,0,-1
5/30/2021 0:35,0,-1
5/30/2021 0:40,0,-1
5/30/2021 0:45,0,-1
5/30/2021 0:50,0,-1
5/30/2021 0:55,0,-1
5/30/2021 1:00,0,-1
5/30/2021 1:05,0,-1
5/30/2021 1:10,0,-1
5/30/2021 1:15,0,-1
5/30/2021 1:20,0,-1
5/30/2021 1:25,0,-1
5/30/2021 1:30,0,-1
5/30/2021 1:35,0,-1
5/30/2021 1:40,0,-1
5/30/2021 1:45,0,-1
5/30/2021 1:50,0,-1
5/30/2021 1:55,0,-1
5/30/2021 2:00,0,-1
5/30/2021 2:05,0,-1
5/30/2021 2:10,0,-1
5/30/2021 2:15,0,-1
5/30/2021 2:20,0,-1
5/30/2021 2:25,0,-1
5/30/2021 2:30,0,-1
5/30/2021 2:35,0,-1
5/30/2021 2:40,0,-1
5/30/2021 2:45,0,-1
5/30/2021 2:50,0,-1
5/30/2021 2:55,0,-1
5/30/2021 3:00,0,-1
5/30/2021 3:05,0,-1
5/30/2021 3:10,0,-1
5/30/2021 3:15,0,-1
5/30/2021 3:20,0,-1
5/30/2021 3:25,0,-1
5/30/2021 3:30,0,-1
5/30/2021 3:35,0,-1
5/30/2021 3:40,0,-1
5/30/2021 3:45,0,-1
5/30/2021 3:50,0,-1
5/30/2021 3:55,0,-1
5/30/2021 4:00,0,-1
5/30/2021 4:05,0,-1
5/30/2021 4:10,0,-1
5/30/2021 4:15,0,-1
5/30/2021 4:20,0,-1
5/30/2021 4:25,0,-1
5/30/2021 4:30,0,-1
5/30/2021 4:35,0,-1
5/30/2021 4:40,0,-1
5/30/2021 4:45,0,-1
5/30/2021 4:50,0,-1
5/30/2021 4:55,0,-1
5/30/2021 5:00,0,-1
5/30/2021 5:05,0,-1
5/30/2021 5:10,0,-1
5/30/2021 5:15,0,-1
5/30/2021 5:20,0,-1
5/30/2021 5:25,0,-1
5/30/2021 5:30,0,-1
5/30/2021 5:35,0,-1
5/30/2021 5:40,0,-1
5/30/2021 5:45,0,-1
5/30/2021 5:50,0,-1
5/30/2021 5:55,0,-1
5/30/2021 6:00,0,-1
5/30/2021 6:05,0,-1
5/30/2021 6:10,0,-1
5/30/2021 6:15,0,-1
5/30/2021 6:20,0,-1
5/30/2021 6:25,0,-1
5/30/2021 6:30,0,-1
5/30/2021 6:35,0,-1
5/30/2021 6:40,0,-1
5/30/2021 6:45,0,-1
5/30/2021 6:50,0,-1
5/30/2021 6:55,0,-1
5/30/2021 7:00,0,-1
5/30/2021 7:05,0,-1
5/30/2021 7:10,0,-1
5/30/2021 7:15,0,-1
5/30/2021 7:20,0,-1
5/30/2021 7:25,0,-1
5/30/2021 7:30,0,-1
5/30/2021 7:35,0,-1
5/30/2021 7:40,0,-1
5/30/2021 7:45,0,-1
5/30/2021 7:50,0,-1
5/30/2021 7:55,0,-1
5/30/2021 8:00,0,-1
5/30/2021 8:05,0,-1
5/30/2021 8:10,0,-1
5/30/2021 8:15,0,-1
5/30/2021 8:20,0,-1
5/30/2021 8:25,0,-1
5/30/2021 8:30,0,-1
5/30/2021 8:35,0,-1
5/30/2021 8:40,0,-1
5/30/2021 8:45,0,-1
5/30/2021 8:50,0,-1
5/30/2021 8:55,0,-1
5/30/2021 9:00,0,-1
5/30/2021 9:05,0,-1
5/30/2021 9:10,0,-1
5/30/2021 9:15,0,-1
5/30/2021 9:20,0,-1
5/30/2021 9:25,0,-1
5/30/2021 9:30,0,-1
5/30/2021 9:35,0,-1
5/30/2021 9:40,0,-1
5/30/2021 9:45,0,-1
5/30/2021 9:50,0,-1
5/30/2021 9:55,0,-1
5/30/2021 10:00,0,-1
5/30/2021 10:05,0,-1
5/30/2021 10:10,0,-1
5/30/2021 10:15,0,-1
5/30/2021 10:20,0,-1
5/30/2021 10:25,0,-1
5/30/2021 10:30,0,-1
5/30/2021 10:35,0,-1
5/30/2021 10:40,0,-1
5/30/2021 10:45,0,-1
5/30/2021 10:50,0,-1
5/30/2021 10:55,0,-1
5/30/2021 11:00,0,-1
5/30/2021 11:05,0,-1
5/30/2021 11:10,0,-1
5/30/2021 11:15,0,-1
5/30/2021 11:20,0,-1
5/30/2021 11:25,0,-1
5/30/2021 11:30,0,-1
5/30/2021 11:35,0,-1
5/30/2021 11:40,0,-1
5/30/2021 11:45,0,-1
5/30/2021 11:50,0,-1
5/30/2021 11:55,0,-1
5/30/2021 12:00,0,-1
5/30/2021 12:05,0,-1
5/30/2021 12:10,0,-1
5/30/2021 12:15,0,-1
5/30/2021 12:20,0,-1
5/30/2021 12:25,0,-1
5/30/2021 12:30,0,-1
5/30/2021 12:35,0,-1
5/30/2021 12:40,0,-1
5/30/2021 12:45,0,-1
5/30/2021 12:50,0,-1
5/30/2021 12:55,0,-1
5/30/2021 13:00,0,-1
5/30/2021 13:05,0,-1
5/30/2021 13:10,0,-1
5/30/2021 13:15,0,-1
5/30/2021 13:20,0,-1
5/30/2021 13:25,0,-1
5/30/2021 13:30,0,-1
5/30/2021 13:35,0,-1
5/30/2021 13:40,0,-1
5/30/2021 13:45,0,-1
5/30/2021 13:50,0,-1
5/30/2021 13:55,0,-1
5/30/2021 14:00,0,-1
5/30/2021 14:05,0,-1
5/30/2021 14:10,0,-1
5/30/2021 14:15,0,-1
5/30/2021 14:20,0,-1
5/30/2021 14:25,0,-1
5/30/2021 14:30,0,-1
5/30/2021 14:35,0,-1
5/30/2021 14:40,0,-1
5/30/2021 14:45,0,-1
5/30/2021 14:50,0,-1
5/30/2021 14:55,0,-1
5/30/2021 15:00,0,-1
5/30/2021 15:05,0,-1
5/30/2021 15:10,0,-1
5/30/2021 15:15,0,-1
5/30/2021 15:20,0,-1
5/30/2021 15:25,0,-1
5/30/2021 15:30,0,-1
5/30/2021 15:35,0,-1
5/30/2021 15:40,0,-1
5/30/2021 15:45,0,-1
5/30/2021 15:50,0,-1
5/30/2021 15:55,0,-1
5/30/2021 16:00,0,-1
5/30/2021 16:05,0,-1
5/30/2021 16:10,0,-1
5/30/2021 16:15,0,-1
5/30/2021 16:20,0,-1
5/30/2021 16:25,0,-1
5/30/2021 16:30,0,-1
5/30/2021 16:35,0,-1
5/30/2021 16:40,0,-1
5/30/2021 16:45,0,-1
5/30/2021 16:50,0,-1
5/30/2021 16:55,0,-1
5/30/2021 17:00,0,-1
5/30/2021 17:05,0,-1
5/30/2021 17:10,0,-1
5/30/2021 17:15,0,-1
5/30/2021 17:20,0,-1
5/30/2021 17:25,0,-1
5/30/2021 17:30,0,-1
5/30/2021 17:35,0,-1
5/30/2021 17:40,0,-1
5/30/2021 17:45,0,-1
5/30/2021 17:50,0,-1
5/30/2021 17:55,0,-1
5/30/2021 18:00,0,-1
5/30/2021 18:05,0,-1
5/30/2021 18:10,0,-1
5/30/2021 18:15,0,-1
5/30/2021 18:20,0,-1
5/30/2021 18:25,0,-1
5/30/2021 18:30,0,-1
5/30/2021 18:35,0,-1
5/30/2021 18:40,0,-1
5/30/2021 18:45,0,-1
5/30/2021 18:50,0,-1
5/30/2021 18:55,0,-1
5/30/2021 19:00,0,-1
5/30/2021 19:05,0,-1
5/30/2021 19:10,0,-1
5/30/2021 19:15,0,-1
5/30/2021 19:20,0,-1
5/30/2021 19:25,0,-1
5/30/2021 19:30,0,-1
5/30/2021 19:35,0,-1
5/30/2021 19:40,0,-1
5/30/2021 19:45,0,-1
5/30/2021 19:50,0,-1
5/30/2021 19:55,0,-1
5/30/2021 20:00,0,-1
5/30/2021 20:05,0,-1
5/30/2021 20:10,0,-1
5/30/2021 20:15,0,-1
5/30/2021 20:20,0,-1
5/30/2021 20:25,0,-1
5/30/2021 20:30,0,-1
5/30/2021 20:35,0,-1
5/30/2021 20:40,0,-1
5/30/2021 20:45,0,-1
5/30/2021 20:50,0,-1
5/30/2021 20:55,0,-1
5/30/2021 21:00,0,-1
5/30/2021 21:05,0,-1
5/30/2021 21:10,0,-1
5/30/2021 21:15,0,-1
5/30/2021 21:20,0,-1
5/30/2021 21:25,0,-1
5/30/2021 21:30,0,-1
5/30/2021 21:35,0,-1
5/30/2021 21:40,0,-1
5/30/2021 21:45,0,-1
5/30/2021 21:50,0,-1
5/30/2021 21:55,0,-1
5/30/2021 22:00,0,-1
5/30/2021 22:05,0,-1
5/30/2021 22:10,0,-1
5/30/2021 22:15,0,-1
5/30/2021 22:20,0,-1
5/30/2021 22:25,0,-1
5/30/2021 22:30,0,-1
5/30/2021 22:35,0,-1
5/30/2021 22:40,0,-1
5/30/2021 22:45,0,-1
5/30/2021 22:50,0,-1
5/30/2021 22:55,0,-1
5/30/2021 23:00,0,-1
5/30/2021 23:05,0,-1
5/30/2021 23:10,0,-1
5/30/2021 23:15,0,-1
5/30/2021 23:20,0,-1
5/30/2021 23:25,0,-1
5/30/2021 23:30,0,-1
5/30/2021 23:35,0,-1
5/30/2021 23:40,0,-1
5/30/2021 23:45,0,-1
5/30/2021 23:50,0,-1
5/30/2021 23:55,0,-1
5/31/2021 0:00,0,-1
5/31/2021 0:05,0,-1
5/31/2021 0:10,0,-1
5/31/2021 0:15,0,-1
5/31/2021 0:20,0,-1
5/31/2021 0:25,0,-1
5/31/2021 0:30,0,-1
5/31/2021 0:35,0,-1
5/31/2021 0:40,0,-1
5/31/2021 0:45,0,-1
5/31/2021 0:50,0,-1
5/31/2021 0:55,0,-1
5/31/2021 1:00,0,-1
5/31/2021 1:05,0,-1
5/31/2021 1:10,0,-1
5/31/2021 1:15,0,-1
5/31/2021 1:20,0,-1
5/31/2021 1:25,0,-1
5/31/2021 1:30,0,-1
5/31/2021 1:35,0,-1
5/31/2021 1:40,0,-1
5/31/2021 1:45,0,-1
5/31/2021 1:50,0,-1
5/31/2021 1:55,0,-1
5/31/2021 2:00,0,-1
5/31/2021 2:05,0,-1
5/31/2021 2:10,0,-1
5/31/2021 2:15,0,-1
5/31/2021 2:20,0,-1
5/31/2021 2:25,0,-1
5/31/2021 2:30,0,-1
5/31/2021 2:35,0,-1
5/31/2021 2:40,0,-1
5/31/2021 2:45,0,-1
5/31/2021 2:50,0,-1
5/31/2021 2:55,0,-1
5/31/2021 3:00,0,-1
5/31/2021 3:05,0,-1
5/31/2021 3:10,0,-1
5/31/2021 3:15,0,-1
5/31/2021 3:20,0,-1
5/31/2021 3:25,0,-1
5/31/2021 3:30,0,-1
5/31/2021 3:35,0,-1
5/31/2021 3:40,0,-1
5/31/2021 3:45,0,-1
5/31/2021 3:50,0,-1
5/31/2021 3:55,0,-1
5/31/2021 4:00,0,-1
5/31/2021 4:05,0,-1
5/31/2021 4:10,0,-1
5/31/2021 4:15,0,-1
5/31/2021 4:20,0,-1
5/31/2021 4:25,0,-1
5/31/2021 4:30,0,-1
5/31/2021 4:35,0,-1
5/31/2021 4:40,0,-1
5/31/2021 4:45,0,-1
5/31/2021 4:50,0,-1
5/31/2021 4:55,0,-1
5/31/2021 5:00,0,-1
5/31/2021 5:05,0,-1
5/31/2021 5:10,0,-1
5/31/2021 5:15,0,-1
5/31/2021 5:20,0,-1
5/31/2021 5:25,0,-1
5/31/2021 5:30,0,-1
5/31/2021 5:35,0,-1
5/31/2021 5:40,0,-1
5/31/2021 5:45,0,-1
5/31/2021 5:50,0,-1
5/31/2021 5:55,0,-1
5/31/2021 6:00,0,-1
5/31/2021 6:05,0,-1
5/31/2021 6:10,0,-1
5/31/2021 6:15,0,-1
5/31/2021 6:20,0,-1
5/31/2021 6:25,0,-1
5/31/2021 6:30,0,-1
5/31/2021 6:35,0,-1
5/31/2021 6:40,0,-1
5/31/2021 6:45,0,-1
5/31/2021 6:50,0,-1
5/31/2021 6:55,0,-1
5/31/2021 7:00,0,-1
5/31/2021 7:05,0,-1
5/31/2021 7:10,0,-1
5/31/2021 7:15,0,-1
5/31/2021 7:20,0,-1
5/31/2021 7:25,0,-1
5/31/2021 7:30,0,-1
5/31/2021 7:35,0,-1
5/31/2021 7:40,0,-1
5/31/2021 7:45,0,-1
5/31/2021 7:50,0,-1
5/31/2021 7:55,0,-1
5/31/2021 8:00,0,-1
5/31/2021 8:05,0,-1
5/31/2021 8:10,0,-1
5/31/2021 8:15,0,-1
5/31/2021 8:20,0,-1
5/31/2021 8:25,0,-1
5/31/2021 8:30,0,-1
5/31/2021 8:35,0,-1
5/31/2021 8:40,0,-1
5/31/2021 8:45,0,-1
5/31/2021 8:50,0,-1
5/31/2021 8:55,0,-1
5/31/2021 9:00,0,-1
5/31/2021 9:05,0,-1
5/31/2021 9:10,0,-1
5/31/2021 9:15,0,-1
5/31/2021 9:20,0,-1
5/31/2021 9:25,0,-1
5/31/2021 9:30,0,-1
5/31/2021 9:35,0,-1
5/31/2021 9:40,0,-1
5/31/2021 9:45,0,-1
5/31/2021 9:50,0,-1
5/31/2021 9:55,0,-1
5/31/2021 10:00,0,-1
5/31/2021 10:05,0,-1
5/31/2021 10:10,0,-1
5/31/2021 10:15,0,-1
5/31/2021 10:20,0,-1
5/31/2021 10:25,0,-1
5/31/2021 10:30,0,-1
5/31/2021 10:35,0,-1
5/31/2021 10:40,0,-1
5/31/2021 10:45,0,-1
5/31/2021 10:50,0,-1
5/31/2021 10:55,0,-1
5/31/2021 11:00,0,-1
5/31/2021 11:05,0,-1
5/31/2021 11:10,0,-1
5/31/2021 11:15,0,-1
5/31/2021 11:20,0,-1
5/31/2021 11:25,0,-1
5/31/2021 11:30,0,-1
5/31/2021 11:35,0,-1
5/31/2021 11:40,0,-1
5/31/2021 11:45,0,-1
5/31/2021 11:50,0,-1
5/31/2021 11:55,0,-1
5/31/2021 12:00,0,-1
5/31/2021 12:05,0,-1
5/31/2021 12:10,0,-1
5/31/2021 12:15,0,-1
5/31/2021 12:20,0,-1
5/31/2021 12:25,0,-1
5/31/2021 12:30,0,-1
5/31/2021 12:35,0,-1
5/31/2021 12:40,0,-1
5/31/2021 12:45,0,-1
5/31/2021 12:50,0,-1
5/31/2021 12:55,0,-1
5/31/2021 13:00,0,-1
5/31/2021 13:05,0,-1
5/31/2021 13:10,0,-1
5/31/2021 13:15,0,-1
5/31/2021 13:20,0,-1
5/31/2021 13:25,0,-1
5/31/2021 13:30,0,-1
5/31/2021 13:35,0,-1
5/31/2021 13:40,0,-1
5/31/2021 13:45,0,-1
5/31/2021 13:50,0,-1
5/31/2021 13:55,0,-1
5/31/2021 14:00,0,-1
5/31/2021 14:05,0,-1
5/31/2021 14:10,0,-1
5/31/2021 14:15,0,-1
5/31/2021 14:20,0,-1
5/31/2021 14:25,0,-1
5/31/2021 14:30,0,-1
5/31/2021 14:35,0,-1
5/31/2021 14:40,0,-1
5/31/2021 14:45,0,-1
5/31/2021 14:50,0,-1
5/31/2021 14:55,0,-1
5/31/2021 15:00,0,-1
5/31/2021 15:05,0,-1
5/31/2021 15:10,0,-1
5/31/2021 15:15,0,-1
5/31/2021 15:20,0,-1
5/31/2021 15:25,0,-1
5/31/2021 15:30,0,-1
5/31/2021 15:35,0,-1
5/31/2021 15:40,0,-1
5/31/2021 15:45,0,-1
5/31/2021 15:50,0,-1
5/31/2021 15:55,0,-1
5/31/2021 16:00,0,-1
5/31/2021 16:05,0,-1
5/31/2021 16:10,0,-1
5/31/2021 16:15,0,-1
5/31/2021 16:20,0,-1
5/31/2021 16:25,0,-1
5/31/2021 16:30,0,-1
5/31/2021 16:35,0,-1
5/31/2021 16:40,0,-1
5/31/2021 16:45,0,-1
5/31/2021 16:50,0,-1
5/31/2021 16:55,0,-1
5/31/2021 17:00,0,-1
5/31/2021 17:05,0,-1
5/31/2021 17:10,0,-1
5/31/2021 17:15,0,-1
5/31/2021 17:20,0,-1
5/31/2021 17:25,0,-1
5/31/2021 17:30,0,-1
5/31/2021 17:35,0,-1
5/31/2021 17:40,0,-1
5/31/2021 17:45,0,-1
5/31/2021 17:50,0,-1
5/31/2021 17:55,0,-1
5/31/2021 18:00,0,-1
5/31/2021 18:05,0,-1
5/31/2021 18:10,0,-1
5/31/2021 18:15,0,-1
5/31/2021 18:20,0,-1
5/31/2021 18:25,0,-1
5/31/2021 18:30,0,-1
5/31/2021 18:35,0,-1
5/31/2021 18:40,0,-1
5/31/2021 18:45,0,-1
5/31/2021 18:50,0,-1
5/31/2021 18:55,0,-1
5/31/2021 19:00,0,-1
5/31/2021 19:05,0,-1
5/31/2021 19:10,0,-1
5/31/2021 19:15,0,-1
5/31/2021 19:20,0,-1
5/31/2021 19:25,0,-1
5/31/2021 19:30,0,-1
5/31/2021 19:35,0,-1
5/31/2021 19:40,0,-1
5/31/2021 19:45,0,-1
5/31/2021 19:50,0,-1
5/31/2021 19:55,0,-1
5/31/2021 20:00,0,-1
5/31/2021 20:05,0,-1
5/31/2021 20:10,0,-1
5/31/2021 20:15,0,-1
5/31/2021 20:20,0,-1
5/31/2021 20:25,0,-1
5/31/2021 20:30,0,-1
5/31/2021 20:35,0,-1
5/31/2021 20:40,0,-1
5/31/2021 20:45,0,-1
5/31/2021 20:50,0,-1
5/31/2021 20:55,0,-1
5/31/2021 21:00,0,-1
5/31/2021 21:05,0,-1
5/31/2021 21:10,0,-1
5/31/2021 21:15,0,-1
5/31/2021 21:20,0,-1
5/31/2021 21:25,0,-1
5/31/2021 21:30,0,-1
5/31/2021 21:35,0,-1
5/31/2021 21:40,0,-1
5/31/2021 21:45,0,-1
5/31/2021 21:50,0,-1
5/31/2021 21:55,0,-1
5/31/2021 22:00,0,-1
5/31/2021 22:05,0,-1
5/31/2021 22:10,0,-1
5/31/2021 22:15,0,-1
5/31/2021 22:20,0,-1
5/31/2021 22:25,0,-1
5/31/2021 22:30,0,-1
5/31/2021 22:35,0,-1
5/31/2021 22:40,0,-1
5/31/2021 22:45,0,-1
5/31/2021 22:50,0,-1
5/31/2021 22:55,0,-1
5/31/2021 23:00,0,-1
5/31/2021 23:05,0,-1
5/31/2021 23:10,0,-1
5/31/2021 23:15,0,-1
5/31/2021 23:20,0,-1
5/31/2021 23:25,0,-1
5/31/2021 23:30,0,-1
5/31/2021 23:35,0,-1
5/31/2021 23:40,0,-1
5/31/2021 23:45,0,-1
5/31/2021 23:50,0,-1
5/31/2021 23:55,0,-1
6/1/2021 0:00,0,-1
6/1/2021 0:05,0,-1
6/1/2021 0:10,0,-1
6/1/2021 0:15,0,-1
6/1/2021 0:20,0,-1
6/1/2021 0:25,0,-1
6/1/2021 0:30,0,-1
6/1/2021 0:35,0,-1
6/1/2021 0:40,0,-1
6/1/2021 0:45,0,-1
6/1/2021 0:50,0,-1
6/1/2021 0:55,0,-1
6/1/2021 1:00,0,-1
6/1/2021 1:05,0,-1
6/1/2021 1:10,0,-1
6/1/2021 1:15,0,-1
6/1/2021 1:20,0,-1
6/1/2021 1:25,0,-1
6/1/2021 1:30,0,-1
6/1/2021 1:35,0,-1
6/1/2021 1:40,0,-1
6/1/2021 1:45,0,-1
6/1/2021 1:50,0,-1
6/1/2021 1:55,0,-1
6/1/2021 2:00,0,-1
6/1/2021 2:05,0,-1
6/1/2021 2:10,0,-1
6/1/2021 2:15,0,-1
6/1/2021 2:20,0,-1
6/1/2021 2:25,0,-1
6/1/2021 2:30,0,-1
6/1/2021 2:35,0,-1
6/1/2021 2:40,0,-1
6/1/2021 2:45,0,-1
6/1/2021 2:50,0,-1
6/1/2021 2:55,0,-1
6/1/2021 3:00,0,-1
6/1/2021 3:05,0,-1
6/1/2021 3:10,0,-1
6/1/2021 3:15,0,-1
6/1/2021 3:20,0,-1
6/1/2021 3:25,0,-1
6/1/2021 3:30,0,-1
6/1/2021 3:35,0,-1
6/1/2021 3:40,0,-1
6/1/2021 3:45,0,-1
6/1/2021 3:50,0,-1
6/1/2021 3:55,0,-1
6/1/2021 4:00,0,-1
6/1/2021 4:05,0,-1
6/1/2021 4:10,0,-1
6/1/2021 4:15,0,-1
6/1/2021 4:20,0,-1
6/1/2021 4:25,0,-1
6/1/2021 4:30,0,-1
6/1/2021 4:35,0,-1
6/1/2021 4:40,0,-1
6/1/2021 4:45,0,-1
6/1/2021 4:50,0,-1
6/1/2021 4:55,0,-1
6/1/2021 5:00,0,-1
6/1/2021 5:05,0,-1
6/1/2021 5:10,0,-1
6/1/2021 5:15,0,-1
6/1/2021 5:20,0,-1
6/1/2021 5:25,0,-1
6/1/2021 5:30,0,-1
6/1/2021 5:35,0,-1
6/1/2021 5:40,0,-1
6/1/2021 5:45,0,-1
6/1/2021 5:50,0,-1
6/1/2021 5:55,0,-1
6/1/2021 6:00,0,-1
6/1/2021 6:05,0,-1
6/1/2021 6:10,0,-1
6/1/2021 6:15,0,-1
6/1/2021 6:20,0,-1
6/1/2021 6:25,0,-1
6/1/2021 6:30,0,-1
6/1/2021 6:35,0,-1
6/1/2021 6:40,0,-1
6/1/2021 6:45,0,-1
6/1/2021 6:50,0,-1
6/1/2021 6:55,0,-1
6/1/2021 7:00,0,-1
6/1/2021 7:05,0,-1
6/1/2021 7:10,0,-1
6/1/2021 7:15,0,-1
6/1/2021 7:20,0,-1
6/1/2021 7:25,0,-1
6/1/2021 7:30,0,-1
6/1/2021 7:35,0,-1
6/1/2021 7:40,0,-1
6/1/2021 7:45,0,-1
6/1/2021 7:50,0,-1
6/1/2021 7:55,0,-1
6/1/2021 8:00,0,-1
6/1/2021 8:05,0,-1
6/1/2021 8:10,0,-1
6/1/2021 8:15,0,-1
6/1/2021 8:20,0,-1
6/1/2021 8:25,0,-1
6/1/2021 8:30,0,-1
6/1/2021 8:35,0,-1
6/1/2021 8:40,0,-1
6/1/2021 8:45,0,-1
6/1/2021 8:50,0,-1
6/1/2021 8:55,0,-1
6/1/2021 9:00,0,-1
6/1/2021 9:05,0,-1
6/1/2021 9:10,0,-1
6/1/2021 9:15,0,-1
6/1/2021 9:20,0,-1
6/1/2021 9:25,0,-1
6/1/2021 9:30,0,-1
6/1/2021 9:35,0,-1
6/1/2021 9:40,0,-1
6/1/2021 9:45,0,-1
6/1/2021 9:50,0,-1
6/1/2021 9:55,0,-1
6/1/2021 10:00,0,-1
6/1/2021 10:05,0,-1
6/1/2021 10:10,0,-1
6/1/2021 10:15,0,-1
6/1/2021 10:20,0,-1
6/1/2021 10:25,0,-1
6/1/2021 10:30,0,-1
6/1/2021 10:35,0,-1
6/1/2021 10:40,0,-1
6/1/2021 10:45,0,-1
6/1/2021 10:50,0,-1
6/1/2021 10:55,0,-1
6/1/2021 11:00,0,-1
6/1/2021 11:05,0,-1
6/1/2021 11:10,0,-1
6/1/2021 11:15,0,-1
6/1/2021 11:20,0,-1
6/1/2021 11:25,0,-1
6/1/2021 11:30,0,-1
6/1/2021 11:35,0,-1
6/1/2021 11:40,0,-1
6/1/2021 11:45,0,-1
6/1/2021 11:50,0,-1
6/1/2021 11:55,0,-1
6/1/2021 12:00,0,-1
6/1/2021 12:05,0,-1
6/1/2021 12:10,0,-1
6/1/2021 12:15,0,-1
6/1/2021 12:20,0,-1
6/1/2021 12:25,0,-1
6/1/2021 12:30,0,-1
6/1/2021 12:35,0,-1
6/1/2021 12:40,0,-1
6/1/2021 12:45,0,-1
6/1/2021 12:50,0,-1
6/1/2021 12:55,0,-1
6/1/2021 13:00,0,-1
6/1/2021 13:05,0,-1
6/1/2021 13:10,0,-1
6/1/2021 13:15,0,-1
6/1/2021 13:20,0,-1
6/1/2021 13:25,0,-1
6/1/2021 13:30,0,-1
6/1/2021 13:35,0,-1
6/1/2021 13:40,0,-1
6/1/2021 13:45,0,-1
6/1/2021 13:50,0,-1
6/1/2021 13:55,0,-1
6/1/2021 14:00,0,-1
6/1/2021 14:05,0,-1
6/1/2021 14:10,0,-1
6/1/2021 14:15,0,-1
6/1/2021 14:20,0,-1
6/1/2021 14:25,0,-1
6/1/2021 14:30,0,-1
6/1/2021 14:35,0,-1
6/1/2021 14:40,0,-1
6/1/2021 14:45,0,-1
6/1/2021 14:50,0,-1
6/1/2021 14:55,0,-1
6/1/2021 15:00,0,-1
6/1/2021 15:05,0,-1
6/1/2021 15:10,0,-1
6/1/2021 15:15,0,-1
6/1/2021 15:20,0,-1
6/1/2021 15:25,0,-1
6/1/2021 15:30,0,-1
6/1/2021 15:35,0,-1
6/1/2021 15:40,0,-1
6/1/2021 15:45,0,-1
6/1/2021 15:50,0,-1
6/1/2021 15:55,0,-1
6/1/2021 16:00,0,-1
6/1/2021 16:05,0,-1
6/1/2021 16:10,0,-1
6/1/2021 16:15,0,-1
6/1/2021 16:20,0,-1
6/1/2021 16:25,0,-1
6/1/2021 16:30,0,-1
6/1/2021 16:35,0,-1
6/1/2021 16:40,0,-1
6/1/2021 16:45,0,-1
6/1/2021 16:50,0,-1
6/1/2021 16:55,0,-1
6/1/2021 17:00,0,-1
6/1/2021 17:05,0,-1
6/1/2021 17:10,0,-1
6/1/2021 17:15,0,-1
6/1/2021 17:20,0,-1
6/1/2021 17:25,0,-1
6/1/2021 17:30,0,-1
6/1/2021 17:35,0,-1
6/1/2021 17:40,0,-1
6/1/2021 17:45,0,-1
6/1/2021 17:50,0,-1
6/1/2021 17:55,0,-1
6/1/2021 18:00,0,-1
6/1/2021 18:05,0,-1
6/1/2021 18:10,0,-1
6/1/2021 18:15,0,-1
6/1/2021 18:20,0,-1
6/1/2021 18:25,0,-1
6/1/2021 18:30,0,-1
6/1/2021 18:35,0,-1
6/1/2021 18:40,0,-1
6/1/2021 18:45,0,-1
6/1/2021 18:50,0,-1
6/1/2021 18:55,0,-1
6/1/2021 19:00,0,-1
6/1/2021 19:05,0,-1
6/1/2021 19:10,0,-1
6/1/2021 19:15,0,-1
6/1/2021 19:20,0,-1
6/1/2021 19:25,0,-1
6/1/2021 19:30,0,-1
6/1/2021 19:35,0,-1
6/1/2021 19:40,0,-1
6/1/2021 19:45,0,-1
6/1/2021 19:50,0,-1
6/1/2021 19:55,0,-1
6/1/2021 20:00,0,-1
6/1/2021 20:05,0,-1
6/1/2021 20:10,0,-1
6/1/2021 20:15,0,-1
6/1/2021 20:20,0,-1
6/1/2021 20:25,0,-1
6/1/2021 20:30,0,-1
6/1/2021 20:35,0,-1
6/1/2021 20:40,0,-1
6/1/2021 20:45,0,-1
6/1/2021 20:50,0,-1
6/1/2021 20:55,0,-1
6/1/2021 21:00,0,-1
6/1/2021 21:05,0,-1
6/1/2021 21:10,0,-1
6/1/2021 21:15,0,-1
6/1/2021 21:20,0,-1
6/1/2021 21:25,0,-1
6/1/2021 21:30,0,-1
6/1/2021 21:35,0,-1
6/1/2021 21:40,0,-1
6/1/2021 21:45,0,-1
6/1/2021 21:50,0,-1
6/1/2021 21:55,0,-1
6/1/2021 22:00,0,-1
6/1/2021 22:05,0,-1
6/1/2021 22:10,0,-1
6/1/2021 22:15,0,-1
6/1/2021 22:20,0,-1
6/1/2021 22:25,0,-1
6/1/2021 22:30,0,-1
6/1/2021 22:35,0,-1
6/1/2021 22:40,0,-1
6/1/2021 22:45,0,-1
6/1/2021 22:50,0,-1
6/1/2021 22:55,0,-1
6/1/2021 23:00,0,-1
6/1/2021 23:05,0,-1
6/1/2021 23:10,0,-1
6/1/2021 23:15,0,-1
6/1/2021 23:20,0,-1
6/1/2021 23:25,0,-1
6/1/2021 23:30,0,-1
6/1/2021 23:35,0,-1
6/1/2021 23:40,0,-1
6/1/2021 23:45,0,-1
6/1/2021 23:50,0,-1
6/1/2021 23:55,0,-1
6/2/2021 0:00,0,-1
6/2/2021 0:05,0,-1
6/2/2021 0:10,0,-1
6/2/2021 0:15,0,-1
6/2/2021 0:20,0,-1
6/2/2021 0:25,0,-1
6/2/2021 0:30,0,-1
6/2/2021 0:35,0,-1
6/2/2021 0:40,0,-1
6/2/2021 0:45,0,-1
6/2/2021 0:50,0,-1
6/2/2021 0:55,0,-1
6/2/2021 1:00,0,-1
6/2/2021 1:05,0,-1
6/2/2021 1:10,0,-1
6/2/2021 1:15,0,-1
6/2/2021 1:20,0,-1
6/2/2021 1:25,0,-1
6/2/2021 1:30,0,-1
6/2/2021 1:35,0,-1
6/2/2021 1:40,0,-1
6/2/2021 1:45,0,-1
6/2/2021 1:50,0,-1
6/2/2021 1:55,0,-1
6/2/2021 2:00,0,-1
6/2/2021 2:05,0,-1
6/2/2021 2:10,0,-1
6/2/2021 2:15,0,-1
6/2/2021 2:20,0,-1
6/2/2021 2:25,0,-1
6/2/2021 2:30,0,-1
6/2/2021 2:35,0,-1
6/2/2021 2:40,0,-1
6/2/2021 2:45,0,-1
6/2/2021 2:50,0,-1
6/2/2021 2:55,0,-1
6/2/2021 3:00,0,-1
6/2/2021 3:05,0,-1
6/2/2021 3:10,0,-1
6/2/2021 3:15,0,-1
6/2/2021 3:20,0,-1
6/2/2021 3:25,0,-1
6/2/2021 3:30,0,-1
6/2/2021 3:35,0,-1
6/2/2021 3:40,0,-1
6/2/2021 3:45,0,-1
6/2/2021 3:50,0,-1
6/2/2021 3:55,0,-1
6/2/2021 4:00,0,-1
6/2/2021 4:05,0,-1
6/2/2021 4:10,0,-1
6/2/2021 4:15,0,-1
6/2/2021 4:20,0,-1
6/2/2021 4:25,0,-1
6/2/2021 4:30,0,-1
6/2/2021 4:35,0,-1
6/2/2021 4:40,0,-1
6/2/2021 4:45,0,-1
6/2/2021 4:50,0,-1
6/2/2021 4:55,0,-1
6/2/2021 5:00,0,-1
6/2/2021 5:05,0,-1
6/2/2021 5:10,0,-1
6/2/2021 5:15,0,-1
6/2/2021 5:20,0,-1
6/2/2021 5:25,0,-1
6/2/2021 5:30,0,-1
6/2/2021 5:35,0,-1
6/2/2021 5:40,0,-1
6/2/2021 5:45,0,-1
6/2/2021 5:50,0,-1
6/2/2021 5:55,0,-1
6/2/2021 6:00,0,-1
6/2/2021 6:05,0,-1
6/2/2021 6:10,0,-1
6/2/2021 6:15,0,-1
6/2/2021 6:20,0,-1
6/2/2021 6:25,0,-1
6/2/2021 6:30,0,-1
6/2/2021 6:35,0,-1
6/2/2021 6:40,0,-1
6/2/2021 6:45,0,-1
6/2/2021 6:50,0,-1
6/2/2021 6:55,0,-1
6/2/2021 7:00,0,-1
6/2/2021 7:05,0,-1
6/2/2021 7:10,0,-1
6/2/2021 7:15,0,-1
6/2/2021 7:20,0,-1
6/2/2021 7:25,0,-1
6/2/2021 7:30,0,-1
6/2/2021 7:35,0,-1
6/2/2021 7:40,0,-1
6/2/2021 7:45,0,-1
6/2/2021 7:50,0,-1
6/2/2021 7:55,0,-1
6/2/2021 8:00,0,-1
6/2/2021 8:05,0,-1
6/2/2021 8:10,0,-1
6/2/2021 8:15,0,-1
6/2/2021 8:20,0,-1
6/2/2021 8:25,0,-1
6/2/2021 8:30,0,-1
6/2/2021 8:35,0,-1
6/2/2021 8:40,0,-1
6/2/2021 8:45,0,-1
6/2/2021 8:50,0,-1
6/2/2021 8:55,0,-1
6/2/2021 9:00,0,-1
6/2/2021 9:05,0,-1
6/2/2021 9:10,0,-1
6/2/2021 9:15,0,-1
6/2/2021 9:20,0,-1
6/2/2021 9:25,0,-1
6/2/2021 9:30,0,-1
6/2/2021 9:35,0,-1
6/2/2021 9:40,0,-1
6/2/2021 9:45,0,-1
6/2/2021 9:50,0,-1
6/2/2021 9:55,0,-1
6/2/2021 10:00,0,-1
6/2/2021 10:05,0,-1
6/2/2021 10:10,0,-1
6/2/2021 10:15,0,-1
6/2/2021 10:20,0,-1
6/2/2021 10:25,0,-1
6/2/2021 10:30,0,-1
6/2/2021 10:35,0,-1
6/2/2021 10:40,0,-1
6/2/2021 10:45,0,-1
6/2/2021 10:50,0,-1
6/2/2021 10:55,0,-1
6/2/2021 11:00,0,-1
6/2/2021 11:05,0,-1
6/2/2021 11:10,0,-1
6/2/2021 11:15,0,-1
6/2/2021 11:20,0,-1
6/2/2021 11:25,0,-1
6/2/2021 11:30,0,-1
6/2/2021 11:35,0,-1
6/2/2021 11:40,0,-1
6/2/2021 11:45,0,-1
6/2/2021 11:50,0,-1
6/2/2021 11:55,0,-1
6/2/2021 12:00,0,-1
6/2/2021 12:05,0,-1
6/2/2021 12:10,0,-1
6/2/2021 12:15,0,-1
6/2/2021 12:20,0,-1
6/2/2021 12:25,0,-1
6/2/2021 12:30,0,-1
6/2/2021 12:35,0,-1
6/2/2021 12:40,0,-1
6/2/2021 12:45,0,-1
6/2/2021 12:50,0,-1
6/2/2021 12:55,0,-1
6/2/2021 13:00,0,-1
6/2/2021 13:05,0,-1
6/2/2021 13:10,0,-1
6/2/2021 13:15,0,-1
6/2/2021 13:20,0,-1
6/2/2021 13:25,0,-1
6/2/2021 13:30,0,-1
6/2/2021 13:35,0,-1
6/2/2021 13:40,0,-1
6/2/2021 13:45,0,-1
6/2/2021 13:50,0,-1
6/2/2021 13:55,0,-1
6/2/2021 14:00,0,-1
6/2/2021 14:05,0,-1
6/2/2021 14:10,0,-1
6/2/2021 14:15,0,-1
6/2/2021 14:20,0,-1
6/2/2021 14:25,0,-1
6/2/2021 14:30,0,-1
6/2/2021 14:35,0,-1
6/2/2021 14:40,0,-1
6/2/2021 14:45,0,-1
6/2/2021 14:50,0,-1
6/2/2021 14:55,0,-1
6/2/2021 15:00,0,-1
6/2/2021 15:05,0,-1
6/2/2021 15:10,0,-1
6/2/2021 15:15,0,-1
6/2/2021 15:20,0,-1
6/2/2021 15:25,0,-1
6/2/2021 15:30,0,-1
6/2/2021 15:35,0,-1
6/2/2021 15:40,0,-1
6/2/2021 15:45,0,-1
6/2/2021 15:50,0,-1
6/2/2021 15:55,0,-1
6/2/2021 16:00,0,-1
6/2/2021 16:05,0,-1
6/2/2021 16:10,0,-1
6/2/2021 16:15,0,-1
6/2/2021 16:20,0,-1
6/2/2021 16:25,0,-1
6/2/2021 16:30,0,-1
6/2/2021 16:35,0,-1
6/2/2021 16:40,0,-1
6/2/2021 16:45,0,-1
6/2/2021 16:50,0,-1
6/2/2021 16:55,0,-1
6/2/2021 17:00,0,-1
6/2/2021 17:05,0,-1
6/2/2021 17:10,0,-1
6/2/2021 17:15,0,-1
6/2/2021 17:20,0,-1
6/2/2021 17:25,0,-1
6/2/2021 17:30,0,-1
6/2/2021 17:35,0,-1
6/2/2021 17:40,0,-1
6/2/2021 17:45,0,-1
6/2/2021 17:50,0,-1
6/2/2021 17:55,0,-1
6/2/2021 18:00,0,-1
6/2/2021 18:05,0,-1
6/2/2021 18:10,0,-1
6/2/2021 18:15,0,-1
6/2/2021 18:20,0,-1
6/2/2021 18:25,0,-1
6/2/2021 18:30,0,-1
6/2/2021 18:35,0,-1
6/2/2021 18:40,0,-1
6/2/2021 18:45,0,-1
6/2/2021 18:50,0,-1
6/2/2021 18:55,0,-1
6/2/2021 19:00,0,-1
6/2/2021 19:05,0,-1
6/2/2021 19:10,0,-1
6/2/2021 19:15,0,-1
6/2/2021 19:20,0,-1
6/2/2021 19:25,0,-1
6/2/2021 19:30,0,-1
6/2/2021 19:35,0,-1
6/2/2021 19:40,0,-1
6/2/2021 19:45,0,-1
6/2/2021 19:50,0,-1
6/2/2021 19:55,0,-1
6/2/2021 20:00,0,-1
6/2/2021 20:05,0,-1
6/2/2021 20:10,0,-1
6/2/2021 20:15,0,-1
6/2/2021 20:20,0,-1
6/2/2021 20:25,0,-1
6/2/2021 20:30,0,-1
6/2/2021 20:35,0,-1
6/2/2021 20:40,0,-1
6/2/2021 20:45,0,-1
6/2/2021 20:50,0,-1
6/2/2021 20:55,0,-1
6/2/2021 21:00,0,-1
6/2/2021 21:05,0,-1
6/2/2021 21:10,0,-1
6/2/2021 21:15,0,-1
6/2/2021 21:20,0,-1
6/2/2021 21:25,0,-1
6/2/2021 21:30,0,-1
6/2/2021 21:35,0,-1
6/2/2021 21:40,0,-1
6/2/2021 21:45,0,-1
6/2/2021 21:50,0,-1
6/2/2021 21:55,0,-1
6/2/2021 22:00,0,-1
6/2/2021 22:05,0,-1
6/2/2021 22:10,0,-1
6/2/2021 22:15,0,-1
6/2/2021 22:20,0,-1
6/2/2021 22:25,0,-1
6/2/2021 22:30,0,-1
6/2/2021 22:35,0,-1
6/2/2021 22:40,0,-1
6/2/2021 22:45,0,-1
6/2/2021 22:50,0,-1
6/2/2021 22:55,0,-1
6/2/2021 23:00,0,-1
6/2/2021 23:05,0,-1
6/2/2021 23:10,0,-1
6/2/2021 23:15,0,-1
6/2/2021 23:20,0,-1
6/2/2021 23:25,0,-1
6/2/2021 23:30,0,-1
6/2/2021 23:35,0,-1
6/2/2021 23:40,0,-1
6/2/2021 23:45,0,-1
6/2/2021 23:50,0,-1
6/2/2021 23:55,0,-1
6/3/2021 0:00,0,-1
6/3/2021 0:05,0,-1
6/3/2021 0:10,0,-1
6/3/2021 0:15,0,-1
6/3/2021 0:20,0,-1
6/3/2021 0:25,0,-1
6/3/2021 0:30,0,-1
6/3/2021 0:35,0,-1
6/3/2021 0:40,0,-1
6/3/2021 0:45,0,-1
6/3/2021 0:50,0,-1
6/3/2021 0:55,0,-1
6/3/2021 1:00,0,-1
6/3/2021 1:05,0,-1
6/3/2021 1:10,0,-1
6/3/2021 1:15,0,-1
6/3/2021 1:20,0,-1
6/3/2021 1:25,0,-1
6/3/2021 1:30,0,-1
6/3/2021 1:35,0,-1
6/3/2021 1:40,0,-1
6/3/2021 1:45,0,-1
6/3/2021 1:50,0,-1
6/3/2021 1:55,0,-1
6/3/2021 2:00,0,-1
6/3/2021 2:05,0,-1
6/3/2021 2:10,0,-1
6/3/2021 2:15,0,-1
6/3/2021 2:20,0,-1
6/3/2021 2:25,0,-1
6/3/2021 2:30,0,-1
6/3/2021 2:35,0,-1
6/3/2021 2:40,0,-1
6/3/2021 2:45,0,-1
6/3/2021 2:50,0,-1
6/3/2021 2:55,0,-1
6/3/2021 3:00,0,-1
6/3/2021 3:05,0,-1
6/3/2021 3:10,0,-1
6/3/2021 3:15,0,-1
6/3/2021 3:20,0,-1
6/3/2021 3:25,0,-1
6/3/2021 3:30,0,-1
6/3/2021 3:35,0,-1
6/3/2021 3:40,0,-1
6/3/2021 3:45,0,-1
6/3/2021 3:50,0,-1
6/3/2021 3:55,0,-1
6/3/2021 4:00,0,-1
6/3/2021 4:05,0,-1
6/3/2021 4:10,0,-1
6/3/2021 4:15,0,-1
6/3/2021 4:20,0,-1
6/3/2021 4:25,0,-1
6/3/2021 4:30,0,-1
6/3/2021 4:35,0,-1
6/3/2021 4:40,0,-1
6/3/2021 4:45,0,-1
6/3/2021 4:50,0,-1
6/3/2021 4:55,0,-1
6/3/2021 5:00,0,-1
6/3/2021 5:05,0,-1
6/3/2021 5:10,0,-1
6/3/2021 5:15,0,-1
6/3/2021 5:20,0,-1
6/3/2021 5:25,0,-1
6/3/2021 5:30,0,-1
6/3/2021 5:35,0,-1
6/3/2021 5:40,0,-1
6/3/2021 5:45,0,-1
6/3/2021 5:50,0,-1
6/3/2021 5:55,0,-1
6/3/2021 6:00,0,-1
6/3/2021 6:05,0,-1
6/3/2021 6:10,0,-1
6/3/2021 6:15,0,-1
6/3/2021 6:20,0,-1
6/3/2021 6:25,0,-1
6/3/2021 6:30,0,-1
6/3/2021 6:35,0,-1
6/3/2021 6:40,0,-1
6/3/2021 6:45,0,-1
6/3/2021 6:50,0,-1
6/3/2021 6:55,0,-1
6/3/2021 7:00,0,-1
6/3/2021 7:05,0,-1
6/3/2021 7:10,0,-1
6/3/2021 7:15,0,-1
6/3/2021 7:20,0,-1
6/3/2021 7:25,0,-1
6/3/2021 7:30,0,-1
6/3/2021 7:35,0,-1
6/3/2021 7:40,0,-1
6/3/2021 7:45,0,-1
6/3/2021 7:50,0,-1
6/3/2021 7:55,0,-1
6/3/2021 8:00,0,-1
6/3/2021 8:05,0,-1
6/3/2021 8:10,0,-1
6/3/2021 8:15,0,-1
6/3/2021 8:20,0,-1
6/3/2021 8:25,0,-1
6/3/2021 8:30,0,-1
6/3/2021 8:35,0,-1
6/3/2021 8:40,0,-1
6/3/2021 8:45,0,-1
6/3/2021 8:50,0,-1
6/3/2021 8:55,0,-1
6/3/2021 9:00,0,-1
6/3/2021 9:05,0,-1
6/3/2021 9:10,0,-1
6/3/2021 9:15,0,-1
6/3/2021 9:20,0,-1
6/3/2021 9:25,0,-1
6/3/2021 9:30,0,-1
6/3/2021 9:35,0,-1
6/3/2021 9:40,0,-1
6/3/2021 9:45,0,-1
6/3/2021 9:50,0,-1
6/3/2021 9:55,0,-1
6/3/2021 10:00,0,-1
6/3/2021 10:05,0,-1
6/3/2021 10:10,0,-1
6/3/2021 10:15,0,-1
6/3/2021 10:20,0,-1
6/3/2021 10:25,0,-1
6/3/2021 10:30,0,-1
6/3/2021 10:35,0,-1
6/3/2021 10:40,0,-1
6/3/2021 10:45,0,-1
6/3/2021 10:50,0,-1
6/3/2021 10:55,0,-1
6/3/2021 11:00,0,-1
6/3/2021 11:05,0,-1
6/3/2021 11:10,0,-1
6/3/2021 11:15,0,-1
6/3/2021 11:20,0,-1
6/3/2021 11:25,0,-1
6/3/2021 11:30,0,-1
6/3/2021 11:35,0,-1
6/3/2021 11:40,0,-1
6/3/2021 11:45,0,-1
6/3/2021 11:50,0,-1
6/3/2021 11:55,0,-1
6/3/2021 12:00,0,-1
6/3/2021 12:05,0,-1
6/3/2021 12:10,0,-1
6/3/2021 12:15,0,-1
6/3/2021 12:20,0,-1
6/3/2021 12:25,0,-1
6/3/2021 12:30,0,-1
6/3/2021 12:35,0,-1
6/3/2021 12:40,0,-1
6/3/2021 12:45,0,-1
6/3/2021 12:50,0,-1
6/3/2021 12:55,0,-1
6/3/2021 13:00,0,-1
6/3/2021 13:05,0,-1
6/3/2021 13:10,0,-1
6/3/2021 13:15,0,-1
6/3/2021 13:20,0,-1
6/3/2021 13:25,0,-1
6/3/2021 13:30,0,-1
6/3/2021 13:35,0,-1
6/3/2021 13:40,0,-1
6/3/2021 13:45,0,-1
6/3/2021 13:50,0,-1
6/3/2021 13:55,0,-1
6/3/2021 14:00,0,-1
6/3/2021 14:05,0,-1
6/3/2021 14:10,0,-1
6/3/2021 14:15,0,-1
6/3/2021 14:20,0,-1
6/3/2021 14:25,0,-1
6/3/2021 14:30,0,-1
6/3/2021 14:35,0,-1
6/3/2021 14:40,0,-1
6/3/2021 14:45,0,-1
6/3/2021 14:50,0,-1
6/3/2021 14:55,0,-1
6/3/2021 15:00,0,-1
6/3/2021 15:05,0,-1
6/3/2021 15:10,0,-1
6/3/2021 15:15,0,-1
6/3/2021 15:20,0,-1
6/3/2021 15:25,0,-1
6/3/2021 15:30,0,-1
6/3/2021 15:35,0,-1
6/3/2021 15:40,0,-1
6/3/2021 15:45,0,-1
6/3/2021 15:50,0,-1
6/3/2021 15:55,0,-1
6/3/2021 16:00,0,-1
6/3/2021 16:05,0,-1
6/3/2021 16:10,0,-1
6/3/2021 16:15,0,-1
6/3/2021 16:20,0,-1
6/3/2021 16:25,0,-1
6/3/2021 16:30,0,-1
6/3/2021 16:35,0,-1
6/3/2021 16:40,0,-1
6/3/2021 16:45,0,-1
6/3/2021 16:50,0,-1
6/3/2021 16:55,0,-1
6/3/2021 17:00,0,-1
6/3/2021 17:05,0,-1
6/3/2021 17:10,0,-1
6/3/2021 17:15,0,-1
6/3/2021 17:20,0,-1
6/3/2021 17:25,0,-1
6/3/2021 17:30,0,-1
6/3/2021 17:35,0,-1
6/3/2021 17:40,0,-1
6/3/2021 17:45,0,-1
6/3/2021 17:50,0,-1
6/3/2021 17:55,0,-1
6/3/2021 18:00,0,-1
6/3/2021 18:05,0,-1
6/3/2021 18:10,0,-1
6/3/2021 18:15,0,-1
6/3/2021 18:20,0,-1
6/3/2021 18:25,0,-1
6/3/2021 18:30,0,-1
6/3/2021 18:35,0,-1
6/3/2021 18:40,0,-1
6/3/2021 18:45,0,-1
6/3/2021 18:50,0,-1
6/3/2021 18:55,0,-1
6/3/2021 19:00,0,-1
6/3/2021 19:05,0,-1
6/3/2021 19:10,0,-1
6/3/2021 19:15,0.9792,0.1416361
6/3/2021 19:20,1.030892,0.1135531
6/3/2021 19:25,1.019815,0.1452992
6/3/2021 19:30,1.006523,0.07570208
6/3/2021 19:35,1.005785,0.05250305
6/3/2021 19:40,1.016123,0.04395605
6/3/2021 19:45,1.016123,0.04151404
6/3/2021 19:50,1.010954,0.03907204
6/3/2021 19:55,1.006523,0.03663004
6/3/2021 20:00,1.0176,0.03540904
6/3/2021 20:05,1.011692,0.03418804
6/3/2021 20:10,1.008738,0.03296703
6/3/2021 20:15,1.005785,0.03296703
6/3/2021 20:20,0.996923,0.03052503
6/3/2021 20:25,0.9725538,0.03052503
6/3/2021 20:30,1.019077,0.03052503
6/3/2021 20:35,1.021292,0.03052503
6/3/2021 20:40,1.007262,0.03052503
6/3/2021 20:45,1.031631,0.02930403
6/3/2021 20:50,1.015385,0.02808303
6/3/2021 20:55,1.023508,0.02808303
6/3/2021 21:00,1.014646,0.02930403
6/3/2021 21:05,1.006523,0.02808303
6/3/2021 21:10,1.007262,0.02808303
6/3/2021 21:15,1.009477,0.02808303
6/3/2021 21:20,0.9998769,0.02686203
6/3/2021 21:25,1.005785,0.02686203
6/3/2021 21:30,1.006523,0.02686203
6/3/2021 21:35,1.011692,0.02686203
6/3/2021 21:40,0.9961846,0.02686203
6/3/2021 21:45,1.005046,0.02686203
6/3/2021 21:50,1.002092,0.02564103
6/3/2021 21:55,1.005046,0.02564103
6/3/2021 22:00,1.006523,0.02564103
6/3/2021 22:05,1.008738,0.02564103
6/3/2021 22:10,1.009477,0.02564103
6/3/2021 22:15,1.023508,0.02564103
6/3/2021 22:20,1.010954,0.02564103
6/3/2021 22:25,1.002092,0.02564103
6/3/2021 22:30,1.010954,0.02564103
6/3/2021 22:35,1.013908,0.02564103
6/3/2021 22:40,1.010954,0.02564103
6/3/2021 22:45,1.001354,0.02564103
6/3/2021 22:50,1.000615,0.02564103
6/3/2021 22:55,0.9976615,0.02564103
6/3/2021 23:00,1.004308,0.02564103
6/3/2021 23:05,1.010954,0.02564103
6/3/2021 23:10,1.008,0.02564103
6/3/2021 23:15,1.008738,0.02564103
6/3/2021 23:20,1.008,0.02564103
6/3/2021 23:25,1.001354,0.02442002
6/3/2021 23:30,1.014646,0.02442002
6/3/2021 23:35,1.009477,0.02442002
6/3/2021 23:40,1.012431,0.02442002
6/3/2021 23:45,1.008738,0.02442002
6/3/2021 23:50,1.014646,0.02442002
6/3/2021 23:55,1.002092,0.02442002
6/4/2021 0:00,1.005046,0.04273504
6/4/2021 0:05,1.004308,0.03785104
6/4/2021 0:10,1.003569,0.03418804
6/4/2021 0:15,0.9998769,0.03296703
6/4/2021 0:20,1.002092,0.03052503
6/4/2021 0:25,1.004308,0.03174603
6/4/2021 0:30,1.010215,0.03052503
6/4/2021 0:35,1.005046,0.03052503
6/4/2021 0:40,1.008,0.02930403
6/4/2021 0:45,1.010954,0.03052503
6/4/2021 0:50,0.996923,0.03052503
6/4/2021 0:55,1.013908,0.03052503
6/4/2021 1:00,1.010215,0.02808303
6/4/2021 1:05,1.009477,0.03296703
6/4/2021 1:10,1.008738,0.02808303
6/4/2021 1:15,1.003569,0.03052503
6/4/2021 1:20,1.016123,0.02808303
6/4/2021 1:25,1.0176,0.02808303
6/4/2021 1:30,1.631261,0.03418804
6/4/2021 1:35,1.620923,0.03296703
6/4/2021 1:40,1.617231,0.03052503
6/4/2021 1:45,1.615015,0.02930403
6/4/2021 1:50,1.610584,0.02930403
6/4/2021 1:55,1.599508,0.02808303
6/4/2021 2:00,1.600985,0.02808303
6/4/2021 2:05,1.602462,0.02808303
6/4/2021 2:10,1.605415,0.02686203
6/4/2021 2:15,1.587692,0.02808303
6/4/2021 2:20,1.5936,0.02686203
6/4/2021 2:25,1.612062,0.02808303
6/4/2021 2:30,1.591385,0.03296703
6/4/2021 2:35,1.578831,0.02808303
6/4/2021 2:40,1.583262,0.02808303
6/4/2021 2:45,1.610584,0.02564103
6/4/2021 2:50,1.589169,0.02808303
6/4/2021 2:55,1.584,0.02686203
6/4/2021 3:00,1.576615,0.02564103
6/4/2021 3:05,1.597292,0.02686203
6/4/2021 3:10,1.587692,0.02564103
6/4/2021 3:15,1.546338,0.02686203
6/4/2021 3:20,1.608369,0.02564103
6/4/2021 3:25,1.609846,0.02564103
6/4/2021 3:30,1.605415,0.02564103
6/4/2021 3:35,1.607631,0.02564103
6/4/2021 3:40,1.605415,0.02564103
6/4/2021 3:45,1.615754,0.02564103
6/4/2021 3:50,1.605415,0.02442002
6/4/2021 3:55,1.602462,0.02442002
6/4/2021 4:00,1.598769,0.02442002
6/4/2021 4:05,1.598769,0.02564103
6/4/2021 4:10,1.609108,0.02564103
6/4/2021 4:15,1.609108,0.02442002
6/4/2021 4:20,1.6032,0.02442002
6/4/2021 4:25,1.602462,0.02442002
6/4/2021 4:30,1.612062,0.02564103
6/4/2021 4:35,1.602462,0.02442002
6/4/2021 4:40,1.603938,0.02442002
6/4/2021 4:45,1.597292,0.02442002
6/4/2021 4:50,1.599508,0.02564103
6/4/2021 4:55,1.594338,0.02442002
6/4/2021 5:00,1.587692,0.02442002
6/4/2021 5:05,1.575877,0.02564103
6/4/2021 5:10,1.079631,0.02442002
6/4/2021 5:15,0.9710769,0.02442002
6/4/2021 5:20,1.043446,0.02442002
6/4/2021 5:25,0.9659076,0.02442002
6/4/2021 5:30,0.9976615,0.02442002
6/4/2021 5:35,1.002831,0.02442002
6/4/2021 5:40,0.9954461,0.02442002
6/4/2021 5:45,0.996923,0.02442002
6/4/2021 5:50,1.008738,0.02442002
6/4/2021 5:55,1.005046,0.02442002
6/4/2021 6:00,1.002831,0.02442002
6/4/2021 6:05,0.996923,0.02442002
6/4/2021 6:10,1.002092,0.02442002
6/4/2021 6:15,1.016862,0.02442002
6/4/2021 6:20,1.012431,0.02442002
6/4/2021 6:25,1.005785,0.02564103
6/4/2021 6:30,1.015385,0.02442002
6/4/2021 6:35,1.012431,0.02442002
6/4/2021 6:40,1.005785,0.02442002
6/4/2021 6:45,1.006523,0.02442002
6/4/2021 6:50,1.008738,0.02442002
6/4/2021 6:55,1.013908,0.02442002
6/4/2021 7:00,1.007262,0.02442002
6/4/2021 7:05,1.008738,0.02442002
6/4/2021 7:10,1.010954,0.02442002
6/4/2021 7:15,1.015385,0.02442002
6/4/2021 7:20,1.019077,0.02442002
6/4/2021 7:25,1.0176,0.02442002
6/4/2021 7:30,1.019077,0.02442002
6/4/2021 7:35,1.007262,0.02442002
6/4/2021 7:40,1.015385,0.02442002
6/4/2021 7:45,1.013908,0.02442002
6/4/2021 7:50,1.016862,0.02442002
6/4/2021 7:55,1.010954,0.02442002
6/4/2021 8:00,1.021292,0.02442002
6/4/2021 8:05,1.008,0.02442002
6/4/2021 8:10,1.013908,0.02442002
6/4/2021 8:15,1.005046,0.02564103
6/4/2021 8:20,1.010954,0.02442002
6/4/2021 8:25,1.015385,0.02442002
6/4/2021 8:30,1.009477,0.02442002
6/4/2021 8:35,1.092923,0.02442002
6/4/2021 8:40,1.104,0.02442002
6/4/2021 8:45,1.106215,0.02442002
6/4/2021 8:50,1.104,0.02442002
6/4/2021 8:55,1.106954,0.02442002
6/4/2021 9:00,1.098092,0.02442002
6/4/2021 9:05,1.097354,0.02442002
6/4/2021 9:10,1.092923,0.02442002
6/4/2021 9:15,1.098831,0.02442002
6/4/2021 9:20,1.100308,0.02442002
6/4/2021 9:25,1.103261,0.02442002
6/4/2021 9:30,1.099569,0.02442002
6/4/2021 9:35,1.098831,0.02442002
6/4/2021 9:40,0.9762462,0.02442002
6/4/2021 9:45,0.8950154,0.02442002
6/4/2021 9:50,0.8935384,0.02442002
6/4/2021 9:55,0.8942769,0.02442002
6/4/2021 10:00,0.8883692,0.02442002
6/4/2021 10:05,0.8832,0.02442002
6/4/2021 10:10,0.8957538,0.02442002
6/4/2021 10:15,0.8913231,0.02442002
6/4/2021 10:20,0.8928,0.02442002
6/4/2021 10:25,0.8957538,0.02442002
6/4/2021 10:30,0.8891077,0.02442002
6/4/2021 10:35,1.106954,0.02442002
6/4/2021 10:40,1.099569,0.02442002
6/4/2021 10:45,1.106954,0.02442002
6/4/2021 10:50,1.116554,0.02442002
6/4/2021 10:55,1.115815,0.02442002
6/4/2021 11:00,1.111385,0.02442002
6/4/2021 11:05,1.098831,0.02442002
6/4/2021 11:10,1.104,0.02442002
6/4/2021 11:15,1.104,0.02442002
6/4/2021 11:20,1.111385,0.02442002
6/4/2021 11:25,1.103261,0.02442002
6/4/2021 11:30,1.098092,0.02442002
6/4/2021 11:35,0.9725538,0.02442002
6/4/2021 11:40,0.9843692,0.02442002
6/4/2021 11:45,1.023508,0.02442002
6/4/2021 11:50,1.006523,0.02442002
6/4/2021 11:55,1.005046,0.02442002
6/4/2021 12:00,1.009477,0.02442002
6/4/2021 12:05,1.003569,0.02442002
6/4/2021 12:10,1.015385,0.02442002
6/4/2021 12:15,1.002092,0.02442002
6/4/2021 12:20,1.002831,0.02442002
6/4/2021 12:25,1.001354,0.02442002
6/4/2021 12:30,1.002092,0.02442002
6/4/2021 12:35,0.9998769,0.02442002
6/4/2021 12:40,0.9976615,0.02442002
6/4/2021 12:45,1.014646,0.02442002
6/4/2021 12:50,1.001354,0.02442002
6/4/2021 12:55,1.004308,0.02442002
6/4/2021 13:00,1.006523,0.02442002
6/4/2021 13:05,1.003569,0.02442002
6/4/2021 13:10,0.9924923,0.02442002
6/4/2021 13:15,0.8802461,0.02442002
6/4/2021 13:20,0.8994461,0.02442002
6/4/2021 13:25,0.8957538,0.02442002
6/4/2021 13:30,0.8942769,0.02442002
6/4/2021 13:35,0.8994461,0.02442002
6/4/2021 13:40,0.8920615,0.02442002
6/4/2021 13:45,0.9090461,0.02442002
6/4/2021 13:50,0.9031384,0.02442002
6/4/2021 13:55,0.9038769,0.02442002
6/4/2021 14:00,0.8964923,0.02442002
6/4/2021 14:05,0.8972307,0.02442002
6/4/2021 14:10,0.8994461,0.02442002
6/4/2021 14:15,0.8942769,0.02442002
6/4/2021 14:20,0.8957538,0.02442002
6/4/2021 14:25,0.8891077,0.02442002
6/4/2021 14:30,0.8898461,0.02442002
6/4/2021 14:35,0.8972307,0.02442002
6/4/2021 14:40,0.8972307,0.02442002
6/4/2021 14:45,0.8950154,0.02442002
6/4/2021 14:50,0.8972307,0.02442002
6/4/2021 14:55,0.7554461,0.02442002
6/4/2021 15:00,0.9843692,0.02442002
6/4/2021 15:05,0.9031384,0.02442002
6/4/2021 15:10,0.9629538,0.02442002
6/4/2021 15:15,0.9843692,0.02442002
6/4/2021 15:20,0.9533538,0.02442002
6/4/2021 15:25,0.8883692,0.02442002
6/4/2021 15:30,0.8817231,0.02442002
6/4/2021 15:35,0.8566154,0.02442002
6/4/2021 15:40,0.7406769,0.02442002
6/4/2021 15:45,0.8241231,0.02442002
6/4/2021 15:50,0.8285539,0.02442002
6/4/2021 15:55,0.8352,0.02442002
6/4/2021 16:00,0.8307692,0.02442002
6/4/2021 16:05,0.8285539,0.02442002
6/4/2021 16:10,0.8337231,0.02442002
6/4/2021 16:15,0.8433231,0.02442002
6/4/2021 16:20,0.8418461,0.02442002
6/4/2021 16:25,0.8411077,0.02442002
6/4/2021 16:30,0.8433231,0.02442002
6/4/2021 16:35,0.8462769,0.02442002
6/4/2021 16:40,0.8396307,0.02442002
6/4/2021 16:45,0.8366769,0.02442002
6/4/2021 16:50,0.8337231,0.02442002
6/4/2021 16:55,0.8418461,0.02442002
6/4/2021 17:00,0.8337231,0.02442002
6/4/2021 17:05,0.8425846,0.02442002
6/4/2021 17:10,0.8352,0.02442002
6/4/2021 17:15,0.8418461,0.02442002
6/4/2021 17:20,0.8514462,0.02442002
6/4/2021 17:25,0.8418461,0.02442002
6/4/2021 17:30,0.8455384,0.02442002
6/4/2021 17:35,0.8366769,0.02442002
6/4/2021 17:40,0.8433231,0.02442002
6/4/2021 17:45,0.8433231,0.02442002
6/4/2021 17:50,0.8366769,0.02442002
6/4/2021 17:55,0.8507077,0.02442002
6/4/2021 18:00,0.8425846,0.02442002
6/4/2021 18:05,0.8418461,0.02442002
6/4/2021 18:10,0.8381538,0.02442002
6/4/2021 18:15,0.8381538,0.02442002
6/4/2021 18:20,0.8433231,0.02442002
6/4/2021 18:25,0.8403692,0.02442002
6/4/2021 18:30,0.8396307,0.02442002
6/4/2021 18:35,0.8447999,0.02442002
6/4/2021 18:40,0.8366769,0.02442002
6/4/2021 18:45,0.8433231,0.02442002
6/4/2021 18:50,0.8433231,0.02442002
6/4/2021 18:55,0.8492307,0.02442002
6/4/2021 19:00,0.8507077,0.02442002
6/4/2021 19:05,0.8484923,0.02564103
6/4/2021 19:10,0.8433231,0.02442002
6/4/2021 19:15,0.8462769,0.02442002
6/4/2021 19:20,0.8477538,0.02442002
6/4/2021 19:25,0.8447999,0.02442002
6/4/2021 19:30,0.8455384,0.02442002
6/4/2021 19:35,0.8447999,0.02442002
6/4/2021 19:40,0.8374153,0.02442002
6/4/2021 19:45,0.8418461,0.02442002
6/4/2021 19:50,0.8462769,0.02442002
6/4/2021 19:55,0.8411077,0.02442002
6/4/2021 20:00,0.8455384,0.02442002
6/4/2021 20:05,0.8440615,0.02442002
6/4/2021 20:10,0.8484923,0.02442002
6/4/2021 20:15,0.8507077,0.02442002
6/4/2021 20:20,0.8507077,0.02442002
6/4/2021 20:25,0.8499692,0.02442002
6/4/2021 20:30,0.8507077,0.02442002
6/4/2021 20:35,0.8447999,0.02442002
6/4/2021 20:40,0.8411077,0.02442002
6/4/2021 20:45,0.8462769,0.02442002
6/4/2021 20:50,0.8514462,0.02442002
6/4/2021 20:55,0.8521846,0.02442002
6/4/2021 21:00,0.8484923,0.02442002
6/4/2021 21:05,0.8462769,0.02442002
6/4/2021 21:10,0.8477538,0.02442002
6/4/2021 21:15,0.8477538,0.02442002
6/4/2021 21:20,0.8514462,0.02442002
6/4/2021 21:25,0.8447999,0.02442002
6/4/2021 21:30,0.8470153,0.02442002
6/4/2021 21:35,0.8529231,0.02442002
6/4/2021 21:40,0.8558769,0.02442002
6/4/2021 21:45,0.8462769,0.02442002
6/4/2021 21:50,0.8492307,0.02442002
6/4/2021 21:55,0.8477538,0.02442002
6/4/2021 22:00,0.8418461,0.02442002
6/4/2021 22:05,0.8425846,0.02442002
6/4/2021 22:10,0.8418461,0.02442002
6/4/2021 22:15,0.8447999,0.02442002
6/4/2021 22:20,0.8440615,0.02442002
6/4/2021 22:25,0.8551385,0.02442002
6/4/2021 22:30,0.8492307,0.02442002
6/4/2021 22:35,0.8477538,0.02442002
6/4/2021 22:40,0.8418461,0.02442002
6/4/2021 22:45,0.8381538,0.02442002
6/4/2021 22:50,0.8492307,0.02442002
6/4/2021 22:55,0.8418461,0.02442002
6/4/2021 23:00,0.8470153,0.02442002
6/4/2021 23:05,0.8418461,0.02442002
6/4/2021 23:10,0.8477538,0.02442002
6/4/2021 23:15,0.8477538,0.02442002
6/4/2021 23:20,0.8396307,0.02442002
6/4/2021 23:25,0.8499692,0.02442002
6/4/2021 23:30,0.8447999,0.02442002
6/4/2021 23:35,0.8462769,0.02442002
6/4/2021 23:40,0.8447999,0.02442002
6/4/2021 23:45,0.8477538,0.02442002
6/4/2021 23:50,0.8507077,0.02442002
6/4/2021 23:55,0.8477538,0.02442002
6/5/2021 0:00,0.8396307,0.02442002
6/5/2021 0:05,0.8418461,0.02442002
6/5/2021 0:10,0.8514462,0.02442002
6/5/2021 0:15,0.8462769,0.02442002
6/5/2021 0:20,0.8418461,0.02442002
6/5/2021 0:25,0.8477538,0.02442002
6/5/2021 0:30,0.8477538,0.02442002
6/5/2021 0:35,0.8477538,0.02442002
6/5/2021 0:40,0.9260308,0.02442002
6/5/2021 0:45,0.920123,0.02442002
6/5/2021 0:50,0.8876308,0.02442002
6/5/2021 0:55,0.9134769,0.02442002
6/5/2021 1:00,0.9732923,0.02442002
6/5/2021 1:05,0.9984,0.02442002
6/5/2021 1:10,1.005785,0.02442002
6/5/2021 1:15,1.002831,0.02442002
6/5/2021 1:20,0.9984,0.02442002
6/5/2021 1:25,0.9961846,0.02442002
6/5/2021 1:30,1.000615,0.02442002
6/5/2021 1:35,1.000615,0.02442002
6/5/2021 1:40,0.9984,0.02442002
6/5/2021 1:45,0.9917538,0.02442002
6/5/2021 1:50,0.9924923,0.02442002
6/5/2021 1:55,1.101785,0.02442002
6/5/2021 2:00,1.102523,0.02442002
6/5/2021 2:05,1.106215,0.02442002
6/5/2021 2:10,1.109908,0.02442002
6/5/2021 2:15,1.101046,0.02442002
6/5/2021 2:20,1.106954,0.02442002
6/5/2021 2:25,1.103261,0.02442002
6/5/2021 2:30,1.106954,0.02442002
6/5/2021 2:35,1.104738,0.02442002
6/5/2021 2:40,1.099569,0.02442002
6/5/2021 2:45,1.114338,0.02442002
6/5/2021 2:50,1.1136,0.02442002
6/5/2021 2:55,1.105477,0.02442002
6/5/2021 3:00,1.115077,0.02442002
6/5/2021 3:05,1.106954,0.02442002
6/5/2021 3:10,1.102523,0.02442002
6/5/2021 3:15,1.106954,0.02442002
6/5/2021 3:20,1.116554,0.02442002
6/5/2021 3:25,1.121723,0.02442002
6/5/2021 3:30,1.092185,0.02442002
6/5/2021 3:35,1.095138,0.02442002
6/5/2021 3:40,1.0944,0.02442002
6/5/2021 3:45,1.082585,0.02442002
6/5/2021 3:50,1.095877,0.02442002
6/5/2021 3:55,1.086277,0.02442002
6/5/2021 4:00,1.076677,0.02442002
6/5/2021 4:05,1.092185,0.02442002
6/5/2021 4:10,1.090708,0.02442002
6/5/2021 4:15,1.088492,0.02442002
6/5/2021 4:20,1.093662,0.02442002
6/5/2021 4:25,1.0848,0.02442002
6/5/2021 4:30,1.081846,0.02442002
6/5/2021 4:35,1.091446,0.02564103
6/5/2021 4:40,1.087015,0.02564103
6/5/2021 4:45,1.090708,0.02564103
6/5/2021 4:50,1.086277,0.02564103
6/5/2021 4:55,1.081108,0.02564103
6/5/2021 5:00,1.087754,0.02564103
6/5/2021 5:05,1.092185,0.02564103
6/5/2021 5:10,1.081846,0.02564103
6/5/2021 5:15,0.5021539,0.02564103
6/5/2021 5:20,0.9998769,0.02564103
6/5/2021 5:25,1.074461,0.02564103
6/5/2021 5:30,1.073723,0.02564103
6/5/2021 5:35,1.076677,0.02564103
6/5/2021 5:40,1.126154,0.02564103
6/5/2021 5:45,1.035323,0.02564103
6/5/2021 5:50,0.9865846,0.02564103
6/5/2021 5:55,0.9851077,0.02564103
6/5/2021 6:00,0.9902769,0.02564103
6/5/2021 6:05,0.9843692,0.02564103
6/5/2021 6:10,1.001354,0.02564103
6/5/2021 6:15,1.004308,0.02564103
6/5/2021 6:20,1.012431,0.02564103
6/5/2021 6:25,1.008738,0.02564103
6/5/2021 6:30,0.9961846,0.02442002
6/5/2021 6:35,1.007262,0.02442002
6/5/2021 6:40,1.005785,0.02442002
6/5/2021 6:45,1.008,0.02442002
6/5/2021 6:50,1.016123,0.02442002
6/5/2021 6:55,1.015385,0.02442002
6/5/2021 7:00,1.016123,0.02442002
6/5/2021 7:05,1.058215,0.02442002
6/5/2021 7:10,1.118031,0.02442002
6/5/2021 7:15,1.125415,0.02442002
6/5/2021 7:20,1.1232,0.02319902
6/5/2021 7:25,1.111385,0.02319902
6/5/2021 7:30,1.0944,0.02319902
6/5/2021 7:35,1.101785,0.02319902
6/5/2021 7:40,1.105477,0.02319902
6/5/2021 7:45,1.109169,0.02319902
6/5/2021 7:50,1.106215,0.02319902
6/5/2021 7:55,1.109908,0.02319902
6/5/2021 8:00,1.104738,0.02319902
6/5/2021 8:05,1.108431,0.02197802
6/5/2021 8:10,1.106954,0.02197802
6/5/2021 8:15,1.097354,0.02197802
6/5/2021 8:20,1.115077,0.02197802
6/5/2021 8:25,1.104738,0.02197802
6/5/2021 8:30,1.105477,0.02197802
6/5/2021 8:35,1.104,0.02197802
6/5/2021 8:40,1.106954,0.02197802
6/5/2021 8:45,1.108431,0.02197802
6/5/2021 8:50,1.105477,0.02197802
6/5/2021 8:55,1.111385,0.02197802
6/5/2021 9:00,1.105477,0.02197802
6/5/2021 9:05,1.106215,0.02197802
6/5/2021 9:10,1.106954,0.02197802
6/5/2021 9:15,1.104738,0.02197802
6/5/2021 9:20,1.110646,0.02197802
6/5/2021 9:25,1.121723,0.02197802
6/5/2021 9:30,1.106954,0.02197802
6/5/2021 9:35,1.112862,0.02197802
6/5/2021 9:40,1.106215,0.02197802
6/5/2021 9:45,1.114338,0.02197802
6/5/2021 9:50,1.107692,0.02197802
6/5/2021 9:55,1.103261,0.02197802
6/5/2021 10:00,1.109908,0.02197802
6/5/2021 10:05,1.111385,0.02197802
6/5/2021 10:10,1.108431,0.02197802
6/5/2021 10:15,1.104738,0.02197802
6/5/2021 10:20,1.103261,0.02197802
6/5/2021 10:25,1.109169,0.02197802
6/5/2021 10:30,1.111385,0.02197802
6/5/2021 10:35,1.109169,0.02197802
6/5/2021 10:40,1.106954,0.02197802
6/5/2021 10:45,1.110646,0.02197802
6/5/2021 10:50,1.106954,0.02197802
6/5/2021 10:55,1.106954,0.02197802
6/5/2021 11:00,1.1136,0.02197802
6/5/2021 11:05,1.105477,0.02197802
6/5/2021 11:10,1.110646,0.02197802
6/5/2021 11:15,1.105477,0.02197802
6/5/2021 11:20,1.112862,0.02197802
6/5/2021 11:25,1.102523,0.02197802
6/5/2021 11:30,1.076677,0.02197802
6/5/2021 11:35,1.105477,0.02197802
6/5/2021 11:40,1.106954,0.02197802
6/5/2021 11:45,1.102523,0.02197802
6/5/2021 11:50,1.101785,0.02197802
6/5/2021 11:55,1.110646,0.02197802
6/5/2021 12:00,1.103261,0.02197802
6/5/2021 12:05,1.106215,0.02197802
6/5/2021 12:10,1.097354,0.02197802
6/5/2021 12:15,1.108431,0.02197802
6/5/2021 12:20,1.109908,0.02197802
6/5/2021 12:25,1.108431,0.02197802
6/5/2021 12:30,1.116554,0.02197802
6/5/2021 12:35,1.108431,0.02197802
6/5/2021 12:40,1.106215,0.02197802
6/5/2021 12:45,1.110646,0.02197802
6/5/2021 12:50,1.115815,0.02197802
6/5/2021 12:55,1.115077,0.02197802
6/5/2021 13:00,1.112862,0.02319902
6/5/2021 13:05,1.110646,0.02319902
6/5/2021 13:10,1.103261,0.02319902
6/5/2021 13:15,1.1136,0.02319902
6/5/2021 13:20,1.112123,0.02319902
6/5/2021 13:25,1.112862,0.02319902
6/5/2021 13:30,1.1136,0.02319902
6/5/2021 13:35,1.112862,0.02319902
6/5/2021 13:40,1.103261,0.02319902
6/5/2021 13:45,1.111385,0.02319902
6/5/2021 13:50,1.112862,0.02319902
6/5/2021 13:55,1.108431,0.02319902
6/5/2021 14:00,1.109169,0.02319902
6/5/2021 14:05,1.114338,0.02319902
6/5/2021 14:10,1.112123,0.02319902
6/5/2021 14:15,1.118031,0.02319902
6/5/2021 14:20,1.115077,0.02319902
6/5/2021 14:25,1.112862,0.02319902
6/5/2021 14:30,1.111385,0.02319902
6/5/2021 14:35,1.108431,0.02319902
6/5/2021 14:40,1.109908,0.02319902
6/5/2021 14:45,1.1136,0.02319902
6/5/2021 14:50,1.118031,0.02319902
6/5/2021 14:55,1.111385,0.02319902
6/5/2021 15:00,1.118031,0.02319902
6/5/2021 15:05,1.104,0.02319902
6/5/2021 15:10,1.112862,0.02319902
6/5/2021 15:15,1.120985,0.02319902
6/5/2021 15:20,1.106215,0.02319902
6/5/2021 15:25,1.106954,0.02442002
6/5/2021 15:30,1.118031,0.02442002
6/5/2021 15:35,1.112862,0.02442002
6/5/2021 15:40,1.110646,0.02442002
6/5/2021 15:45,1.114338,0.02442002
6/5/2021 15:50,1.0752,0.02442002
6/5/2021 15:55,1.092185,0.02442002
6/5/2021 16:00,1.0944,0.02442002
6/5/2021 16:05,1.101785,0.02442002
6/5/2021 16:10,1.096615,0.02442002
6/5/2021 16:15,1.0944,0.02442002
6/5/2021 16:20,1.106954,0.02442002
6/5/2021 16:25,1.085538,0.02442002
6/5/2021 16:30,1.089231,0.02442002
6/5/2021 16:35,1.091446,0.02442002
6/5/2021 16:40,1.098831,0.02442002
6/5/2021 16:45,1.093662,0.02442002
6/5/2021 16:50,1.0848,0.02442002
6/5/2021 16:55,1.0944,0.02442002
6/5/2021 17:00,1.095138,0.02442002
6/5/2021 17:05,1.084062,0.02442002
6/5/2021 17:10,1.086277,0.02442002
6/5/2021 17:15,1.086277,0.02442002
6/5/2021 17:20,1.097354,0.02442002
6/5/2021 17:25,1.086277,0.02442002
6/5/2021 17:30,1.085538,0.02442002
6/5/2021 17:35,1.095877,0.02442002
6/5/2021 17:40,1.0944,0.02442002
6/5/2021 17:45,1.088492,0.02442002
6/5/2021 17:50,1.083323,0.02442002
6/5/2021 17:55,1.0848,0.02442002
6/5/2021 18:00,1.086277,0.02442002
6/5/2021 18:05,1.078892,0.02442002
6/5/2021 18:10,1.087015,0.02442002
6/5/2021 18:15,1.078154,0.02442002
6/5/2021 18:20,1.086277,0.02442002
6/5/2021 18:25,1.089231,0.02442002
6/5/2021 18:30,1.089969,0.02442002
6/5/2021 18:35,1.089969,0.02442002
6/5/2021 18:40,1.087754,0.02442002
6/5/2021 18:45,1.0848,0.02442002
6/5/2021 18:50,1.088492,0.02442002
6/5/2021 18:55,1.085538,0.02442002
6/5/2021 19:00,1.082585,0.02442002
6/5/2021 19:05,1.084062,0.02442002
6/5/2021 19:10,1.079631,0.02442002
6/5/2021 19:15,1.080369,0.02442002
6/5/2021 19:20,1.081846,0.02442002
6/5/2021 19:25,1.089231,0.02442002
6/5/2021 19:30,1.089969,0.02442002
6/5/2021 19:35,1.079631,0.02442002
6/5/2021 19:40,1.085538,0.02442002
6/5/2021 19:45,1.0848,0.02442002
6/5/2021 19:50,1.087754,0.02442002
6/5/2021 19:55,1.092185,0.02442002
6/5/2021 20:00,1.087754,0.02442002
6/5/2021 20:05,1.079631,0.02442002
6/5/2021 20:10,1.084062,0.02442002
6/5/2021 20:15,1.083323,0.02442002
6/5/2021 20:20,1.082585,0.02442002
6/5/2021 20:25,1.077415,0.02442002
6/5/2021 20:30,1.095877,0.02442002
6/5/2021 20:35,1.096615,0.02442002
6/5/2021 20:40,1.092185,0.02442002
6/5/2021 20:45,1.0944,0.02442002
6/5/2021 20:50,1.101046,0.02442002
6/5/2021 20:55,1.089231,0.02442002
6/5/2021 21:00,1.083323,0.02442002
6/5/2021 21:05,1.084062,0.02442002
6/5/2021 21:10,1.089231,0.02442002
6/5/2021 21:15,1.090708,0.02442002
6/5/2021 21:20,1.095877,0.02442002
6/5/2021 21:25,1.089231,0.02442002
6/5/2021 21:30,1.0848,0.02442002
6/5/2021 21:35,1.083323,0.02442002
6/5/2021 21:40,1.081108,0.02442002
6/5/2021 21:45,1.0848,0.02442002
6/5/2021 21:50,1.090708,0.02442002
6/5/2021 21:55,1.081108,0.02442002
6/5/2021 22:00,1.064862,0.02442002
6/5/2021 22:05,1.112862,0.02442002
6/5/2021 22:10,1.104,0.02442002
6/5/2021 22:15,1.106954,0.02442002
6/5/2021 22:20,1.114338,0.02442002
6/5/2021 22:25,1.111385,0.02442002
6/5/2021 22:30,1.097354,0.02442002
6/5/2021 22:35,1.107692,0.02442002
6/5/2021 22:40,1.111385,0.02442002
6/5/2021 22:45,1.106954,0.02442002
6/5/2021 22:50,1.100308,0.02442002
6/5/2021 22:55,1.107692,0.02442002
6/5/2021 23:00,1.097354,0.02442002
6/5/2021 23:05,1.110646,0.02442002
6/5/2021 23:10,1.098831,0.02442002
6/5/2021 23:15,1.108431,0.02442002
6/5/2021 23:20,1.093662,0.02442002
6/5/2021 23:25,1.093662,0.02442002
6/5/2021 23:30,1.101785,0.02442002
6/5/2021 23:35,1.095877,0.02442002
6/5/2021 23:40,1.089231,0.02442002
6/5/2021 23:45,1.093662,0.02442002
6/5/2021 23:50,1.089231,0.02442002
6/5/2021 23:55,1.093662,0.02442002
6/6/2021 0:00,1.087015,0.02442002
6/6/2021 0:05,0.9947076,0.02442002
6/6/2021 0:10,0.9961846,0.02442002
6/6/2021 0:15,0.9984,0.02442002
6/6/2021 0:20,0.9939692,0.02442002
6/6/2021 0:25,0.9984,0.02442002
6/6/2021 0:30,0.9932307,0.02442002
6/6/2021 0:35,0.9851077,0.02442002
6/6/2021 0:40,0.9991384,0.02442002
6/6/2021 0:45,0.9947076,0.02442002
6/6/2021 0:50,0.9932307,0.02442002
6/6/2021 0:55,0.9895384,0.02442002
6/6/2021 1:00,0.9924923,0.02442002
6/6/2021 1:05,0.9947076,0.02442002
6/6/2021 1:10,0.9902769,0.02442002
6/6/2021 1:15,0.9939692,0.02442002
6/6/2021 1:20,0.987323,0.02442002
6/6/2021 1:25,0.9932307,0.02442002
6/6/2021 1:30,0.996923,0.02442002
6/6/2021 1:35,0.9984,0.02564103
6/6/2021 1:40,1.001354,0.02564103
6/6/2021 1:45,0.9961846,0.02564103
6/6/2021 1:50,0.9961846,0.02564103
6/6/2021 1:55,0.9984,0.02564103
6/6/2021 2:00,0.9932307,0.02564103
6/6/2021 2:05,0.9991384,0.02564103
6/6/2021 2:10,1.030892,0.02564103
6/6/2021 2:15,0,-1
6/6/2021 2:20,0,-1
6/6/2021 2:25,0,-1
6/6/2021 2:30,0,-1
6/6/2021 2:35,0,-1
6/6/2021 2:40,0,-1
6/6/2021 2:45,0,-1
6/6/2021 2:50,0,-1
6/6/2021 2:55,0,-1
6/6/2021 3:00,0,-1
6/6/2021 3:05,0,-1
6/6/2021 3:10,0,-1
6/6/2021 3:15,0,-1
6/6/2021 3:20,0,-1
6/6/2021 3:25,0,-1
6/6/2021 3:30,0,-1
6/6/2021 3:35,0,-1
6/6/2021 3:40,0,-1
6/6/2021 3:45,0,-1
6/6/2021 3:50,0,-1
6/6/2021 3:55,0,-1
6/6/2021 4:00,0,-1
6/6/2021 4:05,0,-1
6/6/2021 4:10,0,-1
6/6/2021 4:15,0,-1
6/6/2021 4:20,0,-1
6/6/2021 4:25,0,-1
6/6/2021 4:30,0,-1
6/6/2021 4:35,0,-1
6/6/2021 4:40,0,-1
6/6/2021 4:45,0,-1
6/6/2021 4:50,0,-1
6/6/2021 4:55,0,-1
6/6/2021 5:00,0,-1
6/6/2021 5:05,0,-1
6/6/2021 5:10,0,-1
6/6/2021 5:15,0,-1
6/6/2021 5:20,0,-1
6/6/2021 5:25,0,-1
6/6/2021 5:30,0,-1
6/6/2021 5:35,0,-1
6/6/2021 5:40,0,-1
6/6/2021 5:45,0,-1
6/6/2021 5:50,0,-1
6/6/2021 5:55,0,-1
6/6/2021 6:00,0,-1
6/6/2021 6:05,0,-1
6/6/2021 6:10,0,-1
6/6/2021 6:15,0,-1
6/6/2021 6:20,0,-1
6/6/2021 6:25,0,-1
6/6/2021 6:30,0,-1
6/6/2021 6:35,0,-1
6/6/2021 6:40,0,-1
6/6/2021 6:45,0,-1
6/6/2021 6:50,0,-1
6/6/2021 6:55,0,-1
6/6/2021 7:00,0,-1
6/6/2021 7:05,0,-1
6/6/2021 7:10,0,-1
6/6/2021 7:15,0,-1
6/6/2021 7:20,0,-1
6/6/2021 7:25,0,-1
6/6/2021 7:30,0,-1
6/6/2021 7:35,0,-1
6/6/2021 7:40,0,-1
6/6/2021 7:45,0,-1
6/6/2021 7:50,0,-1
6/6/2021 7:55,0,-1
6/6/2021 8:00,0,-1
6/6/2021 8:05,0,-1
6/6/2021 8:10,0,-1
6/6/2021 8:15,0,-1
6/6/2021 8:20,0,-1
6/6/2021 8:25,0,-1
6/6/2021 8:30,0,-1
6/6/2021 8:35,0,-1
6/6/2021 8:40,0,-1
6/6/2021 8:45,0,-1
6/6/2021 8:50,0,-1
6/6/2021 8:55,0,-1
6/6/2021 9:00,0,-1
6/6/2021 9:05,0,-1
6/6/2021 9:10,0,-1
6/6/2021 9:15,0,-1
6/6/2021 9:20,0,-1
6/6/2021 9:25,0,-1
6/6/2021 9:30,0,-1
6/6/2021 9:35,0,-1
6/6/2021 9:40,0,-1
6/6/2021 9:45,0,-1
6/6/2021 9:50,0,-1
6/6/2021 9:55,0,-1
6/6/2021 10:00,0,-1
6/6/2021 10:05,0,-1
6/6/2021 10:10,0,-1
6/6/2021 10:15,0,-1
6/6/2021 10:20,0,-1
6/6/2021 10:25,0,-1
6/6/2021 10:30,0,-1
6/6/2021 10:35,0,-1
6/6/2021 10:40,0,-1
6/6/2021 10:45,0,-1
6/6/2021 10:50,0,-1
6/6/2021 10:55,0,-1
6/6/2021 11:00,0,-1
6/6/2021 11:05,0,-1
6/6/2021 11:10,0,-1
6/6/2021 11:15,0,-1
6/6/2021 11:20,0,-1
6/6/2021 11:25,0,-1
6/6/2021 11:30,0,-1
6/6/2021 11:35,0,-1
6/6/2021 11:40,0,-1
6/6/2021 11:45,0,-1
6/6/2021 11:50,0,-1
6/6/2021 11:55,0,-1
6/6/2021 12:00,0,-1
6/6/2021 12:05,0,-1
6/6/2021 12:10,0,-1
6/6/2021 12:15,0,-1
6/6/2021 12:20,0,-1
6/6/2021 12:25,0,-1
6/6/2021 12:30,0,-1
6/6/2021 12:35,0,-1
6/6/2021 12:40,0,-1
6/6/2021 12:45,0,-1
6/6/2021 12:50,0,-1
6/6/2021 12:55,0,-1
6/6/2021 13:00,0,-1
6/6/2021 13:05,0,-1
6/6/2021 13:10,0,-1
6/6/2021 13:15,0,-1
6/6/2021 13:20,0,-1
6/6/2021 13:25,0,-1
6/6/2021 13:30,0,-1
6/6/2021 13:35,0,-1
6/6/2021 13:40,0,-1
6/6/2021 13:45,0,-1
6/6/2021 13:50,0,-1
6/6/2021 13:55,0,-1
6/6/2021 14:00,0,-1
6/6/2021 14:05,0,-1
6/6/2021 14:10,0,-1
6/6/2021 14:15,0,-1
6/6/2021 14:20,0,-1
6/6/2021 14:25,0,-1
6/6/2021 14:30,0,-1
6/6/2021 14:35,0,-1
6/6/2021 14:40,0,-1
6/6/2021 14:45,0,-1
6/6/2021 14:50,0,-1
6/6/2021 14:55,0,-1
6/6/2021 15:00,0,-1
6/6/2021 15:05,0,-1
6/6/2021 15:10,0,-1
6/6/2021 15:15,0,-1
6/6/2021 15:20,0,-1
6/6/2021 15:25,0,-1
6/6/2021 15:30,0,-1
6/6/2021 15:35,0,-1
6/6/2021 15:40,0,-1
6/6/2021 15:45,0,-1
6/6/2021 15:50,0,-1
6/6/2021 15:55,0,-1
6/6/2021 16:00,0,-1
6/6/2021 16:05,0,-1
6/6/2021 16:10,0,-1
6/6/2021 16:15,0,-1
6/6/2021 16:20,0,-1
6/6/2021 16:25,0,-1
6/6/2021 16:30,0,-1
6/6/2021 16:35,0,-1
6/6/2021 16:40,0,-1
6/6/2021 16:45,0,-1
6/6/2021 16:50,0,-1
6/6/2021 16:55,0,-1
6/6/2021 17:00,0,-1
6/6/2021 17:05,0,-1
6/6/2021 17:10,0,-1
6/6/2021 17:15,0,-1
6/6/2021 17:20,0,-1
6/6/2021 17:25,0,-1
6/6/2021 17:30,0,-1
6/6/2021 17:35,0,-1
6/6/2021 17:40,0,-1
6/6/2021 17:45,0,-1
6/6/2021 17:50,0,-1
6/6/2021 17:55,0,-1
6/6/2021 18:00,0,-1
6/6/2021 18:05,0,-1
6/6/2021 18:10,0,-1
6/6/2021 18:15,0,-1
6/6/2021 18:20,0,-1
6/6/2021 18:25,0,-1
6/6/2021 18:30,0,-1
6/6/2021 18:35,0,-1
6/6/2021 18:40,0,-1
6/6/2021 18:45,0,-1
6/6/2021 18:50,0,-1
6/6/2021 18:55,0,-1
6/6/2021 19:00,0,-1
6/6/2021 19:05,0,-1
6/6/2021 19:10,0,-1
6/6/2021 19:15,0,-1
6/6/2021 19:20,0,-1
6/6/2021 19:25,0,-1
6/6/2021 19:30,0,-1
6/6/2021 19:35,0,-1
6/6/2021 19:40,0,-1
6/6/2021 19:45,0,-1
6/6/2021 19:50,0,-1
6/6/2021 19:55,0,-1
6/6/2021 20:00,0,-1
6/6/2021 20:05,0,-1
6/6/2021 20:10,0,-1
6/6/2021 20:15,0,-1
6/6/2021 20:20,0,-1
6/6/2021 20:25,0,-1
6/6/2021 20:30,0,-1
6/6/2021 20:35,0,-1
6/6/2021 20:40,0,-1
6/6/2021 20:45,0,-1
6/6/2021 20:50,0,-1
6/6/2021 20:55,0,-1
6/6/2021 21:00,0,-1
6/6/2021 21:05,0,-1
6/6/2021 21:10,0,-1
6/6/2021 21:15,0,-1
6/6/2021 21:20,0,-1
6/6/2021 21:25,0,-1
6/6/2021 21:30,0,-1
6/6/2021 21:35,0,-1
6/6/2021 21:40,0,-1
6/6/2021 21:45,0,-1
6/6/2021 21:50,0,-1
6/6/2021 21:55,0,-1
6/6/2021 22:00,0,-1
6/6/2021 22:05,0,-1
6/6/2021 22:10,0,-1
6/6/2021 22:15,0,-1
6/6/2021 22:20,0,-1
6/6/2021 22:25,0,-1
6/6/2021 22:30,0,-1
6/6/2021 22:35,0,-1
6/6/2021 22:40,0,-1
6/6/2021 22:45,0,-1
6/6/2021 22:50,0,-1
6/6/2021 22:55,0,-1
6/6/2021 23:00,0,-1
6/6/2021 23:05,0,-1
6/6/2021 23:10,0,-1
6/6/2021 23:15,0,-1
6/6/2021 23:20,0,-1
6/6/2021 23:25,0,-1
6/6/2021 23:30,0,-1
6/6/2021 23:35,0,-1
6/6/2021 23:40,0,-1
6/6/2021 23:45,0,-1
6/6/2021 23:50,0,-1
6/6/2021 23:55,0,-1
6/7/2021 0:00,0,-1
6/7/2021 0:05,0,-1
6/7/2021 0:10,0,-1
6/7/2021 0:15,0,-1
6/7/2021 0:20,0,-1
6/7/2021 0:25,0,-1
6/7/2021 0:30,0,-1
6/7/2021 0:35,0,-1
6/7/2021 0:40,0,-1
6/7/2021 0:45,0,-1
6/7/2021 0:50,0,-1
6/7/2021 0:55,0,-1
6/7/2021 1:00,0,-1
6/7/2021 1:05,0,-1
6/7/2021 1:10,0,-1
6/7/2021 1:15,0,-1
6/7/2021 1:20,0,-1
6/7/2021 1:25,0,-1
6/7/2021 1:30,0,-1
6/7/2021 1:35,0,-1
6/7/2021 1:40,0,-1
6/7/2021 1:45,0,-1
6/7/2021 1:50,0,-1
6/7/2021 1:55,0,-1
6/7/2021 2:00,0,-1
6/7/2021 2:05,0,-1
6/7/2021 2:10,0,-1
6/7/2021 2:15,0,-1
6/7/2021 2:20,0,-1
6/7/2021 2:25,0,-1
6/7/2021 2:30,0,-1
6/7/2021 2:35,0,-1
6/7/2021 2:40,0,-1
6/7/2021 2:45,0,-1
6/7/2021 2:50,0,-1
6/7/2021 2:55,0,-1
6/7/2021 3:00,0,-1
6/7/2021 3:05,0,-1
6/7/2021 3:10,0,-1
6/7/2021 3:15,0,-1
6/7/2021 3:20,0,-1
6/7/2021 3:25,0,-1
6/7/2021 3:30,0,-1
6/7/2021 3:35,0,-1
6/7/2021 3:40,0,-1
6/7/2021 3:45,0,-1
6/7/2021 3:50,0,-1
6/7/2021 3:55,0,-1
6/7/2021 4:00,0,-1
6/7/2021 4:05,0,-1
6/7/2021 4:10,0,-1
6/7/2021 4:15,0,-1
6/7/2021 4:20,0,-1
6/7/2021 4:25,0,-1
6/7/2021 4:30,0,-1
6/7/2021 4:35,0,-1
6/7/2021 4:40,0,-1
6/7/2021 4:45,0,-1
6/7/2021 4:50,0,-1
6/7/2021 4:55,0,-1
6/7/2021 5:00,0,-1
6/7/2021 5:05,0,-1
6/7/2021 5:10,0,-1
6/7/2021 5:15,0,-1
6/7/2021 5:20,0,-1
6/7/2021 5:25,0,-1
6/7/2021 5:30,0,-1
6/7/2021 5:35,0,-1
6/7/2021 5:40,0,-1
6/7/2021 5:45,0,-1
6/7/2021 5:50,0,-1
6/7/2021 5:55,0,-1
6/7/2021 6:00,0,-1
6/7/2021 6:05,0,-1
6/7/2021 6:10,0,-1
6/7/2021 6:15,0,-1
6/7/2021 6:20,0,-1
6/7/2021 6:25,0,-1
6/7/2021 6:30,0,-1
6/7/2021 6:35,0,-1
6/7/2021 6:40,0,-1
6/7/2021 6:45,0,-1
6/7/2021 6:50,0,-1
6/7/2021 6:55,0,-1
6/7/2021 7:00,0,-1
6/7/2021 7:05,0,-1
6/7/2021 7:10,0,-1
6/7/2021 7:15,0,-1
6/7/2021 7:20,0,-1
6/7/2021 7:25,0,-1
6/7/2021 7:30,0,-1
6/7/2021 7:35,0,-1
6/7/2021 7:40,0,-1
6/7/2021 7:45,0,-1
6/7/2021 7:50,0,-1
6/7/2021 7:55,0,-1
6/7/2021 8:00,0,-1
6/7/2021 8:05,0,-1
6/7/2021 8:10,0,-1
6/7/2021 8:15,0,-1
6/7/2021 8:20,0,-1
6/7/2021 8:25,0,-1
6/7/2021 8:30,0,-1
6/7/2021 8:35,0,-1
6/7/2021 8:40,0,-1
6/7/2021 8:45,0,-1
6/7/2021 8:50,0,-1
6/7/2021 8:55,0,-1
6/7/2021 9:00,0,-1
6/7/2021 9:05,0,-1
6/7/2021 9:10,0,-1
6/7/2021 9:15,0,-1
6/7/2021 9:20,0,-1
6/7/2021 9:25,0,-1
6/7/2021 9:30,0,-1
6/7/2021 9:35,0,-1
6/7/2021 9:40,0,-1
6/7/2021 9:45,0,-1
6/7/2021 9:50,0,-1
6/7/2021 9:55,0,-1
6/7/2021 10:00,0,-1
6/7/2021 10:05,0,-1
6/7/2021 10:10,0,-1
6/7/2021 10:15,0,-1
6/7/2021 10:20,0,-1
6/7/2021 10:25,0,-1
6/7/2021 10:30,0,-1
6/7/2021 10:35,0,-1
6/7/2021 10:40,0,-1
6/7/2021 10:45,0,-1
6/7/2021 10:50,0,-1
6/7/2021 10:55,0,-1
6/7/2021 11:00,0,-1
6/7/2021 11:05,0,-1
6/7/2021 11:10,0,-1
6/7/2021 11:15,0,-1
6/7/2021 11:20,0,-1
6/7/2021 11:25,0,-1
6/7/2021 11:30,0,-1
6/7/2021 11:35,0,-1
6/7/2021 11:40,0,-1
6/7/2021 11:45,0,-1
6/7/2021 11:50,0,-1
6/7/2021 11:55,0,-1
6/7/2021 12:00,0,-1
6/7/2021 12:05,0,-1
6/7/2021 12:10,0,-1
6/7/2021 12:15,0,-1
6/7/2021 12:20,0,-1
6/7/2021 12:25,0,-1
6/7/2021 12:30,0,-1
6/7/2021 12:35,0,-1
6/7/2021 12:40,0,-1
6/7/2021 12:45,0,-1
6/7/2021 12:50,0,-1
6/7/2021 12:55,0,-1
6/7/2021 13:00,0,-1
6/7/2021 13:05,0,-1
6/7/2021 13:10,0,-1
6/7/2021 13:15,0,-1
6/7/2021 13:20,0,-1
6/7/2021 13:25,0,-1
6/7/2021 13:30,0,-1
6/7/2021 13:35,0,-1
6/7/2021 13:40,0,-1
6/7/2021 13:45,0,-1
6/7/2021 13:50,0,-1
6/7/2021 13:55,0,-1
6/7/2021 14:00,0,-1
6/7/2021 14:05,0,-1
6/7/2021 14:10,0,-1
6/7/2021 14:15,0,-1
6/7/2021 14:20,0,-1
6/7/2021 14:25,0,-1
6/7/2021 14:30,0,-1
6/7/2021 14:35,0,-1
6/7/2021 14:40,0,-1
6/7/2021 14:45,0,-1
6/7/2021 14:50,0,-1
6/7/2021 14:55,0,-1
6/7/2021 15:00,0,-1
6/7/2021 15:05,0,-1
6/7/2021 15:10,0,-1
6/7/2021 15:15,0,-1
6/7/2021 15:20,0,-1
6/7/2021 15:25,0,-1
6/7/2021 15:30,0,-1
6/7/2021 15:35,0,-1
6/7/2021 15:40,0,-1
6/7/2021 15:45,0,-1
6/7/2021 15:50,0,-1
6/7/2021 15:55,0,-1
6/7/2021 16:00,0,-1
6/7/2021 16:05,0,-1
6/7/2021 16:10,0,-1
6/7/2021 16:15,0,-1
6/7/2021 16:20,0,-1
6/7/2021 16:25,0,-1
6/7/2021 16:30,0,-1
6/7/2021 16:35,0,-1
6/7/2021 16:40,0,-1
6/7/2021 16:45,0,-1
6/7/2021 16:50,0,-1
6/7/2021 16:55,0,-1
6/7/2021 17:00,0,-1
6/7/2021 17:05,0,-1
6/7/2021 17:10,0,-1
6/7/2021 17:15,0,-1
6/7/2021 17:20,0,-1
6/7/2021 17:25,0,-1
6/7/2021 17:30,0,-1
6/7/2021 17:35,0,-1
6/7/2021 17:40,0,-1
6/7/2021 17:45,0,-1
6/7/2021 17:50,0,-1
6/7/2021 17:55,0,-1
6/7/2021 18:00,0,-1
6/7/2021 18:05,0,-1
6/7/2021 18:10,0,-1
6/7/2021 18:15,0,-1
6/7/2021 18:20,0,-1
6/7/2021 18:25,0,-1
6/7/2021 18:30,0,-1
6/7/2021 18:35,0,-1
6/7/2021 18:40,0,-1
6/7/2021 18:45,0,-1
6/7/2021 18:50,0,-1
6/7/2021 18:55,0,-1
6/7/2021 19:00,0,-1
6/7/2021 19:05,0,-1
6/7/2021 19:10,0,-1
6/7/2021 19:15,0,-1
6/7/2021 19:20,0,-1
6/7/2021 19:25,0,-1
6/7/2021 19:30,0,-1
6/7/2021 19:35,0,-1
6/7/2021 19:40,0,-1
6/7/2021 19:45,0,-1
6/7/2021 19:50,0,-1
6/7/2021 19:55,0,-1
6/7/2021 20:00,0,-1
6/7/2021 20:05,0,-1
6/7/2021 20:10,0,-1
6/7/2021 20:15,0,-1
6/7/2021 20:20,0,-1
6/7/2021 20:25,0,-1
6/7/2021 20:30,0,-1
6/7/2021 20:35,0,-1
6/7/2021 20:40,0,-1
6/7/2021 20:45,0,-1
6/7/2021 20:50,0,-1
6/7/2021 20:55,0,-1
6/7/2021 21:00,0,-1
6/7/2021 21:05,0,-1
6/7/2021 21:10,0,-1
6/7/2021 21:15,0,-1
6/7/2021 21:20,0,-1
6/7/2021 21:25,0,-1
6/7/2021 21:30,0,-1
6/7/2021 21:35,0,-1
6/7/2021 21:40,0,-1
6/7/2021 21:45,0,-1
6/7/2021 21:50,0,-1
6/7/2021 21:55,0,-1
6/7/2021 22:00,0,-1
6/7/2021 22:05,0,-1
6/7/2021 22:10,0,-1
6/7/2021 22:15,0,-1
6/7/2021 22:20,0,-1
6/7/2021 22:25,0,-1
6/7/2021 22:30,0,-1
6/7/2021 22:35,0,-1
6/7/2021 22:40,0,-1
6/7/2021 22:45,0,-1
6/7/2021 22:50,0,-1
6/7/2021 22:55,0,-1
6/7/2021 23:00,0,-1
6/7/2021 23:05,0,-1
6/7/2021 23:10,0,-1
6/7/2021 23:15,0,-1
6/7/2021 23:20,0,-1
6/7/2021 23:25,0,-1
6/7/2021 23:30,0,-1
6/7/2021 23:35,0,-1
6/7/2021 23:40,0,-1
6/7/2021 23:45,0,-1
6/7/2021 23:50,0,-1
6/7/2021 23:55,0,-1
6/8/2021 0:00,0,-1
6/8/2021 0:05,0,-1
6/8/2021 0:10,0,-1
6/8/2021 0:15,0,-1
6/8/2021 0:20,0,-1
6/8/2021 0:25,0,-1
6/8/2021 0:30,0,-1
6/8/2021 0:35,0,-1
6/8/2021 0:40,0,-1
6/8/2021 0:45,0,-1
6/8/2021 0:50,0,-1
6/8/2021 0:55,0,-1
6/8/2021 1:00,0,-1
6/8/2021 1:05,0,-1
6/8/2021 1:10,0,-1
6/8/2021 1:15,0,-1
6/8/2021 1:20,0,-1
6/8/2021 1:25,0,-1
6/8/2021 1:30,0,-1
6/8/2021 1:35,0,-1
6/8/2021 1:40,0,-1
6/8/2021 1:45,0,-1
6/8/2021 1:50,0,-1
6/8/2021 1:55,0,-1
6/8/2021 2:00,0,-1
6/8/2021 2:05,0,-1
6/8/2021 2:10,0,-1
6/8/2021 2:15,0,-1
6/8/2021 2:20,0,-1
6/8/2021 2:25,0,-1
6/8/2021 2:30,0,-1
6/8/2021 2:35,0,-1
6/8/2021 2:40,0,-1
6/8/2021 2:45,0,-1
6/8/2021 2:50,0,-1
6/8/2021 2:55,0,-1
6/8/2021 3:00,0,-1
6/8/2021 3:05,0,-1
6/8/2021 3:10,0,-1
6/8/2021 3:15,0,-1
6/8/2021 3:20,0,-1
6/8/2021 3:25,0,-1
6/8/2021 3:30,0,-1
6/8/2021 3:35,0,-1
6/8/2021 3:40,0,-1
6/8/2021 3:45,0,-1
6/8/2021 3:50,0,-1
6/8/2021 3:55,0,-1
6/8/2021 4:00,0,-1
6/8/2021 4:05,0,-1
6/8/2021 4:10,0,-1
6/8/2021 4:15,0,-1
6/8/2021 4:20,0,-1
6/8/2021 4:25,0,-1
6/8/2021 4:30,0,-1
6/8/2021 4:35,0,-1
6/8/2021 4:40,0,-1
6/8/2021 4:45,0,-1
6/8/2021 4:50,0,-1
6/8/2021 4:55,0,-1
6/8/2021 5:00,0,-1
6/8/2021 5:05,0,-1
6/8/2021 5:10,0,-1
6/8/2021 5:15,0,-1
6/8/2021 5:20,0,-1
6/8/2021 5:25,0,-1
6/8/2021 5:30,0,-1
6/8/2021 5:35,0,-1
6/8/2021 5:40,0,-1
6/8/2021 5:45,0,-1
6/8/2021 5:50,0,-1
6/8/2021 5:55,0,-1
6/8/2021 6:00,0,-1
6/8/2021 6:05,0,-1
6/8/2021 6:10,0,-1
6/8/2021 6:15,0,-1
6/8/2021 6:20,0,-1
6/8/2021 6:25,0,-1
6/8/2021 6:30,0,-1
6/8/2021 6:35,0,-1
6/8/2021 6:40,0,-1
6/8/2021 6:45,0,-1
6/8/2021 6:50,0,-1
6/8/2021 6:55,0,-1
6/8/2021 7:00,0,-1
6/8/2021 7:05,0,-1
6/8/2021 7:10,0,-1
6/8/2021 7:15,0,-1
6/8/2021 7:20,0,-1
6/8/2021 7:25,0,-1
6/8/2021 7:30,0,-1
6/8/2021 7:35,0,-1
6/8/2021 7:40,0,-1
6/8/2021 7:45,0,-1
6/8/2021 7:50,0,-1
6/8/2021 7:55,0,-1
6/8/2021 8:00,0,-1
6/8/2021 8:05,0,-1
6/8/2021 8:10,0,-1
6/8/2021 8:15,0,-1
6/8/2021 8:20,0,-1
6/8/2021 8:25,0,-1
6/8/2021 8:30,0,-1
6/8/2021 8:35,0,-1
6/8/2021 8:40,0,-1
6/8/2021 8:45,0,-1
6/8/2021 8:50,0,-1
6/8/2021 8:55,0,-1
6/8/2021 9:00,0,-1
6/8/2021 9:05,0,-1
6/8/2021 9:10,0,-1
6/8/2021 9:15,0,-1
6/8/2021 9:20,0,-1
6/8/2021 9:25,0,-1
6/8/2021 9:30,0,-1
6/8/2021 9:35,0,-1
6/8/2021 9:40,0,-1
6/8/2021 9:45,0,-1
6/8/2021 9:50,0,-1
6/8/2021 9:55,0,-1
6/8/2021 10:00,0,-1
6/8/2021 10:05,0,-1
6/8/2021 10:10,0,-1
6/8/2021 10:15,0,-1
6/8/2021 10:20,0,-1
6/8/2021 10:25,0,-1
6/8/2021 10:30,0,-1
6/8/2021 10:35,0,-1
6/8/2021 10:40,0,-1
6/8/2021 10:45,0,-1
6/8/2021 10:50,0,-1
6/8/2021 10:55,0,-1
6/8/2021 11:00,0,-1
6/8/2021 11:05,0,-1
6/8/2021 11:10,0,-1
6/8/2021 11:15,0,-1
6/8/2021 11:20,0,-1
6/8/2021 11:25,0,-1
6/8/2021 11:30,0,-1
6/8/2021 11:35,0,-1
6/8/2021 11:40,0,-1
6/8/2021 11:45,0,-1
6/8/2021 11:50,0,-1
6/8/2021 11:55,0,-1
6/8/2021 12:00,0,-1
6/8/2021 12:05,0,-1
6/8/2021 12:10,0,-1
6/8/2021 12:15,0,-1
6/8/2021 12:20,0,-1
6/8/2021 12:25,0,-1
6/8/2021 12:30,0,-1
6/8/2021 12:35,0,-1
6/8/2021 12:40,0,-1
6/8/2021 12:45,0,-1
6/8/2021 12:50,0,-1
6/8/2021 12:55,0,-1
6/8/2021 13:00,0,-1
6/8/2021 13:05,0,-1
6/8/2021 13:10,0,-1
6/8/2021 13:15,0,-1
6/8/2021 13:20,0,-1
6/8/2021 13:25,0,-1
6/8/2021 13:30,0,-1
6/8/2021 13:35,0,-1
6/8/2021 13:40,0,-1
6/8/2021 13:45,0,-1
6/8/2021 13:50,0,-1
6/8/2021 13:55,0,-1
6/8/2021 14:00,0,-1
6/8/2021 14:05,0,-1
6/8/2021 14:10,0,-1
6/8/2021 14:15,0,-1
6/8/2021 14:20,0,-1
6/8/2021 14:25,0,-1
6/8/2021 14:30,0,-1
6/8/2021 14:35,0,-1
6/8/2021 14:40,0,-1
6/8/2021 14:45,0,-1
6/8/2021 14:50,0,-1
6/8/2021 14:55,0,-1
6/8/2021 15:00,0,-1
6/8/2021 15:05,0,-1
6/8/2021 15:10,0,-1
6/8/2021 15:15,0,-1
6/8/2021 15:20,0,-1
6/8/2021 15:25,0,-1
6/8/2021 15:30,0,-1
6/8/2021 15:35,0,-1
6/8/2021 15:40,0,-1
6/8/2021 15:45,0,-1
6/8/2021 15:50,0,-1
6/8/2021 15:55,0,-1
6/8/2021 16:00,0,-1
6/8/2021 16:05,0,-1
6/8/2021 16:10,0,-1
6/8/2021 16:15,0,-1
6/8/2021 16:20,0,-1
6/8/2021 16:25,0,-1
6/8/2021 16:30,0,-1
6/8/2021 16:35,0,-1
6/8/2021 16:40,0,-1
6/8/2021 16:45,0,-1
6/8/2021 16:50,0,-1
6/8/2021 16:55,0,-1
6/8/2021 17:00,0,-1
6/8/2021 17:05,0,-1
6/8/2021 17:10,0,-1
6/8/2021 17:15,0,-1
6/8/2021 17:20,0,-1
6/8/2021 17:25,0,-1
6/8/2021 17:30,0,-1
6/8/2021 17:35,0,-1
6/8/2021 17:40,0,-1
6/8/2021 17:45,0,-1
6/8/2021 17:50,0,-1
6/8/2021 17:55,0,-1
6/8/2021 18:00,0,-1
6/8/2021 18:05,0,-1
6/8/2021 18:10,0,-1
6/8/2021 18:15,0,-1
6/8/2021 18:20,0,-1
6/8/2021 18:25,0,-1
6/8/2021 18:30,0,-1
6/8/2021 18:35,0,-1
6/8/2021 18:40,0,-1
6/8/2021 18:45,0,-1
6/8/2021 18:50,0,-1
6/8/2021 18:55,0,-1
6/8/2021 19:00,0,-1
6/8/2021 19:05,0.6875077,0.2576313
6/8/2021 19:10,0.9097846,0.07326008
6/8/2021 19:15,0.9053538,0.07936508
6/8/2021 19:20,0.8994461,0.05372405
6/8/2021 19:25,0.9024,0.04029304
6/8/2021 19:30,0.8972307,0.03540904
6/8/2021 19:35,0.9009231,0.03296703
6/8/2021 19:40,0.8994461,0.03052503
6/8/2021 19:45,0.8994461,0.03052503
6/8/2021 19:50,0.8950154,0.02808303
6/8/2021 19:55,0.8950154,0.02808303
6/8/2021 20:00,0.8987077,0.02808303
6/8/2021 20:05,0.8920615,0.02808303
6/8/2021 20:10,0.9024,0.02686203
6/8/2021 20:15,0.8935384,0.02686203
6/8/2021 20:20,0.8994461,0.02564103
6/8/2021 20:25,0.9075692,0.02564103
6/8/2021 20:30,0.8972307,0.02564103
6/8/2021 20:35,0.8942769,0.02564103
6/8/2021 20:40,0.8957538,0.02564103
6/8/2021 20:45,0.8928,0.02564103
6/8/2021 20:50,0.8987077,0.02564103
6/8/2021 20:55,0.8928,0.02564103
6/8/2021 21:00,0.8957538,0.02564103
6/8/2021 21:05,0.8972307,0.02564103
6/8/2021 21:10,0.8935384,0.02564103
6/8/2021 21:15,0.8987077,0.02564103
6/8/2021 21:20,0.8994461,0.02564103
6/8/2021 21:25,0.8913231,0.02564103
6/8/2021 21:30,0.9038769,0.02564103
6/8/2021 21:35,0.8964923,0.02564103
6/8/2021 21:40,0.8994461,0.02442002
6/8/2021 21:45,0.9046153,0.02442002
6/8/2021 21:50,0.9031384,0.02442002
6/8/2021 21:55,0.8972307,0.02442002
6/8/2021 22:00,0.8964923,0.02442002
6/8/2021 22:05,0.8905846,0.02442002
6/8/2021 22:10,0.9009231,0.02442002
6/8/2021 22:15,0.9024,0.02442002
6/8/2021 22:20,0.9016615,0.02442002
6/8/2021 22:25,0.8987077,0.02442002
6/8/2021 22:30,0.9068307,0.02442002
6/8/2021 22:35,0.8987077,0.02442002
6/8/2021 22:40,0.8979692,0.02442002
6/8/2021 22:45,0.8957538,0.02442002
6/8/2021 22:50,0.8972307,0.02442002
6/8/2021 22:55,0.9009231,0.02442002
6/8/2021 23:00,0.8942769,0.02442002
6/8/2021 23:05,0.8972307,0.02442002
6/8/2021 23:10,0.8979692,0.02442002
6/8/2021 23:15,0.8964923,0.02442002
6/8/2021 23:20,0.8905846,0.02442002
6/8/2021 23:25,0.8987077,0.02442002
6/8/2021 23:30,0.8994461,0.02442002
6/8/2021 23:35,0.8876308,0.02442002
6/8/2021 23:40,0.8883692,0.02442002
6/8/2021 23:45,0.8891077,0.02442002
6/8/2021 23:50,0.8920615,0.02442002
6/8/2021 23:55,0.8913231,0.02442002
6/9/2021 0:00,0.8994461,0.02442002
6/9/2021 0:05,0.8972307,0.02442002
6/9/2021 0:10,0.8942769,0.02442002
6/9/2021 0:15,0.9053538,0.02442002
6/9/2021 0:20,0.8987077,0.02442002
6/9/2021 0:25,0.8964923,0.02442002
6/9/2021 0:30,0.8957538,0.02442002
6/9/2021 0:35,0.8957538,0.02442002
6/9/2021 0:40,0.8972307,0.02442002
6/9/2021 0:45,0.8957538,0.02442002
6/9/2021 0:50,0.8987077,0.02442002
6/9/2021 0:55,0.8920615,0.02442002
6/9/2021 1:00,0.8942769,0.02442002
6/9/2021 1:05,0.9038769,0.02442002
6/9/2021 1:10,0.9001846,0.02442002
6/9/2021 1:15,0.9024,0.02442002
6/9/2021 1:20,0.9105231,0.02442002
6/9/2021 1:25,0.8957538,0.02442002
6/9/2021 1:30,0.9083077,0.02442002
6/9/2021 1:35,0.8972307,0.02442002
6/9/2021 1:40,0.8950154,0.02442002
6/9/2021 1:45,0.8957538,0.02442002
6/9/2021 1:50,0.8987077,0.02442002
6/9/2021 1:55,0.9053538,0.02442002
6/9/2021 2:00,0.8957538,0.02442002
6/9/2021 2:05,0.9038769,0.02442002
6/9/2021 2:10,0.8972307,0.02442002
6/9/2021 2:15,0.9016615,0.02442002
6/9/2021 2:20,0.9024,0.02442002
6/9/2021 2:25,0.9053538,0.02442002
6/9/2021 2:30,0.8994461,0.02442002
6/9/2021 2:35,0.8979692,0.02442002
6/9/2021 2:40,0.8979692,0.02442002
6/9/2021 2:45,0.9001846,0.02442002
6/9/2021 2:50,0.8964923,0.02442002
6/9/2021 2:55,0.8942769,0.02442002
6/9/2021 3:00,0.8957538,0.02442002
6/9/2021 3:05,0.8964923,0.02442002
6/9/2021 3:10,0.8935384,0.02442002
6/9/2021 3:15,0.9009231,0.02442002
6/9/2021 3:20,0.8957538,0.02442002
6/9/2021 3:25,0.9046153,0.02442002
6/9/2021 3:30,0.8994461,0.02442002
6/9/2021 3:35,0.8898461,0.02442002
6/9/2021 3:40,0.9009231,0.02442002
6/9/2021 3:45,0.8957538,0.02442002
6/9/2021 3:50,0.9038769,0.02442002
6/9/2021 3:55,0.9016615,0.02442002
6/9/2021 4:00,0.8994461,0.02442002
6/9/2021 4:05,0.9053538,0.02442002
6/9/2021 4:10,0.9009231,0.02442002
6/9/2021 4:15,0.8987077,0.02442002
6/9/2021 4:20,0.8994461,0.02442002
6/9/2021 4:25,0.8898461,0.02442002
6/9/2021 4:30,0.9024,0.02442002
6/9/2021 4:35,0.9053538,0.02442002
6/9/2021 4:40,0.9009231,0.02442002
6/9/2021 4:45,0.8987077,0.02564103
6/9/2021 4:50,0.8957538,0.02564103
6/9/2021 4:55,0.8957538,0.02564103
6/9/2021 5:00,0.8957538,0.02564103
6/9/2021 5:05,0.8898461,0.02564103
6/9/2021 5:10,0.8913231,0.02564103
6/9/2021 5:15,0.8957538,0.02564103
6/9/2021 5:20,0.8994461,0.02564103
6/9/2021 5:25,0.8972307,0.02564103
6/9/2021 5:30,0.8972307,0.02564103
6/9/2021 5:35,0.8987077,0.02564103
6/9/2021 5:40,0.9053538,0.02564103
6/9/2021 5:45,0.8950154,0.02564103
6/9/2021 5:50,0.8957538,0.02564103
6/9/2021 5:55,0.8994461,0.02564103
6/9/2021 6:00,0.8957538,0.02564103
6/9/2021 6:05,0.8979692,0.02564103
6/9/2021 6:10,0.8987077,0.02564103
6/9/2021 6:15,0.9009231,0.02564103
6/9/2021 6:20,0.8994461,0.02564103
6/9/2021 6:25,0.8979692,0.02564103
6/9/2021 6:30,0.8898461,0.02564103
6/9/2021 6:35,0.8957538,0.02564103
6/9/2021 6:40,0.8942769,0.02564103
6/9/2021 6:45,0.8972307,0.02564103
6/9/2021 6:50,0.9024,0.02564103
6/9/2021 6:55,0.9083077,0.02564103
6/9/2021 7:00,0.8972307,0.02564103
6/9/2021 7:05,0.9038769,0.02564103
6/9/2021 7:10,0.9046153,0.02564103
6/9/2021 7:15,0.8957538,0.02564103
6/9/2021 7:20,0.8964923,0.02564103
6/9/2021 7:25,0.9001846,0.02564103
6/9/2021 7:30,0.8994461,0.02564103
6/9/2021 7:35,0.8964923,0.02564103
6/9/2021 7:40,0.9009231,0.02564103
6/9/2021 7:45,0.9001846,0.02564103
6/9/2021 7:50,0.9009231,0.02564103
6/9/2021 7:55,0.8987077,0.02564103
6/9/2021 8:00,0.9001846,0.02564103
6/9/2021 8:05,0.9016615,0.02564103
6/9/2021 8:10,0.8972307,0.02564103
6/9/2021 8:15,0.8942769,0.02564103
6/9/2021 8:20,0.9009231,0.02564103
6/9/2021 8:25,0.8942769,0.02564103
6/9/2021 8:30,0.8972307,0.02564103
6/9/2021 8:35,0.8994461,0.02564103
6/9/2021 8:40,0.8972307,0.02564103
6/9/2021 8:45,0.9083077,0.02564103
6/9/2021 8:50,0.9038769,0.02564103
6/9/2021 8:55,0.8987077,0.02564103
6/9/2021 9:00,0.9016615,0.02564103
6/9/2021 9:05,0.9009231,0.02564103
6/9/2021 9:10,0.9053538,0.02564103
6/9/2021 9:15,0.9090461,0.02564103
6/9/2021 9:20,0.9060923,0.02564103
6/9/2021 9:25,0.9038769,0.02564103
6/9/2021 9:30,0.9053538,0.02564103
6/9/2021 9:35,0.9134769,0.02564103
6/9/2021 9:40,0.9127384,0.02564103
6/9/2021 9:45,0.9068307,0.02564103
6/9/2021 9:50,0.9083077,0.02564103
6/9/2021 9:55,0.9038769,0.02564103
6/9/2021 10:00,0.9053538,0.02564103
6/9/2021 10:05,0.9068307,0.02564103
6/9/2021 10:10,0.9068307,0.02564103
6/9/2021 10:15,0.9031384,0.02564103
6/9/2021 10:20,0.9001846,0.02564103
6/9/2021 10:25,0.9127384,0.02564103
6/9/2021 10:30,0.8987077,0.02564103
6/9/2021 10:35,0.9009231,0.02564103
6/9/2021 10:40,0.9001846,0.02564103
6/9/2021 10:45,0.9038769,0.02564103
6/9/2021 10:50,0.9024,0.02564103
6/9/2021 10:55,0.9031384,0.02564103
6/9/2021 11:00,0.9046153,0.02564103
6/9/2021 11:05,0.9068307,0.02564103
6/9/2021 11:10,0.8994461,0.02564103
6/9/2021 11:15,0.9083077,0.02564103
6/9/2021 11:20,0.9001846,0.02564103
6/9/2021 11:25,0.9001846,0.02564103
6/9/2021 11:30,0.9009231,0.02564103
6/9/2021 11:35,0.8979692,0.02564103
6/9/2021 11:40,0.8994461,0.02564103
6/9/2021 11:45,0.9009231,0.02564103
6/9/2021 11:50,0.8994461,0.02564103
6/9/2021 11:55,0.8972307,0.02564103
6/9/2021 12:00,0.9031384,0.02564103
6/9/2021 12:05,0.8994461,0.02564103
6/9/2021 12:10,0.9038769,0.02564103
6/9/2021 12:15,0.9009231,0.02564103
6/9/2021 12:20,0.9060923,0.02686203
6/9/2021 12:25,0.8942769,0.02686203
6/9/2021 12:30,0.9024,0.02686203
6/9/2021 12:35,0.9053538,0.02686203
6/9/2021 12:40,0.9001846,0.02686203
6/9/2021 12:45,0.9105231,0.02686203
6/9/2021 12:50,0.9083077,0.02686203
6/9/2021 12:55,0.9090461,0.02686203
6/9/2021 13:00,0.9016615,0.02686203
6/9/2021 13:05,0.9009231,0.02686203
6/9/2021 13:10,0.8994461,0.02686203
6/9/2021 13:15,0.9038769,0.02686203
6/9/2021 13:20,0.9090461,0.02686203
6/9/2021 13:25,0.9083077,0.02686203
6/9/2021 13:30,0.9075692,0.02686203
6/9/2021 13:35,0.9053538,0.02686203
6/9/2021 13:40,0.8957538,0.02686203
6/9/2021 13:45,0.9038769,0.02686203
6/9/2021 13:50,0.9149538,0.02686203
6/9/2021 13:55,0.9053538,0.02686203
6/9/2021 14:00,0.9046153,0.02686203
6/9/2021 14:05,0.9053538,0.02686203
6/9/2021 14:10,0.9053538,0.02686203
6/9/2021 14:15,0.8994461,0.02686203
6/9/2021 14:20,0.9001846,0.02686203
6/9/2021 14:25,0.9024,0.02686203
6/9/2021 14:30,0.9083077,0.02686203
6/9/2021 14:35,0.9053538,0.02686203
6/9/2021 14:40,0.9031384,0.02686203
6/9/2021 14:45,0.9053538,0.02686203
6/9/2021 14:50,0.9060923,0.02686203
6/9/2021 14:55,0.8994461,0.02686203
6/9/2021 15:00,0.9016615,0.02686203
6/9/2021 15:05,0.8994461,0.02686203
6/9/2021 15:10,0.9105231,0.02686203
6/9/2021 15:15,0.9024,0.02686203
6/9/2021 15:20,0.8950154,0.02686203
6/9/2021 15:25,0.9009231,0.02686203
6/9/2021 15:30,0.8957538,0.02686203
6/9/2021 15:35,0.9024,0.02686203
6/9/2021 15:40,0.9024,0.02686203
6/9/2021 15:45,0.8950154,0.02686203
6/9/2021 15:50,0.8942769,0.02686203
6/9/2021 15:55,0.8972307,0.02686203
6/9/2021 16:00,0.8979692,0.02686203
6/9/2021 16:05,0.8987077,0.02686203
6/9/2021 16:10,0.8935384,0.02686203
6/9/2021 16:15,0.8972307,0.02686203
6/9/2021 16:20,0.8964923,0.02686203
6/9/2021 16:25,0.9024,0.02686203
6/9/2021 16:30,0.9001846,0.02686203
6/9/2021 16:35,0.8972307,0.02686203
6/9/2021 16:40,0.8942769,0.02686203
6/9/2021 16:45,0.8942769,0.02686203
6/9/2021 16:50,0.9038769,0.02686203
6/9/2021 16:55,0.9038769,0.02686203
6/9/2021 17:00,0.8883692,0.02686203
6/9/2021 17:05,0.8987077,0.02686203
6/9/2021 17:10,0.8979692,0.02686203
6/9/2021 17:15,0.8905846,0.02686203
6/9/2021 17:20,0.8942769,0.02564103
6/9/2021 17:25,0.8964923,0.02686203
6/9/2021 17:30,0.8898461,0.02686203
6/9/2021 17:35,0.8928,0.02686203
6/9/2021 17:40,0.9016615,0.02686203
6/9/2021 17:45,0.8891077,0.02564103
6/9/2021 17:50,0.9009231,0.02686203
6/9/2021 17:55,0.8861538,0.02686203
6/9/2021 18:00,0.8987077,0.02686203
6/9/2021 18:05,0.9009231,0.02686203
6/9/2021 18:10,0.9009231,0.02686203
6/9/2021 18:15,0.8972307,0.02686203
6/9/2021 18:20,0.8979692,0.02686203
6/9/2021 18:25,0.8920615,0.02686203
6/9/2021 18:30,0.8950154,0.02686203
6/9/2021 18:35,0.8972307,0.02686203
6/9/2021 18:40,0.8913231,0.02686203
6/9/2021 18:45,0.8942769,0.02686203
6/9/2021 18:50,0.8861538,0.02686203
6/9/2021 18:55,0.8876308,0.02686203
6/9/2021 19:00,0.8898461,0.02686203
6/9/2021 19:05,0.9009231,0.02686203
6/9/2021 19:10,0.8920615,0.02686203
6/9/2021 19:15,0.8839385,0.02686203
6/9/2021 19:20,0.8839385,0.02686203
6/9/2021 19:25,0.8832,0.02686203
6/9/2021 19:30,0.8891077,0.02686203
6/9/2021 19:35,0.8898461,0.02686203
6/9/2021 19:40,0.8913231,0.02686203
6/9/2021 19:45,0.8868923,0.02686203
6/9/2021 19:50,0.8832,0.02686203
6/9/2021 19:55,0.9260308,0.02686203
6/9/2021 20:00,0.9142154,0.02686203
6/9/2021 20:05,0.9083077,0.02686203
6/9/2021 20:10,0.9097846,0.02686203
6/9/2021 20:15,0.9083077,0.02686203
6/9/2021 20:20,0.9127384,0.02686203
6/9/2021 20:25,0.9024,0.02686203
6/9/2021 20:30,0.9134769,0.02686203
6/9/2021 20:35,0.9068307,0.02686203
6/9/2021 20:40,0.9097846,0.02686203
6/9/2021 20:45,0.9090461,0.02686203
6/9/2021 20:50,0.9053538,0.02686203
6/9/2021 20:55,0.9134769,0.02686203
6/9/2021 21:00,0.9053538,0.02686203
6/9/2021 21:05,0.9038769,0.02686203
6/9/2021 21:10,0.9009231,0.02686203
6/9/2021 21:15,0.9038769,0.02686203
6/9/2021 21:20,0.9075692,0.02686203
6/9/2021 21:25,0.9053538,0.02686203
6/9/2021 21:30,0.8987077,0.02686203
6/9/2021 21:35,0.9031384,0.02686203
6/9/2021 21:40,0.9090461,0.02686203
6/9/2021 21:45,0.9068307,0.02686203
6/9/2021 21:50,0.9068307,0.02686203
6/9/2021 21:55,0.9090461,0.02686203
6/9/2021 22:00,0.9112616,0.02686203
6/9/2021 22:05,0.9105231,0.02686203
6/9/2021 22:10,0.9068307,0.02686203
6/9/2021 22:15,0.9009231,0.02686203
6/9/2021 22:20,0.9024,0.02686203
6/9/2021 22:25,0.9009231,0.02686203
6/9/2021 22:30,0.9075692,0.02686203
6/9/2021 22:35,0.8979692,0.02686203
6/9/2021 22:40,0.9024,0.02686203
6/9/2021 22:45,0.9083077,0.02686203
6/9/2021 22:50,0.9068307,0.02686203
6/9/2021 22:55,0.9075692,0.02686203
6/9/2021 23:00,0.9046153,0.02686203
6/9/2021 23:05,0.9038769,0.02686203
6/9/2021 23:10,0.9024,0.02686203
6/9/2021 23:15,0.912,0.02686203
6/9/2021 23:20,0.9068307,0.02686203
6/9/2021 23:25,0.9009231,0.02686203
6/9/2021 23:30,0.8972307,0.02686203
6/9/2021 23:35,0.8972307,0.02686203
6/9/2021 23:40,0.8942769,0.02686203
6/9/2021 23:45,0.9009231,0.02686203
6/9/2021 23:50,0.8987077,0.02686203
6/9/2021 23:55,0.9038769,0.02686203
6/10/2021 0:00,0.9105231,0.02686203
6/10/2021 0:05,0.8964923,0.02686203
6/10/2021 0:10,0.9046153,0.02686203
6/10/2021 0:15,0.9016615,0.02686203
6/10/2021 0:20,0.9038769,0.02686203
6/10/2021 0:25,0.8994461,0.02686203
6/10/2021 0:30,0.8972307,0.02686203
6/10/2021 0:35,0.9009231,0.02686203
6/10/2021 0:40,0.8987077,0.02686203
6/10/2021 0:45,0.9038769,0.02686203
6/10/2021 0:50,0.8987077,0.02686203
6/10/2021 0:55,0.8964923,0.02686203
6/10/2021 1:00,0.8935384,0.02686203
6/10/2021 1:05,0.9038769,0.02686203
6/10/2021 1:10,0.8950154,0.02686203
6/10/2021 1:15,0.9053538,0.02686203
6/10/2021 1:20,0.8972307,0.02686203
6/10/2021 1:25,0.8957538,0.02686203
6/10/2021 1:30,0.8994461,0.02686203
6/10/2021 1:35,0.8942769,0.02686203
6/10/2021 1:40,0.9009231,0.02686203
6/10/2021 1:45,0.9024,0.02686203
6/10/2021 1:50,0.8972307,0.02686203
6/10/2021 1:55,0.8928,0.02686203
6/10/2021 2:00,0.9053538,0.02686203
6/10/2021 2:05,0.9001846,0.02686203
6/10/2021 2:10,0.8950154,0.02686203
6/10/2021 2:15,0.8987077,0.02686203
6/10/2021 2:20,0.9024,0.02686203
6/10/2021 2:25,0.9031384,0.02686203
6/10/2021 2:30,0.9053538,0.02686203
6/10/2021 2:35,0.9083077,0.02686203
6/10/2021 2:40,0.9053538,0.02686203
6/10/2021 2:45,0.8942769,0.02686203
6/10/2021 2:50,0.9031384,0.02686203
6/10/2021 2:55,0.8957538,0.02686203
6/10/2021 3:00,0.9024,0.02686203
6/10/2021 3:05,0.9075692,0.02686203
6/10/2021 3:10,0.9090461,0.02686203
6/10/2021 3:15,0.9001846,0.02686203
6/10/2021 3:20,0.9001846,0.02686203
6/10/2021 3:25,0.9053538,0.02686203
6/10/2021 3:30,0.9090461,0.02686203
6/10/2021 3:35,0.9090461,0.02686203
6/10/2021 3:40,0.8972307,0.02686203
6/10/2021 3:45,0.9024,0.02686203
6/10/2021 3:50,0.9068307,0.02686203
6/10/2021 3:55,0.9090461,0.02686203
6/10/2021 4:00,0.9024,0.02686203
6/10/2021 4:05,0.9024,0.02686203
6/10/2021 4:10,0.9083077,0.02686203
6/10/2021 4:15,0.8987077,0.02686203
6/10/2021 4:20,0.9068307,0.02686203
6/10/2021 4:25,0.9038769,0.02686203
6/10/2021 4:30,0.9024,0.02686203
6/10/2021 4:35,0.9016615,0.02686203
6/10/2021 4:40,0.9053538,0.02686203
6/10/2021 4:45,0.8994461,0.02686203
6/10/2021 4:50,0.8987077,0.02686203
6/10/2021 4:55,0.8994461,0.02686203
6/10/2021 5:00,0.9001846,0.02686203
6/10/2021 5:05,0.9024,0.02686203
6/10/2021 5:10,0.9068307,0.02686203
6/10/2021 5:15,0.9009231,0.02686203
6/10/2021 5:20,0.9038769,0.02686203
6/10/2021 5:25,0.9016615,0.02686203
6/10/2021 5:30,0.9024,0.02686203
6/10/2021 5:35,0.9031384,0.02686203
6/10/2021 5:40,0.8972307,0.02686203
6/10/2021 5:45,0.9068307,0.02808303
6/10/2021 5:50,0.9053538,0.02686203
6/10/2021 5:55,0.9075692,0.02686203
6/10/2021 6:00,0.9134769,0.02808303
6/10/2021 6:05,0.9075692,0.02808303
6/10/2021 6:10,0.9024,0.02808303
6/10/2021 6:15,0.8957538,0.02808303
6/10/2021 6:20,0.9060923,0.02808303
6/10/2021 6:25,0.9090461,0.02808303
6/10/2021 6:30,0.9024,0.02808303
6/10/2021 6:35,0.9009231,0.02808303
6/10/2021 6:40,0.8928,0.02808303
6/10/2021 6:45,0.9031384,0.02808303
6/10/2021 6:50,0.9068307,0.02808303
6/10/2021 6:55,0.9075692,0.02808303
6/10/2021 7:00,0.9075692,0.02808303
6/10/2021 7:05,0.9053538,0.02808303
6/10/2021 7:10,0.8964923,0.02808303
6/10/2021 7:15,0.9090461,0.02808303
6/10/2021 7:20,0.9038769,0.02808303
6/10/2021 7:25,0.9024,0.02808303
6/10/2021 7:30,0.912,0.02808303
6/10/2021 7:35,0.9068307,0.02808303
6/10/2021 7:40,0.9009231,0.02808303
6/10/2021 7:45,0.9024,0.02808303
6/10/2021 7:50,0.8972307,0.02808303
6/10/2021 7:55,0.8994461,0.02808303
6/10/2021 8:00,0.9009231,0.02808303
6/10/2021 8:05,0.9001846,0.02808303
6/10/2021 8:10,0.9001846,0.02930403
6/10/2021 8:15,0.8994461,0.02930403
6/10/2021 8:20,0.9016615,0.02930403
6/10/2021 8:25,0.9068307,0.02930403
6/10/2021 8:30,0.9053538,0.02930403
6/10/2021 8:35,0.9038769,0.02930403
6/10/2021 8:40,0.9046153,0.02930403
6/10/2021 8:45,0.9001846,0.02930403
6/10/2021 8:50,0.9038769,0.02930403
6/10/2021 8:55,0.9031384,0.02930403
6/10/2021 9:00,0.9053538,0.02930403
6/10/2021 9:05,0.9024,0.02930403
6/10/2021 9:10,0.9001846,0.02930403
6/10/2021 9:15,0.9053538,0.02930403
6/10/2021 9:20,0.9083077,0.02930403
6/10/2021 9:25,0.9075692,0.02930403
6/10/2021 9:30,0.9046153,0.02930403
6/10/2021 9:35,0.9060923,0.02930403
6/10/2021 9:40,0.9105231,0.02930403
6/10/2021 9:45,0.9090461,0.02930403
6/10/2021 9:50,0.9068307,0.02930403
6/10/2021 9:55,0.9083077,0.02930403
6/10/2021 10:00,0.9068307,0.02930403
6/10/2021 10:05,0.9053538,0.02930403
6/10/2021 10:10,0.9193846,0.02930403
6/10/2021 10:15,0.9134769,0.02930403
6/10/2021 10:20,0.9097846,0.02930403
6/10/2021 10:25,0.9083077,0.02930403
6/10/2021 10:30,0.9075692,0.02930403
6/10/2021 10:35,0.8994461,0.03296703
6/10/2021 10:40,0.9083077,0.02930403
6/10/2021 10:45,0.9038769,0.02930403
6/10/2021 10:50,0.9112616,0.02930403
6/10/2021 10:55,0.9060923,0.02930403
6/10/2021 11:00,0.9038769,0.02930403
6/10/2021 11:05,0.9060923,0.02930403
6/10/2021 11:10,0.9075692,0.02930403
6/10/2021 11:15,0.9127384,0.02930403
6/10/2021 11:20,0.9142154,0.02930403
6/10/2021 11:25,0.9060923,0.02930403
6/10/2021 11:30,0.9112616,0.02930403
6/10/2021 11:35,0.9127384,0.02930403
6/10/2021 11:40,0.9083077,0.02930403
6/10/2021 11:45,0.9156923,0.02930403
6/10/2021 11:50,0.9134769,0.02930403
6/10/2021 11:55,0.9090461,0.03052503
6/10/2021 12:00,0.9127384,0.02930403
6/10/2021 12:05,0.9068307,0.02930403
6/10/2021 12:10,0.9164308,0.02930403
6/10/2021 12:15,0.9149538,0.02930403
6/10/2021 12:20,0.9179077,0.02930403
6/10/2021 12:25,0.9090461,0.02930403
6/10/2021 12:30,0.920123,0.02930403
6/10/2021 12:35,0.9024,0.02930403
6/10/2021 12:40,0.9127384,0.03052503
6/10/2021 12:45,0.9038769,0.03052503
6/10/2021 12:50,0.912,0.03052503
6/10/2021 12:55,0.9068307,0.03052503
6/10/2021 13:00,0.9142154,0.03052503
6/10/2021 13:05,0.9179077,0.03052503
6/10/2021 13:10,0.9179077,0.03052503
6/10/2021 13:15,0.9179077,0.03052503
6/10/2021 13:20,0.9142154,0.03052503
6/10/2021 13:25,0.9149538,0.03052503
6/10/2021 13:30,0.920123,0.03052503
6/10/2021 13:35,0.8462769,0.03052503
6/10/2021 13:40,0.8920615,0.03052503
6/10/2021 13:45,0.8891077,0.03052503
6/10/2021 13:50,0.8913231,0.03052503
6/10/2021 13:55,0.8987077,0.03052503
6/10/2021 14:00,0.8950154,0.03052503
6/10/2021 14:05,0.8920615,0.03052503
6/10/2021 14:10,0.8942769,0.03052503
6/10/2021 14:15,0.8972307,0.03296703
6/10/2021 14:20,0.8942769,0.03052503
6/10/2021 14:25,0.8987077,0.03052503
6/10/2021 14:30,0.8942769,0.03052503
6/10/2021 14:35,0.8935384,0.03052503
6/10/2021 14:40,0.8950154,0.03052503
6/10/2021 14:45,0.8913231,0.03052503
6/10/2021 14:50,0.8898461,0.03052503
6/10/2021 14:55,0.8957538,0.03052503
6/10/2021 15:00,0.8979692,0.03052503
6/10/2021 15:05,0.8876308,0.03052503
6/10/2021 15:10,0.8928,0.03052503
6/10/2021 15:15,0.8987077,0.03052503
6/10/2021 15:20,0.8987077,0.03174603
6/10/2021 15:25,0.8942769,0.03174603
6/10/2021 15:30,0.8994461,0.03174603
6/10/2021 15:35,0.8920615,0.03174603
6/10/2021 15:40,0.9024,0.03174603
6/10/2021 15:45,0.9009231,0.03174603
6/10/2021 15:50,0.8913231,0.03174603
6/10/2021 15:55,0.8987077,0.03174603
6/10/2021 16:00,0.8957538,0.03174603
6/10/2021 16:05,0.9038769,0.03174603
6/10/2021 16:10,0.9009231,0.03174603
6/10/2021 16:15,0.8987077,0.03174603
6/10/2021 16:20,0.8957538,0.03174603
6/10/2021 16:25,0.8972307,0.03174603
6/10/2021 16:30,0.9068307,0.03174603
6/10/2021 16:35,0.8964923,0.03174603
6/10/2021 16:40,0.9105231,0.03174603
6/10/2021 16:45,1.012431,0.03174603
6/10/2021 16:50,1.016123,0.03174603
6/10/2021 16:55,1.009477,0.03052503
6/10/2021 17:00,1.016862,0.03052503
6/10/2021 17:05,1.1136,0.03052503
6/10/2021 17:10,1.120985,0.03052503
6/10/2021 17:15,1.114338,0.03052503
6/10/2021 17:20,1.110646,0.03052503
6/10/2021 17:25,1.109908,0.03052503
6/10/2021 17:30,1.106954,0.03052503
6/10/2021 17:35,1.107692,0.03052503
6/10/2021 17:40,1.108431,0.03052503
6/10/2021 17:45,1.108431,0.03052503
6/10/2021 17:50,1.105477,0.03052503
6/10/2021 17:55,1.104738,0.03052503
6/10/2021 18:00,1.106954,0.03052503
6/10/2021 18:05,1.095877,0.03052503
6/10/2021 18:10,1.090708,0.03052503
6/10/2021 18:15,1.105477,0.03052503
6/10/2021 18:20,1.110646,0.03052503
6/10/2021 18:25,1.104,0.03052503
6/10/2021 18:30,1.104,0.03052503
6/10/2021 18:35,1.100308,0.03052503
6/10/2021 18:40,1.101785,0.03052503
6/10/2021 18:45,1.106954,0.03052503
6/10/2021 18:50,1.097354,0.03052503
6/10/2021 18:55,1.093662,0.03052503
6/10/2021 19:00,1.104738,0.03052503
6/10/2021 19:05,1.098831,0.03052503
6/10/2021 19:10,1.104,0.03052503
6/10/2021 19:15,1.0944,0.03052503
6/10/2021 19:20,1.101785,0.03052503
6/10/2021 19:25,1.090708,0.03052503
6/10/2021 19:30,1.093662,0.03052503
6/10/2021 19:35,1.098831,0.03052503
6/10/2021 19:40,1.092185,0.03052503
6/10/2021 19:45,1.091446,0.03052503
6/10/2021 19:50,1.101785,0.03052503
6/10/2021 19:55,1.089231,0.03052503
6/10/2021 20:00,1.092185,0.03052503
6/10/2021 20:05,1.090708,0.03052503
6/10/2021 20:10,1.093662,0.03052503
6/10/2021 20:15,1.093662,0.03052503
6/10/2021 20:20,1.0944,0.03052503
6/10/2021 20:25,1.097354,0.03052503
6/10/2021 20:30,1.093662,0.03052503
6/10/2021 20:35,1.092185,0.03052503
6/10/2021 20:40,1.089231,0.03052503
6/10/2021 20:45,1.093662,0.03052503
6/10/2021 20:50,1.0848,0.03052503
6/10/2021 20:55,1.086277,0.03052503
6/10/2021 21:00,1.098831,0.03052503
6/10/2021 21:05,1.109908,0.03052503
6/10/2021 21:10,1.092185,0.03052503
6/10/2021 21:15,1.092185,0.03052503
6/10/2021 21:20,1.105477,0.03052503
6/10/2021 21:25,1.089231,0.03052503
6/10/2021 21:30,1.088492,0.03052503
6/10/2021 21:35,1.091446,0.03052503
6/10/2021 21:40,1.091446,0.03052503
6/10/2021 21:45,1.100308,0.03052503
6/10/2021 21:50,1.0944,0.03052503
6/10/2021 21:55,1.092185,0.03052503
6/10/2021 22:00,1.095138,0.03052503
6/10/2021 22:05,1.104,0.03052503
6/10/2021 22:10,1.088492,0.03052503
6/10/2021 22:15,1.087015,0.03052503
6/10/2021 22:20,1.095877,0.03052503
6/10/2021 22:25,1.083323,0.03052503
6/10/2021 22:30,1.0848,0.03052503
6/10/2021 22:35,1.079631,0.03052503
6/10/2021 22:40,1.087754,0.03052503
6/10/2021 22:45,1.081108,0.03052503
6/10/2021 22:50,1.079631,0.03052503
6/10/2021 22:55,1.0848,0.03052503
6/10/2021 23:00,1.084062,0.03052503
6/10/2021 23:05,1.0848,0.03052503
6/10/2021 23:10,1.087754,0.03052503
6/10/2021 23:15,1.061169,0.03052503
6/10/2021 23:20,1.116554,0.03052503
6/10/2021 23:25,1.106954,0.03052503
6/10/2021 23:30,1.104,0.03052503
6/10/2021 23:35,1.107692,0.03052503
6/10/2021 23:40,1.106215,0.03052503
6/10/2021 23:45,1.098831,0.03052503
6/10/2021 23:50,1.103261,0.03052503
6/10/2021 23:55,1.096615,0.03052503
6/11/2021 0:00,1.098092,0.03052503
6/11/2021 0:05,1.095877,0.03052503
6/11/2021 0:10,1.103261,0.03052503
6/11/2021 0:15,1.097354,0.03052503
6/11/2021 0:20,1.097354,0.03052503
6/11/2021 0:25,1.101785,0.03052503
6/11/2021 0:30,1.108431,0.03052503
6/11/2021 0:35,1.096615,0.03052503
6/11/2021 0:40,1.092185,0.03052503
6/11/2021 0:45,1.101785,0.03052503
6/11/2021 0:50,1.091446,0.03052503
6/11/2021 0:55,1.092923,0.03052503
6/11/2021 1:00,1.099569,0.03052503
6/11/2021 1:05,1.0944,0.03052503
6/11/2021 1:10,1.0944,0.03052503
6/11/2021 1:15,1.095877,0.03052503
6/11/2021 1:20,1.095877,0.03052503
6/11/2021 1:25,1.076677,0.03052503
6/11/2021 1:30,1.095877,0.03052503
6/11/2021 1:35,1.086277,0.03052503
6/11/2021 1:40,1.080369,0.03052503
6/11/2021 1:45,1.082585,0.03052503
6/11/2021 1:50,1.085538,0.03052503
6/11/2021 1:55,1.082585,0.03052503
6/11/2021 2:00,1.049354,0.03052503
6/11/2021 2:05,1.112862,0.03052503
6/11/2021 2:10,1.120985,0.03052503
6/11/2021 2:15,1.100308,0.03052503
6/11/2021 2:20,1.0944,0.03052503
6/11/2021 2:25,1.098092,0.03052503
6/11/2021 2:30,1.088492,0.03052503
6/11/2021 2:35,1.095138,0.03052503
6/11/2021 2:40,1.088492,0.03052503
6/11/2021 2:45,1.0944,0.03052503
6/11/2021 2:50,1.093662,0.03052503
6/11/2021 2:55,1.101785,0.03052503
6/11/2021 3:00,1.090708,0.03052503
6/11/2021 3:05,1.089969,0.03052503
6/11/2021 3:10,1.089231,0.03052503
6/11/2021 3:15,1.090708,0.03052503
6/11/2021 3:20,1.090708,0.03052503
6/11/2021 3:25,1.083323,0.03052503
6/11/2021 3:30,1.092185,0.03052503
6/11/2021 3:35,1.092923,0.03052503
6/11/2021 3:40,1.090708,0.03052503
6/11/2021 3:45,1.100308,0.03052503
6/11/2021 3:50,1.089231,0.03052503
6/11/2021 3:55,1.092185,0.03052503
6/11/2021 4:00,1.087015,0.03052503
6/11/2021 4:05,1.095877,0.03052503
6/11/2021 4:10,1.092923,0.03052503
6/11/2021 4:15,1.098092,0.03052503
6/11/2021 4:20,1.093662,0.03052503
6/11/2021 4:25,1.092185,0.03052503
6/11/2021 4:30,1.093662,0.03052503
6/11/2021 4:35,1.097354,0.03052503
6/11/2021 4:40,1.100308,0.03052503
6/11/2021 4:45,1.097354,0.03052503
6/11/2021 4:50,1.090708,0.03052503
6/11/2021 4:55,1.096615,0.03052503
6/11/2021 5:00,1.098831,0.03052503
6/11/2021 5:05,1.097354,0.03052503
6/11/2021 5:10,1.093662,0.03052503
6/11/2021 5:15,1.090708,0.03052503
6/11/2021 5:20,1.088492,0.03052503
6/11/2021 5:25,1.096615,0.03052503
6/11/2021 5:30,1.097354,0.03052503
6/11/2021 5:35,1.089231,0.03052503
6/11/2021 5:40,1.101785,0.03052503
6/11/2021 5:45,1.095138,0.03052503
6/11/2021 5:50,1.097354,0.03052503
6/11/2021 5:55,1.105477,0.03052503
6/11/2021 6:00,1.093662,0.03052503
6/11/2021 6:05,1.097354,0.03052503
6/11/2021 6:10,1.104,0.03052503
6/11/2021 6:15,1.093662,0.03052503
6/11/2021 6:20,1.091446,0.03052503
6/11/2021 6:25,1.098831,0.03052503
6/11/2021 6:30,1.102523,0.03052503
6/11/2021 6:35,1.097354,0.03052503
6/11/2021 6:40,1.092185,0.03052503
6/11/2021 6:45,1.095138,0.03052503
6/11/2021 6:50,1.109169,0.03052503
6/11/2021 6:55,1.097354,0.03052503
6/11/2021 7:00,1.084062,0.03052503
6/11/2021 7:05,1.098831,0.03052503
6/11/2021 7:10,1.0848,0.03052503
6/11/2021 7:15,1.084062,0.03052503
6/11/2021 7:20,1.093662,0.03052503
6/11/2021 7:25,1.089231,0.03052503
6/11/2021 7:30,1.093662,0.03052503
6/11/2021 7:35,1.092185,0.03052503
6/11/2021 7:40,1.082585,0.03052503
6/11/2021 7:45,1.079631,0.03052503
6/11/2021 7:50,1.072985,0.03052503
6/11/2021 7:55,1.062646,0.03052503
6/11/2021 8:00,1.137231,0.03052503
6/11/2021 8:05,1.134277,0.03052503
6/11/2021 8:10,1.111385,0.03052503
6/11/2021 8:15,1.115077,0.03052503
6/11/2021 8:20,1.112862,0.03052503
6/11/2021 8:25,1.115815,0.03052503
6/11/2021 8:30,1.008,0.03052503
6/11/2021 8:35,1.003569,0.03052503
6/11/2021 8:40,0.9961846,0.03174603
6/11/2021 8:45,0.9954461,0.03174603
6/11/2021 8:50,1.002092,0.03296703
6/11/2021 8:55,1.002092,0.03296703
6/11/2021 9:00,0.9917538,0.03296703
6/11/2021 9:05,0.9984,0.03296703
6/11/2021 9:10,0.9954461,0.03296703
6/11/2021 9:15,1.001354,0.03296703
6/11/2021 9:20,1.002831,0.03296703
6/11/2021 9:25,1.003569,0.03296703
6/11/2021 9:30,1.005785,0.03296703
6/11/2021 9:35,1.005046,0.03296703
6/11/2021 9:40,1.001354,0.03296703
6/11/2021 9:45,0.9932307,0.03296703
6/11/2021 9:50,1.001354,0.03296703
6/11/2021 9:55,1.009477,0.03296703
6/11/2021 10:00,1.009477,0.03296703
6/11/2021 10:05,0.9888,0.03296703
6/11/2021 10:10,1.000615,0.03296703
6/11/2021 10:15,0.9947076,0.03296703
6/11/2021 10:20,1.008,0.03296703
6/11/2021 10:25,0.9954461,0.03296703
6/11/2021 10:30,0.9954461,0.03296703
6/11/2021 10:35,0.9991384,0.03296703
6/11/2021 10:40,0.9924923,0.03296703
6/11/2021 10:45,0.9865846,0.03296703
6/11/2021 10:50,0.9932307,0.03296703
6/11/2021 10:55,0.9932307,0.03296703
6/11/2021 11:00,0.9991384,0.03296703
6/11/2021 11:05,0.9947076,0.03296703
6/11/2021 11:10,0.9880615,0.03296703
6/11/2021 11:15,0.9976615,0.03296703
6/11/2021 11:20,0.9895384,0.03296703
6/11/2021 11:25,0.9888,0.03296703
6/11/2021 11:30,0.9858461,0.03296703
6/11/2021 11:35,0.9902769,0.03296703
6/11/2021 11:40,0.9865846,0.03296703
6/11/2021 11:45,0.9917538,0.03296703
6/11/2021 11:50,0.9902769,0.03296703
6/11/2021 11:55,0.9902769,0.03296703
6/11/2021 12:00,0.9917538,0.03296703
6/11/2021 12:05,0.9932307,0.03296703
6/11/2021 12:10,0.9836308,0.03296703
6/11/2021 12:15,0.9947076,0.03296703
6/11/2021 12:20,0.9836308,0.03296703
6/11/2021 12:25,0.987323,0.03296703
6/11/2021 12:30,0.987323,0.03296703
6/11/2021 12:35,0.9851077,0.03296703
6/11/2021 12:40,0.9910154,0.03296703
6/11/2021 12:45,0.9865846,0.03296703
6/11/2021 12:50,0.9806769,0.03296703
6/11/2021 12:55,0.9851077,0.03296703
6/11/2021 13:00,0.9947076,0.03296703
6/11/2021 13:05,0.9836308,0.03296703
6/11/2021 13:10,0.9888,0.03296703
6/11/2021 13:15,0.9777231,0.03296703
6/11/2021 13:20,1.003569,0.03296703
6/11/2021 13:25,1.003569,0.03296703
6/11/2021 13:30,1.004308,0.03296703
6/11/2021 13:35,1.006523,0.03296703
6/11/2021 13:40,1.008,0.03296703
6/11/2021 13:45,1.009477,0.03296703
6/11/2021 13:50,1.007262,0.03296703
6/11/2021 13:55,1.002831,0.03296703
6/11/2021 14:00,1.000615,0.03296703
6/11/2021 14:05,1.006523,0.03296703
6/11/2021 14:10,1.005046,0.03296703
6/11/2021 14:15,1.004308,0.03296703
6/11/2021 14:20,1.011692,0.03296703
6/11/2021 14:25,1.011692,0.03296703
6/11/2021 14:30,0.9954461,0.03296703
6/11/2021 14:35,1.008,0.03296703
6/11/2021 14:40,1.002092,0.03296703
6/11/2021 14:45,1.009477,0.03296703
6/11/2021 14:50,1.009477,0.03296703
6/11/2021 14:55,1.004308,0.03296703
6/11/2021 15:00,1.004308,0.03296703
6/11/2021 15:05,0.9998769,0.03418804
6/11/2021 15:10,0.9961846,0.03418804
6/11/2021 15:15,0.9984,0.03418804
6/11/2021 15:20,1.007262,0.03418804
6/11/2021 15:25,0.9961846,0.03418804
6/11/2021 15:30,1.000615,0.03418804
6/11/2021 15:35,0.9984,0.03418804
6/11/2021 15:40,0.9947076,0.03418804
6/11/2021 15:45,0.9917538,0.03418804
6/11/2021 15:50,1.005046,0.03418804
6/11/2021 15:55,0.9917538,0.03418804
6/11/2021 16:00,0.9961846,0.03418804
6/11/2021 16:05,0.9939692,0.03418804
6/11/2021 16:10,0.9917538,0.03418804
6/11/2021 16:15,1.002831,0.03418804
6/11/2021 16:20,0.9984,0.03418804
6/11/2021 16:25,0.9865846,0.03418804
6/11/2021 16:30,0.9828923,0.03418804
6/11/2021 16:35,0.9917538,0.03418804
6/11/2021 16:40,0.9961846,0.03418804
6/11/2021 16:45,0.987323,0.03418804
6/11/2021 16:50,0.9836308,0.03418804
6/11/2021 16:55,0.987323,0.03418804
6/11/2021 17:00,0.987323,0.03418804
6/11/2021 17:05,0.9865846,0.03418804
6/11/2021 17:10,0.9814154,0.03418804
6/11/2021 17:15,0.9917538,0.03418804
6/11/2021 17:20,0.9902769,0.03418804
6/11/2021 17:25,0.9865846,0.03418804
6/11/2021 17:30,0.9910154,0.03418804
6/11/2021 17:35,0.9696,0.03418804
6/11/2021 17:40,1.008,0.03418804
6/11/2021 17:45,1.030892,0.03418804
6/11/2021 17:50,0.9644307,0.03418804
6/11/2021 17:55,1.038277,0.03418804
6/11/2021 18:00,0.9991384,0.03418804
6/11/2021 18:05,0.968123,0.03418804
6/11/2021 18:10,1.023508,0.03418804
6/11/2021 18:15,1.024985,0.03418804
6/11/2021 18:20,1.012431,0.03418804
6/11/2021 18:25,1.005785,0.03418804
6/11/2021 18:30,1.001354,0.03418804
6/11/2021 18:35,0.9947076,0.03418804
6/11/2021 18:40,0.996923,0.03418804
6/11/2021 18:45,1.006523,0.03418804
6/11/2021 18:50,0.9961846,0.03418804
6/11/2021 18:55,1.002831,0.03418804
6/11/2021 19:00,0.9961846,0.03418804
6/11/2021 19:05,0.9976615,0.03418804
6/11/2021 19:10,0.9998769,0.03418804
6/11/2021 19:15,1.005046,0.03418804
6/11/2021 19:20,1.001354,0.03418804
6/11/2021 19:25,1.005046,0.03418804
6/11/2021 19:30,0.9991384,0.03418804
6/11/2021 19:35,0.9984,0.03418804
6/11/2021 19:40,0.9984,0.03418804
6/11/2021 19:45,0.996923,0.03418804
6/11/2021 19:50,0.9998769,0.03418804
6/11/2021 19:55,0.9984,0.03418804
6/11/2021 20:00,1.008738,0.03418804
6/11/2021 20:05,0.9984,0.03418804
6/11/2021 20:10,1.000615,0.03418804
6/11/2021 20:15,1.002092,0.03418804
6/11/2021 20:20,1.004308,0.03418804
6/11/2021 20:25,1.005785,0.03418804
6/11/2021 20:30,1.010954,0.03418804
6/11/2021 20:35,0.996923,0.03418804
6/11/2021 20:40,0.996923,0.03418804
6/11/2021 20:45,0.9984,0.03418804
6/11/2021 20:50,1.001354,0.03418804
6/11/2021 20:55,0.9998769,0.03418804
6/11/2021 21:00,0.9976615,0.03418804
6/11/2021 21:05,0.9976615,0.03418804
6/11/2021 21:10,0.9939692,0.03418804
6/11/2021 21:15,0.9954461,0.03418804
6/11/2021 21:20,0.9961846,0.03418804
6/11/2021 21:25,0.9895384,0.03418804
6/11/2021 21:30,0.9917538,0.03418804
6/11/2021 21:35,0.9991384,0.03418804
6/11/2021 21:40,0.9954461,0.03418804
6/11/2021 21:45,0.9851077,0.03418804
6/11/2021 21:50,0.987323,0.03418804
6/11/2021 21:55,0.9961846,0.03418804
6/11/2021 22:00,0.9895384,0.03418804
6/11/2021 22:05,0.987323,0.03418804
6/11/2021 22:10,0.9932307,0.03418804
6/11/2021 22:15,0.9902769,0.03418804
6/11/2021 22:20,0.9865846,0.03418804
6/11/2021 22:25,0.9888,0.03418804
6/11/2021 22:30,0.9828923,0.03418804
6/11/2021 22:35,0.9740308,0.03418804
6/11/2021 22:40,1.013908,0.03418804
6/11/2021 22:45,1.019077,0.03418804
6/11/2021 22:50,1.016123,0.03418804
6/11/2021 22:55,1.013169,0.03418804
6/11/2021 23:00,1.0272,0.03418804
6/11/2021 23:05,1.016123,0.03418804
6/11/2021 23:10,1.008,0.03418804
6/11/2021 23:15,1.014646,0.03418804
6/11/2021 23:20,1.016123,0.03418804
6/11/2021 23:25,1.021292,0.03418804
6/11/2021 23:30,1.010215,0.03418804
6/11/2021 23:35,1.010954,0.03418804
6/11/2021 23:40,1.013169,0.03418804
6/11/2021 23:45,1.013908,0.03418804
6/11/2021 23:50,1.022769,0.03418804
6/11/2021 23:55,1.009477,0.03418804
6/12/2021 0:00,0.9998769,0.03418804
6/12/2021 0:05,1.015385,0.03418804
6/12/2021 0:10,1.007262,0.03418804
6/12/2021 0:15,0.9998769,0.03418804
6/12/2021 0:20,1.002092,0.03418804
6/12/2021 0:25,0.987323,0.03418804
6/12/2021 0:30,1.002831,0.03418804
6/12/2021 0:35,0.9998769,0.03418804
6/12/2021 0:40,0.9998769,0.03418804
6/12/2021 0:45,1.004308,0.03418804
6/12/2021 0:50,1.005046,0.03418804
6/12/2021 0:55,1.004308,0.03418804
6/12/2021 1:00,1.002831,0.03418804
6/12/2021 1:05,1.005046,0.03418804
6/12/2021 1:10,1.007262,0.03418804
6/12/2021 1:15,1.008,0.03418804
6/12/2021 1:20,1.009477,0.03418804
6/12/2021 1:25,1.002831,0.03418804
6/12/2021 1:30,1.008738,0.03418804
6/12/2021 1:35,1.005046,0.03418804
6/12/2021 1:40,1.001354,0.03540904
6/12/2021 1:45,0.9961846,0.03540904
6/12/2021 1:50,0.996923,0.03540904
6/12/2021 1:55,1.008,0.03540904
6/12/2021 2:00,0.9998769,0.03540904
6/12/2021 2:05,0.9998769,0.03540904
6/12/2021 2:10,0.9984,0.03540904
6/12/2021 2:15,0.9939692,0.03540904
6/12/2021 2:20,0.996923,0.03540904
6/12/2021 2:25,1.005046,0.03540904
6/12/2021 2:30,1.003569,0.03540904
6/12/2021 2:35,1.000615,0.03540904
6/12/2021 2:40,0.9984,0.03540904
6/12/2021 2:45,1.001354,0.03540904
6/12/2021 2:50,0,-1
6/12/2021 2:55,0,-1
6/12/2021 3:00,0,-1
6/12/2021 3:05,0,-1
6/12/2021 3:10,0,-1
6/12/2021 3:15,0,-1
6/12/2021 3:20,0,-1
6/12/2021 3:25,0,-1
6/12/2021 3:30,0,-1
6/12/2021 3:35,0,-1
6/12/2021 3:40,0,-1
6/12/2021 3:45,0,-1
6/12/2021 3:50,0,-1
6/12/2021 3:55,0,-1
6/12/2021 4:00,0,-1
6/12/2021 4:05,0,-1
6/12/2021 4:10,0,-1
6/12/2021 4:15,0,-1
6/12/2021 4:20,0,-1
6/12/2021 4:25,0,-1
6/12/2021 4:30,0,-1
6/12/2021 4:35,0,-1
6/12/2021 4:40,0,-1
6/12/2021 4:45,0,-1
6/12/2021 4:50,0,-1
6/12/2021 4:55,0,-1
6/12/2021 5:00,0,-1
6/12/2021 5:05,0,-1
6/12/2021 5:10,0,-1
6/12/2021 5:15,0,-1
6/12/2021 5:20,0,-1
6/12/2021 5:25,0,-1
6/12/2021 5:30,0,-1
6/12/2021 5:35,0,-1
6/12/2021 5:40,0,-1
6/12/2021 5:45,0,-1
6/12/2021 5:50,0,-1
6/12/2021 5:55,0,-1
6/12/2021 6:00,0,-1
6/12/2021 6:05,0,-1
6/12/2021 6:10,0,-1
6/12/2021 6:15,0,-1
6/12/2021 6:20,0,-1
6/12/2021 6:25,0,-1
6/12/2021 6:30,0,-1
6/12/2021 6:35,0,-1
6/12/2021 6:40,0,-1
6/12/2021 6:45,0,-1
6/12/2021 6:50,0,-1
6/12/2021 6:55,0,-1
6/12/2021 7:00,0,-1
6/12/2021 7:05,0,-1
6/12/2021 7:10,0,-1
6/12/2021 7:15,0,-1
6/12/2021 7:20,0,-1
6/12/2021 7:25,0,-1
6/12/2021 7:30,0,-1
6/12/2021 7:35,0,-1
6/12/2021 7:40,0,-1
6/12/2021 7:45,0,-1
6/12/2021 7:50,0,-1
6/12/2021 7:55,0,-1
6/12/2021 8:00,0,-1
6/12/2021 8:05,0,-1
6/12/2021 8:10,0,-1
6/12/2021 8:15,0,-1
6/12/2021 8:20,0,-1
6/12/2021 8:25,0,-1
6/12/2021 8:30,0,-1
6/12/2021 8:35,0,-1
6/12/2021 8:40,0,-1
6/12/2021 8:45,0,-1
6/12/2021 8:50,0,-1
6/12/2021 8:55,0,-1
6/12/2021 9:00,0,-1
6/12/2021 9:05,0,-1
6/12/2021 9:10,0,-1
6/12/2021 9:15,0,-1
6/12/2021 9:20,0,-1
6/12/2021 9:25,0,-1
6/12/2021 9:30,0,-1
6/12/2021 9:35,0,-1
6/12/2021 9:40,0,-1
6/12/2021 9:45,0,-1
6/12/2021 9:50,0,-1
6/12/2021 9:55,0,-1
6/12/2021 10:00,0,-1
6/12/2021 10:05,0,-1
6/12/2021 10:10,0,-1
6/12/2021 10:15,0,-1
6/12/2021 10:20,0,-1
6/12/2021 10:25,0,-1
6/12/2021 10:30,0,-1
6/12/2021 10:35,0,-1
6/12/2021 10:40,0,-1
6/12/2021 10:45,0,-1
6/12/2021 10:50,0,-1
6/12/2021 10:55,0,-1
6/12/2021 11:00,0,-1
6/12/2021 11:05,0,-1
6/12/2021 11:10,0,-1
6/12/2021 11:15,0,-1
6/12/2021 11:20,0,-1
6/12/2021 11:25,0,-1
6/12/2021 11:30,0,-1
6/12/2021 11:35,0,-1
6/12/2021 11:40,0,-1
6/12/2021 11:45,0,-1
6/12/2021 11:50,0,-1
6/12/2021 11:55,0,-1
6/12/2021 12:00,0,-1
6/12/2021 12:05,0,-1
6/12/2021 12:10,0,-1
6/12/2021 12:15,0,-1
6/12/2021 12:20,0,-1
6/12/2021 12:25,0,-1
6/12/2021 12:30,0,-1
6/12/2021 12:35,0,-1
6/12/2021 12:40,0,-1
6/12/2021 12:45,0,-1
6/12/2021 12:50,0,-1
6/12/2021 12:55,0,-1
6/12/2021 13:00,0,-1
6/12/2021 13:05,0,-1
6/12/2021 13:10,0,-1
6/12/2021 13:15,0,-1
6/12/2021 13:20,0,-1
6/12/2021 13:25,0,-1
6/12/2021 13:30,0,-1
6/12/2021 13:35,0,-1
6/12/2021 13:40,0,-1
6/12/2021 13:45,0,-1
6/12/2021 13:50,0,-1
6/12/2021 13:55,0,-1
6/12/2021 14:00,0,-1
6/12/2021 14:05,0,-1
6/12/2021 14:10,0,-1
6/12/2021 14:15,0,-1
6/12/2021 14:20,0,-1
6/12/2021 14:25,0,-1
6/12/2021 14:30,0,-1
6/12/2021 14:35,0,-1
6/12/2021 14:40,0,-1
6/12/2021 14:45,0,-1
6/12/2021 14:50,0,-1
6/12/2021 14:55,0,-1
6/12/2021 15:00,0,-1
6/12/2021 15:05,0,-1
6/12/2021 15:10,0,-1
6/12/2021 15:15,0,-1
6/12/2021 15:20,0,-1
6/12/2021 15:25,0,-1
6/12/2021 15:30,0,-1
6/12/2021 15:35,0,-1
6/12/2021 15:40,0,-1
6/12/2021 15:45,0,-1
6/12/2021 15:50,0,-1
6/12/2021 15:55,0,-1
6/12/2021 16:00,0,-1
6/12/2021 16:05,0,-1
6/12/2021 16:10,0,-1
6/12/2021 16:15,0,-1
6/12/2021 16:20,0,-1
6/12/2021 16:25,0,-1
6/12/2021 16:30,0,-1
6/12/2021 16:35,0,-1
6/12/2021 16:40,0,-1
6/12/2021 16:45,0,-1
6/12/2021 16:50,0,-1
6/12/2021 16:55,0,-1
6/12/2021 17:00,0,-1
6/12/2021 17:05,0,-1
6/12/2021 17:10,0,-1
6/12/2021 17:15,0,-1
6/12/2021 17:20,0,-1
6/12/2021 17:25,0,-1
6/12/2021 17:30,0,-1
6/12/2021 17:35,0,-1
6/12/2021 17:40,0,-1
6/12/2021 17:45,0,-1
6/12/2021 17:50,0,-1
6/12/2021 17:55,0,-1
6/12/2021 18:00,0,-1
6/12/2021 18:05,0,-1
6/12/2021 18:10,0,-1
6/12/2021 18:15,0,-1
6/12/2021 18:20,0,-1
6/12/2021 18:25,0,-1
6/12/2021 18:30,0,-1
6/12/2021 18:35,0,-1
6/12/2021 18:40,0,-1
6/12/2021 18:45,0,-1
6/12/2021 18:50,0,-1
6/12/2021 18:55,0,-1
6/12/2021 19:00,0,-1
6/12/2021 19:05,0,-1
6/12/2021 19:10,0,-1
6/12/2021 19:15,0,-1
6/12/2021 19:20,0,-1
6/12/2021 19:25,0,-1
6/12/2021 19:30,0,-1
6/12/2021 19:35,0,-1
6/12/2021 19:40,0,-1
6/12/2021 19:45,0,-1
6/12/2021 19:50,0,-1
6/12/2021 19:55,0,-1
6/12/2021 20:00,0,-1
6/12/2021 20:05,0,-1
6/12/2021 20:10,0,-1
6/12/2021 20:15,0,-1
6/12/2021 20:20,0,-1
6/12/2021 20:25,0,-1
6/12/2021 20:30,0,-1
6/12/2021 20:35,0,-1
6/12/2021 20:40,0,-1
6/12/2021 20:45,0,-1
6/12/2021 20:50,0,-1
6/12/2021 20:55,0,-1
6/12/2021 21:00,0,-1
6/12/2021 21:05,0,-1
6/12/2021 21:10,0,-1
6/12/2021 21:15,0,-1
6/12/2021 21:20,0,-1
6/12/2021 21:25,0,-1
6/12/2021 21:30,0,-1
6/12/2021 21:35,0,-1
6/12/2021 21:40,0,-1
6/12/2021 21:45,0,-1
6/12/2021 21:50,0,-1
6/12/2021 21:55,0,-1
6/12/2021 22:00,0,-1
6/12/2021 22:05,0,-1
6/12/2021 22:10,0,-1
6/12/2021 22:15,0,-1
6/12/2021 22:20,0,-1
6/12/2021 22:25,0,-1
6/12/2021 22:30,0,-1
6/12/2021 22:35,0,-1
6/12/2021 22:40,0,-1
6/12/2021 22:45,0,-1
6/12/2021 22:50,0,-1
6/12/2021 22:55,0,-1
6/12/2021 23:00,0,-1
6/12/2021 23:05,0,-1
6/12/2021 23:10,0,-1
6/12/2021 23:15,0,-1
6/12/2021 23:20,0,-1
6/12/2021 23:25,0,-1
6/12/2021 23:30,0,-1
6/12/2021 23:35,0,-1
6/12/2021 23:40,0,-1
6/12/2021 23:45,0,-1
6/12/2021 23:50,0,-1
6/12/2021 23:55,0,-1
6/13/2021 0:00,0,-1
6/13/2021 0:05,0,-1
6/13/2021 0:10,0,-1
6/13/2021 0:15,0,-1
6/13/2021 0:20,0,-1
6/13/2021 0:25,0,-1
6/13/2021 0:30,0,-1
6/13/2021 0:35,0,-1
6/13/2021 0:40,0,-1
6/13/2021 0:45,0,-1
6/13/2021 0:50,0,-1
6/13/2021 0:55,0,-1
6/13/2021 1:00,0,-1
6/13/2021 1:05,0,-1
6/13/2021 1:10,0,-1
6/13/2021 1:15,0,-1
6/13/2021 1:20,0,-1
6/13/2021 1:25,0,-1
6/13/2021 1:30,0,-1
6/13/2021 1:35,0,-1
6/13/2021 1:40,0,-1
6/13/2021 1:45,0,-1
6/13/2021 1:50,0,-1
6/13/2021 1:55,0,-1
6/13/2021 2:00,0,-1
6/13/2021 2:05,0,-1
6/13/2021 2:10,0,-1
6/13/2021 2:15,0,-1
6/13/2021 2:20,0,-1
6/13/2021 2:25,0,-1
6/13/2021 2:30,0,-1
6/13/2021 2:35,0,-1
6/13/2021 2:40,0,-1
6/13/2021 2:45,0,-1
6/13/2021 2:50,0,-1
6/13/2021 2:55,0,-1
6/13/2021 3:00,0,-1
6/13/2021 3:05,0,-1
6/13/2021 3:10,0,-1
6/13/2021 3:15,0,-1
6/13/2021 3:20,0,-1
6/13/2021 3:25,0,-1
6/13/2021 3:30,0,-1
6/13/2021 3:35,0,-1
6/13/2021 3:40,0,-1
6/13/2021 3:45,0,-1
6/13/2021 3:50,0,-1
6/13/2021 3:55,0,-1
6/13/2021 4:00,0,-1
6/13/2021 4:05,0,-1
6/13/2021 4:10,0,-1
6/13/2021 4:15,0,-1
6/13/2021 4:20,0,-1
6/13/2021 4:25,0,-1
6/13/2021 4:30,0,-1
6/13/2021 4:35,0,-1
6/13/2021 4:40,0,-1
6/13/2021 4:45,0,-1
6/13/2021 4:50,0,-1
6/13/2021 4:55,0,-1
6/13/2021 5:00,0,-1
6/13/2021 5:05,0,-1
6/13/2021 5:10,0,-1
6/13/2021 5:15,0,-1
6/13/2021 5:20,0,-1
6/13/2021 5:25,0,-1
6/13/2021 5:30,0,-1
6/13/2021 5:35,0,-1
6/13/2021 5:40,0,-1
6/13/2021 5:45,0,-1
6/13/2021 5:50,0,-1
6/13/2021 5:55,0,-1
6/13/2021 6:00,0,-1
6/13/2021 6:05,0,-1
6/13/2021 6:10,0,-1
6/13/2021 6:15,0,-1
6/13/2021 6:20,0,-1
6/13/2021 6:25,0,-1
6/13/2021 6:30,0,-1
6/13/2021 6:35,0,-1
6/13/2021 6:40,0,-1
6/13/2021 6:45,0,-1
6/13/2021 6:50,0,-1
6/13/2021 6:55,0,-1
6/13/2021 7:00,0,-1
6/13/2021 7:05,0,-1
6/13/2021 7:10,0,-1
6/13/2021 7:15,0,-1
6/13/2021 7:20,0,-1
6/13/2021 7:25,0,-1
6/13/2021 7:30,0,-1
6/13/2021 7:35,0,-1
6/13/2021 7:40,0,-1
6/13/2021 7:45,0,-1
6/13/2021 7:50,0,-1
6/13/2021 7:55,0,-1
6/13/2021 8:00,0,-1
6/13/2021 8:05,0,-1
6/13/2021 8:10,0,-1
6/13/2021 8:15,0,-1
6/13/2021 8:20,0,-1
6/13/2021 8:25,0,-1
6/13/2021 8:30,0,-1
6/13/2021 8:35,0,-1
6/13/2021 8:40,0,-1
6/13/2021 8:45,0,-1
6/13/2021 8:50,0,-1
6/13/2021 8:55,0,-1
6/13/2021 9:00,0,-1
6/13/2021 9:05,0,-1
6/13/2021 9:10,0,-1
6/13/2021 9:15,0,-1
6/13/2021 9:20,0,-1
6/13/2021 9:25,0,-1
6/13/2021 9:30,0,-1
6/13/2021 9:35,0,-1
6/13/2021 9:40,0,-1
6/13/2021 9:45,0,-1
6/13/2021 9:50,0,-1
6/13/2021 9:55,0,-1
6/13/2021 10:00,0,-1
6/13/2021 10:05,0,-1
6/13/2021 10:10,0,-1
6/13/2021 10:15,0,-1
6/13/2021 10:20,0,-1
6/13/2021 10:25,0,-1
6/13/2021 10:30,0,-1
6/13/2021 10:35,0,-1
6/13/2021 10:40,0,-1
6/13/2021 10:45,0,-1
6/13/2021 10:50,0,-1
6/13/2021 10:55,0,-1
6/13/2021 11:00,0,-1
6/13/2021 11:05,0,-1
6/13/2021 11:10,0,-1
6/13/2021 11:15,0,-1
6/13/2021 11:20,0,-1
6/13/2021 11:25,0,-1
6/13/2021 11:30,0,-1
6/13/2021 11:35,0,-1
6/13/2021 11:40,0,-1
6/13/2021 11:45,0,-1
6/13/2021 11:50,0,-1
6/13/2021 11:55,0,-1
6/13/2021 12:00,0,-1
6/13/2021 12:05,0,-1
6/13/2021 12:10,0,-1
6/13/2021 12:15,0,-1
6/13/2021 12:20,0,-1
6/13/2021 12:25,0,-1
6/13/2021 12:30,0,-1
6/13/2021 12:35,0,-1
6/13/2021 12:40,0,-1
6/13/2021 12:45,0,-1
6/13/2021 12:50,0,-1
6/13/2021 12:55,0,-1
6/13/2021 13:00,0,-1
6/13/2021 13:05,0,-1
6/13/2021 13:10,0,-1
6/13/2021 13:15,0,-1
6/13/2021 13:20,0,-1
6/13/2021 13:25,0,-1
6/13/2021 13:30,0,-1
6/13/2021 13:35,0,-1
6/13/2021 13:40,0,-1
6/13/2021 13:45,0,-1
6/13/2021 13:50,0,-1
6/13/2021 13:55,0,-1
6/13/2021 14:00,0,-1
6/13/2021 14:05,0,-1
6/13/2021 14:10,0,-1
6/13/2021 14:15,0,-1
6/13/2021 14:20,0,-1
6/13/2021 14:25,0,-1
6/13/2021 14:30,0,-1
6/13/2021 14:35,0,-1
6/13/2021 14:40,0,-1
6/13/2021 14:45,0,-1
6/13/2021 14:50,0,-1
6/13/2021 14:55,0,-1
6/13/2021 15:00,0,-1
6/13/2021 15:05,0,-1
6/13/2021 15:10,0,-1
6/13/2021 15:15,0,-1
6/13/2021 15:20,0,-1
6/13/2021 15:25,0,-1
6/13/2021 15:30,0,-1
6/13/2021 15:35,0,-1
6/13/2021 15:40,0,-1
6/13/2021 15:45,0,-1
6/13/2021 15:50,0,-1
6/13/2021 15:55,0,-1
6/13/2021 16:00,0,-1
6/13/2021 16:05,0,-1
6/13/2021 16:10,0,-1
6/13/2021 16:15,0,-1
6/13/2021 16:20,0,-1
6/13/2021 16:25,0,-1
6/13/2021 16:30,0,-1
6/13/2021 16:35,0,-1
6/13/2021 16:40,0,-1
6/13/2021 16:45,0,-1
6/13/2021 16:50,0,-1
6/13/2021 16:55,0,-1
6/13/2021 17:00,0,-1
6/13/2021 17:05,0,-1
6/13/2021 17:10,0,-1
6/13/2021 17:15,0,-1
6/13/2021 17:20,0,-1
6/13/2021 17:25,0,-1
6/13/2021 17:30,0,-1
6/13/2021 17:35,0,-1
6/13/2021 17:40,0,-1
6/13/2021 17:45,0,-1
6/13/2021 17:50,0,-1
6/13/2021 17:55,0,-1
6/13/2021 18:00,0,-1
6/13/2021 18:05,0,-1
6/13/2021 18:10,0,-1
6/13/2021 18:15,0,-1
6/13/2021 18:20,0,-1
6/13/2021 18:25,0,-1
6/13/2021 18:30,0,-1
6/13/2021 18:35,0,-1
6/13/2021 18:40,0,-1
6/13/2021 18:45,0,-1
6/13/2021 18:50,0,-1
6/13/2021 18:55,0,-1
6/13/2021 19:00,0,-1
6/13/2021 19:05,0,-1
6/13/2021 19:10,0,-1
6/13/2021 19:15,0,-1
6/13/2021 19:20,0,-1
6/13/2021 19:25,0,-1
6/13/2021 19:30,0,-1
6/13/2021 19:35,0,-1
6/13/2021 19:40,0,-1
6/13/2021 19:45,0,-1
6/13/2021 19:50,0,-1
6/13/2021 19:55,0,-1
6/13/2021 20:00,0,-1
6/13/2021 20:05,0,-1
6/13/2021 20:10,0,-1
6/13/2021 20:15,0,-1
6/13/2021 20:20,0,-1
6/13/2021 20:25,0,-1
6/13/2021 20:30,0,-1
6/13/2021 20:35,0,-1
6/13/2021 20:40,0,-1
6/13/2021 20:45,0,-1
6/13/2021 20:50,0,-1
6/13/2021 20:55,0,-1
6/13/2021 21:00,0,-1
6/13/2021 21:05,0,-1
6/13/2021 21:10,0,-1
6/13/2021 21:15,0,-1
6/13/2021 21:20,0,-1
6/13/2021 21:25,0,-1
6/13/2021 21:30,0,-1
6/13/2021 21:35,0,-1
6/13/2021 21:40,0,-1
6/13/2021 21:45,0,-1
6/13/2021 21:50,0,-1
6/13/2021 21:55,0,-1
6/13/2021 22:00,0,-1
6/13/2021 22:05,0,-1
6/13/2021 22:10,0,-1
6/13/2021 22:15,0,-1
6/13/2021 22:20,0,-1
6/13/2021 22:25,0,-1
6/13/2021 22:30,0,-1
6/13/2021 22:35,0,-1
6/13/2021 22:40,0,-1
6/13/2021 22:45,0,-1
6/13/2021 22:50,0,-1
6/13/2021 22:55,0,-1
6/13/2021 23:00,0,-1
6/13/2021 23:05,0,-1
6/13/2021 23:10,0,-1
6/13/2021 23:15,0,-1
6/13/2021 23:20,0,-1
6/13/2021 23:25,0,-1
6/13/2021 23:30,0,-1
6/13/2021 23:35,0,-1
6/13/2021 23:40,0,-1
6/13/2021 23:45,0,-1
6/13/2021 23:50,0,-1
6/13/2021 23:55,0,-1
6/14/2021 0:00,0,-1
6/14/2021 0:05,0,-1
6/14/2021 0:10,0,-1
6/14/2021 0:15,0,-1
6/14/2021 0:20,0,-1
6/14/2021 0:25,0,-1
6/14/2021 0:30,0,-1
6/14/2021 0:35,0,-1
6/14/2021 0:40,0,-1
6/14/2021 0:45,0,-1
6/14/2021 0:50,0,-1
6/14/2021 0:55,0,-1
6/14/2021 1:00,0,-1
6/14/2021 1:05,0,-1
6/14/2021 1:10,0,-1
6/14/2021 1:15,0,-1
6/14/2021 1:20,0,-1
6/14/2021 1:25,0,-1
6/14/2021 1:30,0,-1
6/14/2021 1:35,0,-1
6/14/2021 1:40,0,-1
6/14/2021 1:45,0,-1
6/14/2021 1:50,0,-1
6/14/2021 1:55,0,-1
6/14/2021 2:00,0,-1
6/14/2021 2:05,0,-1
6/14/2021 2:10,0,-1
6/14/2021 2:15,0,-1
6/14/2021 2:20,0,-1
6/14/2021 2:25,0,-1
6/14/2021 2:30,0,-1
6/14/2021 2:35,0,-1
6/14/2021 2:40,0,-1
6/14/2021 2:45,0,-1
6/14/2021 2:50,0,-1
6/14/2021 2:55,0,-1
6/14/2021 3:00,0,-1
6/14/2021 3:05,0,-1
6/14/2021 3:10,0,-1
6/14/2021 3:15,0,-1
6/14/2021 3:20,0,-1
6/14/2021 3:25,0,-1
6/14/2021 3:30,0,-1
6/14/2021 3:35,0,-1
6/14/2021 3:40,0,-1
6/14/2021 3:45,0,-1
6/14/2021 3:50,0,-1
6/14/2021 3:55,0,-1
6/14/2021 4:00,0,-1
6/14/2021 4:05,0,-1
6/14/2021 4:10,0,-1
6/14/2021 4:15,0,-1
6/14/2021 4:20,0,-1
6/14/2021 4:25,0,-1
6/14/2021 4:30,0,-1
6/14/2021 4:35,0,-1
6/14/2021 4:40,0,-1
6/14/2021 4:45,0,-1
6/14/2021 4:50,0,-1
6/14/2021 4:55,0,-1
6/14/2021 5:00,0,-1
6/14/2021 5:05,0,-1
6/14/2021 5:10,0,-1
6/14/2021 5:15,0,-1
6/14/2021 5:20,0,-1
6/14/2021 5:25,0,-1
6/14/2021 5:30,0,-1
6/14/2021 5:35,0,-1
6/14/2021 5:40,0,-1
6/14/2021 5:45,0,-1
6/14/2021 5:50,0,-1
6/14/2021 5:55,0,-1
6/14/2021 6:00,0,-1
6/14/2021 6:05,0,-1
6/14/2021 6:10,0,-1
6/14/2021 6:15,0,-1
6/14/2021 6:20,0,-1
6/14/2021 6:25,0,-1
6/14/2021 6:30,0,-1
6/14/2021 6:35,0,-1
6/14/2021 6:40,0,-1
6/14/2021 6:45,0,-1
6/14/2021 6:50,0,-1
6/14/2021 6:55,0,-1
6/14/2021 7:00,0,-1
6/14/2021 7:05,0,-1
6/14/2021 7:10,0,-1
6/14/2021 7:15,0,-1
6/14/2021 7:20,0,-1
6/14/2021 7:25,0,-1
6/14/2021 7:30,0,-1
6/14/2021 7:35,0,-1
6/14/2021 7:40,0,-1
6/14/2021 7:45,0,-1
6/14/2021 7:50,0,-1
6/14/2021 7:55,0,-1
6/14/2021 8:00,0,-1
6/14/2021 8:05,0,-1
6/14/2021 8:10,0,-1
6/14/2021 8:15,0,-1
6/14/2021 8:20,0,-1
6/14/2021 8:25,0,-1
6/14/2021 8:30,0,-1
6/14/2021 8:35,0,-1
6/14/2021 8:40,0,-1
6/14/2021 8:45,0,-1
6/14/2021 8:50,0,-1
6/14/2021 8:55,0,-1
6/14/2021 9:00,0,-1
6/14/2021 9:05,0,-1
6/14/2021 9:10,0,-1
6/14/2021 9:15,0,-1
6/14/2021 9:20,0,-1
6/14/2021 9:25,0,-1
6/14/2021 9:30,0,-1
6/14/2021 9:35,0,-1
6/14/2021 9:40,0,-1
6/14/2021 9:45,0,-1
6/14/2021 9:50,0,-1
6/14/2021 9:55,0,-1
6/14/2021 10:00,0,-1
6/14/2021 10:05,0,-1
6/14/2021 10:10,0,-1
6/14/2021 10:15,0,-1
6/14/2021 10:20,0,-1
6/14/2021 10:25,0,-1
6/14/2021 10:30,0,-1
6/14/2021 10:35,0,-1
6/14/2021 10:40,0,-1
6/14/2021 10:45,0,-1
6/14/2021 10:50,0,-1
6/14/2021 10:55,0,-1
6/14/2021 11:00,0,-1
6/14/2021 11:05,0,-1
6/14/2021 11:10,0,-1
6/14/2021 11:15,0,-1
6/14/2021 11:20,0,-1
6/14/2021 11:25,0,-1
6/14/2021 11:30,0,-1
6/14/2021 11:35,0,-1
6/14/2021 11:40,0,-1
6/14/2021 11:45,0,-1
6/14/2021 11:50,0,-1
6/14/2021 11:55,0,-1
6/14/2021 12:00,0,-1
6/14/2021 12:05,0,-1
6/14/2021 12:10,0,-1
6/14/2021 12:15,0,-1
6/14/2021 12:20,0,-1
6/14/2021 12:25,0,-1
6/14/2021 12:30,0,-1
6/14/2021 12:35,0,-1
6/14/2021 12:40,0,-1
6/14/2021 12:45,0,-1
6/14/2021 12:50,0,-1
6/14/2021 12:55,0,-1
6/14/2021 13:00,0,-1
6/14/2021 13:05,0,-1
6/14/2021 13:10,0,-1
6/14/2021 13:15,0,-1
6/14/2021 13:20,0,-1
6/14/2021 13:25,0,-1
6/14/2021 13:30,0,-1
6/14/2021 13:35,0,-1
6/14/2021 13:40,0,-1
6/14/2021 13:45,0,-1
6/14/2021 13:50,0,-1
6/14/2021 13:55,0,-1
6/14/2021 14:00,0,-1
6/14/2021 14:05,0,-1
6/14/2021 14:10,0,-1
6/14/2021 14:15,0,-1
6/14/2021 14:20,0,-1
6/14/2021 14:25,0,-1
6/14/2021 14:30,0,-1
6/14/2021 14:35,0,-1
6/14/2021 14:40,0,-1
6/14/2021 14:45,0,-1
6/14/2021 14:50,0,-1
6/14/2021 14:55,0,-1
6/14/2021 15:00,0,-1
6/14/2021 15:05,0,-1
6/14/2021 15:10,0,-1
6/14/2021 15:15,0,-1
6/14/2021 15:20,0,-1
6/14/2021 15:25,0,-1
6/14/2021 15:30,0,-1
6/14/2021 15:35,0,-1
6/14/2021 15:40,0,-1
6/14/2021 15:45,0,-1
6/14/2021 15:50,0,-1
6/14/2021 15:55,0,-1
6/14/2021 16:00,0,-1
6/14/2021 16:05,0,-1
6/14/2021 16:10,0,-1
6/14/2021 16:15,0,-1
6/14/2021 16:20,0,-1
6/14/2021 16:25,0,-1
6/14/2021 16:30,0,-1
6/14/2021 16:35,0,-1
6/14/2021 16:40,0,-1
6/14/2021 16:45,0,-1
6/14/2021 16:50,0,-1
6/14/2021 16:55,0,-1
6/14/2021 17:00,0,-1
6/14/2021 17:05,0,-1
6/14/2021 17:10,0,-1
6/14/2021 17:15,0,-1
6/14/2021 17:20,0,-1
6/14/2021 17:25,0,-1
6/14/2021 17:30,0,-1
6/14/2021 17:35,0,-1
6/14/2021 17:40,0,-1
6/14/2021 17:45,0,-1
6/14/2021 17:50,0,-1
6/14/2021 17:55,0,-1
6/14/2021 18:00,0,-1
6/14/2021 18:05,0,-1
6/14/2021 18:10,0,-1
6/14/2021 18:15,0,-1
6/14/2021 18:20,0,-1
6/14/2021 18:25,0,-1
6/14/2021 18:30,0,-1
6/14/2021 18:35,0,-1
6/14/2021 18:40,0,-1
6/14/2021 18:45,0,-1
6/14/2021 18:50,0,-1
6/14/2021 18:55,0,-1
6/14/2021 19:00,0,-1
6/14/2021 19:05,0,-1
6/14/2021 19:10,0,-1
6/14/2021 19:15,0,-1
6/14/2021 19:20,0,-1
6/14/2021 19:25,0,-1
6/14/2021 19:30,0,-1
6/14/2021 19:35,0,-1
6/14/2021 19:40,0,-1
6/14/2021 19:45,0,-1
6/14/2021 19:50,0,-1
6/14/2021 19:55,0,-1
6/14/2021 20:00,0,-1
6/14/2021 20:05,0,-1
6/14/2021 20:10,0,-1
6/14/2021 20:15,0,-1
6/14/2021 20:20,0,-1
6/14/2021 20:25,0,-1
6/14/2021 20:30,0,-1
6/14/2021 20:35,0,-1
6/14/2021 20:40,0,-1
6/14/2021 20:45,0,-1
6/14/2021 20:50,0,-1
6/14/2021 20:55,0,-1
6/14/2021 21:00,0,-1
6/14/2021 21:05,0,-1
6/14/2021 21:10,0,-1
6/14/2021 21:15,0,-1
6/14/2021 21:20,0,-1
6/14/2021 21:25,0,-1
6/14/2021 21:30,0,-1
6/14/2021 21:35,0,-1
6/14/2021 21:40,0,-1
6/14/2021 21:45,0,-1
6/14/2021 21:50,0,-1
6/14/2021 21:55,0,-1
6/14/2021 22:00,0,-1
6/14/2021 22:05,0,-1
6/14/2021 22:10,0,-1
6/14/2021 22:15,0,-1
6/14/2021 22:20,0,-1
6/14/2021 22:25,0,-1
6/14/2021 22:30,0,-1
6/14/2021 22:35,0,-1
6/14/2021 22:40,0,-1
6/14/2021 22:45,0,-1
6/14/2021 22:50,0,-1
6/14/2021 22:55,0,-1
6/14/2021 23:00,0,-1
6/14/2021 23:05,0,-1
6/14/2021 23:10,0,-1
6/14/2021 23:15,0,-1
6/14/2021 23:20,0,-1
6/14/2021 23:25,0,-1
6/14/2021 23:30,0,-1
6/14/2021 23:35,0,-1
6/14/2021 23:40,0,-1
6/14/2021 23:45,0,-1
6/14/2021 23:50,0,-1
6/14/2021 23:55,0,-1
6/15/2021 0:00,0,-1
6/15/2021 0:05,0,-1
6/15/2021 0:10,0,-1
6/15/2021 0:15,0,-1
6/15/2021 0:20,0,-1
6/15/2021 0:25,0,-1
6/15/2021 0:30,0,-1
6/15/2021 0:35,0,-1
6/15/2021 0:40,0,-1
6/15/2021 0:45,0,-1
6/15/2021 0:50,0,-1
6/15/2021 0:55,0,-1
6/15/2021 1:00,0,-1
6/15/2021 1:05,0,-1
6/15/2021 1:10,0,-1
6/15/2021 1:15,0,-1
6/15/2021 1:20,0,-1
6/15/2021 1:25,0,-1
6/15/2021 1:30,0,-1
6/15/2021 1:35,0,-1
6/15/2021 1:40,0,-1
6/15/2021 1:45,0,-1
6/15/2021 1:50,0,-1
6/15/2021 1:55,0,-1
6/15/2021 2:00,0,-1
6/15/2021 2:05,0,-1
6/15/2021 2:10,0,-1
6/15/2021 2:15,0,-1
6/15/2021 2:20,0,-1
6/15/2021 2:25,0,-1
6/15/2021 2:30,0,-1
6/15/2021 2:35,0,-1
6/15/2021 2:40,0,-1
6/15/2021 2:45,0,-1
6/15/2021 2:50,0,-1
6/15/2021 2:55,0,-1
6/15/2021 3:00,0,-1
6/15/2021 3:05,0,-1
6/15/2021 3:10,0,-1
6/15/2021 3:15,0,-1
6/15/2021 3:20,0,-1
6/15/2021 3:25,0,-1
6/15/2021 3:30,1.106954,0.06471307
6/15/2021 3:35,1.0368,0.09279609
6/15/2021 3:40,1.122462,0.09279609
6/15/2021 3:45,1.024985,0.04639805
6/15/2021 3:50,1.0944,0.03418804
6/15/2021 3:55,1.106954,0.03174603
6/15/2021 4:00,1.100308,0.03052503
6/15/2021 4:05,1.110646,0.02930403
6/15/2021 4:10,1.109908,0.02808303
6/15/2021 4:15,1.103261,0.02808303
6/15/2021 4:20,1.101785,0.02686203
6/15/2021 4:25,1.100308,0.02564103
6/15/2021 4:30,1.097354,0.02564103
6/15/2021 4:35,1.101785,0.02564103
6/15/2021 4:40,1.098092,0.02564103
6/15/2021 4:45,1.103261,0.02442002
6/15/2021 4:50,1.099569,0.02442002
6/15/2021 4:55,1.101046,0.02442002
6/15/2021 5:00,1.103261,0.02442002
6/15/2021 5:05,1.105477,0.02442002
6/15/2021 5:10,1.108431,0.02442002
6/15/2021 5:15,1.100308,0.02442002
6/15/2021 5:20,1.106954,0.02442002
6/15/2021 5:25,1.098831,0.02442002
6/15/2021 5:30,1.102523,0.02442002
6/15/2021 5:35,1.104,0.02442002
6/15/2021 5:40,1.103261,0.02442002
6/15/2021 5:45,1.096615,0.02442002
6/15/2021 5:50,1.108431,0.02442002
6/15/2021 5:55,1.101046,0.02442002
6/15/2021 6:00,1.104,0.02442002
6/15/2021 6:05,1.106215,0.02442002
6/15/2021 6:10,1.102523,0.02442002
6/15/2021 6:15,1.104,0.02442002
6/15/2021 6:20,1.097354,0.02442002
6/15/2021 6:25,1.098831,0.02442002
6/15/2021 6:30,1.097354,0.02442002
6/15/2021 6:35,1.103261,0.02442002
6/15/2021 6:40,1.110646,0.02442002
6/15/2021 6:45,1.105477,0.02442002
6/15/2021 6:50,1.111385,0.02442002
6/15/2021 6:55,1.104,0.02442002
6/15/2021 7:00,1.108431,0.02442002
6/15/2021 7:05,1.105477,0.02442002
6/15/2021 7:10,1.106215,0.02442002
6/15/2021 7:15,1.107692,0.02442002
6/15/2021 7:20,1.108431,0.02442002
6/15/2021 7:25,1.093662,0.02442002
6/15/2021 7:30,1.112123,0.02442002
6/15/2021 7:35,1.106215,0.02442002
6/15/2021 7:40,1.105477,0.02442002
6/15/2021 7:45,1.105477,0.02442002
6/15/2021 7:50,1.109169,0.02442002
6/15/2021 7:55,1.108431,0.02442002
6/15/2021 8:00,1.107692,0.02442002
6/15/2021 8:05,1.1136,0.02442002
6/15/2021 8:10,1.110646,0.02442002
6/15/2021 8:15,1.108431,0.02442002
6/15/2021 8:20,1.115815,0.02442002
6/15/2021 8:25,1.111385,0.02442002
6/15/2021 8:30,1.112862,0.02442002
6/15/2021 8:35,1.091446,0.02442002
6/15/2021 8:40,1.098831,0.02442002
6/15/2021 8:45,1.106215,0.02442002
6/15/2021 8:50,1.098831,0.02442002
6/15/2021 8:55,1.093662,0.02442002
6/15/2021 9:00,1.101785,0.02442002
6/15/2021 9:05,1.092923,0.02442002
6/15/2021 9:10,1.100308,0.02442002
6/15/2021 9:15,1.096615,0.02442002
6/15/2021 9:20,1.090708,0.02442002
6/15/2021 9:25,1.092923,0.02442002
6/15/2021 9:30,1.091446,0.02442002
6/15/2021 9:35,1.091446,0.02442002
6/15/2021 9:40,1.0848,0.02442002
6/15/2021 9:45,1.084062,0.02442002
6/15/2021 9:50,1.092185,0.02442002
6/15/2021 9:55,1.092923,0.02442002
6/15/2021 10:00,1.092923,0.02442002
6/15/2021 10:05,1.092923,0.02442002
6/15/2021 10:10,1.083323,0.02442002
6/15/2021 10:15,1.093662,0.02442002
6/15/2021 10:20,1.088492,0.02442002
6/15/2021 10:25,1.089969,0.02442002
6/15/2021 10:30,1.086277,0.02442002
6/15/2021 10:35,1.089969,0.02442002
6/15/2021 10:40,1.092185,0.02442002
6/15/2021 10:45,1.089231,0.02442002
6/15/2021 10:50,1.089231,0.02442002
6/15/2021 10:55,1.097354,0.02442002
6/15/2021 11:00,1.095877,0.02442002
6/15/2021 11:05,1.090708,0.02442002
6/15/2021 11:10,1.096615,0.02442002
6/15/2021 11:15,1.086277,0.02442002
6/15/2021 11:20,1.090708,0.02442002
6/15/2021 11:25,1.092185,0.02442002
6/15/2021 11:30,1.083323,0.02442002
6/15/2021 11:35,1.086277,0.02442002
6/15/2021 11:40,1.090708,0.02442002
6/15/2021 11:45,1.083323,0.02442002
6/15/2021 11:50,1.084062,0.02442002
6/15/2021 11:55,1.097354,0.02442002
6/15/2021 12:00,1.095877,0.02564103
6/15/2021 12:05,1.082585,0.02564103
6/15/2021 12:10,1.079631,0.02564103
6/15/2021 12:15,1.081846,0.02564103
6/15/2021 12:20,1.089969,0.02564103
6/15/2021 12:25,1.077415,0.02564103
6/15/2021 12:30,1.071508,0.02564103
6/15/2021 12:35,1.083323,0.02564103
6/15/2021 12:40,1.092185,0.02564103
6/15/2021 12:45,1.082585,0.02564103
6/15/2021 12:50,1.081108,0.02564103
6/15/2021 12:55,1.079631,0.02564103
6/15/2021 13:00,1.089969,0.02564103
6/15/2021 13:05,1.078154,0.02564103
6/15/2021 13:10,1.080369,0.02564103
6/15/2021 13:15,1.041231,0.02564103
6/15/2021 13:20,1.151262,0.02564103
6/15/2021 13:25,1.119508,0.02564103
6/15/2021 13:30,1.122462,0.02564103
6/15/2021 13:35,1.097354,0.02564103
6/15/2021 13:40,1.098092,0.02564103
6/15/2021 13:45,1.093662,0.02564103
6/15/2021 13:50,1.101046,0.02564103
6/15/2021 13:55,1.098831,0.02564103
6/15/2021 14:00,1.103261,0.02564103
6/15/2021 14:05,1.104,0.02564103
6/15/2021 14:10,1.098831,0.02564103
6/15/2021 14:15,1.104,0.02564103
6/15/2021 14:20,1.100308,0.02564103
6/15/2021 14:25,1.090708,0.02564103
6/15/2021 14:30,1.089969,0.02564103
6/15/2021 14:35,1.098831,0.02564103
6/15/2021 14:40,1.098831,0.02564103
6/15/2021 14:45,1.091446,0.02564103
6/15/2021 14:50,1.103261,0.02564103
6/15/2021 14:55,1.102523,0.02808303
6/15/2021 15:00,1.101046,0.02564103
6/15/2021 15:05,1.101785,0.02564103
6/15/2021 15:10,1.106954,0.02564103
6/15/2021 15:15,1.098092,0.02564103
6/15/2021 15:20,1.098831,0.02808303
6/15/2021 15:25,1.101785,0.02564103
6/15/2021 15:30,1.102523,0.02564103
6/15/2021 15:35,1.102523,0.02564103
6/15/2021 15:40,1.109169,0.02564103
6/15/2021 15:45,1.103261,0.02564103
6/15/2021 15:50,1.109169,0.02564103
6/15/2021 15:55,1.104,0.02564103
6/15/2021 16:00,1.112123,0.02564103
6/15/2021 16:05,1.106954,0.02564103
6/15/2021 16:10,1.106954,0.02564103
6/15/2021 16:15,1.106954,0.02564103
6/15/2021 16:20,1.120985,0.02564103
6/15/2021 16:25,1.101785,0.02564103
6/15/2021 16:30,1.114338,0.02564103
6/15/2021 16:35,1.118031,0.02564103
6/15/2021 16:40,1.115077,0.02564103
6/15/2021 16:45,1.116554,0.02564103
6/15/2021 16:50,1.112862,0.02564103
6/15/2021 16:55,1.111385,0.02564103
6/15/2021 17:00,1.103261,0.02564103
6/15/2021 17:05,1.0944,0.02564103
6/15/2021 17:10,1.0944,0.02808303
6/15/2021 17:15,1.095138,0.02564103
6/15/2021 17:20,1.0944,0.02564103
6/15/2021 17:25,1.098092,0.02564103
6/15/2021 17:30,1.095877,0.02564103
6/15/2021 17:35,1.104,0.02564103
6/15/2021 17:40,1.093662,0.02564103
6/15/2021 17:45,1.101785,0.02564103
6/15/2021 17:50,1.104738,0.02564103
6/15/2021 17:55,1.103261,0.02564103
6/15/2021 18:00,1.092185,0.02564103
6/15/2021 18:05,1.101046,0.02564103
6/15/2021 18:10,1.106215,0.02564103
6/15/2021 18:15,1.102523,0.02564103
6/15/2021 18:20,1.095877,0.02564103
6/15/2021 18:25,1.102523,0.02564103
6/15/2021 18:30,1.096615,0.02564103
6/15/2021 18:35,1.1232,0.02564103
6/15/2021 18:40,1.104,0.02564103
6/15/2021 18:45,1.101785,0.02564103
6/15/2021 18:50,1.101785,0.02564103
6/15/2021 18:55,1.096615,0.02564103
6/15/2021 19:00,1.106954,0.02564103
6/15/2021 19:05,1.109908,0.02564103
6/15/2021 19:10,1.104,0.02564103
6/15/2021 19:15,1.106954,0.02686203
6/15/2021 19:20,1.102523,0.02686203
6/15/2021 19:25,1.1136,0.02686203
6/15/2021 19:30,1.105477,0.02686203
6/15/2021 19:35,1.106954,0.02686203
6/15/2021 19:40,1.104,0.02686203
6/15/2021 19:45,1.107692,0.02686203
6/15/2021 19:50,1.095877,0.02686203
6/15/2021 19:55,1.103261,0.02686203
6/15/2021 20:00,1.111385,0.02686203
6/15/2021 20:05,1.101785,0.02686203
6/15/2021 20:10,1.106215,0.02686203
6/15/2021 20:15,1.107692,0.02686203
6/15/2021 20:20,1.103261,0.02686203
6/15/2021 20:25,1.104,0.02686203
6/15/2021 20:30,1.105477,0.02686203
6/15/2021 20:35,1.103261,0.02686203
6/15/2021 20:40,1.111385,0.02686203
6/15/2021 20:45,1.112123,0.02686203
6/15/2021 20:50,1.104738,0.02686203
6/15/2021 20:55,1.108431,0.02686203
6/15/2021 21:00,1.104,0.02686203
6/15/2021 21:05,1.096615,0.02808303
6/15/2021 21:10,1.104738,0.02808303
6/15/2021 21:15,1.105477,0.02808303
6/15/2021 21:20,1.111385,0.02808303
6/15/2021 21:25,1.096615,0.02808303
6/15/2021 21:30,1.104738,0.02808303
6/15/2021 21:35,1.109169,0.02808303
6/15/2021 21:40,1.098831,0.02808303
6/15/2021 21:45,1.105477,0.02808303
6/15/2021 21:50,1.095877,0.02808303
6/15/2021 21:55,1.103261,0.02808303
6/15/2021 22:00,1.104,0.02808303
6/15/2021 22:05,1.101046,0.02808303
6/15/2021 22:10,1.087015,0.02808303
6/15/2021 22:15,1.097354,0.02808303
6/15/2021 22:20,1.095877,0.02808303
6/15/2021 22:25,1.098831,0.02808303
6/15/2021 22:30,1.097354,0.02808303
6/15/2021 22:35,1.0944,0.02808303
6/15/2021 22:40,1.096615,0.02808303
6/15/2021 22:45,1.087754,0.02808303
6/15/2021 22:50,1.098831,0.02808303
6/15/2021 22:55,1.098092,0.02808303
6/15/2021 23:00,1.090708,0.02808303
6/15/2021 23:05,1.090708,0.02808303
6/15/2021 23:10,1.079631,0.02808303
6/15/2021 23:15,1.086277,0.02808303
6/15/2021 23:20,1.079631,0.02808303
6/15/2021 23:25,1.084062,0.02808303
6/15/2021 23:30,1.084062,0.02808303
6/15/2021 23:35,1.126154,0.02808303
6/15/2021 23:40,0.9828923,0.02808303
6/15/2021 23:45,0.996923,0.02808303
6/15/2021 23:50,1.004308,0.02808303
6/15/2021 23:55,1.002831,0.02808303
6/16/2021 0:00,0.996923,0.02808303
6/16/2021 0:05,0.9932307,0.02808303
6/16/2021 0:10,1.001354,0.02808303
6/16/2021 0:15,0.9902769,0.02808303
6/16/2021 0:20,0.9902769,0.02808303
6/16/2021 0:25,0.9991384,0.02808303
6/16/2021 0:30,1.005785,0.02808303
6/16/2021 0:35,0.9961846,0.02808303
6/16/2021 0:40,1.001354,0.02808303
6/16/2021 0:45,1.002831,0.02808303
6/16/2021 0:50,0.9895384,0.02808303
6/16/2021 0:55,0.9984,0.02808303
6/16/2021 1:00,0.9984,0.02808303
6/16/2021 1:05,0.996923,0.02808303
6/16/2021 1:10,1.012431,0.02808303
6/16/2021 1:15,1.001354,0.02808303
6/16/2021 1:20,0.9888,0.02808303
6/16/2021 1:25,0.9984,0.02808303
6/16/2021 1:30,1.002831,0.02808303
6/16/2021 1:35,1.001354,0.02808303
6/16/2021 1:40,1.003569,0.02930403
6/16/2021 1:45,1.003569,0.02930403
6/16/2021 1:50,1.001354,0.02930403
6/16/2021 1:55,0.9961846,0.02930403
6/16/2021 2:00,0.9991384,0.02930403
6/16/2021 2:05,0.996923,0.02930403
6/16/2021 2:10,1.006523,0.02930403
6/16/2021 2:15,1.002831,0.02930403
6/16/2021 2:20,1.006523,0.02930403
6/16/2021 2:25,1.008,0.02930403
6/16/2021 2:30,1.006523,0.02930403
6/16/2021 2:35,1.005785,0.02930403
6/16/2021 2:40,0.9961846,0.02930403
6/16/2021 2:45,1.002092,0.02930403
6/16/2021 2:50,1.006523,0.02930403
6/16/2021 2:55,1.000615,0.02930403
6/16/2021 3:00,1.005046,0.02930403
6/16/2021 3:05,1.004308,0.02930403
6/16/2021 3:10,0.9961846,0.02930403
6/16/2021 3:15,0.9984,0.02930403
6/16/2021 3:20,0.9932307,0.02930403
6/16/2021 3:25,1.002092,0.02930403
6/16/2021 3:30,1.004308,0.02930403
6/16/2021 3:35,1.006523,0.02930403
6/16/2021 3:40,1.009477,0.02930403
6/16/2021 3:45,1.004308,0.02930403
6/16/2021 3:50,0.9976615,0.03052503
6/16/2021 3:55,1.002831,0.02930403
6/16/2021 4:00,0.9954461,0.02930403
6/16/2021 4:05,0.9961846,0.02930403
6/16/2021 4:10,1.001354,0.03052503
6/16/2021 4:15,1.001354,0.03052503
6/16/2021 4:20,1.005785,0.03052503
6/16/2021 4:25,0.9947076,0.03052503
6/16/2021 4:30,1.004308,0.03052503
6/16/2021 4:35,0.996923,0.03052503
6/16/2021 4:40,1.005046,0.03052503
6/16/2021 4:45,1.007262,0.03052503
6/16/2021 4:50,1.003569,0.03052503
6/16/2021 4:55,0.996923,0.03052503
6/16/2021 5:00,0.9976615,0.03052503
6/16/2021 5:05,1.005785,0.03052503
6/16/2021 5:10,0.9947076,0.03052503
6/16/2021 5:15,0.9932307,0.03052503
6/16/2021 5:20,0.9991384,0.03052503
6/16/2021 5:25,0.9998769,0.03052503
6/16/2021 5:30,0.9961846,0.03052503
6/16/2021 5:35,1.004308,0.03052503
6/16/2021 5:40,1.004308,0.03052503
6/16/2021 5:45,1.001354,0.03052503
6/16/2021 5:50,1.000615,0.03052503
6/16/2021 5:55,0.9991384,0.03052503
6/16/2021 6:00,0.9961846,0.03052503
6/16/2021 6:05,1.006523,0.03052503
6/16/2021 6:10,0.9998769,0.03052503
6/16/2021 6:15,0.9947076,0.03052503
6/16/2021 6:20,1.002831,0.03052503
6/16/2021 6:25,1.005046,0.03052503
6/16/2021 6:30,1.005785,0.03052503
6/16/2021 6:35,0.9991384,0.03052503
6/16/2021 6:40,0.9961846,0.03052503
6/16/2021 6:45,1.005046,0.03052503
6/16/2021 6:50,0.9961846,0.03052503
6/16/2021 6:55,0.9902769,0.03052503
6/16/2021 7:00,0.9954461,0.03052503
6/16/2021 7:05,1.003569,0.03052503
6/16/2021 7:10,0.996923,0.03052503
6/16/2021 7:15,1.000615,0.03052503
6/16/2021 7:20,0.9947076,0.03052503
6/16/2021 7:25,0.9998769,0.03052503
6/16/2021 7:30,0.9910154,0.03174603
6/16/2021 7:35,0.9976615,0.03052503
6/16/2021 7:40,0.996923,0.03052503
6/16/2021 7:45,1.001354,0.03052503
6/16/2021 7:50,0.9947076,0.03052503
6/16/2021 7:55,0.9998769,0.03052503
6/16/2021 8:00,0.9984,0.03052503
6/16/2021 8:05,0.9947076,0.03052503
6/16/2021 8:10,0.9976615,0.03052503
6/16/2021 8:15,0.9939692,0.03296703
6/16/2021 8:20,0.9947076,0.03052503
6/16/2021 8:25,0.9932307,0.03052503
6/16/2021 8:30,0.9961846,0.03052503
6/16/2021 8:35,1.006523,0.03052503
6/16/2021 8:40,1.103261,0.03052503
6/16/2021 8:45,1.098831,0.03052503
6/16/2021 8:50,1.097354,0.03052503
6/16/2021 8:55,1.095877,0.02930403
6/16/2021 9:00,1.101785,0.02930403
6/16/2021 9:05,1.092923,0.02930403
6/16/2021 9:10,1.082585,0.02930403
6/16/2021 9:15,1.089969,0.02930403
6/16/2021 9:20,1.086277,0.02930403
6/16/2021 9:25,1.092185,0.02930403
6/16/2021 9:30,1.086277,0.02930403
6/16/2021 9:35,1.091446,0.02930403
6/16/2021 9:40,1.089969,0.02930403
6/16/2021 9:45,1.098831,0.02930403
6/16/2021 9:50,1.092923,0.02930403
6/16/2021 9:55,1.092923,0.02930403
6/16/2021 10:00,1.087754,0.02930403
6/16/2021 10:05,1.084062,0.02930403
6/16/2021 10:10,1.095877,0.02930403
6/16/2021 10:15,1.095877,0.02930403
6/16/2021 10:20,1.089231,0.02930403
6/16/2021 10:25,1.091446,0.02930403
6/16/2021 10:30,1.082585,0.02930403
6/16/2021 10:35,1.081846,0.02808303
6/16/2021 10:40,1.0944,0.02808303
6/16/2021 10:45,1.082585,0.02808303
6/16/2021 10:50,1.090708,0.02808303
6/16/2021 10:55,1.092185,0.02808303
6/16/2021 11:00,1.099569,0.02808303
6/16/2021 11:05,1.090708,0.02808303
6/16/2021 11:10,1.087754,0.02808303
6/16/2021 11:15,1.092185,0.02808303
6/16/2021 11:20,1.090708,0.02808303
6/16/2021 11:25,1.089231,0.02808303
6/16/2021 11:30,1.096615,0.02808303
6/16/2021 11:35,1.0848,0.02808303
6/16/2021 11:40,1.087015,0.02808303
6/16/2021 11:45,1.095138,0.02808303
6/16/2021 11:50,1.0944,0.02808303
6/16/2021 11:55,1.087754,0.02808303
6/16/2021 12:00,1.091446,0.02808303
6/16/2021 12:05,1.089231,0.02808303
6/16/2021 12:10,1.092185,0.02930403
6/16/2021 12:15,1.0944,0.02808303
6/16/2021 12:20,1.089231,0.02808303
6/16/2021 12:25,1.092185,0.02808303
6/16/2021 12:30,1.097354,0.02808303
6/16/2021 12:35,1.092185,0.02808303
6/16/2021 12:40,1.089231,0.02808303
6/16/2021 12:45,1.0944,0.02808303
6/16/2021 12:50,1.082585,0.02808303
6/16/2021 12:55,1.084062,0.02808303
6/16/2021 13:00,1.086277,0.02808303
6/16/2021 13:05,1.089231,0.02808303
6/16/2021 13:10,1.090708,0.02808303
6/16/2021 13:15,1.0848,0.02808303
6/16/2021 13:20,1.0848,0.02808303
6/16/2021 13:25,1.0848,0.02808303
6/16/2021 13:30,1.092185,0.02808303
6/16/2021 13:35,1.086277,0.02808303
6/16/2021 13:40,1.079631,0.02808303
6/16/2021 13:45,1.086277,0.02808303
6/16/2021 13:50,1.0848,0.02808303
6/16/2021 13:55,1.089969,0.02808303
6/16/2021 14:00,1.093662,0.02808303
6/16/2021 14:05,1.0944,0.02808303
6/16/2021 14:10,1.0944,0.02808303
6/16/2021 14:15,1.092185,0.02808303
6/16/2021 14:20,1.093662,0.02808303
6/16/2021 14:25,1.084062,0.02808303
6/16/2021 14:30,1.081846,0.02808303
6/16/2021 14:35,1.086277,0.02808303
6/16/2021 14:40,1.086277,0.02808303
6/16/2021 14:45,1.087754,0.02808303
6/16/2021 14:50,1.092185,0.02808303
6/16/2021 14:55,1.081108,0.02808303
6/16/2021 15:00,1.089231,0.02808303
6/16/2021 15:05,1.087754,0.02808303
6/16/2021 15:10,1.090708,0.02808303
6/16/2021 15:15,1.087754,0.02808303
6/16/2021 15:20,1.0848,0.02808303
6/16/2021 15:25,1.095877,0.02808303
6/16/2021 15:30,1.087754,0.02808303
6/16/2021 15:35,1.079631,0.02808303
6/16/2021 15:40,1.089231,0.02808303
6/16/2021 15:45,1.088492,0.02808303
6/16/2021 15:50,1.081846,0.02808303
6/16/2021 15:55,1.087754,0.02808303
6/16/2021 16:00,1.085538,0.02808303
6/16/2021 16:05,1.071508,0.02808303
6/16/2021 16:10,1.090708,0.02808303
6/16/2021 16:15,1.083323,0.02808303
6/16/2021 16:20,1.087754,0.02808303
6/16/2021 16:25,1.078154,0.02808303
6/16/2021 16:30,1.084062,0.02808303
6/16/2021 16:35,1.088492,0.02808303
6/16/2021 16:40,1.082585,0.02808303
6/16/2021 16:45,1.0848,0.02808303
6/16/2021 16:50,1.050092,0.02808303
6/16/2021 16:55,1.112123,0.02808303
6/16/2021 17:00,1.103261,0.02808303
6/16/2021 17:05,1.099569,0.02808303
6/16/2021 17:10,1.1136,0.02808303
6/16/2021 17:15,1.111385,0.02808303
6/16/2021 17:20,1.105477,0.02808303
6/16/2021 17:25,1.106215,0.02808303
6/16/2021 17:30,1.102523,0.02808303
6/16/2021 17:35,1.115077,0.02808303
6/16/2021 17:40,1.100308,0.02808303
6/16/2021 17:45,1.106954,0.02808303
6/16/2021 17:50,1.095877,0.02808303
6/16/2021 17:55,1.109908,0.02808303
6/16/2021 18:00,1.105477,0.02808303
6/16/2021 18:05,1.097354,0.02808303
6/16/2021 18:10,1.106954,0.02808303
6/16/2021 18:15,1.112862,0.02808303
6/16/2021 18:20,1.101785,0.02808303
6/16/2021 18:25,1.103261,0.02808303
6/16/2021 18:30,1.098831,0.02808303
6/16/2021 18:35,1.104,0.02808303
6/16/2021 18:40,1.105477,0.02808303
6/16/2021 18:45,1.102523,0.02808303
6/16/2021 18:50,1.102523,0.02808303
6/16/2021 18:55,1.104,0.02808303
6/16/2021 19:00,1.106954,0.02808303
6/16/2021 19:05,1.095877,0.02808303
6/16/2021 19:10,1.093662,0.02808303
6/16/2021 19:15,1.101046,0.02808303
6/16/2021 19:20,1.098831,0.02808303
6/16/2021 19:25,1.091446,0.02808303
6/16/2021 19:30,1.098831,0.02808303
6/16/2021 19:35,1.095138,0.02808303
6/16/2021 19:40,1.100308,0.02808303
6/16/2021 19:45,1.093662,0.02808303
6/16/2021 19:50,1.088492,0.02808303
6/16/2021 19:55,1.084062,0.02808303
6/16/2021 20:00,1.067077,0.02808303
6/16/2021 20:05,1.118031,0.02808303
6/16/2021 20:10,1.114338,0.02808303
6/16/2021 20:15,1.112123,0.02808303
6/16/2021 20:20,1.115815,0.02808303
6/16/2021 20:25,1.098831,0.02808303
6/16/2021 20:30,1.106215,0.02808303
6/16/2021 20:35,1.092923,0.02808303
6/16/2021 20:40,1.098092,0.02808303
6/16/2021 20:45,1.092185,0.02808303
6/16/2021 20:50,1.098831,0.02808303
6/16/2021 20:55,1.0944,0.02808303
6/16/2021 21:00,1.090708,0.02808303
6/16/2021 21:05,1.087015,0.02808303
6/16/2021 21:10,1.089969,0.02808303
6/16/2021 21:15,1.0848,0.02808303
6/16/2021 21:20,1.097354,0.02808303
6/16/2021 21:25,1.092923,0.02808303
6/16/2021 21:30,1.085538,0.02808303
6/16/2021 21:35,1.075938,0.02808303
6/16/2021 21:40,1.079631,0.02808303
6/16/2021 21:45,1.117292,0.02808303
6/16/2021 21:50,1.118031,0.02808303
6/16/2021 21:55,1.112123,0.02808303
6/16/2021 22:00,1.105477,0.02808303
6/16/2021 22:05,1.096615,0.02808303
6/16/2021 22:10,1.095877,0.02808303
6/16/2021 22:15,1.107692,0.02808303
6/16/2021 22:20,1.093662,0.02808303
6/16/2021 22:25,1.101785,0.02808303
6/16/2021 22:30,1.100308,0.02808303
6/16/2021 22:35,1.100308,0.02808303
6/16/2021 22:40,1.095877,0.02808303
6/16/2021 22:45,1.0944,0.02808303
6/16/2021 22:50,1.102523,0.02808303
6/16/2021 22:55,1.092185,0.02808303
6/16/2021 23:00,1.100308,0.02808303
6/16/2021 23:05,1.109169,0.02808303
6/16/2021 23:10,1.106954,0.02808303
6/16/2021 23:15,1.106954,0.02808303
6/16/2021 23:20,1.106954,0.02808303
6/16/2021 23:25,1.103261,0.02808303
6/16/2021 23:30,1.098831,0.02808303
6/16/2021 23:35,1.104738,0.02808303
6/16/2021 23:40,1.104,0.02808303
6/16/2021 23:45,1.109908,0.02808303
6/16/2021 23:50,1.108431,0.02808303
6/16/2021 23:55,1.111385,0.02808303
6/17/2021 0:00,1.104,0.02808303
6/17/2021 0:05,1.106215,0.02808303
6/17/2021 0:10,1.107692,0.02808303
6/17/2021 0:15,1.107692,0.02808303
6/17/2021 0:20,1.097354,0.02808303
6/17/2021 0:25,1.104738,0.02808303
6/17/2021 0:30,1.106954,0.02808303
6/17/2021 0:35,1.095138,0.02808303
6/17/2021 0:40,1.105477,0.02808303
6/17/2021 0:45,1.100308,0.02808303
6/17/2021 0:50,1.106954,0.02808303
6/17/2021 0:55,1.104738,0.02808303
6/17/2021 1:00,1.106215,0.02808303
6/17/2021 1:05,1.096615,0.02808303
6/17/2021 1:10,0.9777231,0.02808303
6/17/2021 1:15,0.9858461,0.02808303
6/17/2021 1:20,0.9984,0.02808303
6/17/2021 1:25,0.9947076,0.02808303
6/17/2021 1:30,0.9939692,0.02808303
6/17/2021 1:35,0.9984,0.02808303
6/17/2021 1:40,0.9998769,0.02808303
6/17/2021 1:45,1.000615,0.02808303
6/17/2021 1:50,0.9998769,0.02930403
6/17/2021 1:55,1.002831,0.02930403
6/17/2021 2:00,1.002831,0.02808303
6/17/2021 2:05,1.004308,0.02808303
6/17/2021 2:10,1.008,0.02808303
6/17/2021 2:15,1.001354,0.02808303
6/17/2021 2:20,1.006523,0.02808303
6/17/2021 2:25,1.002831,0.02930403
6/17/2021 2:30,1.002092,0.02808303
6/17/2021 2:35,0.9917538,0.02808303
6/17/2021 2:40,1.000615,0.02808303
6/17/2021 2:45,1.002092,0.02808303
6/17/2021 2:50,1.002831,0.02808303
6/17/2021 2:55,0.996923,0.02808303
6/17/2021 3:00,0.9998769,0.02808303
6/17/2021 3:05,1.003569,0.02808303
6/17/2021 3:10,1.006523,0.02808303
6/17/2021 3:15,1.009477,0.02930403
6/17/2021 3:20,1.002831,0.02930403
6/17/2021 3:25,1.003569,0.02930403
6/17/2021 3:30,1.008,0.02930403
6/17/2021 3:35,1.005046,0.02930403
6/17/2021 3:40,1.005046,0.02930403
6/17/2021 3:45,0.9961846,0.02930403
6/17/2021 3:50,1.016862,0.02930403
6/17/2021 3:55,1.009477,0.02930403
6/17/2021 4:00,1.001354,0.02930403
6/17/2021 4:05,1.002831,0.02930403
6/17/2021 4:10,1.005785,0.02930403
6/17/2021 4:15,1.005785,0.02930403
6/17/2021 4:20,1.004308,0.02930403
6/17/2021 4:25,1.010215,0.02930403
6/17/2021 4:30,1.000615,0.02930403
6/17/2021 4:35,0.996923,0.02930403
6/17/2021 4:40,1.004308,0.02930403
6/17/2021 4:45,1.001354,0.02930403
6/17/2021 4:50,1.001354,0.02930403
6/17/2021 4:55,1.011692,0.02930403
6/17/2021 5:00,1.000615,0.02930403
6/17/2021 5:05,0.9998769,0.02930403
6/17/2021 5:10,0.9991384,0.02930403
6/17/2021 5:15,0.9932307,0.02930403
6/17/2021 5:20,1.002831,0.02930403
6/17/2021 5:25,0.9961846,0.02930403
6/17/2021 5:30,0.9932307,0.02930403
6/17/2021 5:35,0.9851077,0.02930403
6/17/2021 5:40,1.001354,0.02930403
6/17/2021 5:45,1.000615,0.02930403
6/17/2021 5:50,0.9998769,0.02930403
6/17/2021 5:55,0.9924923,0.02930403
6/17/2021 6:00,0.9888,0.02930403
6/17/2021 6:05,0.9932307,0.02930403
6/17/2021 6:10,1.001354,0.02930403
6/17/2021 6:15,1.000615,0.02930403
6/17/2021 6:20,0.9843692,0.02930403
6/17/2021 6:25,0.9888,0.02930403
6/17/2021 6:30,0.9917538,0.02930403
6/17/2021 6:35,0.9998769,0.02930403
6/17/2021 6:40,0.9888,0.02930403
6/17/2021 6:45,0.9947076,0.02930403
6/17/2021 6:50,0.9932307,0.02930403
6/17/2021 6:55,0.9947076,0.02930403
6/17/2021 7:00,0.9865846,0.02930403
6/17/2021 7:05,0.987323,0.02930403
6/17/2021 7:10,0.9902769,0.02930403
6/17/2021 7:15,0.9902769,0.02930403
6/17/2021 7:20,0.987323,0.02930403
6/17/2021 7:25,0.9769846,0.02930403
6/17/2021 7:30,0.9917538,0.02930403
6/17/2021 7:35,0.9851077,0.02930403
6/17/2021 7:40,0.987323,0.02930403
6/17/2021 7:45,0.9821538,0.02930403
6/17/2021 7:50,0.9792,0.02930403
6/17/2021 7:55,0.9806769,0.02930403
6/17/2021 8:00,0.9710769,0.02930403
6/17/2021 8:05,1.016123,0.02930403
6/17/2021 8:10,0.9703385,0.02930403
6/17/2021 8:15,0.996923,0.02930403
6/17/2021 8:20,1.005785,0.02930403
6/17/2021 8:25,0.9932307,0.02930403
6/17/2021 8:30,0.9998769,0.02930403
6/17/2021 8:35,1.001354,0.02930403
6/17/2021 8:40,0.9984,0.02930403
6/17/2021 8:45,0.9947076,0.02930403
6/17/2021 8:50,0.9932307,0.02930403
6/17/2021 8:55,0.9902769,0.02930403
6/17/2021 9:00,0.9932307,0.02930403
6/17/2021 9:05,0.9947076,0.02930403
6/17/2021 9:10,0.9939692,0.02930403
6/17/2021 9:15,0.9865846,0.02930403
6/17/2021 9:20,0.9998769,0.02930403
6/17/2021 9:25,0.9961846,0.02930403
6/17/2021 9:30,0.9961846,0.02930403
6/17/2021 9:35,0.9976615,0.02930403
6/17/2021 9:40,0.9902769,0.02930403
6/17/2021 9:45,0.9976615,0.02930403
6/17/2021 9:50,1.004308,0.02930403
6/17/2021 9:55,0.9939692,0.02930403
6/17/2021 10:00,0.9961846,0.02930403
6/17/2021 10:05,0.9865846,0.02930403
6/17/2021 10:10,0.996923,0.02930403
6/17/2021 10:15,0.9917538,0.02930403
6/17/2021 10:20,0.9998769,0.02930403
6/17/2021 10:25,0.9954461,0.02930403
6/17/2021 10:30,0.9939692,0.02930403
6/17/2021 10:35,0.9902769,0.02930403
6/17/2021 10:40,0.9961846,0.02930403
6/17/2021 10:45,0.9939692,0.02930403
6/17/2021 10:50,0.9865846,0.02930403
6/17/2021 10:55,0.9917538,0.02930403
6/17/2021 11:00,0.9984,0.02930403
6/17/2021 11:05,1.010954,0.02930403
6/17/2021 11:10,0.9984,0.02930403
6/17/2021 11:15,0.996923,0.02930403
6/17/2021 11:20,0.9991384,0.02930403
6/17/2021 11:25,1.002831,0.02930403
6/17/2021 11:30,0.996923,0.02930403
6/17/2021 11:35,1.005046,0.02930403
6/17/2021 11:40,0.9976615,0.02930403
6/17/2021 11:45,1.001354,0.02930403
6/17/2021 11:50,0.996923,0.02930403
6/17/2021 11:55,0.9947076,0.02930403
6/17/2021 12:00,0.9961846,0.02930403
6/17/2021 12:05,0.9947076,0.02930403
6/17/2021 12:10,0.9954461,0.02930403
6/17/2021 12:15,0.9910154,0.02930403
6/17/2021 12:20,0.9991384,0.02930403
6/17/2021 12:25,0.9932307,0.02930403
6/17/2021 12:30,0.996923,0.02930403
6/17/2021 12:35,0.9984,0.02930403
6/17/2021 12:40,0.9998769,0.02930403
6/17/2021 12:45,0.9976615,0.02930403
6/17/2021 12:50,0.9939692,0.02930403
6/17/2021 12:55,1.001354,0.02930403
6/17/2021 13:00,0.9932307,0.02930403
6/17/2021 13:05,0.9888,0.02930403
6/17/2021 13:10,0.9932307,0.02930403
6/17/2021 13:15,0.9888,0.02930403
6/17/2021 13:20,1.002831,0.02930403
6/17/2021 13:25,0.9998769,0.02930403
6/17/2021 13:30,0.9888,0.02930403
6/17/2021 13:35,0.9984,0.02930403
6/17/2021 13:40,0.9984,0.02930403
6/17/2021 13:45,1.001354,0.02930403
6/17/2021 13:50,0.9865846,0.02930403
6/17/2021 13:55,0.9924923,0.02930403
6/17/2021 14:00,1.004308,0.02930403
6/17/2021 14:05,0.9939692,0.02930403
6/17/2021 14:10,0.9910154,0.02930403
6/17/2021 14:15,0.9947076,0.02930403
6/17/2021 14:20,0.9947076,0.02930403
6/17/2021 14:25,0.9998769,0.02930403
6/17/2021 14:30,0.9917538,0.02930403
6/17/2021 14:35,0.9932307,0.02930403
6/17/2021 14:40,0.9984,0.02930403
6/17/2021 14:45,0.996923,0.02930403
6/17/2021 14:50,0.996923,0.02930403
6/17/2021 14:55,0.9947076,0.02930403
6/17/2021 15:00,0.9947076,0.02930403
6/17/2021 15:05,0.9902769,0.02930403
6/17/2021 15:10,0.9932307,0.02930403
6/17/2021 15:15,0.996923,0.02930403
6/17/2021 15:20,1.001354,0.02930403
6/17/2021 15:25,0.9902769,0.02930403
6/17/2021 15:30,0.996923,0.02930403
6/17/2021 15:35,0.996923,0.02930403
6/17/2021 15:40,0.996923,0.02930403
6/17/2021 15:45,0.9947076,0.02930403
6/17/2021 15:50,0.9902769,0.02930403
6/17/2021 15:55,0.9932307,0.02930403
6/17/2021 16:00,0.9880615,0.02930403
6/17/2021 16:05,0.9895384,0.02930403
6/17/2021 16:10,0.9947076,0.02930403
6/17/2021 16:15,0.9880615,0.02930403
6/17/2021 16:20,0.9998769,0.02930403
6/17/2021 16:25,0.9888,0.02930403
6/17/2021 16:30,0.9910154,0.02930403
6/17/2021 16:35,0.9954461,0.02930403
6/17/2021 16:40,0.9932307,0.02930403
6/17/2021 16:45,0.9932307,0.02930403
6/17/2021 16:50,0.9880615,0.02930403
6/17/2021 16:55,0.9821538,0.02930403
6/17/2021 17:00,0.9821538,0.02930403
6/17/2021 17:05,0.9902769,0.02930403
6/17/2021 17:10,0.9880615,0.02930403
6/17/2021 17:15,0.9910154,0.02930403
6/17/2021 17:20,0.9836308,0.02930403
6/17/2021 17:25,0.9858461,0.02930403
6/17/2021 17:30,0.9836308,0.02930403
6/17/2021 17:35,0.9828923,0.02930403
6/17/2021 17:40,0.9828923,0.02930403
6/17/2021 17:45,0.9836308,0.02930403
6/17/2021 17:50,0.9902769,0.02930403
6/17/2021 17:55,0.9828923,0.02930403
6/17/2021 18:00,0.9851077,0.02930403
6/17/2021 18:05,0.9888,0.02930403
6/17/2021 18:10,0.9888,0.02930403
6/17/2021 18:15,0.9806769,0.02930403
6/17/2021 18:20,0.9777231,0.02930403
6/17/2021 18:25,0.9792,0.02930403
6/17/2021 18:30,0.9769846,0.02930403
6/17/2021 18:35,1.028677,0.02930403
6/17/2021 18:40,1.013908,0.02930403
6/17/2021 18:45,1.0176,0.02930403
6/17/2021 18:50,1.016123,0.02930403
6/17/2021 18:55,1.022031,0.02930403
6/17/2021 19:00,0.9984,0.02930403
6/17/2021 19:05,1.001354,0.02808303
6/17/2021 19:10,1.005785,0.02808303
6/17/2021 19:15,1.008,0.02808303
6/17/2021 19:20,1.003569,0.02808303
6/17/2021 19:25,1.001354,0.02808303
6/17/2021 19:30,1.001354,0.02808303
6/17/2021 19:35,1.007262,0.02808303
6/17/2021 19:40,0.9917538,0.02808303
6/17/2021 19:45,0.9984,0.02808303
6/17/2021 19:50,0.9939692,0.02808303
6/17/2021 19:55,0,-1
6/17/2021 20:00,0,-1
6/17/2021 20:05,0,-1
6/17/2021 20:10,0,-1
6/17/2021 20:15,0,-1
6/17/2021 20:20,0,-1
6/17/2021 20:25,0,-1
6/17/2021 20:30,0,-1
6/17/2021 20:35,0,-1
6/17/2021 20:40,0,-1
6/17/2021 20:45,0,-1
6/17/2021 20:50,0,-1
6/17/2021 20:55,0,-1
6/17/2021 21:00,0,-1
6/17/2021 21:05,0,-1
6/17/2021 21:10,0,-1
6/17/2021 21:15,0,-1
6/17/2021 21:20,0,-1
6/17/2021 21:25,0,-1
6/17/2021 21:30,0,-1
6/17/2021 21:35,0,-1
6/17/2021 21:40,0,-1
6/17/2021 21:45,0,-1
6/17/2021 21:50,0,-1
6/17/2021 21:55,0,-1
6/17/2021 22:00,0,-1
6/17/2021 22:05,0,-1
6/17/2021 22:10,0,-1
6/17/2021 22:15,0,-1
6/17/2021 22:20,0,-1
6/17/2021 22:25,0,-1
6/17/2021 22:30,0,-1
6/17/2021 22:35,0,-1
6/17/2021 22:40,0,-1
6/17/2021 22:45,0,-1
6/17/2021 22:50,0,-1
6/17/2021 22:55,0,-1
6/17/2021 23:00,0,-1
6/17/2021 23:05,0,-1
6/17/2021 23:10,0,-1
6/17/2021 23:15,0,-1
6/17/2021 23:20,0,-1
6/17/2021 23:25,0,-1
6/17/2021 23:30,0,-1
6/17/2021 23:35,0,-1
6/17/2021 23:40,0,-1
6/17/2021 23:45,0,-1
6/17/2021 23:50,0,-1
6/17/2021 23:55,0,-1
6/18/2021 0:00,0,-1
6/18/2021 0:05,0,-1
6/18/2021 0:10,0,-1
6/18/2021 0:15,0,-1
6/18/2021 0:20,0,-1
6/18/2021 0:25,0,-1
6/18/2021 0:30,0,-1
6/18/2021 0:35,0,-1
6/18/2021 0:40,0,-1
6/18/2021 0:45,0,-1
6/18/2021 0:50,0,-1
6/18/2021 0:55,0,-1
6/18/2021 1:00,0,-1
6/18/2021 1:05,0,-1
6/18/2021 1:10,0,-1
6/18/2021 1:15,0,-1
6/18/2021 1:20,0,-1
6/18/2021 1:25,0,-1
6/18/2021 1:30,0,-1
6/18/2021 1:35,0,-1
6/18/2021 1:40,0,-1
6/18/2021 1:45,0,-1
6/18/2021 1:50,0,-1
6/18/2021 1:55,0,-1
6/18/2021 2:00,0,-1
6/18/2021 2:05,0,-1
6/18/2021 2:10,0,-1
6/18/2021 2:15,0,-1
6/18/2021 2:20,0,-1
6/18/2021 2:25,0,-1
6/18/2021 2:30,0,-1
6/18/2021 2:35,0,-1
6/18/2021 2:40,0,-1
6/18/2021 2:45,0,-1
6/18/2021 2:50,0,-1
6/18/2021 2:55,0,-1
6/18/2021 3:00,0,-1
6/18/2021 3:05,0,-1
6/18/2021 3:10,0,-1
6/18/2021 3:15,0,-1
6/18/2021 3:20,0,-1
6/18/2021 3:25,0,-1
6/18/2021 3:30,0,-1
6/18/2021 3:35,0,-1
6/18/2021 3:40,0,-1
6/18/2021 3:45,0,-1
6/18/2021 3:50,0,-1
6/18/2021 3:55,0,-1
6/18/2021 4:00,0,-1
6/18/2021 4:05,0,-1
6/18/2021 4:10,0,-1
6/18/2021 4:15,0,-1
6/18/2021 4:20,0,-1
6/18/2021 4:25,0,-1
6/18/2021 4:30,0,-1
6/18/2021 4:35,0,-1
6/18/2021 4:40,0,-1
6/18/2021 4:45,0,-1
6/18/2021 4:50,0,-1
6/18/2021 4:55,0,-1
6/18/2021 5:00,0,-1
6/18/2021 5:05,0,-1
6/18/2021 5:10,0,-1
6/18/2021 5:15,0,-1
6/18/2021 5:20,0,-1
6/18/2021 5:25,0,-1
6/18/2021 5:30,0,-1
6/18/2021 5:35,0,-1
6/18/2021 5:40,0,-1
6/18/2021 5:45,0,-1
6/18/2021 5:50,0,-1
6/18/2021 5:55,0,-1
6/18/2021 6:00,0,-1
6/18/2021 6:05,0,-1
6/18/2021 6:10,0,-1
6/18/2021 6:15,0,-1
6/18/2021 6:20,0,-1
6/18/2021 6:25,0,-1
6/18/2021 6:30,0,-1
6/18/2021 6:35,0,-1
6/18/2021 6:40,0,-1
6/18/2021 6:45,0,-1
6/18/2021 6:50,0,-1
6/18/2021 6:55,0,-1
6/18/2021 7:00,0,-1
6/18/2021 7:05,0,-1
6/18/2021 7:10,0,-1
6/18/2021 7:15,0,-1
6/18/2021 7:20,0,-1
6/18/2021 7:25,0,-1
6/18/2021 7:30,0,-1
6/18/2021 7:35,0,-1
6/18/2021 7:40,0,-1
6/18/2021 7:45,0,-1
6/18/2021 7:50,0,-1
6/18/2021 7:55,0,-1
6/18/2021 8:00,0,-1
6/18/2021 8:05,0,-1
6/18/2021 8:10,0,-1
6/18/2021 8:15,0,-1
6/18/2021 8:20,0,-1
6/18/2021 8:25,0,-1
6/18/2021 8:30,0,-1
6/18/2021 8:35,0,-1
6/18/2021 8:40,0,-1
6/18/2021 8:45,0,-1
6/18/2021 8:50,0,-1
6/18/2021 8:55,0,-1
6/18/2021 9:00,0,-1
6/18/2021 9:05,0,-1
6/18/2021 9:10,0,-1
6/18/2021 9:15,0,-1
6/18/2021 9:20,0,-1
6/18/2021 9:25,0,-1
6/18/2021 9:30,0,-1
6/18/2021 9:35,0,-1
6/18/2021 9:40,0,-1
6/18/2021 9:45,0,-1
6/18/2021 9:50,0,-1
6/18/2021 9:55,0,-1
6/18/2021 10:00,0,-1
6/18/2021 10:05,0,-1
6/18/2021 10:10,0,-1
6/18/2021 10:15,0,-1
6/18/2021 10:20,0,-1
6/18/2021 10:25,0,-1
6/18/2021 10:30,0,-1
6/18/2021 10:35,0,-1
6/18/2021 10:40,0,-1
6/18/2021 10:45,0,-1
6/18/2021 10:50,0,-1
6/18/2021 10:55,0,-1
6/18/2021 11:00,0,-1
6/18/2021 11:05,0,-1
6/18/2021 11:10,0,-1
6/18/2021 11:15,0,-1
6/18/2021 11:20,0,-1
6/18/2021 11:25,0,-1
6/18/2021 11:30,0,-1
6/18/2021 11:35,0,-1
6/18/2021 11:40,0,-1
6/18/2021 11:45,0,-1
6/18/2021 11:50,0,-1
6/18/2021 11:55,0,-1
6/18/2021 12:00,0,-1
6/18/2021 12:05,0,-1
6/18/2021 12:10,0,-1
6/18/2021 12:15,0,-1
6/18/2021 12:20,0,-1
6/18/2021 12:25,0,-1
6/18/2021 12:30,0,-1
6/18/2021 12:35,0,-1
6/18/2021 12:40,0,-1
6/18/2021 12:45,0,-1
6/18/2021 12:50,0,-1
6/18/2021 12:55,0,-1
6/18/2021 13:00,0,-1
6/18/2021 13:05,0,-1
6/18/2021 13:10,0,-1
6/18/2021 13:15,0,-1
6/18/2021 13:20,0,-1
6/18/2021 13:25,0,-1
6/18/2021 13:30,0,-1
6/18/2021 13:35,0,-1
6/18/2021 13:40,0,-1
6/18/2021 13:45,0,-1
6/18/2021 13:50,0,-1
6/18/2021 13:55,0,-1
6/18/2021 14:00,0,-1
6/18/2021 14:05,0,-1
6/18/2021 14:10,0,-1
6/18/2021 14:15,0,-1
6/18/2021 14:20,0,-1
6/18/2021 14:25,0,-1
6/18/2021 14:30,0,-1
6/18/2021 14:35,0,-1
6/18/2021 14:40,0,-1
6/18/2021 14:45,0,-1
6/18/2021 14:50,0,-1
6/18/2021 14:55,0,-1
6/18/2021 15:00,0,-1
6/18/2021 15:05,0,-1
6/18/2021 15:10,0,-1
6/18/2021 15:15,0,-1
6/18/2021 15:20,0,-1
6/18/2021 15:25,0,-1
6/18/2021 15:30,0,-1
6/18/2021 15:35,0,-1
6/18/2021 15:40,0,-1
6/18/2021 15:45,0,-1
6/18/2021 15:50,0,-1
6/18/2021 15:55,0,-1
6/18/2021 16:00,0,-1
6/18/2021 16:05,0,-1
6/18/2021 16:10,0,-1
6/18/2021 16:15,0,-1
6/18/2021 16:20,0,-1
6/18/2021 16:25,0,-1
6/18/2021 16:30,0,-1
6/18/2021 16:35,0,-1
6/18/2021 16:40,0,-1
6/18/2021 16:45,0,-1
6/18/2021 16:50,0,-1
6/18/2021 16:55,0,-1
6/18/2021 17:00,0,-1
6/18/2021 17:05,0,-1
6/18/2021 17:10,0,-1
6/18/2021 17:15,0,-1
6/18/2021 17:20,0,-1
6/18/2021 17:25,0,-1
6/18/2021 17:30,0,-1
6/18/2021 17:35,0,-1
6/18/2021 17:40,0,-1
6/18/2021 17:45,0,-1
6/18/2021 17:50,0,-1
6/18/2021 17:55,0,-1
6/18/2021 18:00,0,-1
6/18/2021 18:05,0,-1
6/18/2021 18:10,0,-1
6/18/2021 18:15,0,-1
6/18/2021 18:20,0,-1
6/18/2021 18:25,0,-1
6/18/2021 18:30,0,-1
6/18/2021 18:35,0,-1
6/18/2021 18:40,0,-1
6/18/2021 18:45,0,-1
6/18/2021 18:50,0,-1
6/18/2021 18:55,0,-1
6/18/2021 19:00,0,-1
6/18/2021 19:05,0,-1
6/18/2021 19:10,0,-1
6/18/2021 19:15,0,-1
6/18/2021 19:20,0,-1
6/18/2021 19:25,0,-1
6/18/2021 19:30,0,-1
6/18/2021 19:35,0,-1
6/18/2021 19:40,0,-1
6/18/2021 19:45,0,-1
6/18/2021 19:50,0,-1
6/18/2021 19:55,0,-1
6/18/2021 20:00,0,-1
6/18/2021 20:05,0,-1
6/18/2021 20:10,0,-1
6/18/2021 20:15,0,-1
6/18/2021 20:20,0,-1
6/18/2021 20:25,0,-1
6/18/2021 20:30,0,-1
6/18/2021 20:35,0,-1
6/18/2021 20:40,0,-1
6/18/2021 20:45,0,-1
6/18/2021 20:50,0,-1
6/18/2021 20:55,0,-1
6/18/2021 21:00,0,-1
6/18/2021 21:05,0,-1
6/18/2021 21:10,0,-1
6/18/2021 21:15,0,-1
6/18/2021 21:20,0,-1
6/18/2021 21:25,0,-1
6/18/2021 21:30,0,-1
6/18/2021 21:35,0,-1
6/18/2021 21:40,0,-1
6/18/2021 21:45,0,-1
6/18/2021 21:50,0,-1
6/18/2021 21:55,0,-1
6/18/2021 22:00,0,-1
6/18/2021 22:05,0,-1
6/18/2021 22:10,0,-1
6/18/2021 22:15,0,-1
6/18/2021 22:20,0,-1
6/18/2021 22:25,0,-1
6/18/2021 22:30,0,-1
6/18/2021 22:35,0,-1
6/18/2021 22:40,0,-1
6/18/2021 22:45,0,-1
6/18/2021 22:50,0,-1
6/18/2021 22:55,0,-1
6/18/2021 23:00,0,-1
6/18/2021 23:05,0,-1
6/18/2021 23:10,0,-1
6/18/2021 23:15,0,-1
6/18/2021 23:20,0,-1
6/18/2021 23:25,0,-1
6/18/2021 23:30,0,-1
6/18/2021 23:35,0,-1
6/18/2021 23:40,0,-1
6/18/2021 23:45,0,-1
6/18/2021 23:50,0,-1
6/18/2021 23:55,0,-1
6/19/2021 0:00,0,-1
6/19/2021 0:05,0,-1
6/19/2021 0:10,0,-1
6/19/2021 0:15,0,-1
6/19/2021 0:20,0,-1
6/19/2021 0:25,0,-1
6/19/2021 0:30,0,-1
6/19/2021 0:35,0,-1
6/19/2021 0:40,0,-1
6/19/2021 0:45,0,-1
6/19/2021 0:50,0,-1
6/19/2021 0:55,0,-1
6/19/2021 1:00,0,-1
6/19/2021 1:05,0,-1
6/19/2021 1:10,0,-1
6/19/2021 1:15,0,-1
6/19/2021 1:20,0,-1
6/19/2021 1:25,0,-1
6/19/2021 1:30,0,-1
6/19/2021 1:35,0,-1
6/19/2021 1:40,0,-1
6/19/2021 1:45,0,-1
6/19/2021 1:50,0,-1
6/19/2021 1:55,0,-1
6/19/2021 2:00,0,-1
6/19/2021 2:05,0,-1
6/19/2021 2:10,0,-1
6/19/2021 2:15,0,-1
6/19/2021 2:20,0,-1
6/19/2021 2:25,0,-1
6/19/2021 2:30,0,-1
6/19/2021 2:35,0,-1
6/19/2021 2:40,0,-1
6/19/2021 2:45,0,-1
6/19/2021 2:50,0,-1
6/19/2021 2:55,0,-1
6/19/2021 3:00,0,-1
6/19/2021 3:05,0,-1
6/19/2021 3:10,0,-1
6/19/2021 3:15,0,-1
6/19/2021 3:20,0,-1
6/19/2021 3:25,0,-1
6/19/2021 3:30,0,-1
6/19/2021 3:35,0,-1
6/19/2021 3:40,0,-1
6/19/2021 3:45,0,-1
6/19/2021 3:50,0,-1
6/19/2021 3:55,0,-1
6/19/2021 4:00,0,-1
6/19/2021 4:05,0,-1
6/19/2021 4:10,0,-1
6/19/2021 4:15,0,-1
6/19/2021 4:20,0,-1
6/19/2021 4:25,0,-1
6/19/2021 4:30,0,-1
6/19/2021 4:35,0,-1
6/19/2021 4:40,0,-1
6/19/2021 4:45,0,-1
6/19/2021 4:50,0,-1
6/19/2021 4:55,0,-1
6/19/2021 5:00,0,-1
6/19/2021 5:05,0,-1
6/19/2021 5:10,0,-1
6/19/2021 5:15,0,-1
6/19/2021 5:20,0,-1
6/19/2021 5:25,0,-1
6/19/2021 5:30,0,-1
6/19/2021 5:35,0,-1
6/19/2021 5:40,0,-1
6/19/2021 5:45,0,-1
6/19/2021 5:50,0,-1
6/19/2021 5:55,0,-1
6/19/2021 6:00,0,-1
6/19/2021 6:05,0,-1
6/19/2021 6:10,0,-1
6/19/2021 6:15,0,-1
6/19/2021 6:20,0,-1
6/19/2021 6:25,0,-1
6/19/2021 6:30,0,-1
6/19/2021 6:35,0,-1
6/19/2021 6:40,0,-1
6/19/2021 6:45,0,-1
6/19/2021 6:50,0,-1
6/19/2021 6:55,0,-1
6/19/2021 7:00,0,-1
6/19/2021 7:05,0,-1
6/19/2021 7:10,0,-1
6/19/2021 7:15,0,-1
6/19/2021 7:20,0,-1
6/19/2021 7:25,0,-1
6/19/2021 7:30,0,-1
6/19/2021 7:35,0,-1
6/19/2021 7:40,0,-1
6/19/2021 7:45,0,-1
6/19/2021 7:50,0,-1
6/19/2021 7:55,0,-1
6/19/2021 8:00,0,-1
6/19/2021 8:05,0,-1
6/19/2021 8:10,0,-1
6/19/2021 8:15,0,-1
6/19/2021 8:20,0,-1
6/19/2021 8:25,0,-1
6/19/2021 8:30,0,-1
6/19/2021 8:35,0,-1
6/19/2021 8:40,0,-1
6/19/2021 8:45,0,-1
6/19/2021 8:50,0,-1
6/19/2021 8:55,0,-1
6/19/2021 9:00,0,-1
6/19/2021 9:05,0,-1
6/19/2021 9:10,0,-1
6/19/2021 9:15,0,-1
6/19/2021 9:20,0,-1
6/19/2021 9:25,0,-1
6/19/2021 9:30,0,-1
6/19/2021 9:35,0,-1
6/19/2021 9:40,0,-1
6/19/2021 9:45,0,-1
6/19/2021 9:50,0,-1
6/19/2021 9:55,0,-1
6/19/2021 10:00,0,-1
6/19/2021 10:05,0,-1
6/19/2021 10:10,0,-1
6/19/2021 10:15,0,-1
6/19/2021 10:20,0,-1
6/19/2021 10:25,0,-1
6/19/2021 10:30,0,-1
6/19/2021 10:35,0,-1
6/19/2021 10:40,0,-1
6/19/2021 10:45,0,-1
6/19/2021 10:50,0,-1
6/19/2021 10:55,0,-1
6/19/2021 11:00,0,-1
6/19/2021 11:05,0,-1
6/19/2021 11:10,0,-1
6/19/2021 11:15,0,-1
6/19/2021 11:20,0,-1
6/19/2021 11:25,0,-1
6/19/2021 11:30,0,-1
6/19/2021 11:35,0,-1
6/19/2021 11:40,0,-1
6/19/2021 11:45,0,-1
6/19/2021 11:50,0,-1
6/19/2021 11:55,0,-1
6/19/2021 12:00,0,-1
6/19/2021 12:05,0,-1
6/19/2021 12:10,0,-1
6/19/2021 12:15,0,-1
6/19/2021 12:20,0,-1
6/19/2021 12:25,0,-1
6/19/2021 12:30,0,-1
6/19/2021 12:35,0,-1
6/19/2021 12:40,0,-1
6/19/2021 12:45,0,-1
6/19/2021 12:50,0,-1
6/19/2021 12:55,0,-1
6/19/2021 13:00,0,-1
6/19/2021 13:05,0,-1
6/19/2021 13:10,0,-1
6/19/2021 13:15,0,-1
6/19/2021 13:20,0,-1
6/19/2021 13:25,0,-1
6/19/2021 13:30,0,-1
6/19/2021 13:35,0,-1
6/19/2021 13:40,0,-1
6/19/2021 13:45,0,-1
6/19/2021 13:50,0,-1
6/19/2021 13:55,0,-1
6/19/2021 14:00,0,-1
6/19/2021 14:05,0,-1
6/19/2021 14:10,0,-1
6/19/2021 14:15,0,-1
6/19/2021 14:20,0,-1
6/19/2021 14:25,0,-1
6/19/2021 14:30,0,-1
6/19/2021 14:35,0,-1
6/19/2021 14:40,0,-1
6/19/2021 14:45,0,-1
6/19/2021 14:50,0,-1
6/19/2021 14:55,0,-1
6/19/2021 15:00,0,-1
6/19/2021 15:05,0,-1
6/19/2021 15:10,0,-1
6/19/2021 15:15,0,-1
6/19/2021 15:20,0,-1
6/19/2021 15:25,0,-1
6/19/2021 15:30,0,-1
6/19/2021 15:35,0,-1
6/19/2021 15:40,0,-1
6/19/2021 15:45,0,-1
6/19/2021 15:50,0,-1
6/19/2021 15:55,0,-1
6/19/2021 16:00,0,-1
6/19/2021 16:05,0,-1
6/19/2021 16:10,0,-1
6/19/2021 16:15,0,-1
6/19/2021 16:20,0,-1
6/19/2021 16:25,0,-1
6/19/2021 16:30,0,-1
6/19/2021 16:35,0,-1
6/19/2021 16:40,0,-1
6/19/2021 16:45,0,-1
6/19/2021 16:50,0,-1
6/19/2021 16:55,0,-1
6/19/2021 17:00,0,-1
6/19/2021 17:05,0,-1
6/19/2021 17:10,0,-1
6/19/2021 17:15,0,-1
6/19/2021 17:20,0,-1
6/19/2021 17:25,0,-1
6/19/2021 17:30,0,-1
6/19/2021 17:35,0,-1
6/19/2021 17:40,0,-1
6/19/2021 17:45,0,-1
6/19/2021 17:50,0,-1
6/19/2021 17:55,0,-1
6/19/2021 18:00,0,-1
6/19/2021 18:05,0,-1
6/19/2021 18:10,0,-1
6/19/2021 18:15,0,-1
6/19/2021 18:20,0,-1
6/19/2021 18:25,0,-1
6/19/2021 18:30,0,-1
6/19/2021 18:35,0,-1
6/19/2021 18:40,0,-1
6/19/2021 18:45,0,-1
6/19/2021 18:50,0,-1
6/19/2021 18:55,0,-1
6/19/2021 19:00,0,-1
6/19/2021 19:05,0,-1
6/19/2021 19:10,0,-1
6/19/2021 19:15,0,-1
6/19/2021 19:20,0,-1
6/19/2021 19:25,0,-1
6/19/2021 19:30,0,-1
6/19/2021 19:35,0,-1
6/19/2021 19:40,0,-1
6/19/2021 19:45,0,-1
6/19/2021 19:50,0,-1
6/19/2021 19:55,0,-1
6/19/2021 20:00,0,-1
6/19/2021 20:05,0,-1
6/19/2021 20:10,0,-1
6/19/2021 20:15,0,-1
6/19/2021 20:20,0,-1
6/19/2021 20:25,0,-1
6/19/2021 20:30,0,-1
6/19/2021 20:35,0,-1
6/19/2021 20:40,0,-1
6/19/2021 20:45,0,-1
6/19/2021 20:50,0,-1
6/19/2021 20:55,0,-1
6/19/2021 21:00,0,-1
6/19/2021 21:05,0,-1
6/19/2021 21:10,0,-1
6/19/2021 21:15,0,-1
6/19/2021 21:20,0,-1
6/19/2021 21:25,0,-1
6/19/2021 21:30,0,-1
6/19/2021 21:35,0,-1
6/19/2021 21:40,0,-1
6/19/2021 21:45,0,-1
6/19/2021 21:50,0,-1
6/19/2021 21:55,0,-1
6/19/2021 22:00,0,-1
6/19/2021 22:05,0,-1
6/19/2021 22:10,0,-1
6/19/2021 22:15,0,-1
6/19/2021 22:20,0,-1
6/19/2021 22:25,0,-1
6/19/2021 22:30,0,-1
6/19/2021 22:35,0,-1
6/19/2021 22:40,0,-1
6/19/2021 22:45,0,-1
6/19/2021 22:50,0,-1
6/19/2021 22:55,0,-1
6/19/2021 23:00,0,-1
6/19/2021 23:05,0,-1
6/19/2021 23:10,0,-1
6/19/2021 23:15,0,-1
6/19/2021 23:20,0,-1
6/19/2021 23:25,0,-1
6/19/2021 23:30,0,-1
6/19/2021 23:35,0,-1
6/19/2021 23:40,0,-1
6/19/2021 23:45,0,-1
6/19/2021 23:50,0,-1
6/19/2021 23:55,0,-1
6/20/2021 0:00,0,-1
6/20/2021 0:05,0,-1
6/20/2021 0:10,0,-1
6/20/2021 0:15,0,-1
6/20/2021 0:20,0,-1
6/20/2021 0:25,0,-1
6/20/2021 0:30,0,-1
6/20/2021 0:35,0,-1
6/20/2021 0:40,0,-1
6/20/2021 0:45,0,-1
6/20/2021 0:50,0,-1
6/20/2021 0:55,0,-1
6/20/2021 1:00,0,-1
6/20/2021 1:05,0,-1
6/20/2021 1:10,0,-1
6/20/2021 1:15,0,-1
6/20/2021 1:20,0,-1
6/20/2021 1:25,0,-1
6/20/2021 1:30,0,-1
6/20/2021 1:35,0,-1
6/20/2021 1:40,0,-1
6/20/2021 1:45,0,-1
6/20/2021 1:50,0,-1
6/20/2021 1:55,0,-1
6/20/2021 2:00,0,-1
6/20/2021 2:05,0,-1
6/20/2021 2:10,0,-1
6/20/2021 2:15,0,-1
6/20/2021 2:20,0,-1
6/20/2021 2:25,0,-1
6/20/2021 2:30,0,-1
6/20/2021 2:35,0,-1
6/20/2021 2:40,0,-1
6/20/2021 2:45,0,-1
6/20/2021 2:50,0,-1
6/20/2021 2:55,0,-1
6/20/2021 3:00,0,-1
6/20/2021 3:05,0,-1
6/20/2021 3:10,0,-1
6/20/2021 3:15,0,-1
6/20/2021 3:20,0,-1
6/20/2021 3:25,0,-1
6/20/2021 3:30,0,-1
6/20/2021 3:35,0,-1
6/20/2021 3:40,0,-1
6/20/2021 3:45,0,-1
6/20/2021 3:50,0,-1
6/20/2021 3:55,0,-1
6/20/2021 4:00,0,-1
6/20/2021 4:05,0,-1
6/20/2021 4:10,0,-1
6/20/2021 4:15,0,-1
6/20/2021 4:20,0,-1
6/20/2021 4:25,0,-1
6/20/2021 4:30,0,-1
6/20/2021 4:35,0,-1
6/20/2021 4:40,0,-1
6/20/2021 4:45,0,-1
6/20/2021 4:50,0,-1
6/20/2021 4:55,0.8440615,0.1660562
6/20/2021 5:00,1.006523,0.08058608
6/20/2021 5:05,1.010215,0.07570208
6/20/2021 5:10,0.996923,0.05982906
6/20/2021 5:15,1.002092,0.04884005
6/20/2021 5:20,1.000615,0.04395605
6/20/2021 5:25,1.001354,0.04151404
6/20/2021 5:30,0.996923,0.03785104
6/20/2021 5:35,0.9932307,0.03663004
6/20/2021 5:40,1.001354,0.03418804
6/20/2021 5:45,0.9947076,0.03296703
6/20/2021 5:50,0.9902769,0.03174603
6/20/2021 5:55,0.9924923,0.03052503
6/20/2021 6:00,0.9932307,0.02930403
6/20/2021 6:05,0.987323,0.02808303
6/20/2021 6:10,0.9932307,0.02808303
6/20/2021 6:15,0.9961846,0.02808303
6/20/2021 6:20,0.9924923,0.02808303
6/20/2021 6:25,0.9910154,0.02686203
6/20/2021 6:30,0.9888,0.02686203
6/20/2021 6:35,0.9991384,0.02564103
6/20/2021 6:40,0.996923,0.02564103
6/20/2021 6:45,0.9932307,0.02564103
6/20/2021 6:50,0.9947076,0.02564103
6/20/2021 6:55,0.9888,0.02564103
6/20/2021 7:00,0.9947076,0.02564103
6/20/2021 7:05,0.9888,0.02564103
6/20/2021 7:10,0.9902769,0.02564103
6/20/2021 7:15,0.9895384,0.02564103
6/20/2021 7:20,0.9851077,0.02564103
6/20/2021 7:25,0.9865846,0.02564103
6/20/2021 7:30,0.9858461,0.02564103
6/20/2021 7:35,0.9902769,0.02564103
6/20/2021 7:40,0.9910154,0.02564103
6/20/2021 7:45,0.9902769,0.02564103
6/20/2021 7:50,0.9917538,0.02564103
6/20/2021 7:55,0.9902769,0.02442002
6/20/2021 8:00,0.9939692,0.02442002
6/20/2021 8:05,0.9895384,0.02442002
6/20/2021 8:10,0.987323,0.02442002
6/20/2021 8:15,0.9888,0.02442002
6/20/2021 8:20,0.9888,0.02442002
6/20/2021 8:25,0.987323,0.02442002
6/20/2021 8:30,0.9932307,0.02442002
6/20/2021 8:35,0.9851077,0.02442002
6/20/2021 8:40,0.9858461,0.02442002
6/20/2021 8:45,0.9836308,0.02442002
6/20/2021 8:50,0.9821538,0.02442002
6/20/2021 8:55,0.9902769,0.02442002
6/20/2021 9:00,0.9851077,0.02442002
6/20/2021 9:05,0.9851077,0.02442002
6/20/2021 9:10,0.9888,0.02442002
6/20/2021 9:15,0.9961846,0.02442002
6/20/2021 9:20,0.9932307,0.02442002
6/20/2021 9:25,0.9902769,0.02442002
6/20/2021 9:30,0.9939692,0.02442002
6/20/2021 9:35,0.9910154,0.02442002
6/20/2021 9:40,0.9888,0.02442002
6/20/2021 9:45,0.9865846,0.02442002
6/20/2021 9:50,0.9910154,0.02442002
6/20/2021 9:55,0.9939692,0.02442002
6/20/2021 10:00,0.9947076,0.02442002
6/20/2021 10:05,0.9984,0.02442002
6/20/2021 10:10,1.001354,0.02442002
6/20/2021 10:15,0.9947076,0.02442002
6/20/2021 10:20,0.9991384,0.02442002
6/20/2021 10:25,1.002831,0.02442002
6/20/2021 10:30,1.001354,0.02442002
6/20/2021 10:35,0.9998769,0.02442002
6/20/2021 10:40,0.9991384,0.02442002
6/20/2021 10:45,1.002092,0.02442002
6/20/2021 10:50,0.996923,0.02442002
6/20/2021 10:55,0.996923,0.02442002
6/20/2021 11:00,1.002092,0.02442002
6/20/2021 11:05,0.996923,0.02442002
6/20/2021 11:10,1.002092,0.02442002
6/20/2021 11:15,0.9961846,0.02442002
6/20/2021 11:20,1.004308,0.02442002
6/20/2021 11:25,0.9851077,0.02442002
6/20/2021 11:30,0.9998769,0.02442002
6/20/2021 11:35,0.996923,0.02442002
6/20/2021 11:40,1.005785,0.02442002
6/20/2021 11:45,0.996923,0.02442002
6/20/2021 11:50,1.005046,0.02442002
6/20/2021 11:55,0.9984,0.02442002
6/20/2021 12:00,1.001354,0.02564103
6/20/2021 12:05,1.003569,0.02442002
6/20/2021 12:10,1.005785,0.02442002
6/20/2021 12:15,1.002092,0.02442002
6/20/2021 12:20,1.009477,0.02442002
6/20/2021 12:25,0.9991384,0.02442002
6/20/2021 12:30,1.008738,0.02442002
6/20/2021 12:35,1.011692,0.02442002
6/20/2021 12:40,1.009477,0.02442002
6/20/2021 12:45,0.9998769,0.02442002
6/20/2021 12:50,1.009477,0.02442002
6/20/2021 12:55,0.9998769,0.02442002
6/20/2021 13:00,1.002092,0.02442002
6/20/2021 13:05,1.010954,0.02442002
6/20/2021 13:10,1.014646,0.02442002
6/20/2021 13:15,1.016123,0.02442002
6/20/2021 13:20,1.005785,0.02442002
6/20/2021 13:25,1.008,0.02442002
6/20/2021 13:30,1.022031,0.02564103
6/20/2021 13:35,0.9998769,0.02564103
6/20/2021 13:40,1.016123,0.02564103
6/20/2021 13:45,1.006523,0.02564103
6/20/2021 13:50,1.007262,0.02564103
6/20/2021 13:55,1.013908,0.02564103
6/20/2021 14:00,1.002831,0.02564103
6/20/2021 14:05,1.010215,0.02564103
6/20/2021 14:10,1.009477,0.02564103
6/20/2021 14:15,0.9998769,0.02564103
6/20/2021 14:20,1.004308,0.02564103
6/20/2021 14:25,1.002092,0.02564103
6/20/2021 14:30,1.005046,0.02564103
6/20/2021 14:35,1.006523,0.02564103
6/20/2021 14:40,0.8588307,0.02564103
6/20/2021 14:45,0.9090461,0.02564103
6/20/2021 14:50,0.9105231,0.02564103
6/20/2021 14:55,0.912,0.02564103
6/20/2021 15:00,0.9127384,0.02564103
6/20/2021 15:05,0.9134769,0.02564103
6/20/2021 15:10,0.9164308,0.02686203
6/20/2021 15:15,0.9164308,0.02564103
6/20/2021 15:20,0.9009231,0.02564103
6/20/2021 15:25,0.9001846,0.02564103
6/20/2021 15:30,0.9038769,0.02564103
6/20/2021 15:35,0.9083077,0.02564103
6/20/2021 15:40,0.9001846,0.02564103
6/20/2021 15:45,0.9016615,0.02808303
6/20/2021 15:50,0.9038769,0.02564103
6/20/2021 15:55,0.9083077,0.02564103
6/20/2021 16:00,0.9060923,0.02564103
6/20/2021 16:05,0.9164308,0.02564103
6/20/2021 16:10,0.9060923,0.02564103
6/20/2021 16:15,0.9075692,0.02564103
6/20/2021 16:20,0.912,0.02564103
6/20/2021 16:25,0.9083077,0.02564103
6/20/2021 16:30,0.9038769,0.02564103
6/20/2021 16:35,0.9031384,0.02564103
6/20/2021 16:40,0.9127384,0.02564103
6/20/2021 16:45,0.9090461,0.02564103
6/20/2021 16:50,0.920123,0.02564103
6/20/2021 16:55,0.9223384,0.02564103
6/20/2021 17:00,0.9171692,0.02564103
6/20/2021 17:05,0.9186462,0.02564103
6/20/2021 17:10,0.920123,0.02564103
6/20/2021 17:15,0.9024,0.02564103
6/20/2021 17:20,0.8950154,0.02564103
6/20/2021 17:25,0.9009231,0.02564103
6/20/2021 17:30,0.9024,0.02564103
6/20/2021 17:35,0.8972307,0.02564103
6/20/2021 17:40,0.8994461,0.02564103
6/20/2021 17:45,0.8942769,0.02564103
6/20/2021 17:50,0.8950154,0.02564103
6/20/2021 17:55,0.9060923,0.02564103
6/20/2021 18:00,0.9016615,0.02564103
6/20/2021 18:05,0.8972307,0.02564103
6/20/2021 18:10,0.8861538,0.02564103
6/20/2021 18:15,0.9009231,0.02564103
6/20/2021 18:20,0.8957538,0.02564103
6/20/2021 18:25,0.8891077,0.02564103
6/20/2021 18:30,0.9001846,0.02564103
6/20/2021 18:35,0.8883692,0.02564103
6/20/2021 18:40,0.8964923,0.02564103
6/20/2021 18:45,0.8987077,0.02564103
6/20/2021 18:50,0.8972307,0.02564103
6/20/2021 18:55,0.8913231,0.02564103
6/20/2021 19:00,0.8979692,0.02564103
6/20/2021 19:05,1.006523,0.02564103
6/20/2021 19:10,1.022031,0.02564103
6/20/2021 19:15,1.016123,0.02564103
6/20/2021 19:20,0.9696,0.02564103
6/20/2021 19:25,0.9540923,0.02564103
6/20/2021 19:30,1.024985,0.02564103
6/20/2021 19:35,1.023508,0.02564103
6/20/2021 19:40,0.9334154,0.02564103
6/20/2021 19:45,1.002831,0.02564103
6/20/2021 19:50,1.018338,0.02564103
6/20/2021 19:55,0.9607384,0.02564103
6/20/2021 20:00,0.9614769,0.02564103
6/20/2021 20:05,0.96,0.02564103
6/20/2021 20:10,1.013169,0.02564103
6/20/2021 20:15,1.009477,0.02564103
6/20/2021 20:20,1.0176,0.02564103
6/20/2021 20:25,1.013908,0.02564103
6/20/2021 20:30,1.002092,0.02564103
6/20/2021 20:35,1.0176,0.02564103
6/20/2021 20:40,1.008,0.02564103
6/20/2021 20:45,1.007262,0.02564103
6/20/2021 20:50,1.015385,0.02564103
6/20/2021 20:55,1.014646,0.02564103
6/20/2021 21:00,1.010954,0.02564103
6/20/2021 21:05,1.015385,0.02564103
6/20/2021 21:10,1.014646,0.02564103
6/20/2021 21:15,1.008738,0.02564103
6/20/2021 21:20,1.006523,0.02564103
6/20/2021 21:25,1.016123,0.02564103
6/20/2021 21:30,1.015385,0.02564103
6/20/2021 21:35,1.0176,0.02564103
6/20/2021 21:40,1.015385,0.02564103
6/20/2021 21:45,1.004308,0.02564103
6/20/2021 21:50,1.013908,0.02564103
6/20/2021 21:55,1.018338,0.02564103
6/20/2021 22:00,1.021292,0.02564103
6/20/2021 22:05,1.015385,0.02564103
6/20/2021 22:10,1.024246,0.02564103
6/20/2021 22:15,0.9666461,0.02564103
6/20/2021 22:20,1.016123,0.02564103
6/20/2021 22:25,1.016123,0.02564103
6/20/2021 22:30,1.025723,0.02564103
6/20/2021 22:35,1.034585,0.02564103
6/20/2021 22:40,1.012431,0.02564103
6/20/2021 22:45,1.015385,0.02564103
6/20/2021 22:50,1.009477,0.02564103
6/20/2021 22:55,1.014646,0.02564103
6/20/2021 23:00,1.013908,0.02564103
6/20/2021 23:05,1.006523,0.02564103
6/20/2021 23:10,1.014646,0.02564103
6/20/2021 23:15,1.013908,0.02564103
6/20/2021 23:20,1.010954,0.02564103
6/20/2021 23:25,1.016123,0.02564103
6/20/2021 23:30,1.010954,0.02564103
6/20/2021 23:35,1.002831,0.02564103
6/20/2021 23:40,1.016123,0.02564103
6/20/2021 23:45,1.006523,0.02564103
6/20/2021 23:50,1.011692,0.02564103
6/20/2021 23:55,1.006523,0.02564103
6/21/2021 0:00,1.010215,0.02564103
6/21/2021 0:05,1.019077,0.02564103
6/21/2021 0:10,1.007262,0.02564103
6/21/2021 0:15,1.012431,0.02564103
6/21/2021 0:20,1.006523,0.02564103
6/21/2021 0:25,1.001354,0.02564103
6/21/2021 0:30,1.013169,0.02564103
6/21/2021 0:35,0.996923,0.02564103
6/21/2021 0:40,0.9998769,0.02564103
6/21/2021 0:45,1.001354,0.02564103
6/21/2021 0:50,0.9984,0.02564103
6/21/2021 0:55,0.9984,0.02564103
6/21/2021 1:00,0.996923,0.02564103
6/21/2021 1:05,1.000615,0.02564103
6/21/2021 1:10,0.9954461,0.02564103
6/21/2021 1:15,0.9932307,0.02564103
6/21/2021 1:20,0.9998769,0.02564103
6/21/2021 1:25,0.9858461,0.02564103
6/21/2021 1:30,0.9865846,0.02564103
6/21/2021 1:35,0.9814154,0.02564103
6/21/2021 1:40,0.9851077,0.02564103
6/21/2021 1:45,0.9806769,0.02564103
6/21/2021 1:50,0.9880615,0.02564103
6/21/2021 1:55,1.029415,0.02564103
6/21/2021 2:00,0.9784615,0.02564103
6/21/2021 2:05,0.9880615,0.02564103
6/21/2021 2:10,0.9851077,0.02564103
6/21/2021 2:15,0.9888,0.02564103
6/21/2021 2:20,0.9865846,0.02564103
6/21/2021 2:25,0.9836308,0.02564103
6/21/2021 2:30,0.9910154,0.02564103
6/21/2021 2:35,0.9932307,0.02564103
6/21/2021 2:40,0.987323,0.02564103
6/21/2021 2:45,0.9865846,0.02564103
6/21/2021 2:50,0.9888,0.02564103
6/21/2021 2:55,0.987323,0.02564103
6/21/2021 3:00,0.9865846,0.02564103
6/21/2021 3:05,0.9843692,0.02564103
6/21/2021 3:10,0.9725538,0.02564103
6/21/2021 3:15,1.011692,0.02564103
6/21/2021 3:20,1.008738,0.02564103
6/21/2021 3:25,1.008738,0.02564103
6/21/2021 3:30,1.012431,0.02564103
6/21/2021 3:35,1.009477,0.02564103
6/21/2021 3:40,1.004308,0.02564103
6/21/2021 3:45,0.9998769,0.02564103
6/21/2021 3:50,1.005046,0.02564103
6/21/2021 3:55,1.001354,0.02564103
6/21/2021 4:00,1.008,0.02564103
6/21/2021 4:05,0.9998769,0.02564103
6/21/2021 4:10,0.9991384,0.02564103
6/21/2021 4:15,0.9961846,0.02564103
6/21/2021 4:20,0.9976615,0.02564103
6/21/2021 4:25,1.005785,0.02564103
6/21/2021 4:30,0.9976615,0.02564103
6/21/2021 4:35,0.9998769,0.02564103
6/21/2021 4:40,0.9976615,0.02564103
6/21/2021 4:45,0.9991384,0.02564103
6/21/2021 4:50,0.9932307,0.02564103
6/21/2021 4:55,1.005785,0.02564103
6/21/2021 5:00,0.996923,0.02564103
6/21/2021 5:05,0.9954461,0.02564103
6/21/2021 5:10,1.005785,0.02564103
6/21/2021 5:15,0.9991384,0.02564103
6/21/2021 5:20,1.002092,0.02564103
6/21/2021 5:25,0.9984,0.02564103
6/21/2021 5:30,1.003569,0.02564103
6/21/2021 5:35,1.004308,0.02564103
6/21/2021 5:40,1.004308,0.02564103
6/21/2021 5:45,1.008,0.02564103
6/21/2021 5:50,0.9961846,0.02564103
6/21/2021 5:55,1.002831,0.02564103
6/21/2021 6:00,0.9984,0.02564103
6/21/2021 6:05,0.9888,0.02564103
6/21/2021 6:10,0.9947076,0.02564103
6/21/2021 6:15,0.9947076,0.02564103
6/21/2021 6:20,0.9858461,0.02564103
6/21/2021 6:25,0.9880615,0.02564103
6/21/2021 6:30,0.8972307,0.02564103
6/21/2021 6:35,0.9179077,0.02564103
6/21/2021 6:40,0.8735999,0.02564103
6/21/2021 6:45,0.9090461,0.02564103
6/21/2021 6:50,0.8979692,0.02564103
6/21/2021 6:55,0.8935384,0.02564103
6/21/2021 7:00,0.9024,0.02564103
6/21/2021 7:05,0.8950154,0.02564103
6/21/2021 7:10,0.8972307,0.02564103
6/21/2021 7:15,0.9024,0.02686203
6/21/2021 7:20,0.8972307,0.02564103
6/21/2021 7:25,0.9024,0.02564103
6/21/2021 7:30,0.8994461,0.02564103
6/21/2021 7:35,0.9009231,0.02564103
6/21/2021 7:40,0.8987077,0.02564103
6/21/2021 7:45,0.8994461,0.02564103
6/21/2021 7:50,0.9038769,0.02564103
6/21/2021 7:55,0.9024,0.02564103
6/21/2021 8:00,0.9031384,0.02564103
6/21/2021 8:05,0.9024,0.02564103
6/21/2021 8:10,0.9038769,0.02564103
6/21/2021 8:15,0.9112616,0.02564103
6/21/2021 8:20,0.9083077,0.02564103
6/21/2021 8:25,0.9038769,0.02564103
6/21/2021 8:30,0.9068307,0.02564103
6/21/2021 8:35,0.912,0.02564103
6/21/2021 8:40,0.9142154,0.02564103
6/21/2021 8:45,0.9068307,0.02564103
6/21/2021 8:50,0.9053538,0.02564103
6/21/2021 8:55,0.9090461,0.02564103
6/21/2021 9:00,0.9038769,0.02564103
6/21/2021 9:05,0.9009231,0.02564103
6/21/2021 9:10,0.8964923,0.02564103
6/21/2021 9:15,0.8994461,0.02564103
6/21/2021 9:20,0.9097846,0.02564103
6/21/2021 9:25,0.9105231,0.02564103
6/21/2021 9:30,0.9038769,0.02564103
6/21/2021 9:35,0.9090461,0.02564103
6/21/2021 9:40,0.9149538,0.02564103
6/21/2021 9:45,0.9105231,0.02564103
6/21/2021 9:50,0.9083077,0.02564103
6/21/2021 9:55,0.9083077,0.02564103
6/21/2021 10:00,0.9083077,0.02564103
6/21/2021 10:05,0.9112616,0.02564103
6/21/2021 10:10,0.9046153,0.02564103
6/21/2021 10:15,0.9171692,0.02564103
6/21/2021 10:20,0.9038769,0.02564103
6/21/2021 10:25,0.9208615,0.02564103
6/21/2021 10:30,0.9127384,0.02564103
6/21/2021 10:35,0.9046153,0.02564103
6/21/2021 10:40,0.9127384,0.02564103
6/21/2021 10:45,0.9171692,0.02564103
6/21/2021 10:50,0.9179077,0.02564103
6/21/2021 10:55,0.9193846,0.02564103
6/21/2021 11:00,0.9134769,0.02564103
6/21/2021 11:05,0.9186462,0.02564103
6/21/2021 11:10,0.8913231,0.02564103
6/21/2021 11:15,0.8964923,0.02564103
6/21/2021 11:20,0.8935384,0.02564103
6/21/2021 11:25,0.8972307,0.02564103
6/21/2021 11:30,0.8987077,0.02564103
6/21/2021 11:35,0.9024,0.02564103
6/21/2021 11:40,0.9038769,0.02564103
6/21/2021 11:45,0.8928,0.02564103
6/21/2021 11:50,0.8987077,0.02564103
6/21/2021 11:55,0.9009231,0.02564103
6/21/2021 12:00,0.9053538,0.02564103
6/21/2021 12:05,0.9090461,0.02564103
6/21/2021 12:10,0.9038769,0.02564103
6/21/2021 12:15,0.9024,0.02564103
6/21/2021 12:20,0.9068307,0.02564103
6/21/2021 12:25,0.9009231,0.02564103
6/21/2021 12:30,0.9038769,0.02564103
6/21/2021 12:35,0.8994461,0.02564103
6/21/2021 12:40,0.9046153,0.02564103
6/21/2021 12:45,0.9075692,0.02564103
6/21/2021 12:50,0.9068307,0.02564103
6/21/2021 12:55,0.9031384,0.02564103
6/21/2021 13:00,0.9075692,0.02564103
6/21/2021 13:05,0.9031384,0.02564103
6/21/2021 13:10,0.9090461,0.02564103
6/21/2021 13:15,0.9083077,0.02564103
6/21/2021 13:20,0.9112616,0.02564103
6/21/2021 13:25,0.9068307,0.02564103
6/21/2021 13:30,1.0176,0.02564103
6/21/2021 13:35,1.010954,0.02564103
6/21/2021 13:40,1.0176,0.02564103
6/21/2021 13:45,1.013908,0.02564103
6/21/2021 13:50,1.0176,0.02564103
6/21/2021 13:55,1.0176,0.02564103
6/21/2021 14:00,1.008,0.02564103
6/21/2021 14:05,1.013908,0.02564103
6/21/2021 14:10,1.013908,0.02564103
6/21/2021 14:15,1.006523,0.02564103
6/21/2021 14:20,1.002831,0.02564103
6/21/2021 14:25,1.011692,0.02564103
6/21/2021 14:30,1.001354,0.02564103
6/21/2021 14:35,1.008,0.02564103
6/21/2021 14:40,1.016123,0.02564103
6/21/2021 14:45,1.005785,0.02564103
6/21/2021 14:50,1.002831,0.02564103
6/21/2021 14:55,0.996923,0.02564103
6/21/2021 15:00,1.006523,0.02564103
6/21/2021 15:05,0.9976615,0.02564103
6/21/2021 15:10,0.9939692,0.02564103
6/21/2021 15:15,0.9984,0.02564103
6/21/2021 15:20,0.9961846,0.02564103
6/21/2021 15:25,0.9998769,0.02564103
6/21/2021 15:30,1.002831,0.02564103
6/21/2021 15:35,1.005785,0.02564103
6/21/2021 15:40,0.9865846,0.02564103
6/21/2021 15:45,1.000615,0.02564103
6/21/2021 15:50,0.9961846,0.02564103
6/21/2021 15:55,0.9932307,0.02564103
6/21/2021 16:00,0.9961846,0.02564103
6/21/2021 16:05,0.9932307,0.02564103
6/21/2021 16:10,0.9851077,0.02564103
6/21/2021 16:15,0.9895384,0.02564103
6/21/2021 16:20,0.9924923,0.02564103
6/21/2021 16:25,0.9902769,0.02564103
6/21/2021 16:30,0.9828923,0.02564103
6/21/2021 16:35,0.9984,0.02564103
6/21/2021 16:40,0.9858461,0.02564103
6/21/2021 16:45,0.9961846,0.02564103
6/21/2021 16:50,0.9902769,0.02564103
6/21/2021 16:55,0.9910154,0.02808303
6/21/2021 17:00,0.9917538,0.02564103
6/21/2021 17:05,0.9851077,0.02564103
6/21/2021 17:10,0.9947076,0.02564103
6/21/2021 17:15,0.9954461,0.02564103
6/21/2021 17:20,0.9947076,0.02564103
6/21/2021 17:25,0.9961846,0.02564103
6/21/2021 17:30,0.9961846,0.02564103
6/21/2021 17:35,0.996923,0.02564103
6/21/2021 17:40,0.9880615,0.02564103
6/21/2021 17:45,0.9947076,0.02564103
6/21/2021 17:50,0.9932307,0.02564103
6/21/2021 17:55,0.9961846,0.02564103
6/21/2021 18:00,0.9836308,0.02564103
6/21/2021 18:05,0.9991384,0.02564103
6/21/2021 18:10,0.996923,0.02564103
6/21/2021 18:15,0.9961846,0.02564103
6/21/2021 18:20,0.9910154,0.02564103
6/21/2021 18:25,0.987323,0.02564103
6/21/2021 18:30,0.9924923,0.02564103
6/21/2021 18:35,0.9976615,0.02564103
6/21/2021 18:40,0.9998769,0.02564103
6/21/2021 18:45,0.9947076,0.02564103
6/21/2021 18:50,1.001354,0.02564103
6/21/2021 18:55,0.9984,0.02564103
6/21/2021 19:00,0.9902769,0.02564103
6/21/2021 19:05,0.9991384,0.02564103
6/21/2021 19:10,0.9998769,0.02564103
6/21/2021 19:15,0.9895384,0.02564103
6/21/2021 19:20,0.9932307,0.02564103
6/21/2021 19:25,1.000615,0.02564103
6/21/2021 19:30,0.9851077,0.02564103
6/21/2021 19:35,0.9984,0.02564103
6/21/2021 19:40,0.9932307,0.02564103
6/21/2021 19:45,0.9917538,0.02564103
6/21/2021 19:50,0.987323,0.02564103
6/21/2021 19:55,0.9828923,0.02564103
6/21/2021 20:00,0.9755077,0.02564103
6/21/2021 20:05,0.9939692,0.02564103
6/21/2021 20:10,0.9843692,0.02564103
6/21/2021 20:15,0.9902769,0.02564103
6/21/2021 20:20,0.9769846,0.02564103
6/21/2021 20:25,1.034585,0.02564103
6/21/2021 20:30,0.9533538,0.02564103
6/21/2021 20:35,1.016123,0.02564103
6/21/2021 20:40,1.008,0.02564103
6/21/2021 20:45,1.014646,0.02564103
6/21/2021 20:50,1.005046,0.02564103
6/21/2021 20:55,1.001354,0.02564103
6/21/2021 21:00,1.009477,0.02564103
6/21/2021 21:05,1.006523,0.02564103
6/21/2021 21:10,1.004308,0.02564103
6/21/2021 21:15,1.005785,0.02564103
6/21/2021 21:20,1.002092,0.02564103
6/21/2021 21:25,1.004308,0.02564103
6/21/2021 21:30,0.9947076,0.02564103
6/21/2021 21:35,1.003569,0.02564103
6/21/2021 21:40,0.9924923,0.02564103
6/21/2021 21:45,0.9976615,0.02564103
6/21/2021 21:50,0.996923,0.02564103
6/21/2021 21:55,1.002831,0.02564103
6/21/2021 22:00,1.005785,0.02564103
6/21/2021 22:05,1.001354,0.02564103
6/21/2021 22:10,1.012431,0.02564103
6/21/2021 22:15,0.9976615,0.02564103
6/21/2021 22:20,1.001354,0.02564103
6/21/2021 22:25,0.9984,0.02564103
6/21/2021 22:30,1.016123,0.02564103
6/21/2021 22:35,1.007262,0.02564103
6/21/2021 22:40,1.005785,0.02564103
6/21/2021 22:45,1.008,0.02564103
6/21/2021 22:50,1.005046,0.02564103
6/21/2021 22:55,1.010954,0.02564103
6/21/2021 23:00,1.005785,0.02564103
6/21/2021 23:05,1.006523,0.02564103
6/21/2021 23:10,1.016123,0.02564103
6/21/2021 23:15,1.008,0.02564103
6/21/2021 23:20,1.010215,0.02564103
6/21/2021 23:25,1.004308,0.02564103
6/21/2021 23:30,1.007262,0.02564103
6/21/2021 23:35,1.011692,0.02564103
6/21/2021 23:40,1.005046,0.02564103
6/21/2021 23:45,1.013908,0.02564103
6/21/2021 23:50,1.012431,0.02564103
6/21/2021 23:55,1.005785,0.02564103
6/22/2021 0:00,1.015385,0.02564103
6/22/2021 0:05,1.013908,0.02564103
6/22/2021 0:10,1.000615,0.02564103
6/22/2021 0:15,1.005785,0.02564103
6/22/2021 0:20,1.006523,0.02564103
6/22/2021 0:25,1.008738,0.02564103
6/22/2021 0:30,1.005785,0.02564103
6/22/2021 0:35,1.009477,0.02564103
6/22/2021 0:40,1.010954,0.02564103
6/22/2021 0:45,1.006523,0.02564103
6/22/2021 0:50,1.004308,0.02564103
6/22/2021 0:55,1.008,0.02564103
6/22/2021 1:00,1.019077,0.02564103
6/22/2021 1:05,1.005785,0.02564103
6/22/2021 1:10,1.010954,0.02564103
6/22/2021 1:15,1.008738,0.02564103
6/22/2021 1:20,1.006523,0.02564103
6/22/2021 1:25,1.012431,0.02564103
6/22/2021 1:30,1.008,0.02564103
6/22/2021 1:35,1.011692,0.02564103
6/22/2021 1:40,1.013908,0.02564103
6/22/2021 1:45,1.009477,0.02686203
6/22/2021 1:50,1.024246,0.02686203
6/22/2021 1:55,0.9474462,0.02686203
6/22/2021 2:00,0.9814154,0.02686203
6/22/2021 2:05,1.047877,0.02686203
6/22/2021 2:10,0.9555692,0.02686203
6/22/2021 2:15,1.026461,0.02686203
6/22/2021 2:20,1.016123,0.02686203
6/22/2021 2:25,1.015385,0.02686203
6/22/2021 2:30,1.002831,0.02686203
6/22/2021 2:35,1.003569,0.02686203
6/22/2021 2:40,1.001354,0.02686203
6/22/2021 2:45,1.002831,0.02686203
6/22/2021 2:50,1.002831,0.02686203
6/22/2021 2:55,0.9991384,0.02686203
6/22/2021 3:00,0.9961846,0.02686203
6/22/2021 3:05,0.9932307,0.02686203
6/22/2021 3:10,0.9902769,0.02686203
6/22/2021 3:15,0.9954461,0.02686203
6/22/2021 3:20,0.9961846,0.02686203
6/22/2021 3:25,0.9865846,0.02686203
6/22/2021 3:30,0.9902769,0.02686203
6/22/2021 3:35,0.9821538,0.02686203
6/22/2021 3:40,0.9865846,0.02686203
6/22/2021 3:45,0.9910154,0.02686203
6/22/2021 3:50,0.9880615,0.02686203
6/22/2021 3:55,0.9755077,0.02686203
6/22/2021 4:00,1.029415,0.02686203
6/22/2021 4:05,0.9467077,0.02686203
6/22/2021 4:10,1.015385,0.02686203
6/22/2021 4:15,1.016123,0.02686203
6/22/2021 4:20,1.024985,0.02686203
6/22/2021 4:25,1.015385,0.02686203
6/22/2021 4:30,1.024246,0.02686203
6/22/2021 4:35,1.011692,0.02686203
6/22/2021 4:40,1.013908,0.02686203
6/22/2021 4:45,1.087754,0.02686203
6/22/2021 4:50,1.079631,0.02686203
6/22/2021 4:55,1.080369,0.02686203
6/22/2021 5:00,1.132061,0.02686203
6/22/2021 5:05,1.104,0.02686203
6/22/2021 5:10,1.116554,0.02686203
6/22/2021 5:15,1.118031,0.02686203
6/22/2021 5:20,1.122462,0.02686203
6/22/2021 5:25,1.1232,0.02686203
6/22/2021 5:30,1.112862,0.02686203
6/22/2021 5:35,1.043446,0.02686203
6/22/2021 5:40,1.101785,0.02686203
6/22/2021 5:45,1.115077,0.02686203
6/22/2021 5:50,1.098092,0.02686203
6/22/2021 5:55,1.095877,0.02686203
6/22/2021 6:00,1.103261,0.02686203
6/22/2021 6:05,1.098831,0.02686203
6/22/2021 6:10,1.0944,0.02686203
6/22/2021 6:15,1.104738,0.02686203
6/22/2021 6:20,1.104738,0.02686203
6/22/2021 6:25,1.090708,0.02686203
6/22/2021 6:30,1.095877,0.02686203
6/22/2021 6:35,1.091446,0.02686203
6/22/2021 6:40,1.088492,0.02686203
6/22/2021 6:45,1.096615,0.02686203
6/22/2021 6:50,1.095138,0.02686203
6/22/2021 6:55,1.0944,0.02686203
6/22/2021 7:00,1.095877,0.02686203
6/22/2021 7:05,1.098092,0.02686203
6/22/2021 7:10,1.095877,0.02686203
6/22/2021 7:15,1.078154,0.02686203
6/22/2021 7:20,1.110646,0.02686203
6/22/2021 7:25,1.104738,0.02686203
6/22/2021 7:30,1.095877,0.02686203
6/22/2021 7:35,1.096615,0.02686203
6/22/2021 7:40,1.101046,0.02686203
6/22/2021 7:45,1.103261,0.02686203
6/22/2021 7:50,1.105477,0.02686203
6/22/2021 7:55,1.105477,0.02686203
6/22/2021 8:00,1.098831,0.02686203
6/22/2021 8:05,1.091446,0.02686203
6/22/2021 8:10,1.0944,0.02686203
6/22/2021 8:15,1.096615,0.02686203
6/22/2021 8:20,1.086277,0.02686203
6/22/2021 8:25,1.090708,0.02686203
6/22/2021 8:30,1.103261,0.02686203
6/22/2021 8:35,1.085538,0.02686203
6/22/2021 8:40,1.089231,0.02686203
6/22/2021 8:45,1.104738,0.02686203
6/22/2021 8:50,1.095877,0.02686203
6/22/2021 8:55,1.089969,0.02686203
6/22/2021 9:00,1.095877,0.02686203
6/22/2021 9:05,1.092185,0.02686203
6/22/2021 9:10,1.098831,0.02686203
6/22/2021 9:15,1.090708,0.02686203
6/22/2021 9:20,1.098831,0.02686203
6/22/2021 9:25,1.098092,0.02686203
6/22/2021 9:30,1.0944,0.02686203
6/22/2021 9:35,1.089231,0.02686203
6/22/2021 9:40,1.092185,0.02686203
6/22/2021 9:45,1.095877,0.02686203
6/22/2021 9:50,1.101785,0.02686203
6/22/2021 9:55,1.0944,0.02686203
6/22/2021 10:00,1.090708,0.02686203
6/22/2021 10:05,1.097354,0.02686203
6/22/2021 10:10,1.090708,0.02686203
6/22/2021 10:15,1.096615,0.02686203
6/22/2021 10:20,1.092923,0.02686203
6/22/2021 10:25,1.101046,0.02686203
6/22/2021 10:30,1.0944,0.02686203
6/22/2021 10:35,1.089969,0.02686203
6/22/2021 10:40,1.101046,0.02686203
6/22/2021 10:45,1.087015,0.02686203
6/22/2021 10:50,1.100308,0.02686203
6/22/2021 10:55,1.097354,0.02686203
6/22/2021 11:00,1.092185,0.02686203
6/22/2021 11:05,1.084062,0.02686203
6/22/2021 11:10,1.0944,0.02686203
6/22/2021 11:15,1.078154,0.02686203
6/22/2021 11:20,1.090708,0.02686203
6/22/2021 11:25,1.085538,0.02686203
6/22/2021 11:30,1.087015,0.02686203
6/22/2021 11:35,1.079631,0.02686203
6/22/2021 11:40,1.086277,0.02686203
6/22/2021 11:45,1.089231,0.02686203
6/22/2021 11:50,1.081108,0.02686203
6/22/2021 11:55,1.0848,0.02686203
6/22/2021 12:00,1.076677,0.02686203
6/22/2021 12:05,1.129108,0.02686203
6/22/2021 12:10,1.105477,0.02686203
6/22/2021 12:15,1.105477,0.02686203
6/22/2021 12:20,1.112862,0.02686203
6/22/2021 12:25,1.118031,0.02686203
6/22/2021 12:30,1.117292,0.02686203
6/22/2021 12:35,1.108431,0.02686203
6/22/2021 12:40,1.111385,0.02686203
6/22/2021 12:45,1.108431,0.02686203
6/22/2021 12:50,1.111385,0.02686203
6/22/2021 12:55,0.9836308,0.02686203
6/22/2021 13:00,0.9902769,0.02686203
6/22/2021 13:05,0.9880615,0.02686203
6/22/2021 13:10,0.9939692,0.02686203
6/22/2021 13:15,0.9895384,0.02686203
6/22/2021 13:20,1.002092,0.02686203
6/22/2021 13:25,0.9917538,0.02686203
6/22/2021 13:30,0.9888,0.02686203
6/22/2021 13:35,0.9947076,0.02686203
6/22/2021 13:40,0.9858461,0.02686203
6/22/2021 13:45,0.9939692,0.02686203
6/22/2021 13:50,0.9998769,0.02686203
6/22/2021 13:55,1.205169,0.02686203
6/22/2021 14:00,1.222154,0.02686203
6/22/2021 14:05,1.208123,0.02686203
6/22/2021 14:10,1.214031,0.02686203
6/22/2021 14:15,1.218462,0.02686203
6/22/2021 14:20,1.197785,0.02686203
6/22/2021 14:25,1.2096,0.02686203
6/22/2021 14:30,1.202954,0.02686203
6/22/2021 14:35,1.200738,0.02686203
6/22/2021 14:40,1.210338,0.02686203
6/22/2021 14:45,1.207385,0.02686203
6/22/2021 14:50,1.201477,0.02686203
6/22/2021 14:55,1.197785,0.02686203
6/22/2021 15:00,1.203692,0.02686203
6/22/2021 15:05,1.2,0.02686203
6/22/2021 15:10,1.201477,0.02686203
6/22/2021 15:15,1.203692,0.02686203
6/22/2021 15:20,1.194092,0.02686203
6/22/2021 15:25,1.080369,0.02686203
6/22/2021 15:30,1.115815,0.02686203
6/22/2021 15:35,1.104738,0.02686203
6/22/2021 15:40,1.119508,0.02686203
6/22/2021 15:45,1.118031,0.02686203
6/22/2021 15:50,1.1136,0.02686203
6/22/2021 15:55,1.112862,0.02686203
6/22/2021 16:00,1.103261,0.02686203
6/22/2021 16:05,1.103261,0.02686203
6/22/2021 16:10,1.103261,0.02686203
6/22/2021 16:15,1.105477,0.02686203
6/22/2021 16:20,1.103261,0.02686203
6/22/2021 16:25,1.105477,0.02686203
6/22/2021 16:30,1.103261,0.02686203
6/22/2021 16:35,1.098092,0.02686203
6/22/2021 16:40,1.105477,0.02686203
6/22/2021 16:45,1.100308,0.02686203
6/22/2021 16:50,1.095138,0.02686203
6/22/2021 16:55,1.092923,0.02686203
6/22/2021 17:00,1.098092,0.02686203
6/22/2021 17:05,1.095877,0.02686203
6/22/2021 17:10,1.101785,0.02686203
6/22/2021 17:15,1.103261,0.02686203
6/22/2021 17:20,1.109169,0.02686203
6/22/2021 17:25,1.104,0.02686203
6/22/2021 17:30,1.097354,0.02686203
6/22/2021 17:35,1.104738,0.02686203
6/22/2021 17:40,1.097354,0.02686203
6/22/2021 17:45,1.105477,0.02686203
6/22/2021 17:50,1.105477,0.02686203
6/22/2021 17:55,1.103261,0.02686203
6/22/2021 18:00,1.103261,0.02686203
6/22/2021 18:05,1.101046,0.02686203
6/22/2021 18:10,1.098092,0.02686203
6/22/2021 18:15,1.105477,0.02686203
6/22/2021 18:20,1.105477,0.02686203
6/22/2021 18:25,1.111385,0.02686203
6/22/2021 18:30,1.106215,0.02686203
6/22/2021 18:35,1.104,0.02686203
6/22/2021 18:40,1.081846,0.02686203
6/22/2021 18:45,1.095138,0.02686203
6/22/2021 18:50,1.082585,0.02686203
6/22/2021 18:55,1.092185,0.02686203
6/22/2021 19:00,1.092185,0.02686203
6/22/2021 19:05,1.084062,0.02686203
6/22/2021 19:10,1.089231,0.02686203
6/22/2021 19:15,1.081846,0.02686203
6/22/2021 19:20,1.091446,0.02686203
6/22/2021 19:25,1.070769,0.02686203
6/22/2021 19:30,1.092923,0.02686203
6/22/2021 19:35,1.079631,0.02686203
6/22/2021 19:40,1.117292,0.02686203
6/22/2021 19:45,1.116554,0.02686203
6/22/2021 19:50,1.121723,0.02686203
6/22/2021 19:55,1.071508,0.02686203
6/22/2021 20:00,1.106954,0.02686203
6/22/2021 20:05,1.105477,0.02686203
6/22/2021 20:10,1.114338,0.02686203
6/22/2021 20:15,1.112123,0.02686203
6/22/2021 20:20,1.098831,0.02686203
6/22/2021 20:25,1.106954,0.02686203
6/22/2021 20:30,1.101046,0.02686203
6/22/2021 20:35,1.101785,0.02686203
6/22/2021 20:40,1.111385,0.02686203
6/22/2021 20:45,1.109908,0.02686203
6/22/2021 20:50,1.115077,0.02686203
6/22/2021 20:55,1.106215,0.02686203
6/22/2021 21:00,1.105477,0.02686203
6/22/2021 21:05,1.105477,0.02686203
6/22/2021 21:10,1.100308,0.02686203
6/22/2021 21:15,1.078892,0.02686203
6/22/2021 21:20,0.9917538,0.02686203
6/22/2021 21:25,0.9821538,0.02686203
6/22/2021 21:30,0.987323,0.02686203
6/22/2021 21:35,0.9851077,0.02686203
6/22/2021 21:40,0.9851077,0.02686203
6/22/2021 21:45,1.001354,0.02686203
6/22/2021 21:50,1.008,0.02686203
6/22/2021 21:55,0.996923,0.02686203
6/22/2021 22:00,1.005785,0.02808303
6/22/2021 22:05,1.004308,0.02808303
6/22/2021 22:10,0.9961846,0.02808303
6/22/2021 22:15,0.9984,0.02808303
6/22/2021 22:20,0.996923,0.02808303
6/22/2021 22:25,1.002092,0.02808303
6/22/2021 22:30,0.9932307,0.02808303
6/22/2021 22:35,1.009477,0.02808303
6/22/2021 22:40,0.9932307,0.02808303
6/22/2021 22:45,0.9888,0.02808303
6/22/2021 22:50,0.9947076,0.02808303
6/22/2021 22:55,0.9895384,0.02808303
6/22/2021 23:00,0.9917538,0.02808303
6/22/2021 23:05,0.9865846,0.02808303
6/22/2021 23:10,0.9947076,0.02808303
6/22/2021 23:15,0.987323,0.02808303
6/22/2021 23:20,0.9851077,0.02808303
6/22/2021 23:25,0.9947076,0.02808303
6/22/2021 23:30,0.9828923,0.02808303
6/22/2021 23:35,0.9888,0.02808303
6/22/2021 23:40,0.9865846,0.02808303
6/22/2021 23:45,0.9924923,0.02808303
6/22/2021 23:50,0.9895384,0.02808303
6/22/2021 23:55,0.9924923,0.02808303
6/23/2021 0:00,0.9917538,0.02808303
6/23/2021 0:05,0.9814154,0.02808303
6/23/2021 0:10,0.9902769,0.02808303
6/23/2021 0:15,0,-1
6/23/2021 0:20,0,-1
6/23/2021 0:25,0,-1
6/23/2021 0:30,0,-1
6/23/2021 0:35,0,-1
6/23/2021 0:40,0,-1
6/23/2021 0:45,0,-1
6/23/2021 0:50,0,-1
6/23/2021 0:55,0,-1
6/23/2021 1:00,0,-1
6/23/2021 1:05,0,-1
6/23/2021 1:10,0,-1
6/23/2021 1:15,0,-1
6/23/2021 1:20,0,-1
6/23/2021 1:25,0,-1
6/23/2021 1:30,0,-1
6/23/2021 1:35,0,-1
6/23/2021 1:40,0,-1
6/23/2021 1:45,0,-1
6/23/2021 1:50,0,-1
6/23/2021 1:55,0,-1
6/23/2021 2:00,0,-1
6/23/2021 2:05,0,-1
6/23/2021 2:10,0,-1
6/23/2021 2:15,0,-1
6/23/2021 2:20,0,-1
6/23/2021 2:25,0,-1
6/23/2021 2:30,0,-1
6/23/2021 2:35,0,-1
6/23/2021 2:40,0,-1
6/23/2021 2:45,0,-1
6/23/2021 2:50,0,-1
6/23/2021 2:55,0,-1
6/23/2021 3:00,0,-1
6/23/2021 3:05,0,-1
6/23/2021 3:10,0,-1
6/23/2021 3:15,0,-1
6/23/2021 3:20,0,-1
6/23/2021 3:25,0,-1
6/23/2021 3:30,0,-1
6/23/2021 3:35,0,-1
6/23/2021 3:40,0,-1
6/23/2021 3:45,0,-1
6/23/2021 3:50,0,-1
6/23/2021 3:55,0,-1
6/23/2021 4:00,0,-1
6/23/2021 4:05,0,-1
6/23/2021 4:10,0,-1
6/23/2021 4:15,0,-1
6/23/2021 4:20,0,-1
6/23/2021 4:25,0,-1
6/23/2021 4:30,0,-1
6/23/2021 4:35,0,-1
6/23/2021 4:40,0,-1
6/23/2021 4:45,0,-1
6/23/2021 4:50,0,-1
6/23/2021 4:55,0,-1
6/23/2021 5:00,0,-1
6/23/2021 5:05,0,-1
6/23/2021 5:10,0,-1
6/23/2021 5:15,0,-1
6/23/2021 5:20,0,-1
6/23/2021 5:25,0,-1
6/23/2021 5:30,0,-1
6/23/2021 5:35,0,-1
6/23/2021 5:40,0,-1
6/23/2021 5:45,0,-1
6/23/2021 5:50,0,-1
6/23/2021 5:55,0,-1
6/23/2021 6:00,0,-1
6/23/2021 6:05,0,-1
6/23/2021 6:10,0,-1
6/23/2021 6:15,0,-1
6/23/2021 6:20,0,-1
6/23/2021 6:25,0,-1
6/23/2021 6:30,0,-1
6/23/2021 6:35,0,-1
6/23/2021 6:40,0,-1
6/23/2021 6:45,0,-1
6/23/2021 6:50,0,-1
6/23/2021 6:55,0,-1
6/23/2021 7:00,0,-1
6/23/2021 7:05,0,-1
6/23/2021 7:10,0,-1
6/23/2021 7:15,0,-1
6/23/2021 7:20,0,-1
6/23/2021 7:25,0,-1
6/23/2021 7:30,0,-1
6/23/2021 7:35,0,-1
6/23/2021 7:40,0,-1
6/23/2021 7:45,0,-1
6/23/2021 7:50,0,-1
6/23/2021 7:55,0,-1
6/23/2021 8:00,0,-1
6/23/2021 8:05,0,-1
6/23/2021 8:10,0,-1
6/23/2021 8:15,0,-1
6/23/2021 8:20,0,-1
6/23/2021 8:25,0,0.1025641
6/23/2021 8:30,0,-1
6/23/2021 8:35,0,-1
6/23/2021 8:40,0,-1
6/23/2021 8:45,0,-1
6/23/2021 8:50,0,-1
6/23/2021 8:55,0,-1
6/23/2021 9:00,0,-1
6/23/2021 9:05,0,-1
6/23/2021 9:10,0,-1
6/23/2021 9:15,0,-1
6/23/2021 9:20,0,-1
6/23/2021 9:25,0,-1
6/23/2021 9:30,0,-1
6/23/2021 9:35,0,-1
6/23/2021 9:40,0,-1
6/23/2021 9:45,0,-1
6/23/2021 9:50,0,-1
6/23/2021 9:55,0,-1
6/23/2021 10:00,0,-1
6/23/2021 10:05,0,-1
6/23/2021 10:10,0,-1
6/23/2021 10:15,0,-1
6/23/2021 10:20,0,-1
6/23/2021 10:25,0,-1
6/23/2021 10:30,0,-1
6/23/2021 10:35,0,-1
6/23/2021 10:40,0,-1
6/23/2021 10:45,0,-1
6/23/2021 10:50,0,-1
6/23/2021 10:55,0,-1
6/23/2021 11:00,0,-1
6/23/2021 11:05,0,-1
6/23/2021 11:10,0,-1
6/23/2021 11:15,0,-1
6/23/2021 11:20,0,-1
6/23/2021 11:25,0,-1
6/23/2021 11:30,0,-1
6/23/2021 11:35,0,-1
6/23/2021 11:40,0,-1
6/23/2021 11:45,0,-1
6/23/2021 11:50,0,-1
6/23/2021 11:55,0,-1
6/23/2021 12:00,0,-1
6/23/2021 12:05,0,-1
6/23/2021 12:10,0,-1
6/23/2021 12:15,0,-1
6/23/2021 12:20,0,-1
6/23/2021 12:25,0,-1
6/23/2021 12:30,0,-1
6/23/2021 12:35,0,-1
6/23/2021 12:40,0,-1
6/23/2021 12:45,0,-1
6/23/2021 12:50,0,-1
6/23/2021 12:55,0,-1
6/23/2021 13:00,0,-1
6/23/2021 13:05,0,-1
6/23/2021 13:10,0,-1
6/23/2021 13:15,0,-1
6/23/2021 13:20,0,-1
6/23/2021 13:25,0,-1
6/23/2021 13:30,0,-1
6/23/2021 13:35,0,-1
6/23/2021 13:40,0,-1
6/23/2021 13:45,0,-1
6/23/2021 13:50,0,-1
6/23/2021 13:55,0,-1
6/23/2021 14:00,0,-1
6/23/2021 14:05,0,-1
6/23/2021 14:10,0,-1
6/23/2021 14:15,0,-1
6/23/2021 14:20,0,-1
6/23/2021 14:25,0,-1
6/23/2021 14:30,0,-1
6/23/2021 14:35,0,-1
6/23/2021 14:40,0,-1
6/23/2021 14:45,0,-1
6/23/2021 14:50,0,-1
6/23/2021 14:55,0,-1
6/23/2021 15:00,0,-1
6/23/2021 15:05,0,-1
6/23/2021 15:10,0,-1
6/23/2021 15:15,0,-1
6/23/2021 15:20,0,-1
6/23/2021 15:25,0,-1
6/23/2021 15:30,0,-1
6/23/2021 15:35,0,-1
6/23/2021 15:40,0,-1
6/23/2021 15:45,0,-1
6/23/2021 15:50,0,-1
6/23/2021 15:55,0,-1
6/23/2021 16:00,0,-1
6/23/2021 16:05,0,-1
6/23/2021 16:10,0,-1
6/23/2021 16:15,0,-1
6/23/2021 16:20,0,-1
6/23/2021 16:25,0,-1
6/23/2021 16:30,0,-1
6/23/2021 16:35,0,-1
6/23/2021 16:40,0,-1
6/23/2021 16:45,0,-1
6/23/2021 16:50,0,-1
6/23/2021 16:55,0,-1
6/23/2021 17:00,0,-1
6/23/2021 17:05,0,-1
6/23/2021 17:10,0,-1
6/23/2021 17:15,0,-1
6/23/2021 17:20,0,-1
6/23/2021 17:25,0,-1
6/23/2021 17:30,0,-1
6/23/2021 17:35,0,-1
6/23/2021 17:40,0,-1
6/23/2021 17:45,0,-1
6/23/2021 17:50,0,-1
6/23/2021 17:55,0,-1
6/23/2021 18:00,0,-1
6/23/2021 18:05,0,-1
6/23/2021 18:10,0,-1
6/23/2021 18:15,0,-1
6/23/2021 18:20,0,-1
6/23/2021 18:25,0,-1
6/23/2021 18:30,0,-1
6/23/2021 18:35,0,-1
6/23/2021 18:40,0,-1
6/23/2021 18:45,0,-1
6/23/2021 18:50,0,-1
6/23/2021 18:55,0,-1
6/23/2021 19:00,0,-1
6/23/2021 19:05,0,-1
6/23/2021 19:10,0,-1
6/23/2021 19:15,0,-1
6/23/2021 19:20,0,-1
6/23/2021 19:25,0,-1
6/23/2021 19:30,0,-1
6/23/2021 19:35,0,-1
6/23/2021 19:40,0,-1
6/23/2021 19:45,0,-1
6/23/2021 19:50,0,-1
6/23/2021 19:55,0,-1
6/23/2021 20:00,0,-1
6/23/2021 20:05,0,-1
6/23/2021 20:10,0,-1
6/23/2021 20:15,0,-1
6/23/2021 20:20,0,-1
6/23/2021 20:25,0,-1
6/23/2021 20:30,0,-1
6/23/2021 20:35,0,-1
6/23/2021 20:40,0,-1
6/23/2021 20:45,0,-1
6/23/2021 20:50,0,-1
6/23/2021 20:55,0,-1
6/23/2021 21:00,0,-1
6/23/2021 21:05,0,-1
6/23/2021 21:10,0,-1
6/23/2021 21:15,0,-1
6/23/2021 21:20,0,-1
6/23/2021 21:25,0,-1
6/23/2021 21:30,0,-1
6/23/2021 21:35,0,-1
6/23/2021 21:40,0,-1
6/23/2021 21:45,0,-1
6/23/2021 21:50,0,-1
6/23/2021 21:55,0,-1
6/23/2021 22:00,0,-1
6/23/2021 22:05,0,-1
6/23/2021 22:10,0,-1
6/23/2021 22:15,0,-1
6/23/2021 22:20,0,-1
6/23/2021 22:25,0,-1
6/23/2021 22:30,0,-1
6/23/2021 22:35,0,-1
6/23/2021 22:40,0,-1
6/23/2021 22:45,0,-1
6/23/2021 22:50,0,-1
6/23/2021 22:55,0,-1
6/23/2021 23:00,0,-1
6/23/2021 23:05,0,-1
6/23/2021 23:10,0,-1
6/23/2021 23:15,0,-1
6/23/2021 23:20,0,-1
6/23/2021 23:25,0,-1
6/23/2021 23:30,0,-1
6/23/2021 23:35,0,-1
6/23/2021 23:40,0,-1
6/23/2021 23:45,0,-1
6/23/2021 23:50,0,-1
6/23/2021 23:55,0,-1
6/24/2021 0:00,0,-1
6/24/2021 0:05,0,-1
6/24/2021 0:10,0,-1
6/24/2021 0:15,0,-1
6/24/2021 0:20,0,-1
6/24/2021 0:25,0,-1
6/24/2021 0:30,0,-1
6/24/2021 0:35,0,-1
6/24/2021 0:40,0,-1
6/24/2021 0:45,0,-1
6/24/2021 0:50,0,-1
6/24/2021 0:55,0,-1
6/24/2021 1:00,0,-1
6/24/2021 1:05,0,-1
6/24/2021 1:10,0,-1
6/24/2021 1:15,0,-1
6/24/2021 1:20,0,-1
6/24/2021 1:25,0,-1
6/24/2021 1:30,0,-1
6/24/2021 1:35,0,-1
6/24/2021 1:40,0,-1
6/24/2021 1:45,0,-1
6/24/2021 1:50,0,-1
6/24/2021 1:55,0,-1
6/24/2021 2:00,0,-1
6/24/2021 2:05,0,-1
6/24/2021 2:10,0,-1
6/24/2021 2:15,0,-1
6/24/2021 2:20,0,-1
6/24/2021 2:25,0,-1
6/24/2021 2:30,0,-1
6/24/2021 2:35,0,-1
6/24/2021 2:40,0,-1
6/24/2021 2:45,0,-1
6/24/2021 2:50,0,-1
6/24/2021 2:55,0,-1
6/24/2021 3:00,0,-1
6/24/2021 3:05,0,-1
6/24/2021 3:10,0,-1
6/24/2021 3:15,0,-1
6/24/2021 3:20,0,-1
6/24/2021 3:25,0,-1
6/24/2021 3:30,0,-1
6/24/2021 3:35,0,-1
6/24/2021 3:40,0,-1
6/24/2021 3:45,0,-1
6/24/2021 3:50,0,-1
6/24/2021 3:55,0,-1
6/24/2021 4:00,0,-1
6/24/2021 4:05,0,-1
6/24/2021 4:10,0,-1
6/24/2021 4:15,0,-1
6/24/2021 4:20,0,-1
6/24/2021 4:25,0,-1
6/24/2021 4:30,0,-1
6/24/2021 4:35,0,-1
6/24/2021 4:40,0,-1
6/24/2021 4:45,0,-1
6/24/2021 4:50,0,-1
6/24/2021 4:55,0,-1
6/24/2021 5:00,0,-1
6/24/2021 5:05,0,-1
6/24/2021 5:10,0,-1
6/24/2021 5:15,0,-1
6/24/2021 5:20,0,-1
6/24/2021 5:25,0,-1
6/24/2021 5:30,0,-1
6/24/2021 5:35,0,-1
6/24/2021 5:40,0,-1
6/24/2021 5:45,0,-1
6/24/2021 5:50,0,-1
6/24/2021 5:55,0,-1
6/24/2021 6:00,0,-1
6/24/2021 6:05,0,-1
6/24/2021 6:10,0,-1
6/24/2021 6:15,0,-1
6/24/2021 6:20,0,-1
6/24/2021 6:25,0,-1
6/24/2021 6:30,0,-1
6/24/2021 6:35,0,-1
6/24/2021 6:40,0,-1
6/24/2021 6:45,0,-1
6/24/2021 6:50,0,-1
6/24/2021 6:55,0,-1
6/24/2021 7:00,0,-1
6/24/2021 7:05,0,-1
6/24/2021 7:10,0,-1
6/24/2021 7:15,0,-1
6/24/2021 7:20,0,-1
6/24/2021 7:25,0,-1
6/24/2021 7:30,0,-1
6/24/2021 7:35,0,-1
6/24/2021 7:40,0,-1
6/24/2021 7:45,0,-1
6/24/2021 7:50,0,-1
6/24/2021 7:55,0,-1
6/24/2021 8:00,0,-1
6/24/2021 8:05,0,-1
6/24/2021 8:10,0,-1
6/24/2021 8:15,0,-1
6/24/2021 8:20,0,-1
6/24/2021 8:25,0,-1
6/24/2021 8:30,0,-1
6/24/2021 8:35,0,-1
6/24/2021 8:40,0,-1
6/24/2021 8:45,0,-1
6/24/2021 8:50,0,-1
6/24/2021 8:55,0,-1
6/24/2021 9:00,0,-1
6/24/2021 9:05,0,-1
6/24/2021 9:10,0,-1
6/24/2021 9:15,0,-1
6/24/2021 9:20,0,-1
6/24/2021 9:25,0,-1
6/24/2021 9:30,0,-1
6/24/2021 9:35,0,-1
6/24/2021 9:40,0,-1
6/24/2021 9:45,0,-1
6/24/2021 9:50,0,-1
6/24/2021 9:55,0,-1
6/24/2021 10:00,0,-1
6/24/2021 10:05,0,-1
6/24/2021 10:10,0,-1
6/24/2021 10:15,0,-1
6/24/2021 10:20,0,-1
6/24/2021 10:25,0,-1
6/24/2021 10:30,0,-1
6/24/2021 10:35,0,-1
6/24/2021 10:40,0,-1
6/24/2021 10:45,0,-1
6/24/2021 10:50,0,-1
6/24/2021 10:55,0,-1
6/24/2021 11:00,0,-1
6/24/2021 11:05,0,-1
6/24/2021 11:10,0,-1
6/24/2021 11:15,0,-1
6/24/2021 11:20,0,-1
6/24/2021 11:25,0,-1
6/24/2021 11:30,0,-1
6/24/2021 11:35,0,-1
6/24/2021 11:40,0,-1
6/24/2021 11:45,0,-1
6/24/2021 11:50,0,-1
6/24/2021 11:55,0,-1
6/24/2021 12:00,0,-1
6/24/2021 12:05,0,-1
6/24/2021 12:10,0,-1
6/24/2021 12:15,0,-1
6/24/2021 12:20,0,-1
6/24/2021 12:25,0,-1
6/24/2021 12:30,0,-1
6/24/2021 12:35,0,-1
6/24/2021 12:40,0,-1
6/24/2021 12:45,0,-1
6/24/2021 12:50,0,-1
6/24/2021 12:55,0,-1
6/24/2021 13:00,0,-1
6/24/2021 13:05,0,-1
6/24/2021 13:10,0,-1
6/24/2021 13:15,0,-1
6/24/2021 13:20,0,-1
6/24/2021 13:25,0,-1
6/24/2021 13:30,0,-1
6/24/2021 13:35,0,-1
6/24/2021 13:40,0,-1
6/24/2021 13:45,0,-1
6/24/2021 13:50,0,-1
6/24/2021 13:55,0,-1
6/24/2021 14:00,0,-1
6/24/2021 14:05,0,-1
6/24/2021 14:10,0,-1
6/24/2021 14:15,0,-1
6/24/2021 14:20,0,-1
6/24/2021 14:25,0,-1
6/24/2021 14:30,0,-1
6/24/2021 14:35,0,-1
6/24/2021 14:40,0,-1
6/24/2021 14:45,0,-1
6/24/2021 14:50,0,-1
6/24/2021 14:55,0,-1
6/24/2021 15:00,0,-1
6/24/2021 15:05,0,-1
6/24/2021 15:10,0,-1
6/24/2021 15:15,0,-1
6/24/2021 15:20,0,-1
6/24/2021 15:25,0,-1
6/24/2021 15:30,0,-1
6/24/2021 15:35,0,-1
6/24/2021 15:40,0,-1
6/24/2021 15:45,0,-1
6/24/2021 15:50,0,-1
6/24/2021 15:55,0,-1
6/24/2021 16:00,0,-1
6/24/2021 16:05,0,-1
6/24/2021 16:10,0,-1
6/24/2021 16:15,0,-1
6/24/2021 16:20,0,-1
6/24/2021 16:25,0,-1
6/24/2021 16:30,0,-1
6/24/2021 16:35,0,-1
6/24/2021 16:40,0,-1
6/24/2021 16:45,0,-1
6/24/2021 16:50,0,-1
6/24/2021 16:55,0,-1
6/24/2021 17:00,0,-1
6/24/2021 17:05,0,-1
6/24/2021 17:10,0,-1
6/24/2021 17:15,0,-1
6/24/2021 17:20,0,-1
6/24/2021 17:25,0,-1
6/24/2021 17:30,0,-1
6/24/2021 17:35,0,-1
6/24/2021 17:40,0,-1
6/24/2021 17:45,0,-1
6/24/2021 17:50,0,-1
6/24/2021 17:55,0,-1
6/24/2021 18:00,0,-1
6/24/2021 18:05,0,-1
6/24/2021 18:10,0,-1
6/24/2021 18:15,0,-1
6/24/2021 18:20,0,-1
6/24/2021 18:25,0,-1
6/24/2021 18:30,0,-1
6/24/2021 18:35,0,-1
6/24/2021 18:40,0,-1
6/24/2021 18:45,0,-1
6/24/2021 18:50,0,-1
6/24/2021 18:55,0,-1
6/24/2021 19:00,0,-1
6/24/2021 19:05,0,-1
6/24/2021 19:10,0,-1
6/24/2021 19:15,0,-1
6/24/2021 19:20,0,-1
6/24/2021 19:25,0,-1
6/24/2021 19:30,0,-1
6/24/2021 19:35,0,-1
6/24/2021 19:40,0,-1
6/24/2021 19:45,0,-1
6/24/2021 19:50,0,-1
6/24/2021 19:55,0,-1
6/24/2021 20:00,0,-1
6/24/2021 20:05,0,-1
6/24/2021 20:10,0,-1
6/24/2021 20:15,0,-1
6/24/2021 20:20,0,-1
6/24/2021 20:25,0,-1
6/24/2021 20:30,0,-1
6/24/2021 20:35,0,-1
6/24/2021 20:40,0,-1
6/24/2021 20:45,0,-1
6/24/2021 20:50,0,-1
6/24/2021 20:55,0,-1
6/24/2021 21:00,0,-1
6/24/2021 21:05,0,-1
6/24/2021 21:10,0,-1
6/24/2021 21:15,0,-1
6/24/2021 21:20,0,-1
6/24/2021 21:25,0,-1
6/24/2021 21:30,0,-1
6/24/2021 21:35,0,-1
6/24/2021 21:40,0,-1
6/24/2021 21:45,0,-1
6/24/2021 21:50,0,-1
6/24/2021 21:55,0,-1
6/24/2021 22:00,0,-1
6/24/2021 22:05,0,-1
6/24/2021 22:10,0,-1
6/24/2021 22:15,0,-1
6/24/2021 22:20,0,-1
6/24/2021 22:25,0,-1
6/24/2021 22:30,0,-1
6/24/2021 22:35,0,-1
6/24/2021 22:40,0,-1
6/24/2021 22:45,0,-1
6/24/2021 22:50,0,-1
6/24/2021 22:55,0,-1
6/24/2021 23:00,0,-1
6/24/2021 23:05,0,-1
6/24/2021 23:10,0,-1
6/24/2021 23:15,0,-1
6/24/2021 23:20,0,-1
6/24/2021 23:25,0,-1
6/24/2021 23:30,0,-1
6/24/2021 23:35,0,-1
6/24/2021 23:40,0,-1
6/24/2021 23:45,0,-1
6/24/2021 23:50,0,-1
6/24/2021 23:55,0,-1
6/25/2021 0:00,0,-1
6/25/2021 0:05,0,-1
6/25/2021 0:10,0,-1
6/25/2021 0:15,0,-1
6/25/2021 0:20,0,-1
6/25/2021 0:25,0,-1
6/25/2021 0:30,0,-1
6/25/2021 0:35,0,-1
6/25/2021 0:40,0,-1
6/25/2021 0:45,0,-1
6/25/2021 0:50,0,-1
6/25/2021 0:55,0,-1
6/25/2021 1:00,0,-1
6/25/2021 1:05,0,-1
6/25/2021 1:10,0,-1
6/25/2021 1:15,0,-1
6/25/2021 1:20,0,-1
6/25/2021 1:25,0,-1
6/25/2021 1:30,0,-1
6/25/2021 1:35,0,-1
6/25/2021 1:40,0,-1
6/25/2021 1:45,0,-1
6/25/2021 1:50,0,-1
6/25/2021 1:55,0,-1
6/25/2021 2:00,0,-1
6/25/2021 2:05,0,-1
6/25/2021 2:10,0,-1
6/25/2021 2:15,0,-1
6/25/2021 2:20,0,-1
6/25/2021 2:25,0,-1
6/25/2021 2:30,0,-1
6/25/2021 2:35,0,-1
6/25/2021 2:40,0,-1
6/25/2021 2:45,0,-1
6/25/2021 2:50,0,-1
6/25/2021 2:55,0,-1
6/25/2021 3:00,0,-1
6/25/2021 3:05,0,-1
6/25/2021 3:10,0,-1
6/25/2021 3:15,0,-1
6/25/2021 3:20,0,-1
6/25/2021 3:25,0,-1
6/25/2021 3:30,0,-1
6/25/2021 3:35,0,-1
6/25/2021 3:40,0,-1
6/25/2021 3:45,0,-1
6/25/2021 3:50,0,-1
6/25/2021 3:55,0,-1
6/25/2021 4:00,0,-1
6/25/2021 4:05,0,-1
6/25/2021 4:10,0,-1
6/25/2021 4:15,0,-1
6/25/2021 4:20,0,-1
6/25/2021 4:25,0,-1
6/25/2021 4:30,0,-1
6/25/2021 4:35,0,-1
6/25/2021 4:40,0,-1
6/25/2021 4:45,0,-1
6/25/2021 4:50,0,-1
6/25/2021 4:55,0,-1
6/25/2021 5:00,0,-1
6/25/2021 5:05,0,-1
6/25/2021 5:10,0,-1
6/25/2021 5:15,0,-1
6/25/2021 5:20,0.8846769,0.1697192
6/25/2021 5:25,1.000615,0.08302809
6/25/2021 5:30,1.005046,0.06471307
6/25/2021 5:35,1.005785,0.05372405
6/25/2021 5:40,1.006523,0.04884005
6/25/2021 5:45,0.9954461,0.04517705
6/25/2021 5:50,1.001354,0.04151404
6/25/2021 5:55,1.008,0.04029304
6/25/2021 6:00,0.996923,0.03907204
6/25/2021 6:05,1.012431,0.03785104
6/25/2021 6:10,1.008,0.03540904
6/25/2021 6:15,1.008,0.03540904
6/25/2021 6:20,1.001354,0.03418804
6/25/2021 6:25,1.005785,0.03296703
6/25/2021 6:30,1.009477,0.03296703
6/25/2021 6:35,1.009477,0.03296703
6/25/2021 6:40,1.004308,0.03296703
6/25/2021 6:45,1.007262,0.03174603
6/25/2021 6:50,1.008738,0.03174603
6/25/2021 6:55,1.005046,0.03174603
6/25/2021 7:00,0.996923,0.03052503
6/25/2021 7:05,1.003569,0.03052503
6/25/2021 7:10,1.004308,0.03052503
6/25/2021 7:15,1.000615,0.03052503
6/25/2021 7:20,1.003569,0.03052503
6/25/2021 7:25,1.007262,0.03052503
6/25/2021 7:30,1.003569,0.03052503
6/25/2021 7:35,0.9998769,0.03296703
6/25/2021 7:40,1.010954,0.03052503
6/25/2021 7:45,1.006523,0.03052503
6/25/2021 7:50,1.010215,0.03052503
6/25/2021 7:55,1.016123,0.02930403
6/25/2021 8:00,1.003569,0.03052503
6/25/2021 8:05,1.011692,0.03052503
6/25/2021 8:10,1.015385,0.02930403
6/25/2021 8:15,1.009477,0.02930403
6/25/2021 8:20,1.008,0.03052503
6/25/2021 8:25,1.006523,0.02930403
6/25/2021 8:30,1.005785,0.02930403
6/25/2021 8:35,1.008738,0.02930403
6/25/2021 8:40,1.006523,0.02930403
6/25/2021 8:45,1.016862,0.02930403
6/25/2021 8:50,1.013908,0.02930403
6/25/2021 8:55,1.005785,0.02930403
6/25/2021 9:00,1.020554,0.02930403
6/25/2021 9:05,1.008,0.02808303
6/25/2021 9:10,1.016123,0.02930403
6/25/2021 9:15,1.013169,0.02808303
6/25/2021 9:20,1.034585,0.03296703
6/25/2021 9:25,1.022031,0.02930403
6/25/2021 9:30,1.012431,0.02930403
6/25/2021 9:35,0.9341538,0.02808303
6/25/2021 9:40,1.001354,0.02808303
6/25/2021 9:45,0.9998769,0.02808303
6/25/2021 9:50,0.996923,0.02930403
6/25/2021 9:55,1.005046,0.02808303
6/25/2021 10:00,1.002831,0.02808303
6/25/2021 10:05,1.007262,0.02808303
6/25/2021 10:10,1.005046,0.02808303
6/25/2021 10:15,1.005785,0.02808303
6/25/2021 10:20,1.005785,0.02808303
6/25/2021 10:25,1.009477,0.02808303
6/25/2021 10:30,1.004308,0.02930403
6/25/2021 10:35,1.005785,0.02808303
6/25/2021 10:40,0.9991384,0.02808303
6/25/2021 10:45,1.121723,0.02808303
6/25/2021 10:50,1.107692,0.02808303
6/25/2021 10:55,1.106954,0.02808303
6/25/2021 11:00,1.105477,0.02808303
6/25/2021 11:05,1.111385,0.02808303
6/25/2021 11:10,1.108431,0.02808303
6/25/2021 11:15,1.109908,0.03052503
6/25/2021 11:20,1.100308,0.02808303
6/25/2021 11:25,1.107692,0.02808303
6/25/2021 11:30,1.104,0.02808303
6/25/2021 11:35,1.102523,0.02808303
6/25/2021 11:40,1.101046,0.02930403
6/25/2021 11:45,1.101785,0.02930403
6/25/2021 11:50,1.105477,0.02808303
6/25/2021 11:55,1.0944,0.02808303
6/25/2021 12:00,1.097354,0.02808303
6/25/2021 12:05,1.104,0.02808303
6/25/2021 12:10,1.104,0.02808303
6/25/2021 12:15,1.089231,0.02930403
6/25/2021 12:20,1.103261,0.02808303
6/25/2021 12:25,1.112123,0.02808303
6/25/2021 12:30,1.108431,0.02808303
6/25/2021 12:35,1.098831,0.02808303
6/25/2021 12:40,1.098831,0.02808303
6/25/2021 12:45,1.093662,0.02930403
6/25/2021 12:50,1.099569,0.02808303
6/25/2021 12:55,1.092185,0.02808303
6/25/2021 13:00,1.103261,0.02930403
6/25/2021 13:05,1.089231,0.02808303
6/25/2021 13:10,1.104,0.02808303
6/25/2021 13:15,1.092185,0.02930403
6/25/2021 13:20,1.095138,0.02930403
6/25/2021 13:25,1.089231,0.02930403
6/25/2021 13:30,1.102523,0.02930403
6/25/2021 13:35,1.103261,0.02930403
6/25/2021 13:40,1.093662,0.02930403
6/25/2021 13:45,1.099569,0.02930403
6/25/2021 13:50,1.093662,0.02930403
6/25/2021 13:55,1.093662,0.02930403
6/25/2021 14:00,1.089231,0.02930403
6/25/2021 14:05,1.089231,0.02930403
6/25/2021 14:10,1.090708,0.02930403
6/25/2021 14:15,1.091446,0.02930403
6/25/2021 14:20,1.093662,0.02930403
6/25/2021 14:25,1.087754,0.02930403
6/25/2021 14:30,1.090708,0.02930403
6/25/2021 14:35,1.137231,0.02930403
6/25/2021 14:40,1.109169,0.03052503
6/25/2021 14:45,1.115077,0.02930403
6/25/2021 14:50,1.109908,0.02930403
6/25/2021 14:55,1.116554,0.02930403
6/25/2021 15:00,1.110646,0.02930403
6/25/2021 15:05,1.112862,0.03052503
6/25/2021 15:10,1.1136,0.03052503
6/25/2021 15:15,1.119508,0.03052503
6/25/2021 15:20,1.106954,0.02930403
6/25/2021 15:25,1.115077,0.02930403
6/25/2021 15:30,1.111385,0.02930403
6/25/2021 15:35,1.105477,0.03052503
6/25/2021 15:40,1.103261,0.03052503
6/25/2021 15:45,1.101785,0.03052503
6/25/2021 15:50,1.106954,0.03052503
6/25/2021 15:55,1.1136,0.03052503
6/25/2021 16:00,1.106954,0.03052503
6/25/2021 16:05,1.099569,0.03052503
6/25/2021 16:10,1.104,0.03052503
6/25/2021 16:15,1.111385,0.03052503
6/25/2021 16:20,1.111385,0.03052503
6/25/2021 16:25,1.102523,0.03052503
6/25/2021 16:30,1.008738,0.03052503
6/25/2021 16:35,1.009477,0.03174603
6/25/2021 16:40,1.010215,0.03052503
6/25/2021 16:45,1.004308,0.03052503
6/25/2021 16:50,1.004308,0.03052503
6/25/2021 16:55,1.002092,0.03052503
6/25/2021 17:00,1.013169,0.03052503
6/25/2021 17:05,1.005785,0.03052503
6/25/2021 17:10,1.002092,0.03052503
6/25/2021 17:15,1.008738,0.03052503
6/25/2021 17:20,1.010954,0.03052503
6/25/2021 17:25,1.009477,0.03052503
6/25/2021 17:30,1.011692,0.03052503
6/25/2021 17:35,1.005785,0.03052503
6/25/2021 17:40,1.014646,0.03052503
6/25/2021 17:45,1.010215,0.03052503
6/25/2021 17:50,1.024246,0.03052503
6/25/2021 17:55,1.006523,0.03052503
6/25/2021 18:00,1.016862,0.03052503
6/25/2021 18:05,1.012431,0.03052503
6/25/2021 18:10,1.008,0.03052503
6/25/2021 18:15,1.008738,0.03052503
6/25/2021 18:20,1.0176,0.03052503
6/25/2021 18:25,1.022031,0.03052503
6/25/2021 18:30,0.9777231,0.03052503
6/25/2021 18:35,0.9954461,0.03174603
6/25/2021 18:40,0.9902769,0.03052503
6/25/2021 18:45,0.9865846,0.03052503
6/25/2021 18:50,0.9777231,0.03174603
6/25/2021 18:55,0.9821538,0.03174603
6/25/2021 19:00,0.9703385,0.03174603
6/25/2021 19:05,1.016123,0.03174603
6/25/2021 19:10,1.016123,0.03174603
6/25/2021 19:15,1.016862,0.03174603
6/25/2021 19:20,1.013169,0.03174603
6/25/2021 19:25,0.9858461,0.03174603
6/25/2021 19:30,1.014646,0.03174603
6/25/2021 19:35,0.9947076,0.03174603
6/25/2021 19:40,0.996923,0.03174603
6/25/2021 19:45,1.006523,0.03174603
6/25/2021 19:50,0.9932307,0.03174603
6/25/2021 19:55,0.9976615,0.03174603
6/25/2021 20:00,1.002831,0.03174603
6/25/2021 20:05,0.996923,0.03174603
6/25/2021 20:10,1.002831,0.03174603
6/25/2021 20:15,0.9947076,0.03174603
6/25/2021 20:20,1.000615,0.03174603
6/25/2021 20:25,1.001354,0.03174603
6/25/2021 20:30,0.9984,0.03174603
6/25/2021 20:35,0.9924923,0.03174603
6/25/2021 20:40,0.9932307,0.03174603
6/25/2021 20:45,1.003569,0.03174603
6/25/2021 20:50,0.996923,0.03174603
6/25/2021 20:55,1.002831,0.03174603
6/25/2021 21:00,0.9976615,0.03174603
6/25/2021 21:05,0.9939692,0.03174603
6/25/2021 21:10,1.002831,0.03174603
6/25/2021 21:15,0.9976615,0.03174603
6/25/2021 21:20,0.9998769,0.03174603
6/25/2021 21:25,0.9984,0.03174603
6/25/2021 21:30,0.9917538,0.03174603
6/25/2021 21:35,0.9932307,0.03174603
6/25/2021 21:40,0.9947076,0.03174603
6/25/2021 21:45,0.9947076,0.03052503
6/25/2021 21:50,0.996923,0.03052503
6/25/2021 21:55,0.9910154,0.03052503
6/25/2021 22:00,0.987323,0.03052503
6/25/2021 22:05,0.9976615,0.03052503
6/25/2021 22:10,1.000615,0.03052503
6/25/2021 22:15,1.001354,0.03052503
6/25/2021 22:20,0.996923,0.03052503
6/25/2021 22:25,1.007262,0.03052503
6/25/2021 22:30,0.9954461,0.03052503
6/25/2021 22:35,0.9917538,0.03052503
6/25/2021 22:40,0.9984,0.03052503
6/25/2021 22:45,0.996923,0.03052503
6/25/2021 22:50,1.007262,0.03052503
6/25/2021 22:55,1.001354,0.03052503
6/25/2021 23:00,0.9998769,0.03052503
6/25/2021 23:05,1.008738,0.03052503
6/25/2021 23:10,0.9976615,0.03052503
6/25/2021 23:15,1.007262,0.03052503
6/25/2021 23:20,1.005785,0.03052503
6/25/2021 23:25,1.002092,0.03052503
6/25/2021 23:30,0.9998769,0.03052503
6/25/2021 23:35,0.9961846,0.03052503
6/25/2021 23:40,0.9932307,0.03052503
6/25/2021 23:45,1.005785,0.03052503
6/25/2021 23:50,1.002092,0.03052503
6/25/2021 23:55,1.000615,0.03052503
6/26/2021 0:00,1.003569,0.03052503
6/26/2021 0:05,1.003569,0.03052503
6/26/2021 0:10,1.003569,0.03052503
6/26/2021 0:15,1.002831,0.03052503
6/26/2021 0:20,0.9954461,0.03052503
6/26/2021 0:25,0.9998769,0.03052503
6/26/2021 0:30,1.004308,0.03052503
6/26/2021 0:35,1.010954,0.03052503
6/26/2021 0:40,1.007262,0.03052503
6/26/2021 0:45,1.012431,0.02930403
6/26/2021 0:50,1.009477,0.02930403
6/26/2021 0:55,1.008738,0.02930403
6/26/2021 1:00,1.010954,0.02930403
6/26/2021 1:05,1.010954,0.02930403
6/26/2021 1:10,1.008738,0.02930403
6/26/2021 1:15,1.013908,0.02930403
6/26/2021 1:20,1.013908,0.02930403
6/26/2021 1:25,1.011692,0.02930403
6/26/2021 1:30,1.006523,0.02930403
6/26/2021 1:35,1.009477,0.02930403
6/26/2021 1:40,0.9947076,0.02930403
6/26/2021 1:45,0.9998769,0.02930403
6/26/2021 1:50,0.9976615,0.02930403
6/26/2021 1:55,0.9961846,0.02930403
6/26/2021 2:00,1.002831,0.02930403
6/26/2021 2:05,0.996923,0.02930403
6/26/2021 2:10,1.006523,0.02930403
6/26/2021 2:15,0.9984,0.02930403
6/26/2021 2:20,1.001354,0.02930403
6/26/2021 2:25,1.001354,0.02930403
6/26/2021 2:30,1.002831,0.02930403
6/26/2021 2:35,1.002092,0.02930403
6/26/2021 2:40,1.005785,0.02930403
6/26/2021 2:45,0.9961846,0.02930403
6/26/2021 2:50,0.9932307,0.02930403
6/26/2021 2:55,1.003569,0.02930403
6/26/2021 3:00,1.002831,0.02930403
6/26/2021 3:05,1.002831,0.02930403
6/26/2021 3:10,0.9984,0.02930403
6/26/2021 3:15,1.003569,0.02930403
6/26/2021 3:20,0.9932307,0.02930403
6/26/2021 3:25,0.9895384,0.02808303
6/26/2021 3:30,0.9910154,0.02808303
6/26/2021 3:35,0.9991384,0.02808303
6/26/2021 3:40,1.000615,0.02808303
6/26/2021 3:45,0.9984,0.02808303
6/26/2021 3:50,0.9910154,0.02808303
6/26/2021 3:55,0.9924923,0.02808303
6/26/2021 4:00,1.002831,0.02808303
6/26/2021 4:05,0.9961846,0.02808303
6/26/2021 4:10,1.001354,0.02808303
6/26/2021 4:15,0.9976615,0.02808303
6/26/2021 4:20,1.009477,0.02808303
6/26/2021 4:25,1.004308,0.02808303
6/26/2021 4:30,1.001354,0.02808303
6/26/2021 4:35,1.002092,0.02808303
6/26/2021 4:40,1.010215,0.02808303
6/26/2021 4:45,0.9984,0.02808303
6/26/2021 4:50,1.006523,0.02808303
6/26/2021 4:55,1.003569,0.02808303
6/26/2021 5:00,0.9984,0.02808303
6/26/2021 5:05,1.005785,0.02808303
6/26/2021 5:10,1.010954,0.02808303
6/26/2021 5:15,1.007262,0.02808303
6/26/2021 5:20,0.9998769,0.02808303
6/26/2021 5:25,1.008,0.02808303
6/26/2021 5:30,1.008738,0.02808303
6/26/2021 5:35,1.003569,0.02808303
6/26/2021 5:40,1.009477,0.02808303
6/26/2021 5:45,0.9947076,0.02808303
6/26/2021 5:50,1.011692,0.02808303
6/26/2021 5:55,1.005785,0.02808303
6/26/2021 6:00,1.002831,0.02808303
6/26/2021 6:05,0.9910154,0.02808303
6/26/2021 6:10,0.9998769,0.02808303
6/26/2021 6:15,0.9998769,0.02808303
6/26/2021 6:20,0.9947076,0.02808303
6/26/2021 6:25,1.006523,0.02808303
6/26/2021 6:30,0.9984,0.02808303
6/26/2021 6:35,0.9902769,0.02808303
6/26/2021 6:40,1.009477,0.02808303
6/26/2021 6:45,0.9961846,0.02808303
6/26/2021 6:50,0.9932307,0.02808303
6/26/2021 6:55,0.9984,0.02808303
6/26/2021 7:00,0.9954461,0.02808303
6/26/2021 7:05,1.005785,0.02808303
6/26/2021 7:10,0.9998769,0.02808303
6/26/2021 7:15,1.007262,0.02808303
6/26/2021 7:20,1.003569,0.02808303
6/26/2021 7:25,1.003569,0.02808303
6/26/2021 7:30,1.007262,0.02808303
6/26/2021 7:35,0.9947076,0.02808303
6/26/2021 7:40,1.002092,0.02808303
6/26/2021 7:45,0.9998769,0.02808303
6/26/2021 7:50,0.9976615,0.02808303
6/26/2021 7:55,0.9976615,0.02808303
6/26/2021 8:00,1.001354,0.02808303
6/26/2021 8:05,1.002831,0.02808303
6/26/2021 8:10,1.013908,0.02808303
6/26/2021 8:15,1.013908,0.02808303
6/26/2021 8:20,1.004308,0.02808303
6/26/2021 8:25,1.004308,0.02808303
6/26/2021 8:30,1.003569,0.02686203
6/26/2021 8:35,1.005785,0.02686203
6/26/2021 8:40,0.9991384,0.02686203
6/26/2021 8:45,0.9954461,0.02686203
6/26/2021 8:50,0.9998769,0.02808303
6/26/2021 8:55,0.9976615,0.02686203
6/26/2021 9:00,1.003569,0.02686203
6/26/2021 9:05,1.002831,0.02686203
6/26/2021 9:10,0.9991384,0.02686203
6/26/2021 9:15,1.002831,0.02686203
6/26/2021 9:20,1.002831,0.02686203
6/26/2021 9:25,1.004308,0.02686203
6/26/2021 9:30,0.9991384,0.02686203
6/26/2021 9:35,1.001354,0.02686203
6/26/2021 9:40,1.002831,0.02686203
6/26/2021 9:45,1.002831,0.02808303
6/26/2021 9:50,1.005785,0.02686203
6/26/2021 9:55,1.009477,0.02686203
6/26/2021 10:00,0.996923,0.02686203
6/26/2021 10:05,1.006523,0.02686203
6/26/2021 10:10,0.9976615,0.02686203
6/26/2021 10:15,1.002831,0.02686203
6/26/2021 10:20,1.002092,0.02686203
6/26/2021 10:25,0.9924923,0.02686203
6/26/2021 10:30,1.000615,0.02686203
6/26/2021 10:35,0.9984,0.02686203
6/26/2021 10:40,1.002092,0.02686203
6/26/2021 10:45,0.9947076,0.02686203
6/26/2021 10:50,0.9947076,0.02686203
6/26/2021 10:55,1.000615,0.02686203
6/26/2021 11:00,0.9954461,0.02686203
6/26/2021 11:05,1.004308,0.02686203
6/26/2021 11:10,0.9917538,0.02686203
6/26/2021 11:15,0.9932307,0.02686203
6/26/2021 11:20,0.9961846,0.02686203
6/26/2021 11:25,0.9865846,0.02686203
6/26/2021 11:30,0.9917538,0.02686203
6/26/2021 11:35,1.004308,0.02686203
6/26/2021 11:40,0.9939692,0.02686203
6/26/2021 11:45,0.9836308,0.02686203
6/26/2021 11:50,0.9910154,0.02686203
6/26/2021 11:55,0.9991384,0.02686203
6/26/2021 12:00,0.9880615,0.02686203
6/26/2021 12:05,0.9984,0.02686203
6/26/2021 12:10,0.9924923,0.02686203
6/26/2021 12:15,0.9947076,0.02686203
6/26/2021 12:20,0.9947076,0.02686203
6/26/2021 12:25,0.9888,0.02686203
6/26/2021 12:30,0.9910154,0.02686203
6/26/2021 12:35,0.9851077,0.02686203
6/26/2021 12:40,0.9858461,0.02686203
6/26/2021 12:45,0.9880615,0.02686203
6/26/2021 12:50,0.9895384,0.02686203
6/26/2021 12:55,0.9806769,0.02686203
6/26/2021 13:00,0.9858461,0.02686203
6/26/2021 13:05,0.9865846,0.02686203
6/26/2021 13:10,0.9806769,0.02686203
6/26/2021 13:15,0.9895384,0.02686203
6/26/2021 13:20,0.9880615,0.02686203
6/26/2021 13:25,0.9865846,0.02686203
6/26/2021 13:30,0.987323,0.02686203
6/26/2021 13:35,0.9888,0.02686203
6/26/2021 13:40,0.9917538,0.02686203
6/26/2021 13:45,0.9851077,0.02686203
6/26/2021 13:50,0.9902769,0.02686203
6/26/2021 13:55,0.9947076,0.02686203
6/26/2021 14:00,0.9932307,0.02686203
6/26/2021 14:05,0.9769846,0.02686203
6/26/2021 14:10,0.9961846,0.02686203
6/26/2021 14:15,0.9947076,0.02686203
6/26/2021 14:20,0.9924923,0.02686203
6/26/2021 14:25,0.9954461,0.02686203
6/26/2021 14:30,1.000615,0.02686203
6/26/2021 14:35,0.9902769,0.02686203
6/26/2021 14:40,0.9947076,0.02686203
6/26/2021 14:45,0.9998769,0.02686203
6/26/2021 14:50,1.001354,0.02686203
6/26/2021 14:55,0.9932307,0.02686203
6/26/2021 15:00,1.000615,0.02686203
6/26/2021 15:05,0.9961846,0.02686203
6/26/2021 15:10,0.9932307,0.02686203
6/26/2021 15:15,1.005046,0.02686203
6/26/2021 15:20,0.9947076,0.02686203
6/26/2021 15:25,0.9947076,0.02686203
6/26/2021 15:30,0.9954461,0.02686203
6/26/2021 15:35,0.9917538,0.02686203
6/26/2021 15:40,0.9947076,0.02686203
6/26/2021 15:45,0.9895384,0.02686203
6/26/2021 15:50,0.9947076,0.02686203
6/26/2021 15:55,0.9769846,0.02686203
6/26/2021 16:00,0.9858461,0.02686203
6/26/2021 16:05,0.9865846,0.02686203
6/26/2021 16:10,0.987323,0.02686203
6/26/2021 16:15,0.9821538,0.02686203
6/26/2021 16:20,0.9836308,0.02686203
6/26/2021 16:25,0.9888,0.02686203
6/26/2021 16:30,0.9792,0.02686203
6/26/2021 16:35,0.9769846,0.02686203
6/26/2021 16:40,0.987323,0.02686203
6/26/2021 16:45,0.9828923,0.02930403
6/26/2021 16:50,0.9954461,0.02686203
6/26/2021 16:55,0.9784615,0.02686203
6/26/2021 17:00,0.9865846,0.02686203
6/26/2021 17:05,0.9828923,0.02686203
6/26/2021 17:10,0.9821538,0.02686203
6/26/2021 17:15,0.9806769,0.02686203
6/26/2021 17:20,1.020554,0.02686203
6/26/2021 17:25,1.022031,0.02686203
6/26/2021 17:30,1.022031,0.02686203
6/26/2021 17:35,1.009477,0.02686203
6/26/2021 17:40,1.018338,0.02686203
6/26/2021 17:45,1.011692,0.02686203
6/26/2021 17:50,1.008738,0.02686203
6/26/2021 17:55,1.008,0.02686203
6/26/2021 18:00,1.002831,0.02686203
6/26/2021 18:05,1.016123,0.02686203
6/26/2021 18:10,1.005785,0.02686203
6/26/2021 18:15,1.016862,0.02686203
6/26/2021 18:20,1.008,0.02686203
6/26/2021 18:25,1.001354,0.02686203
6/26/2021 18:30,1.004308,0.02686203
6/26/2021 18:35,1.001354,0.02686203
6/26/2021 18:40,1.001354,0.02686203
6/26/2021 18:45,1.001354,0.02686203
6/26/2021 18:50,1.001354,0.02686203
6/26/2021 18:55,0.9991384,0.02686203
6/26/2021 19:00,1.012431,0.02686203
6/26/2021 19:05,1.013169,0.02686203
6/26/2021 19:10,1.007262,0.02686203
6/26/2021 19:15,1.005785,0.02686203
6/26/2021 19:20,1.004308,0.02686203
6/26/2021 19:25,1.006523,0.02686203
6/26/2021 19:30,1.005785,0.02686203
6/26/2021 19:35,1.004308,0.02686203
6/26/2021 19:40,1.006523,0.02686203
6/26/2021 19:45,1.010954,0.02686203
6/26/2021 19:50,0.9976615,0.02686203
6/26/2021 19:55,0.996923,0.02686203
6/26/2021 20:00,1.009477,0.02686203
6/26/2021 20:05,1.008,0.02686203
6/26/2021 20:10,1.006523,0.02686203
6/26/2021 20:15,1.007262,0.02686203
6/26/2021 20:20,1.004308,0.02686203
6/26/2021 20:25,1.009477,0.02686203
6/26/2021 20:30,1.020554,0.02686203
6/26/2021 20:35,1.005046,0.02686203
6/26/2021 20:40,1.009477,0.02686203
6/26/2021 20:45,1.0176,0.02686203
6/26/2021 20:50,1.008738,0.02686203
6/26/2021 20:55,1.022031,0.02686203
6/26/2021 21:00,1.013169,0.02686203
6/26/2021 21:05,1.012431,0.02686203
6/26/2021 21:10,1.0176,0.02686203
6/26/2021 21:15,1.009477,0.02686203
6/26/2021 21:20,1.008738,0.02686203
6/26/2021 21:25,1.007262,0.02686203
6/26/2021 21:30,1.001354,0.02686203
6/26/2021 21:35,1.010215,0.02686203
6/26/2021 21:40,1.008,0.02686203
6/26/2021 21:45,1.013908,0.02808303
6/26/2021 21:50,1.010954,0.02686203
6/26/2021 21:55,1.015385,0.02686203
6/26/2021 22:00,1.012431,0.02686203
6/26/2021 22:05,1.007262,0.02686203
6/26/2021 22:10,1.016862,0.02686203
6/26/2021 22:15,0.9998769,0.02686203
6/26/2021 22:20,1.008738,0.02686203
6/26/2021 22:25,1.012431,0.02686203
6/26/2021 22:30,1.002831,0.02686203
6/26/2021 22:35,1.005046,0.02686203
6/26/2021 22:40,1.006523,0.02686203
6/26/2021 22:45,1.004308,0.02686203
6/26/2021 22:50,1.005785,0.02686203
6/26/2021 22:55,1.003569,0.02686203
6/26/2021 23:00,1.004308,0.02686203
6/26/2021 23:05,1.008738,0.02686203
6/26/2021 23:10,1.006523,0.02686203
6/26/2021 23:15,1.004308,0.02686203
6/26/2021 23:20,1.008738,0.02686203
6/26/2021 23:25,1.019815,0.02686203
6/26/2021 23:30,1.002831,0.02686203
6/26/2021 23:35,1.007262,0.02686203
6/26/2021 23:40,1.005046,0.02686203
6/26/2021 23:45,1.009477,0.02686203
6/26/2021 23:50,1.010954,0.02686203
6/26/2021 23:55,1.005785,0.02686203
6/27/2021 0:00,1.004308,0.02686203
6/27/2021 0:05,1.004308,0.02686203
6/27/2021 0:10,1.006523,0.02686203
6/27/2021 0:15,1.006523,0.02686203
6/27/2021 0:20,1.010954,0.02686203
6/27/2021 0:25,1.006523,0.02686203
6/27/2021 0:30,1.005785,0.02686203
6/27/2021 0:35,1.001354,0.02686203
6/27/2021 0:40,1.005046,0.02686203
6/27/2021 0:45,1.008,0.02686203
6/27/2021 0:50,1.002831,0.02686203
6/27/2021 0:55,1.004308,0.02686203
6/27/2021 1:00,1.002092,0.02686203
6/27/2021 1:05,0.9991384,0.02686203
6/27/2021 1:10,1.016862,0.02686203
6/27/2021 1:15,1.004308,0.02686203
6/27/2021 1:20,0.9976615,0.02686203
6/27/2021 1:25,1.006523,0.02686203
6/27/2021 1:30,0.9991384,0.02686203
6/27/2021 1:35,1.008,0.02686203
6/27/2021 1:40,0.9976615,0.02686203
6/27/2021 1:45,0.9998769,0.02686203
6/27/2021 1:50,1.008,0.02686203
6/27/2021 1:55,1.001354,0.02686203
6/27/2021 2:00,1.002831,0.02686203
6/27/2021 2:05,1.008,0.02686203
6/27/2021 2:10,1.001354,0.02686203
6/27/2021 2:15,0.9984,0.02808303
6/27/2021 2:20,1.001354,0.02808303
6/27/2021 2:25,1.000615,0.02808303
6/27/2021 2:30,1.002831,0.02808303
6/27/2021 2:35,1.004308,0.02808303
6/27/2021 2:40,1.002092,0.02808303
6/27/2021 2:45,1.001354,0.02808303
6/27/2021 2:50,0.9947076,0.02808303
6/27/2021 2:55,1.003569,0.02808303
6/27/2021 3:00,1.008,0.02808303
6/27/2021 3:05,1.003569,0.02808303
6/27/2021 3:10,1.006523,0.02808303
6/27/2021 3:15,0.9998769,0.02808303
6/27/2021 3:20,1.000615,0.02808303
6/27/2021 3:25,1.001354,0.02808303
6/27/2021 3:30,0.9984,0.02808303
6/27/2021 3:35,0.996923,0.02808303
6/27/2021 3:40,1.004308,0.02808303
6/27/2021 3:45,0.9998769,0.02808303
6/27/2021 3:50,1.001354,0.02808303
6/27/2021 3:55,0.9932307,0.02808303
6/27/2021 4:00,0.9961846,0.02808303
6/27/2021 4:05,0.987323,0.02808303
6/27/2021 4:10,0.996923,0.02808303
6/27/2021 4:15,0.9984,0.02808303
6/27/2021 4:20,0.9947076,0.02808303
6/27/2021 4:25,0.996923,0.02808303
6/27/2021 4:30,0.9961846,0.02808303
6/27/2021 4:35,0.9917538,0.02808303
6/27/2021 4:40,0.9910154,0.02808303
6/27/2021 4:45,0.9961846,0.02808303
6/27/2021 4:50,1.005785,0.02808303
6/27/2021 4:55,0.9976615,0.02808303
6/27/2021 5:00,0.9932307,0.02808303
6/27/2021 5:05,0.996923,0.02808303
6/27/2021 5:10,0.9961846,0.02808303
6/27/2021 5:15,0.9976615,0.02808303
6/27/2021 5:20,1.004308,0.02808303
6/27/2021 5:25,0.9895384,0.02808303
6/27/2021 5:30,0.9939692,0.02808303
6/27/2021 5:35,0.9998769,0.02808303
6/27/2021 5:40,1.000615,0.02808303
6/27/2021 5:45,0.9991384,0.02808303
6/27/2021 5:50,0.996923,0.02808303
6/27/2021 5:55,0.9939692,0.02808303
6/27/2021 6:00,0.9910154,0.02808303
6/27/2021 6:05,0.9947076,0.02808303
6/27/2021 6:10,0.9917538,0.02808303
6/27/2021 6:15,0.9888,0.02808303
6/27/2021 6:20,0.9917538,0.02808303
6/27/2021 6:25,0.9836308,0.02808303
6/27/2021 6:30,0.9924923,0.02808303
6/27/2021 6:35,0.9947076,0.02808303
6/27/2021 6:40,0.9828923,0.02808303
6/27/2021 6:45,0.9924923,0.02808303
6/27/2021 6:50,0.9880615,0.02808303
6/27/2021 6:55,0.9821538,0.02808303
6/27/2021 7:00,0.987323,0.02808303
6/27/2021 7:05,0.9843692,0.02808303
6/27/2021 7:10,0.9828923,0.02808303
6/27/2021 7:15,0.987323,0.02808303
6/27/2021 7:20,0.996923,0.02808303
6/27/2021 7:25,0.9836308,0.02808303
6/27/2021 7:30,0.9821538,0.02808303
6/27/2021 7:35,0.9828923,0.02808303
6/27/2021 7:40,0.9865846,0.02808303
6/27/2021 7:45,1.041969,0.02808303
6/27/2021 7:50,1.016123,0.02808303
6/27/2021 7:55,1.016123,0.02808303
6/27/2021 8:00,1.010954,0.02808303
6/27/2021 8:05,1.024985,0.02808303
6/27/2021 8:10,1.021292,0.02808303
6/27/2021 8:15,1.012431,0.02808303
6/27/2021 8:20,1.019815,0.02808303
6/27/2021 8:25,1.020554,0.02808303
6/27/2021 8:30,1.010954,0.02808303
6/27/2021 8:35,1.008,0.02808303
6/27/2021 8:40,1.019077,0.02808303
6/27/2021 8:45,1.008738,0.02808303
6/27/2021 8:50,1.015385,0.02808303
6/27/2021 8:55,1.003569,0.02808303
6/27/2021 9:00,1.016123,0.02808303
6/27/2021 9:05,1.008738,0.02808303
6/27/2021 9:10,1.004308,0.02808303
6/27/2021 9:15,1.012431,0.02808303
6/27/2021 9:20,1.004308,0.02808303
6/27/2021 9:25,1.021292,0.02808303
6/27/2021 9:30,1.023508,0.02808303
6/27/2021 9:35,0.96,0.02808303
6/27/2021 9:40,1.011692,0.02808303
6/27/2021 9:45,1.002831,0.02808303
6/27/2021 9:50,1.004308,0.02808303
6/27/2021 9:55,1.005785,0.02808303
6/27/2021 10:00,0.9961846,0.02808303
6/27/2021 10:05,1.002831,0.02808303
6/27/2021 10:10,1.006523,0.02808303
6/27/2021 10:15,1.008738,0.02808303
6/27/2021 10:20,1.004308,0.02808303
6/27/2021 10:25,1.001354,0.02808303
6/27/2021 10:30,1.002092,0.02808303
6/27/2021 10:35,1.004308,0.02808303
6/27/2021 10:40,1.005046,0.02808303
6/27/2021 10:45,0.996923,0.02808303
6/27/2021 10:50,1.002092,0.02808303
6/27/2021 10:55,1.004308,0.02808303
6/27/2021 11:00,0.9939692,0.02808303
6/27/2021 11:05,1.011692,0.02808303
6/27/2021 11:10,1.002092,0.02808303
6/27/2021 11:15,1.004308,0.02808303
6/27/2021 11:20,1.011692,0.02808303
6/27/2021 11:25,1.001354,0.02808303
6/27/2021 11:30,1.014646,0.02930403
6/27/2021 11:35,1.010954,0.02930403
6/27/2021 11:40,1.005046,0.02930403
6/27/2021 11:45,1.005046,0.02930403
6/27/2021 11:50,1.001354,0.02930403
6/27/2021 11:55,1.002092,0.02930403
6/27/2021 12:00,0.996923,0.02930403
6/27/2021 12:05,0.9976615,0.02930403
6/27/2021 12:10,1.005785,0.02930403
6/27/2021 12:15,1.001354,0.02930403
6/27/2021 12:20,1.009477,0.02930403
6/27/2021 12:25,1.009477,0.02930403
6/27/2021 12:30,1.012431,0.02930403
6/27/2021 12:35,1.008,0.02930403
6/27/2021 12:40,1.005785,0.02930403
6/27/2021 12:45,1.012431,0.02930403
6/27/2021 12:50,1.010954,0.02930403
6/27/2021 12:55,1.008,0.02930403
6/27/2021 13:00,1.004308,0.02930403
6/27/2021 13:05,1.002831,0.02930403
6/27/2021 13:10,1.005785,0.02930403
6/27/2021 13:15,1.007262,0.02930403
6/27/2021 13:20,1.002831,0.02930403
6/27/2021 13:25,1.012431,0.02930403
6/27/2021 13:30,1.006523,0.02930403
6/27/2021 13:35,1.015385,0.02930403
6/27/2021 13:40,0.9991384,0.02930403
6/27/2021 13:45,1.001354,0.02930403
6/27/2021 13:50,1.006523,0.02930403
6/27/2021 13:55,0.9998769,0.02930403
6/27/2021 14:00,1.001354,0.02930403
6/27/2021 14:05,0.9984,0.02930403
6/27/2021 14:10,1.005785,0.02930403
6/27/2021 14:15,1.004308,0.02930403
6/27/2021 14:20,1.003569,0.02930403
6/27/2021 14:25,0.9917538,0.02930403
6/27/2021 14:30,0.9991384,0.02930403
6/27/2021 14:35,1.009477,0.02930403
6/27/2021 14:40,0.9984,0.02930403
6/27/2021 14:45,1.002092,0.02930403
6/27/2021 14:50,0.9917538,0.02930403
6/27/2021 14:55,0.9998769,0.02930403
6/27/2021 15:00,1.001354,0.02930403
6/27/2021 15:05,1.006523,0.02930403
6/27/2021 15:10,0.9954461,0.02930403
6/27/2021 15:15,1.005785,0.02930403
6/27/2021 15:20,0.9976615,0.03052503
6/27/2021 15:25,0.9858461,0.03052503
6/27/2021 15:30,0.9851077,0.03052503
6/27/2021 15:35,0.987323,0.03052503
6/27/2021 15:40,0.9917538,0.03052503
6/27/2021 15:45,0.987323,0.03052503
6/27/2021 15:50,0.987323,0.03052503
6/27/2021 15:55,0.9836308,0.03052503
6/27/2021 16:00,0.9821538,0.03052503
6/27/2021 16:05,0.9806769,0.03052503
6/27/2021 16:10,0.9629538,0.03052503
6/27/2021 16:15,1.014646,0.03052503
6/27/2021 16:20,1.013908,0.03052503
6/27/2021 16:25,1.0272,0.03052503
6/27/2021 16:30,1.010954,0.03052503
6/27/2021 16:35,1.013908,0.03052503
6/27/2021 16:40,1.013908,0.03052503
6/27/2021 16:45,1.013908,0.03052503
6/27/2021 16:50,1.006523,0.03052503
6/27/2021 16:55,1.012431,0.03052503
6/27/2021 17:00,1.005046,0.03052503
6/27/2021 17:05,1.005785,0.03052503
6/27/2021 17:10,1.004308,0.03052503
6/27/2021 17:15,0.9984,0.03052503
6/27/2021 17:20,1.005785,0.03052503
6/27/2021 17:25,0.9902769,0.03052503
6/27/2021 17:30,1.005785,0.03052503
6/27/2021 17:35,1.005046,0.03052503
6/27/2021 17:40,0.996923,0.03052503
6/27/2021 17:45,0.9991384,0.03052503
6/27/2021 17:50,0.987323,0.03052503
6/27/2021 17:55,0.9991384,0.03052503
6/27/2021 18:00,0.9932307,0.03052503
6/27/2021 18:05,0.9984,0.03052503
6/27/2021 18:10,0.9954461,0.03052503
6/27/2021 18:15,0.9880615,0.03052503
6/27/2021 18:20,0.9924923,0.03052503
6/27/2021 18:25,0.996923,0.03052503
6/27/2021 18:30,1.001354,0.03052503
6/27/2021 18:35,0.9939692,0.03052503
6/27/2021 18:40,0.9858461,0.03052503
6/27/2021 18:45,0.9865846,0.03052503
6/27/2021 18:50,0.9806769,0.03052503
6/27/2021 18:55,0.9851077,0.03052503
6/27/2021 19:00,0.9777231,0.03052503
6/27/2021 19:05,0.987323,0.03052503
6/27/2021 19:10,0.9851077,0.03052503
6/27/2021 19:15,0.9932307,0.03052503
6/27/2021 19:20,0.9836308,0.03052503
6/27/2021 19:25,0.9814154,0.03052503
6/27/2021 19:30,0.9851077,0.03052503
6/27/2021 19:35,1.028677,0.03052503
6/27/2021 19:40,1.019077,0.03052503
6/27/2021 19:45,1.009477,0.03052503
6/27/2021 19:50,1.008,0.03052503
6/27/2021 19:55,1.003569,0.03052503
6/27/2021 20:00,1.006523,0.03052503
6/27/2021 20:05,1.008,0.03052503
6/27/2021 20:10,1.016123,0.03052503
6/27/2021 20:15,1.006523,0.03052503
6/27/2021 20:20,1.014646,0.03174603
6/27/2021 20:25,1.002831,0.03174603
6/27/2021 20:30,1.006523,0.03174603
6/27/2021 20:35,1.007262,0.03174603
6/27/2021 20:40,1.013908,0.03174603
6/27/2021 20:45,1.010954,0.03174603
6/27/2021 20:50,1.013169,0.03174603
6/27/2021 20:55,1.010215,0.03174603
6/27/2021 21:00,1.010215,0.03174603
6/27/2021 21:05,1.004308,0.03174603
6/27/2021 21:10,1.018338,0.03174603
6/27/2021 21:15,1.009477,0.03174603
6/27/2021 21:20,1.012431,0.03174603
6/27/2021 21:25,1.016862,0.03174603
6/27/2021 21:30,1.012431,0.03174603
6/27/2021 21:35,1.011692,0.03174603
6/27/2021 21:40,1.015385,0.03174603
6/27/2021 21:45,1.011692,0.03174603
6/27/2021 21:50,1.013908,0.03174603
6/27/2021 21:55,1.010954,0.03174603
6/27/2021 22:00,1.011692,0.03174603
6/27/2021 22:05,1.010954,0.03174603
6/27/2021 22:10,1.008,0.03174603
6/27/2021 22:15,1.005046,0.03174603
6/27/2021 22:20,0.9984,0.03174603
6/27/2021 22:25,1.019077,0.03174603
6/27/2021 22:30,1.008,0.03174603
6/27/2021 22:35,1.015385,0.03174603
6/27/2021 22:40,1.012431,0.03174603
6/27/2021 22:45,1.011692,0.03174603
6/27/2021 22:50,1.014646,0.03174603
6/27/2021 22:55,1.011692,0.03174603
6/27/2021 23:00,1.015385,0.03174603
6/27/2021 23:05,1.0176,0.03296703
6/27/2021 23:10,1.0176,0.03174603
6/27/2021 23:15,1.008738,0.03174603
6/27/2021 23:20,1.009477,0.03174603
6/27/2021 23:25,1.006523,0.03296703
6/27/2021 23:30,1.005046,0.03296703
6/27/2021 23:35,1.010954,0.03296703
6/27/2021 23:40,1.012431,0.03296703
6/27/2021 23:45,1.010954,0.03296703
6/27/2021 23:50,1.010954,0.03296703
6/27/2021 23:55,1.008738,0.03296703
6/28/2021 0:00,1.010215,0.03296703
6/28/2021 0:05,1.019077,0.03296703
6/28/2021 0:10,1.011692,0.03296703
6/28/2021 0:15,1.015385,0.03296703
6/28/2021 0:20,1.006523,0.03296703
6/28/2021 0:25,1.013908,0.03296703
6/28/2021 0:30,1.005046,0.03296703
6/28/2021 0:35,1.015385,0.03296703
6/28/2021 0:40,1.012431,0.03296703
6/28/2021 0:45,1.013169,0.03296703
6/28/2021 0:50,1.005785,0.03296703
6/28/2021 0:55,1.009477,0.03296703
6/28/2021 1:00,1.010215,0.03296703
6/28/2021 1:05,1.008,0.03296703
6/28/2021 1:10,1.013908,0.03296703
6/28/2021 1:15,1.011692,0.03296703
6/28/2021 1:20,1.008,0.03296703
6/28/2021 1:25,1.010954,0.03296703
6/28/2021 1:30,1.010954,0.03296703
6/28/2021 1:35,1.005785,0.03296703
6/28/2021 1:40,1.015385,0.03296703
6/28/2021 1:45,1.009477,0.03296703
6/28/2021 1:50,1.005046,0.03296703
6/28/2021 1:55,0,-1
6/28/2021 2:00,0,-1
6/28/2021 2:05,0,-1
6/28/2021 2:10,0,-1
6/28/2021 2:15,0,-1
6/28/2021 2:20,0,-1
6/28/2021 2:25,0,-1
6/28/2021 2:30,0,-1
6/28/2021 2:35,0,-1
6/28/2021 2:40,0,-1
6/28/2021 2:45,0,-1
6/28/2021 2:50,0,-1
6/28/2021 2:55,0,-1
6/28/2021 3:00,0,-1
6/28/2021 3:05,0,-1
6/28/2021 3:10,0,-1
6/28/2021 3:15,0,-1
6/28/2021 3:20,0,-1
6/28/2021 3:25,0,-1
6/28/2021 3:30,0,-1
6/28/2021 3:35,0,-1
6/28/2021 3:40,0,-1
6/28/2021 3:45,0,-1
6/28/2021 3:50,0,-1
6/28/2021 3:55,0,-1
6/28/2021 4:00,0,-1
6/28/2021 4:05,0,-1
6/28/2021 4:10,0,-1
6/28/2021 4:15,0,-1
6/28/2021 4:20,0,-1
6/28/2021 4:25,0,-1
6/28/2021 4:30,0,-1
6/28/2021 4:35,0,-1
6/28/2021 4:40,0,-1
6/28/2021 4:45,0,-1
6/28/2021 4:50,0,-1
6/28/2021 4:55,0,-1
6/28/2021 5:00,0,-1
6/28/2021 5:05,0,-1
6/28/2021 5:10,0,-1
6/28/2021 5:15,0,-1
6/28/2021 5:20,0,-1
6/28/2021 5:25,0,-1
6/28/2021 5:30,0,-1
6/28/2021 5:35,0,-1
6/28/2021 5:40,0,-1
6/28/2021 5:45,0,-1
6/28/2021 5:50,0,-1
6/28/2021 5:55,0,-1
6/28/2021 6:00,0,-1
6/28/2021 6:05,0,-1
6/28/2021 6:10,0,-1
6/28/2021 6:15,0,-1
6/28/2021 6:20,0,-1
6/28/2021 6:25,0,-1
6/28/2021 6:30,0,-1
6/28/2021 6:35,0,-1
6/28/2021 6:40,0,-1
6/28/2021 6:45,0,-1
6/28/2021 6:50,0,-1
6/28/2021 6:55,0,-1
6/28/2021 7:00,0,-1
6/28/2021 7:05,0,-1
6/28/2021 7:10,0,-1
6/28/2021 7:15,0,-1
6/28/2021 7:20,0,-1
6/28/2021 7:25,0,-1
6/28/2021 7:30,0,-1
6/28/2021 7:35,0,-1
6/28/2021 7:40,0,-1
6/28/2021 7:45,0,-1
6/28/2021 7:50,0,-1
6/28/2021 7:55,0,-1
6/28/2021 8:00,0,-1
6/28/2021 8:05,0,-1
6/28/2021 8:10,0,-1
6/28/2021 8:15,0,-1
6/28/2021 8:20,0,-1
6/28/2021 8:25,0,-1
6/28/2021 8:30,0,-1
6/28/2021 8:35,0,-1
6/28/2021 8:40,0,-1
6/28/2021 8:45,0,-1
6/28/2021 8:50,0,-1
6/28/2021 8:55,0,-1
6/28/2021 9:00,0,-1
6/28/2021 9:05,0,-1
6/28/2021 9:10,0,-1
6/28/2021 9:15,0,-1
6/28/2021 9:20,0,-1
6/28/2021 9:25,0,-1
6/28/2021 9:30,0,-1
6/28/2021 9:35,0,-1
6/28/2021 9:40,0,-1
6/28/2021 9:45,0,-1
6/28/2021 9:50,0,-1
6/28/2021 9:55,0,-1
6/28/2021 10:00,0,-1
6/28/2021 10:05,0,-1
6/28/2021 10:10,0,-1
6/28/2021 10:15,0,-1
6/28/2021 10:20,0,-1
6/28/2021 10:25,0,-1
6/28/2021 10:30,0,-1
6/28/2021 10:35,0,-1
6/28/2021 10:40,0,-1
6/28/2021 10:45,0,-1
6/28/2021 10:50,0,-1
6/28/2021 10:55,0,-1
6/28/2021 11:00,0,-1
6/28/2021 11:05,0,-1
6/28/2021 11:10,0,-1
6/28/2021 11:15,0,-1
6/28/2021 11:20,0,-1
6/28/2021 11:25,0,-1
6/28/2021 11:30,0,-1
6/28/2021 11:35,0,-1
6/28/2021 11:40,0,-1
6/28/2021 11:45,0,-1
6/28/2021 11:50,0,-1
6/28/2021 11:55,0,-1
6/28/2021 12:00,0,-1
6/28/2021 12:05,0,-1
6/28/2021 12:10,0,-1
6/28/2021 12:15,0,-1
6/28/2021 12:20,0,-1
6/28/2021 12:25,0,-1
6/28/2021 12:30,0,-1
6/28/2021 12:35,0,-1
6/28/2021 12:40,0,-1
6/28/2021 12:45,0,-1
6/28/2021 12:50,0,-1
6/28/2021 12:55,0,-1
6/28/2021 13:00,0,-1
6/28/2021 13:05,0,-1
6/28/2021 13:10,0,-1
6/28/2021 13:15,0,-1
6/28/2021 13:20,0,-1
6/28/2021 13:25,0,-1
6/28/2021 13:30,0,-1
6/28/2021 13:35,0,-1
6/28/2021 13:40,0,-1
6/28/2021 13:45,0,-1
6/28/2021 13:50,0,-1
6/28/2021 13:55,0,-1
6/28/2021 14:00,0,-1
6/28/2021 14:05,0,-1
6/28/2021 14:10,0,-1
6/28/2021 14:15,0,-1
6/28/2021 14:20,0,-1
6/28/2021 14:25,0,-1
6/28/2021 14:30,0,-1
6/28/2021 14:35,0,-1
6/28/2021 14:40,0,-1
6/28/2021 14:45,0,-1
6/28/2021 14:50,0,-1
6/28/2021 14:55,0,-1
6/28/2021 15:00,0,-1
6/28/2021 15:05,0,-1
6/28/2021 15:10,0,-1
6/28/2021 15:15,0,-1
6/28/2021 15:20,0,-1
6/28/2021 15:25,0,-1
6/28/2021 15:30,0,-1
6/28/2021 15:35,0,-1
6/28/2021 15:40,0,-1
6/28/2021 15:45,0,-1
6/28/2021 15:50,0,-1
6/28/2021 15:55,0,-1
6/28/2021 16:00,0,-1
6/28/2021 16:05,0,-1
6/28/2021 16:10,0,-1
6/28/2021 16:15,0,-1
6/28/2021 16:20,0,-1
6/28/2021 16:25,0,-1
6/28/2021 16:30,0,-1
6/28/2021 16:35,0,-1
6/28/2021 16:40,0,-1
6/28/2021 16:45,0,-1
6/28/2021 16:50,0,-1
6/28/2021 16:55,0,-1
6/28/2021 17:00,0,-1
6/28/2021 17:05,0,-1
6/28/2021 17:10,0,-1
6/28/2021 17:15,0,-1
6/28/2021 17:20,0,-1
6/28/2021 17:25,0,-1
6/28/2021 17:30,0,-1
6/28/2021 17:35,0,-1
6/28/2021 17:40,0,-1
6/28/2021 17:45,0,-1
6/28/2021 17:50,0,-1
6/28/2021 17:55,0,-1
6/28/2021 18:00,0,-1
6/28/2021 18:05,0,-1
6/28/2021 18:10,0,-1
6/28/2021 18:15,0,-1
6/28/2021 18:20,0,-1
6/28/2021 18:25,0,-1
6/28/2021 18:30,0,-1
6/28/2021 18:35,0,-1
6/28/2021 18:40,0,-1
6/28/2021 18:45,0,-1
6/28/2021 18:50,0,-1
6/28/2021 18:55,0,-1
6/28/2021 19:00,0,-1
6/28/2021 19:05,0,-1
6/28/2021 19:10,0,-1
6/28/2021 19:15,0,-1
6/28/2021 19:20,0,-1
6/28/2021 19:25,0,-1
6/28/2021 19:30,0,-1
6/28/2021 19:35,0,-1
6/28/2021 19:40,0,-1
6/28/2021 19:45,0,-1
6/28/2021 19:50,0,-1
6/28/2021 19:55,0,-1
6/28/2021 20:00,0,-1
6/28/2021 20:05,0,-1
6/28/2021 20:10,0,-1
6/28/2021 20:15,0,-1
6/28/2021 20:20,0,-1
6/28/2021 20:25,0,-1
6/28/2021 20:30,0,-1
6/28/2021 20:35,0,-1
6/28/2021 20:40,0,-1
6/28/2021 20:45,0,-1
6/28/2021 20:50,0,-1
6/28/2021 20:55,0,-1
6/28/2021 21:00,0,-1
6/28/2021 21:05,0,-1
6/28/2021 21:10,0,-1
6/28/2021 21:15,0,-1
6/28/2021 21:20,0,-1
6/28/2021 21:25,0,-1
6/28/2021 21:30,0,-1
6/28/2021 21:35,0,-1
6/28/2021 21:40,0,-1
6/28/2021 21:45,0,-1
6/28/2021 21:50,0,-1
6/28/2021 21:55,0,-1
6/28/2021 22:00,0,-1
6/28/2021 22:05,0,-1
6/28/2021 22:10,0,-1
6/28/2021 22:15,0,-1
6/28/2021 22:20,0,-1
6/28/2021 22:25,0,-1
6/28/2021 22:30,0,-1
6/28/2021 22:35,0,-1
6/28/2021 22:40,0,-1
6/28/2021 22:45,0,-1
6/28/2021 22:50,0,-1
6/28/2021 22:55,0,-1
6/28/2021 23:00,0,-1
6/28/2021 23:05,0,-1
6/28/2021 23:10,0,-1
6/28/2021 23:15,0,-1
6/28/2021 23:20,0,-1
6/28/2021 23:25,0,-1
6/28/2021 23:30,0,-1
6/28/2021 23:35,0,-1
6/28/2021 23:40,0,-1
6/28/2021 23:45,0,-1
6/28/2021 23:50,0,-1
6/28/2021 23:55,0,-1
6/29/2021 0:00,0,-1
6/29/2021 0:05,0,-1
6/29/2021 0:10,0,-1
6/29/2021 0:15,0,-1
6/29/2021 0:20,0,-1
6/29/2021 0:25,0,-1
6/29/2021 0:30,0,-1
6/29/2021 0:35,0,-1
6/29/2021 0:40,0,-1
6/29/2021 0:45,0,-1
6/29/2021 0:50,0,-1
6/29/2021 0:55,0,-1
6/29/2021 1:00,0,-1
6/29/2021 1:05,0,-1
6/29/2021 1:10,0,-1
6/29/2021 1:15,0,-1
6/29/2021 1:20,0,-1
6/29/2021 1:25,0,-1
6/29/2021 1:30,0,-1
6/29/2021 1:35,0,-1
6/29/2021 1:40,0,-1
6/29/2021 1:45,0,-1
6/29/2021 1:50,0,-1
6/29/2021 1:55,0,-1
6/29/2021 2:00,0,-1
6/29/2021 2:05,0,-1
6/29/2021 2:10,0,-1
6/29/2021 2:15,0,-1
6/29/2021 2:20,0,-1
6/29/2021 2:25,0,-1
6/29/2021 2:30,0,-1
6/29/2021 2:35,0,-1
6/29/2021 2:40,0,-1
6/29/2021 2:45,0,-1
6/29/2021 2:50,0,-1
6/29/2021 2:55,0,-1
6/29/2021 3:00,0,-1
6/29/2021 3:05,0,-1
6/29/2021 3:10,0,-1
6/29/2021 3:15,0,-1
6/29/2021 3:20,0,-1
6/29/2021 3:25,0,-1
6/29/2021 3:30,0,-1
6/29/2021 3:35,0,-1
6/29/2021 3:40,0,-1
6/29/2021 3:45,0,-1
6/29/2021 3:50,0,-1
6/29/2021 3:55,0,-1
6/29/2021 4:00,0,-1
6/29/2021 4:05,0,-1
6/29/2021 4:10,0,-1
6/29/2021 4:15,0,-1
6/29/2021 4:20,0,-1
6/29/2021 4:25,0,-1
6/29/2021 4:30,0,-1
6/29/2021 4:35,0,-1
6/29/2021 4:40,0,-1
6/29/2021 4:45,0,-1
6/29/2021 4:50,0,-1
6/29/2021 4:55,0,-1
6/29/2021 5:00,0,-1
6/29/2021 5:05,0,-1
6/29/2021 5:10,0,-1
6/29/2021 5:15,0,-1
6/29/2021 5:20,0,-1
6/29/2021 5:25,0,-1
6/29/2021 5:30,0,-1
6/29/2021 5:35,0,-1
6/29/2021 5:40,0,-1
6/29/2021 5:45,0,-1
6/29/2021 5:50,0,-1
6/29/2021 5:55,0,-1
6/29/2021 6:00,0,-1
6/29/2021 6:05,0,-1
6/29/2021 6:10,0,-1
6/29/2021 6:15,0,-1
6/29/2021 6:20,0,-1
6/29/2021 6:25,0,-1
6/29/2021 6:30,0,-1
6/29/2021 6:35,0,-1
6/29/2021 6:40,0,-1
6/29/2021 6:45,0,-1
6/29/2021 6:50,0,-1
6/29/2021 6:55,0,-1
6/29/2021 7:00,0,-1
6/29/2021 7:05,0,-1
6/29/2021 7:10,0,-1
6/29/2021 7:15,0,-1
6/29/2021 7:20,0,-1
6/29/2021 7:25,0,-1
6/29/2021 7:30,0,-1
6/29/2021 7:35,0,-1
6/29/2021 7:40,0,-1
6/29/2021 7:45,0,-1
6/29/2021 7:50,0,-1
6/29/2021 7:55,0,-1
6/29/2021 8:00,0,-1
6/29/2021 8:05,0,-1
6/29/2021 8:10,0,-1
6/29/2021 8:15,0,-1
6/29/2021 8:20,0,-1
6/29/2021 8:25,0,-1
6/29/2021 8:30,0,-1
6/29/2021 8:35,0,-1
6/29/2021 8:40,0,-1
6/29/2021 8:45,0,-1
6/29/2021 8:50,0,-1
6/29/2021 8:55,0,-1
6/29/2021 9:00,0,-1
6/29/2021 9:05,0,-1
6/29/2021 9:10,0,-1
6/29/2021 9:15,0,-1
6/29/2021 9:20,0,-1
6/29/2021 9:25,0,-1
6/29/2021 9:30,0,-1
6/29/2021 9:35,0,-1
6/29/2021 9:40,0,-1
6/29/2021 9:45,0,-1
6/29/2021 9:50,0,-1
6/29/2021 9:55,0,-1
6/29/2021 10:00,0,-1
6/29/2021 10:05,0,-1
6/29/2021 10:10,0,-1
6/29/2021 10:15,0,-1
6/29/2021 10:20,0,-1
6/29/2021 10:25,0,-1
6/29/2021 10:30,0,-1
6/29/2021 10:35,0,-1
6/29/2021 10:40,0,-1
6/29/2021 10:45,0,-1
6/29/2021 10:50,0,-1
6/29/2021 10:55,0,-1
6/29/2021 11:00,0,-1
6/29/2021 11:05,0,-1
6/29/2021 11:10,0,-1
6/29/2021 11:15,0,-1
6/29/2021 11:20,0,-1
6/29/2021 11:25,0,-1
6/29/2021 11:30,0,-1
6/29/2021 11:35,0,-1
6/29/2021 11:40,0,-1
6/29/2021 11:45,0,-1
6/29/2021 11:50,0,-1
6/29/2021 11:55,0,-1
6/29/2021 12:00,0,-1
6/29/2021 12:05,0,-1
6/29/2021 12:10,0,-1
6/29/2021 12:15,0,-1
6/29/2021 12:20,0,-1
6/29/2021 12:25,0,-1
6/29/2021 12:30,0,-1
6/29/2021 12:35,0,-1
6/29/2021 12:40,0,-1
6/29/2021 12:45,0,-1
6/29/2021 12:50,0,-1
6/29/2021 12:55,0,-1
6/29/2021 13:00,0,-1
6/29/2021 13:05,0,-1
6/29/2021 13:10,0,-1
6/29/2021 13:15,0,-1
6/29/2021 13:20,0,-1
6/29/2021 13:25,0,-1
6/29/2021 13:30,0,-1
6/29/2021 13:35,0,-1
6/29/2021 13:40,0,-1
6/29/2021 13:45,0,-1
6/29/2021 13:50,0,-1
6/29/2021 13:55,0,-1
6/29/2021 14:00,0,-1
6/29/2021 14:05,0,-1
6/29/2021 14:10,0,-1
6/29/2021 14:15,0,-1
6/29/2021 14:20,0,-1
6/29/2021 14:25,0,-1
6/29/2021 14:30,0,-1
6/29/2021 14:35,0,-1
6/29/2021 14:40,0,-1
6/29/2021 14:45,0,-1
6/29/2021 14:50,0,-1
6/29/2021 14:55,0,-1
6/29/2021 15:00,0,-1
6/29/2021 15:05,0,-1
6/29/2021 15:10,0,-1
6/29/2021 15:15,0,-1
6/29/2021 15:20,0,-1
6/29/2021 15:25,0,-1
6/29/2021 15:30,0,-1
6/29/2021 15:35,0,-1
6/29/2021 15:40,0,-1
6/29/2021 15:45,0,-1
6/29/2021 15:50,0,-1
6/29/2021 15:55,0,-1
6/29/2021 16:00,0,-1
6/29/2021 16:05,0,-1
6/29/2021 16:10,0,-1
6/29/2021 16:15,0,-1
6/29/2021 16:20,0,-1
6/29/2021 16:25,0,-1
6/29/2021 16:30,0,-1
6/29/2021 16:35,0,-1
6/29/2021 16:40,0,-1
6/29/2021 16:45,0,-1
6/29/2021 16:50,0,-1
6/29/2021 16:55,0,-1
6/29/2021 17:00,0,-1
6/29/2021 17:05,0,-1
6/29/2021 17:10,0,-1
6/29/2021 17:15,0,-1
6/29/2021 17:20,0,-1
6/29/2021 17:25,0,-1
6/29/2021 17:30,0,-1
6/29/2021 17:35,0,-1
6/29/2021 17:40,0,-1
6/29/2021 17:45,0,-1
6/29/2021 17:50,0,-1
6/29/2021 17:55,0,-1
6/29/2021 18:00,0,-1
6/29/2021 18:05,0,-1
6/29/2021 18:10,0,-1
6/29/2021 18:15,0,-1
6/29/2021 18:20,0,-1
6/29/2021 18:25,0,-1
6/29/2021 18:30,0,-1
6/29/2021 18:35,0,-1
6/29/2021 18:40,0,-1
6/29/2021 18:45,0,-1
6/29/2021 18:50,0,-1
6/29/2021 18:55,0,-1
6/29/2021 19:00,0,-1
6/29/2021 19:05,0,-1
6/29/2021 19:10,0,-1
6/29/2021 19:15,0,-1
6/29/2021 19:20,0,-1
6/29/2021 19:25,0,-1
6/29/2021 19:30,0,-1
6/29/2021 19:35,0,-1
6/29/2021 19:40,0,-1
6/29/2021 19:45,0,-1
6/29/2021 19:50,0,-1
6/29/2021 19:55,0,-1
6/29/2021 20:00,0,-1
6/29/2021 20:05,0,-1
6/29/2021 20:10,0,-1
6/29/2021 20:15,0,-1
6/29/2021 20:20,0,-1
6/29/2021 20:25,0,-1
6/29/2021 20:30,0,-1
6/29/2021 20:35,0,-1
6/29/2021 20:40,0,-1
6/29/2021 20:45,0,-1
6/29/2021 20:50,0,-1
6/29/2021 20:55,0,-1
6/29/2021 21:00,0,-1
6/29/2021 21:05,0,-1
6/29/2021 21:10,0,-1
6/29/2021 21:15,0,-1
6/29/2021 21:20,0,-1
6/29/2021 21:25,0,-1
6/29/2021 21:30,0,-1
6/29/2021 21:35,0,-1
6/29/2021 21:40,0,-1
6/29/2021 21:45,0,-1
6/29/2021 21:50,0,-1
6/29/2021 21:55,0,-1
6/29/2021 22:00,0,-1
6/29/2021 22:05,0,-1
6/29/2021 22:10,0,-1
6/29/2021 22:15,0,-1
6/29/2021 22:20,0,-1
6/29/2021 22:25,0,-1
6/29/2021 22:30,0,-1
6/29/2021 22:35,0,-1
6/29/2021 22:40,0,-1
6/29/2021 22:45,0,-1
6/29/2021 22:50,0,-1
6/29/2021 22:55,0,-1
6/29/2021 23:00,0,-1
6/29/2021 23:05,0,-1
6/29/2021 23:10,0,-1
6/29/2021 23:15,0,-1
6/29/2021 23:20,0,-1
6/29/2021 23:25,0,-1
6/29/2021 23:30,0,-1
6/29/2021 23:35,0,-1
6/29/2021 23:40,0,-1
6/29/2021 23:45,0,-1
6/29/2021 23:50,0,-1
6/29/2021 23:55,0,-1
6/30/2021 0:00,0,-1
6/30/2021 0:05,0,-1
6/30/2021 0:10,0,-1
6/30/2021 0:15,0,-1
6/30/2021 0:20,0,-1
6/30/2021 0:25,0,-1
6/30/2021 0:30,0,-1
6/30/2021 0:35,0,-1
6/30/2021 0:40,0,-1
6/30/2021 0:45,0,-1
6/30/2021 0:50,0,-1
6/30/2021 0:55,0,-1
6/30/2021 1:00,0,-1
6/30/2021 1:05,0,-1
6/30/2021 1:10,0,-1
6/30/2021 1:15,0,-1
6/30/2021 1:20,0,-1
6/30/2021 1:25,0,-1
6/30/2021 1:30,0,-1
6/30/2021 1:35,0,-1
6/30/2021 1:40,0,-1
6/30/2021 1:45,0,-1
6/30/2021 1:50,0,-1
6/30/2021 1:55,0,-1
6/30/2021 2:00,0,-1
6/30/2021 2:05,0,-1
6/30/2021 2:10,0,-1
6/30/2021 2:15,0,-1
6/30/2021 2:20,0,-1
6/30/2021 2:25,0,-1
6/30/2021 2:30,0,-1
6/30/2021 2:35,0,-1
6/30/2021 2:40,0,-1
6/30/2021 2:45,0,-1
6/30/2021 2:50,0,-1
6/30/2021 2:55,0,-1
6/30/2021 3:00,0,-1
6/30/2021 3:05,0,-1
6/30/2021 3:10,0,-1
6/30/2021 3:15,0,-1
6/30/2021 3:20,0,-1
6/30/2021 3:25,0,-1
6/30/2021 3:30,0,-1
6/30/2021 3:35,0,-1
6/30/2021 3:40,0,-1
6/30/2021 3:45,0,-1
6/30/2021 3:50,0,-1
6/30/2021 3:55,0,-1
6/30/2021 4:00,0,-1
6/30/2021 4:05,0,-1
6/30/2021 4:10,0,-1
6/30/2021 4:15,0,-1
6/30/2021 4:20,0,-1
6/30/2021 4:25,0,-1
6/30/2021 4:30,0,-1
6/30/2021 4:35,0,-1
6/30/2021 4:40,0,-1
6/30/2021 4:45,0,-1
6/30/2021 4:50,0,-1
6/30/2021 4:55,0,-1
6/30/2021 5:00,0,-1
6/30/2021 5:05,0,-1
6/30/2021 5:10,0,-1
6/30/2021 5:15,0,-1
6/30/2021 5:20,0,-1
6/30/2021 5:25,0,-1
6/30/2021 5:30,0,-1
6/30/2021 5:35,0,-1
6/30/2021 5:40,0,-1
6/30/2021 5:45,0,-1
6/30/2021 5:50,0,-1
6/30/2021 5:55,0,-1
6/30/2021 6:00,0,-1
6/30/2021 6:05,0,-1
6/30/2021 6:10,0,-1
6/30/2021 6:15,0,-1
6/30/2021 6:20,0,-1
6/30/2021 6:25,0,-1
6/30/2021 6:30,0,-1
6/30/2021 6:35,0,-1
6/30/2021 6:40,0,-1
6/30/2021 6:45,0,-1
6/30/2021 6:50,0,-1
6/30/2021 6:55,0,-1
6/30/2021 7:00,0,-1
6/30/2021 7:05,0,-1
6/30/2021 7:10,0,-1
6/30/2021 7:15,0,-1
6/30/2021 7:20,0,-1
6/30/2021 7:25,0,-1
6/30/2021 7:30,0,-1
6/30/2021 7:35,0,-1
6/30/2021 7:40,0,-1
6/30/2021 7:45,0,-1
6/30/2021 7:50,0,-1
6/30/2021 7:55,0,-1
6/30/2021 8:00,0,-1
6/30/2021 8:05,0,-1
6/30/2021 8:10,0,-1
6/30/2021 8:15,0,-1
6/30/2021 8:20,0,-1
6/30/2021 8:25,0,-1
6/30/2021 8:30,0,-1
6/30/2021 8:35,0,-1
6/30/2021 8:40,0,-1
6/30/2021 8:45,0,-1
6/30/2021 8:50,0,-1
6/30/2021 8:55,0,-1
6/30/2021 9:00,0,-1
6/30/2021 9:05,0,-1
6/30/2021 9:10,0,-1
6/30/2021 9:15,0,-1
6/30/2021 9:20,0,-1
6/30/2021 9:25,0,-1
6/30/2021 9:30,0,-1
6/30/2021 9:35,0,-1
6/30/2021 9:40,0,-1
6/30/2021 9:45,0,-1
6/30/2021 9:50,0,-1
6/30/2021 9:55,0,-1
6/30/2021 10:00,0,-1
6/30/2021 10:05,0,-1
6/30/2021 10:10,0,-1
6/30/2021 10:15,0,-1
6/30/2021 10:20,0,-1
6/30/2021 10:25,0,-1
6/30/2021 10:30,0,-1
6/30/2021 10:35,0,-1
6/30/2021 10:40,0,-1
6/30/2021 10:45,0,-1
6/30/2021 10:50,0,-1
6/30/2021 10:55,0,-1
6/30/2021 11:00,0,-1
6/30/2021 11:05,0,-1
6/30/2021 11:10,0,-1
6/30/2021 11:15,0,-1
6/30/2021 11:20,0,-1
6/30/2021 11:25,0,-1
6/30/2021 11:30,0,-1
6/30/2021 11:35,0,-1
6/30/2021 11:40,0,-1
6/30/2021 11:45,0,-1
6/30/2021 11:50,0,-1
6/30/2021 11:55,0,-1
6/30/2021 12:00,0,-1
6/30/2021 12:05,0,-1
6/30/2021 12:10,0,-1
6/30/2021 12:15,0,-1
6/30/2021 12:20,0,-1
6/30/2021 12:25,0,-1
6/30/2021 12:30,0,-1
6/30/2021 12:35,0,-1
6/30/2021 12:40,0,-1
6/30/2021 12:45,0,-1
6/30/2021 12:50,0,-1
6/30/2021 12:55,0,-1
6/30/2021 13:00,0,-1
6/30/2021 13:05,0,-1
6/30/2021 13:10,0,-1
6/30/2021 13:15,0,-1
6/30/2021 13:20,0,-1
6/30/2021 13:25,0,-1
6/30/2021 13:30,0,-1
6/30/2021 13:35,0,-1
6/30/2021 13:40,0,-1
6/30/2021 13:45,0,-1
6/30/2021 13:50,0,-1
6/30/2021 13:55,0,-1
6/30/2021 14:00,0,-1
6/30/2021 14:05,0,-1
6/30/2021 14:10,0,-1
6/30/2021 14:15,0,-1
6/30/2021 14:20,0,-1
6/30/2021 14:25,0,-1
6/30/2021 14:30,0,-1
6/30/2021 14:35,0,-1
6/30/2021 14:40,0,-1
6/30/2021 14:45,0,-1
6/30/2021 14:50,0,-1
6/30/2021 14:55,0,-1
6/30/2021 15:00,0,-1
6/30/2021 15:05,0,-1
6/30/2021 15:10,0,-1
6/30/2021 15:15,0,-1
6/30/2021 15:20,0,-1
6/30/2021 15:25,0,-1
6/30/2021 15:30,0,-1
6/30/2021 15:35,0,-1
6/30/2021 15:40,0,-1
6/30/2021 15:45,0,-1
6/30/2021 15:50,0,-1
6/30/2021 15:55,0,-1
6/30/2021 16:00,0,-1
6/30/2021 16:05,0,-1
6/30/2021 16:10,0,-1
6/30/2021 16:15,0,-1
6/30/2021 16:20,0,-1
6/30/2021 16:25,0,-1
6/30/2021 16:30,0,-1
6/30/2021 16:35,0,-1
6/30/2021 16:40,0,-1
6/30/2021 16:45,0,-1
6/30/2021 16:50,0,-1
6/30/2021 16:55,0,-1
6/30/2021 17:00,0,-1
6/30/2021 17:05,0,-1
6/30/2021 17:10,0,-1
6/30/2021 17:15,0,-1
6/30/2021 17:20,0,-1
6/30/2021 17:25,0,-1
6/30/2021 17:30,0,-1
6/30/2021 17:35,0,-1
6/30/2021 17:40,0,-1
6/30/2021 17:45,0,-1
6/30/2021 17:50,0,-1
6/30/2021 17:55,0,-1
6/30/2021 18:00,0,-1
6/30/2021 18:05,0,-1
6/30/2021 18:10,0,-1
6/30/2021 18:15,0,-1
6/30/2021 18:20,0,-1
6/30/2021 18:25,0,-1
6/30/2021 18:30,0,-1
6/30/2021 18:35,0,-1
6/30/2021 18:40,0,-1
6/30/2021 18:45,0,-1
6/30/2021 18:50,0,-1
6/30/2021 18:55,0,-1
6/30/2021 19:00,0,-1
6/30/2021 19:05,0,-1
6/30/2021 19:10,0,-1
6/30/2021 19:15,0,-1
6/30/2021 19:20,0,-1
6/30/2021 19:25,0,-1
6/30/2021 19:30,0,-1
6/30/2021 19:35,0,0.08791209
6/30/2021 19:40,0,-1
6/30/2021 19:45,0,-1
6/30/2021 19:50,0,-1
6/30/2021 19:55,0,-1
6/30/2021 20:00,0,-1
6/30/2021 20:05,0,-1
6/30/2021 20:10,0,-1
6/30/2021 20:15,0,-1
6/30/2021 20:20,0,-1
6/30/2021 20:25,0,-1
6/30/2021 20:30,0,-1
6/30/2021 20:35,0,-1
6/30/2021 20:40,0,-1
6/30/2021 20:45,0,-1
6/30/2021 20:50,0,-1
6/30/2021 20:55,0,-1
6/30/2021 21:00,0,-1
6/30/2021 21:05,0,-1
6/30/2021 21:10,0,-1
6/30/2021 21:15,0,-1
6/30/2021 21:20,0,-1
6/30/2021 21:25,0,-1
6/30/2021 21:30,0,-1
6/30/2021 21:35,0,-1
6/30/2021 21:40,0,-1
6/30/2021 21:45,0,-1
6/30/2021 21:50,0,-1
6/30/2021 21:55,0,-1
6/30/2021 22:00,0,-1
6/30/2021 22:05,0,-1
6/30/2021 22:10,0,-1
6/30/2021 22:15,0,-1
6/30/2021 22:20,0,-1
6/30/2021 22:25,0,-1
6/30/2021 22:30,0,-1
6/30/2021 22:35,0,-1
6/30/2021 22:40,0,-1
6/30/2021 22:45,0,-1
6/30/2021 22:50,0,-1
6/30/2021 22:55,0,-1
6/30/2021 23:00,0,-1
6/30/2021 23:05,0,-1
6/30/2021 23:10,0,-1
6/30/2021 23:15,0,-1
6/30/2021 23:20,0,-1
6/30/2021 23:25,0,-1
6/30/2021 23:30,0,-1
6/30/2021 23:35,0,-1
6/30/2021 23:40,0,-1
6/30/2021 23:45,0,-1
6/30/2021 23:50,0,-1
6/30/2021 23:55,0,-1
7/1/2021 0:00,0,-1
7/1/2021 0:05,0,-1
7/1/2021 0:10,0,-1
7/1/2021 0:15,0,-1
7/1/2021 0:20,0,-1
7/1/2021 0:25,0,-1
7/1/2021 0:30,0,-1
7/1/2021 0:35,0,-1
7/1/2021 0:40,0,-1
7/1/2021 0:45,0,-1
7/1/2021 0:50,0,-1
7/1/2021 0:55,0,-1
7/1/2021 1:00,0,-1
7/1/2021 1:05,0,-1
7/1/2021 1:10,0,-1
7/1/2021 1:15,0,-1
7/1/2021 1:20,0,-1
7/1/2021 1:25,0,-1
7/1/2021 1:30,0,-1
7/1/2021 1:35,0,-1
7/1/2021 1:40,0,-1
7/1/2021 1:45,0,-1
7/1/2021 1:50,0,-1
7/1/2021 1:55,0,-1
7/1/2021 2:00,0,-1
7/1/2021 2:05,0,-1
7/1/2021 2:10,0,-1
7/1/2021 2:15,0,-1
7/1/2021 2:20,0,-1
7/1/2021 2:25,0,-1
7/1/2021 2:30,0,-1
7/1/2021 2:35,0,-1
7/1/2021 2:40,0,-1
7/1/2021 2:45,0,-1
7/1/2021 2:50,0,-1
7/1/2021 2:55,0,-1
7/1/2021 3:00,0,-1
7/1/2021 3:05,0,-1
7/1/2021 3:10,0,-1
7/1/2021 3:15,0,-1
7/1/2021 3:20,0,-1
7/1/2021 3:25,0,-1
7/1/2021 3:30,0,-1
7/1/2021 3:35,0,-1
7/1/2021 3:40,0,-1
7/1/2021 3:45,0,-1
7/1/2021 3:50,0,-1
7/1/2021 3:55,0,-1
7/1/2021 4:00,0,-1
7/1/2021 4:05,0,-1
7/1/2021 4:10,0,-1
7/1/2021 4:15,0,-1
7/1/2021 4:20,0,-1
7/1/2021 4:25,0,-1
7/1/2021 4:30,0,-1
7/1/2021 4:35,0,-1
7/1/2021 4:40,0,-1
7/1/2021 4:45,0,-1
7/1/2021 4:50,0,-1
7/1/2021 4:55,0,-1
7/1/2021 5:00,0,-1
7/1/2021 5:05,0,-1
7/1/2021 5:10,0,-1
7/1/2021 5:15,0,-1
7/1/2021 5:20,0,-1
7/1/2021 5:25,0,-1
7/1/2021 5:30,0,-1
7/1/2021 5:35,0,-1
7/1/2021 5:40,0,-1
7/1/2021 5:45,0,-1
7/1/2021 5:50,0,-1
7/1/2021 5:55,0,-1
7/1/2021 6:00,0,-1
7/1/2021 6:05,0,-1
7/1/2021 6:10,0,-1
7/1/2021 6:15,0,-1
7/1/2021 6:20,0,-1
7/1/2021 6:25,0,-1
7/1/2021 6:30,0,-1
7/1/2021 6:35,0,-1
7/1/2021 6:40,0,-1
7/1/2021 6:45,0,-1
7/1/2021 6:50,0,-1
7/1/2021 6:55,0,-1
7/1/2021 7:00,0,-1
7/1/2021 7:05,0,-1
7/1/2021 7:10,0,-1
7/1/2021 7:15,0,-1
7/1/2021 7:20,0,-1
7/1/2021 7:25,0,-1
7/1/2021 7:30,0,-1
7/1/2021 7:35,0,-1
7/1/2021 7:40,0,-1
7/1/2021 7:45,0,-1
7/1/2021 7:50,0,-1
7/1/2021 7:55,0,-1
7/1/2021 8:00,0,-1
7/1/2021 8:05,0,-1
7/1/2021 8:10,0,-1
7/1/2021 8:15,0,-1
7/1/2021 8:20,0,-1
7/1/2021 8:25,0,-1
7/1/2021 8:30,0,-1
7/1/2021 8:35,0,-1
7/1/2021 8:40,0,-1
7/1/2021 8:45,0,-1
7/1/2021 8:50,0,-1
7/1/2021 8:55,0,-1
7/1/2021 9:00,0,-1
7/1/2021 9:05,0,-1
7/1/2021 9:10,0,-1
7/1/2021 9:15,0,-1
7/1/2021 9:20,0,-1
7/1/2021 9:25,0,-1
7/1/2021 9:30,0,-1
7/1/2021 9:35,0,-1
7/1/2021 9:40,0,-1
7/1/2021 9:45,0,-1
7/1/2021 9:50,0,-1
7/1/2021 9:55,0,-1
7/1/2021 10:00,0,-1
7/1/2021 10:05,0,-1
7/1/2021 10:10,0,-1
7/1/2021 10:15,0,-1
7/1/2021 10:20,0,-1
7/1/2021 10:25,0,-1
7/1/2021 10:30,0,-1
7/1/2021 10:35,0,-1
7/1/2021 10:40,0,-1
7/1/2021 10:45,0,-1
7/1/2021 10:50,0,-1
7/1/2021 10:55,0,-1
7/1/2021 11:00,0,-1
7/1/2021 11:05,0,-1
7/1/2021 11:10,0,-1
7/1/2021 11:15,0,-1
7/1/2021 11:20,0,-1
7/1/2021 11:25,0,-1
7/1/2021 11:30,0,-1
7/1/2021 11:35,0,-1
7/1/2021 11:40,0,-1
7/1/2021 11:45,0,-1
7/1/2021 11:50,0,-1
7/1/2021 11:55,0,-1
7/1/2021 12:00,0,-1
7/1/2021 12:05,0,-1
7/1/2021 12:10,0,-1
7/1/2021 12:15,0,-1
7/1/2021 12:20,0,-1
7/1/2021 12:25,0,-1
7/1/2021 12:30,0,-1
7/1/2021 12:35,0,-1
7/1/2021 12:40,0,-1
7/1/2021 12:45,0,-1
7/1/2021 12:50,0,-1
7/1/2021 12:55,0,-1
7/1/2021 13:00,0,-1
7/1/2021 13:05,0,-1
7/1/2021 13:10,0,-1
7/1/2021 13:15,0,-1
7/1/2021 13:20,0,-1
7/1/2021 13:25,0,-1
7/1/2021 13:30,0,-1
7/1/2021 13:35,0,-1
7/1/2021 13:40,0,-1
7/1/2021 13:45,0,-1
7/1/2021 13:50,0,-1
7/1/2021 13:55,0,-1
7/1/2021 14:00,0,-1
7/1/2021 14:05,0,-1
7/1/2021 14:10,0,-1
7/1/2021 14:15,0,-1
7/1/2021 14:20,0,-1
7/1/2021 14:25,0,-1
7/1/2021 14:30,0,-1
7/1/2021 14:35,0,-1
7/1/2021 14:40,0,-1
7/1/2021 14:45,0,-1
7/1/2021 14:50,0,-1
7/1/2021 14:55,0,-1
7/1/2021 15:00,0,-1
7/1/2021 15:05,0,-1
7/1/2021 15:10,0,-1
7/1/2021 15:15,0,-1
7/1/2021 15:20,0,-1
7/1/2021 15:25,0,-1
7/1/2021 15:30,0,-1
7/1/2021 15:35,0,-1
7/1/2021 15:40,0,-1
7/1/2021 15:45,0,-1
7/1/2021 15:50,0,-1
7/1/2021 15:55,0,-1
7/1/2021 16:00,0,-1
7/1/2021 16:05,0,-1
7/1/2021 16:10,0,-1
7/1/2021 16:15,0,-1
7/1/2021 16:20,0,-1
7/1/2021 16:25,0,-1
7/1/2021 16:30,0,-1
7/1/2021 16:35,0,-1
7/1/2021 16:40,0,-1
7/1/2021 16:45,0,-1
7/1/2021 16:50,0,-1
7/1/2021 16:55,0,-1
7/1/2021 17:00,0,-1
7/1/2021 17:05,0,-1
7/1/2021 17:10,0,-1
7/1/2021 17:15,0,-1
7/1/2021 17:20,0,-1
7/1/2021 17:25,0,-1
7/1/2021 17:30,0,-1
7/1/2021 17:35,0,-1
7/1/2021 17:40,0,-1
7/1/2021 17:45,0,-1
7/1/2021 17:50,0,-1
7/1/2021 17:55,0,-1
7/1/2021 18:00,0,-1
7/1/2021 18:05,0,-1
7/1/2021 18:10,0,-1
7/1/2021 18:15,0,-1
7/1/2021 18:20,0,-1
7/1/2021 18:25,0,-1
7/1/2021 18:30,0,-1
7/1/2021 18:35,0,-1
7/1/2021 18:40,0,-1
7/1/2021 18:45,0,-1
7/1/2021 18:50,0,-1
7/1/2021 18:55,0,-1
7/1/2021 19:00,0,-1
7/1/2021 19:05,0,-1
7/1/2021 19:10,0,-1
7/1/2021 19:15,0,-1
7/1/2021 19:20,0,-1
7/1/2021 19:25,0,-1
7/1/2021 19:30,0,-1
7/1/2021 19:35,0,-1
7/1/2021 19:40,0,-1
7/1/2021 19:45,0,-1
7/1/2021 19:50,0,-1
7/1/2021 19:55,0,-1
7/1/2021 20:00,0,-1
7/1/2021 20:05,0,-1
7/1/2021 20:10,0,-1
7/1/2021 20:15,0,-1
7/1/2021 20:20,0,-1
7/1/2021 20:25,0,-1
7/1/2021 20:30,0,-1
7/1/2021 20:35,0,-1
7/1/2021 20:40,0,-1
7/1/2021 20:45,0,-1
7/1/2021 20:50,0,-1
7/1/2021 20:55,0,-1
7/1/2021 21:00,0,-1
7/1/2021 21:05,0,-1
7/1/2021 21:10,0,-1
7/1/2021 21:15,0,-1
7/1/2021 21:20,0,-1
7/1/2021 21:25,0,-1
7/1/2021 21:30,0,-1
7/1/2021 21:35,0,-1
7/1/2021 21:40,0,-1
7/1/2021 21:45,0,-1
7/1/2021 21:50,0,-1
7/1/2021 21:55,0,-1
7/1/2021 22:00,0,-1
7/1/2021 22:05,0,-1
7/1/2021 22:10,0,-1
7/1/2021 22:15,0,-1
7/1/2021 22:20,0,-1
7/1/2021 22:25,0,-1
7/1/2021 22:30,0,-1
7/1/2021 22:35,0,-1
7/1/2021 22:40,0,-1
7/1/2021 22:45,0,-1
7/1/2021 22:50,0,-1
7/1/2021 22:55,0,-1
7/1/2021 23:00,0,-1
7/1/2021 23:05,0,-1
7/1/2021 23:10,0,-1
7/1/2021 23:15,0,-1
7/1/2021 23:20,0,-1
7/1/2021 23:25,0,-1
7/1/2021 23:30,0,-1
7/1/2021 23:35,0,-1
7/1/2021 23:40,0,-1
7/1/2021 23:45,0,-1
7/1/2021 23:50,0,-1
7/1/2021 23:55,0,-1
7/2/2021 0:00,0,-1
7/2/2021 0:05,0,-1
7/2/2021 0:10,0,-1
7/2/2021 0:15,0,-1
7/2/2021 0:20,0,-1
7/2/2021 0:25,0,-1
7/2/2021 0:30,0,-1
7/2/2021 0:35,0,-1
7/2/2021 0:40,0,-1
7/2/2021 0:45,0,-1
7/2/2021 0:50,0,-1
7/2/2021 0:55,0,-1
7/2/2021 1:00,0,-1
7/2/2021 1:05,0,-1
7/2/2021 1:10,0,-1
7/2/2021 1:15,0,-1
7/2/2021 1:20,0,-1
7/2/2021 1:25,0,-1
7/2/2021 1:30,0,-1
7/2/2021 1:35,0,-1
7/2/2021 1:40,0,-1
7/2/2021 1:45,0,-1
7/2/2021 1:50,0,-1
7/2/2021 1:55,0,-1
7/2/2021 2:00,0,-1
7/2/2021 2:05,0,-1
7/2/2021 2:10,0,-1
7/2/2021 2:15,0,-1
7/2/2021 2:20,0,-1
7/2/2021 2:25,0,-1
7/2/2021 2:30,0,-1
7/2/2021 2:35,0,-1
7/2/2021 2:40,0,-1
7/2/2021 2:45,0,-1
7/2/2021 2:50,0,-1
7/2/2021 2:55,0,-1
7/2/2021 3:00,0,-1
7/2/2021 3:05,0,-1
7/2/2021 3:10,0,-1
7/2/2021 3:15,0,-1
7/2/2021 3:20,0,-1
7/2/2021 3:25,0,-1
7/2/2021 3:30,0,-1
7/2/2021 3:35,0,-1
7/2/2021 3:40,0,-1
7/2/2021 3:45,0,-1
7/2/2021 3:50,0,-1
7/2/2021 3:55,0,-1
7/2/2021 4:00,0,-1
7/2/2021 4:05,0,-1
7/2/2021 4:10,0,-1
7/2/2021 4:15,0,-1
7/2/2021 4:20,0,-1
7/2/2021 4:25,0,-1
7/2/2021 4:30,0,-1
7/2/2021 4:35,0,-1
7/2/2021 4:40,0,-1
7/2/2021 4:45,0,-1
7/2/2021 4:50,0,-1
7/2/2021 4:55,0,-1
7/2/2021 5:00,0,-1
7/2/2021 5:05,0,-1
7/2/2021 5:10,0,-1
7/2/2021 5:15,0,-1
7/2/2021 5:20,0,-1
7/2/2021 5:25,0,-1
7/2/2021 5:30,0,-1
7/2/2021 5:35,0,-1
7/2/2021 5:40,0,-1
7/2/2021 5:45,0,-1
7/2/2021 5:50,0,-1
7/2/2021 5:55,0,-1
7/2/2021 6:00,0,-1
7/2/2021 6:05,0,-1
7/2/2021 6:10,0,-1
7/2/2021 6:15,0,-1
7/2/2021 6:20,0,-1
7/2/2021 6:25,0,-1
7/2/2021 6:30,0,-1
7/2/2021 6:35,0,-1
7/2/2021 6:40,0,-1
7/2/2021 6:45,0,-1
7/2/2021 6:50,0,-1
7/2/2021 6:55,0,-1
7/2/2021 7:00,0,-1
7/2/2021 7:05,0,-1
7/2/2021 7:10,0,-1
7/2/2021 7:15,0,-1
7/2/2021 7:20,0,-1
7/2/2021 7:25,0,-1
7/2/2021 7:30,0,-1
7/2/2021 7:35,0,-1
7/2/2021 7:40,0,-1
7/2/2021 7:45,0,-1
7/2/2021 7:50,0,-1
7/2/2021 7:55,0,-1
7/2/2021 8:00,0,-1
7/2/2021 8:05,0,-1
7/2/2021 8:10,0,-1
7/2/2021 8:15,0,-1
7/2/2021 8:20,0,-1
7/2/2021 8:25,0,-1
7/2/2021 8:30,0,-1
7/2/2021 8:35,0,-1
7/2/2021 8:40,0,-1
7/2/2021 8:45,0,-1
7/2/2021 8:50,0,-1
7/2/2021 8:55,0,-1
7/2/2021 9:00,0,-1
7/2/2021 9:05,0,-1
7/2/2021 9:10,0,-1
7/2/2021 9:15,0,-1
7/2/2021 9:20,0,-1
7/2/2021 9:25,0,-1
7/2/2021 9:30,0,-1
7/2/2021 9:35,0,-1
7/2/2021 9:40,0,-1
7/2/2021 9:45,0,-1
7/2/2021 9:50,0,-1
7/2/2021 9:55,0,-1
7/2/2021 10:00,0,-1
7/2/2021 10:05,0,-1
7/2/2021 10:10,0,-1
7/2/2021 10:15,0,-1
7/2/2021 10:20,0,-1
7/2/2021 10:25,0,-1
7/2/2021 10:30,0,-1
7/2/2021 10:35,0,-1
7/2/2021 10:40,0,-1
7/2/2021 10:45,0,-1
7/2/2021 10:50,0,-1
7/2/2021 10:55,0,-1
7/2/2021 11:00,0,-1
7/2/2021 11:05,0,-1
7/2/2021 11:10,0,-1
7/2/2021 11:15,0,-1
7/2/2021 11:20,0,-1
7/2/2021 11:25,0,-1
7/2/2021 11:30,0,-1
7/2/2021 11:35,0,-1
7/2/2021 11:40,0,-1
7/2/2021 11:45,0,-1
7/2/2021 11:50,0,-1
7/2/2021 11:55,0,-1
7/2/2021 12:00,0,-1
7/2/2021 12:05,0,-1
7/2/2021 12:10,0,-1
7/2/2021 12:15,0,-1
7/2/2021 12:20,0,-1
7/2/2021 12:25,0,-1
7/2/2021 12:30,0,-1
7/2/2021 12:35,0,-1
7/2/2021 12:40,0,-1
7/2/2021 12:45,0,-1
7/2/2021 12:50,0,-1
7/2/2021 12:55,0,-1
7/2/2021 13:00,0,-1
7/2/2021 13:05,0,-1
7/2/2021 13:10,0,-1
7/2/2021 13:15,0,-1
7/2/2021 13:20,0,-1
7/2/2021 13:25,0,-1
7/2/2021 13:30,0,-1
7/2/2021 13:35,0,-1
7/2/2021 13:40,0,-1
7/2/2021 13:45,0,-1
7/2/2021 13:50,0,-1
7/2/2021 13:55,0,-1
7/2/2021 14:00,0,-1
7/2/2021 14:05,0,-1
7/2/2021 14:10,0,-1
7/2/2021 14:15,0,-1
7/2/2021 14:20,0,-1
7/2/2021 14:25,0,-1
7/2/2021 14:30,0,-1
7/2/2021 14:35,0,-1
7/2/2021 14:40,0,-1
7/2/2021 14:45,0,-1
7/2/2021 14:50,0,-1
7/2/2021 14:55,0,-1
7/2/2021 15:00,0,-1
7/2/2021 15:05,0,-1
7/2/2021 15:10,0,-1
7/2/2021 15:15,0,-1
7/2/2021 15:20,0,-1
7/2/2021 15:25,0,-1
7/2/2021 15:30,0,-1
7/2/2021 15:35,0,-1
7/2/2021 15:40,0,-1
7/2/2021 15:45,0,-1
7/2/2021 15:50,0,-1
7/2/2021 15:55,0,-1
7/2/2021 16:00,0,-1
7/2/2021 16:05,0,-1
7/2/2021 16:10,0,-1
7/2/2021 16:15,0,-1
7/2/2021 16:20,0,-1
7/2/2021 16:25,0,-1
7/2/2021 16:30,0,-1
7/2/2021 16:35,0,-1
7/2/2021 16:40,0,-1
7/2/2021 16:45,0,-1
7/2/2021 16:50,0,-1
7/2/2021 16:55,0,-1
7/2/2021 17:00,0,-1
7/2/2021 17:05,0,-1
7/2/2021 17:10,0,-1
7/2/2021 17:15,0,-1
7/2/2021 17:20,0,-1
7/2/2021 17:25,0,-1
7/2/2021 17:30,0,-1
7/2/2021 17:35,0,-1
7/2/2021 17:40,0,-1
7/2/2021 17:45,0,-1
7/2/2021 17:50,0,-1
7/2/2021 17:55,0,-1
7/2/2021 18:00,0,-1
7/2/2021 18:05,0,-1
7/2/2021 18:10,0,-1
7/2/2021 18:15,0,-1
7/2/2021 18:20,0,-1
7/2/2021 18:25,0,-1
7/2/2021 18:30,0,-1
7/2/2021 18:35,0,-1
7/2/2021 18:40,0,-1
7/2/2021 18:45,0,-1
7/2/2021 18:50,0,-1
7/2/2021 18:55,0,-1
7/2/2021 19:00,0,-1
7/2/2021 19:05,0,-1
7/2/2021 19:10,0,-1
7/2/2021 19:15,0,-1
7/2/2021 19:20,0,-1
7/2/2021 19:25,0,-1
7/2/2021 19:30,0,-1
7/2/2021 19:35,0,-1
7/2/2021 19:40,0,-1
7/2/2021 19:45,0,-1
7/2/2021 19:50,0,-1
7/2/2021 19:55,0,-1
7/2/2021 20:00,0,-1
7/2/2021 20:05,0,-1
7/2/2021 20:10,0,-1
7/2/2021 20:15,0,-1
7/2/2021 20:20,0,-1
7/2/2021 20:25,0,-1
7/2/2021 20:30,0,-1
7/2/2021 20:35,0,-1
7/2/2021 20:40,0,-1
7/2/2021 20:45,0,-1
7/2/2021 20:50,0,-1
7/2/2021 20:55,0,-1
7/2/2021 21:00,0,-1
7/2/2021 21:05,0,-1
7/2/2021 21:10,0,-1
7/2/2021 21:15,0,-1
7/2/2021 21:20,0,-1
7/2/2021 21:25,0,-1
7/2/2021 21:30,0,-1
7/2/2021 21:35,0,-1
7/2/2021 21:40,0,-1
7/2/2021 21:45,0,-1
7/2/2021 21:50,0,-1
7/2/2021 21:55,0,-1
7/2/2021 22:00,0,-1
7/2/2021 22:05,0,-1
7/2/2021 22:10,0,-1
7/2/2021 22:15,0,-1
7/2/2021 22:20,0,-1
7/2/2021 22:25,0,-1
7/2/2021 22:30,0,-1
7/2/2021 22:35,0,-1
7/2/2021 22:40,0,-1
7/2/2021 22:45,0,-1
7/2/2021 22:50,0,-1
7/2/2021 22:55,0,-1
7/2/2021 23:00,0,-1
7/2/2021 23:05,0,-1
7/2/2021 23:10,0,-1
7/2/2021 23:15,0,-1
7/2/2021 23:20,0,-1
7/2/2021 23:25,0,-1
7/2/2021 23:30,0,-1
7/2/2021 23:35,0,-1
7/2/2021 23:40,0,-1
7/2/2021 23:45,0,-1
7/2/2021 23:50,0,-1
7/2/2021 23:55,0,-1
7/3/2021 0:00,0,-1
7/3/2021 0:05,0,-1
7/3/2021 0:10,0,-1
7/3/2021 0:15,0,-1
7/3/2021 0:20,0,-1
7/3/2021 0:25,0,-1
7/3/2021 0:30,0,-1
7/3/2021 0:35,0,-1
7/3/2021 0:40,0,-1
7/3/2021 0:45,0,-1
7/3/2021 0:50,0,-1
7/3/2021 0:55,0,-1
7/3/2021 1:00,0,-1
7/3/2021 1:05,0,-1
7/3/2021 1:10,0,-1
7/3/2021 1:15,0,-1
7/3/2021 1:20,0,-1
7/3/2021 1:25,0,-1
7/3/2021 1:30,0,-1
7/3/2021 1:35,0,-1
7/3/2021 1:40,0,-1
7/3/2021 1:45,0,-1
7/3/2021 1:50,0,-1
7/3/2021 1:55,0,-1
7/3/2021 2:00,0,-1
7/3/2021 2:05,0,-1
7/3/2021 2:10,0,-1
7/3/2021 2:15,0,-1
7/3/2021 2:20,0,-1
7/3/2021 2:25,0,-1
7/3/2021 2:30,0,-1
7/3/2021 2:35,0,-1
7/3/2021 2:40,0,-1
7/3/2021 2:45,0,-1
7/3/2021 2:50,0,-1
7/3/2021 2:55,0,-1
7/3/2021 3:00,0,-1
7/3/2021 3:05,0,-1
7/3/2021 3:10,0,-1
7/3/2021 3:15,0,-1
7/3/2021 3:20,0,-1
7/3/2021 3:25,0,-1
7/3/2021 3:30,0,-1
7/3/2021 3:35,0,-1
7/3/2021 3:40,0,-1
7/3/2021 3:45,0,-1
7/3/2021 3:50,0,-1
7/3/2021 3:55,0,-1
7/3/2021 4:00,0,-1
7/3/2021 4:05,0,-1
7/3/2021 4:10,0,-1
7/3/2021 4:15,0,-1
7/3/2021 4:20,0,-1
7/3/2021 4:25,0,-1
7/3/2021 4:30,0,-1
7/3/2021 4:35,0,-1
7/3/2021 4:40,0,-1
7/3/2021 4:45,0,-1
7/3/2021 4:50,0,-1
7/3/2021 4:55,0,-1
7/3/2021 5:00,0,-1
7/3/2021 5:05,0,-1
7/3/2021 5:10,0,-1
7/3/2021 5:15,0,-1
7/3/2021 5:20,0,-1
7/3/2021 5:25,0,-1
7/3/2021 5:30,0,-1
7/3/2021 5:35,0,-1
7/3/2021 5:40,0,-1
7/3/2021 5:45,0,-1
7/3/2021 5:50,0,-1
7/3/2021 5:55,0,-1
7/3/2021 6:00,0,-1
7/3/2021 6:05,0,-1
7/3/2021 6:10,0,-1
7/3/2021 6:15,0,-1
7/3/2021 6:20,0,-1
7/3/2021 6:25,0,-1
7/3/2021 6:30,0,-1
7/3/2021 6:35,0,-1
7/3/2021 6:40,0,-1
7/3/2021 6:45,0,-1
7/3/2021 6:50,0,-1
7/3/2021 6:55,0,-1
7/3/2021 7:00,0,-1
7/3/2021 7:05,0,-1
7/3/2021 7:10,0,-1
7/3/2021 7:15,0,-1
7/3/2021 7:20,0,0.0976801
7/3/2021 7:25,0,-1
7/3/2021 7:30,0,-1
7/3/2021 7:35,0,-1
7/3/2021 7:40,0,-1
7/3/2021 7:45,0,-1
7/3/2021 7:50,0,-1
7/3/2021 7:55,0,-1
7/3/2021 8:00,0,-1
7/3/2021 8:05,0,-1
7/3/2021 8:10,0,-1
7/3/2021 8:15,0,-1
7/3/2021 8:20,0,-1
7/3/2021 8:25,0,-1
7/3/2021 8:30,0,-1
7/3/2021 8:35,0,-1
7/3/2021 8:40,0,-1
7/3/2021 8:45,0,-1
7/3/2021 8:50,0,-1
7/3/2021 8:55,0,-1
7/3/2021 9:00,0,-1
7/3/2021 9:05,0,-1
7/3/2021 9:10,0,-1
7/3/2021 9:15,0,-1
7/3/2021 9:20,0,-1
7/3/2021 9:25,0,-1
7/3/2021 9:30,0,-1
7/3/2021 9:35,0,-1
7/3/2021 9:40,0,-1
7/3/2021 9:45,0,-1
7/3/2021 9:50,0,-1
7/3/2021 9:55,0,-1
7/3/2021 10:00,0,-1
7/3/2021 10:05,0,-1
7/3/2021 10:10,0,-1
7/3/2021 10:15,0,-1
7/3/2021 10:20,0,-1
7/3/2021 10:25,0,-1
7/3/2021 10:30,0,-1
7/3/2021 10:35,0,-1
7/3/2021 10:40,0,-1
7/3/2021 10:45,0,-1
7/3/2021 10:50,0,-1
7/3/2021 10:55,0,-1
7/3/2021 11:00,0,-1
7/3/2021 11:05,0,-1
7/3/2021 11:10,0,-1
7/3/2021 11:15,0,-1
7/3/2021 11:20,0,-1
7/3/2021 11:25,0,-1
7/3/2021 11:30,0,-1
7/3/2021 11:35,0,-1
7/3/2021 11:40,0,-1
7/3/2021 11:45,0,-1
7/3/2021 11:50,0,-1
7/3/2021 11:55,0,-1
7/3/2021 12:00,0,-1
7/3/2021 12:05,0,-1
7/3/2021 12:10,0,-1
7/3/2021 12:15,0,-1
7/3/2021 12:20,0,-1
7/3/2021 12:25,0,-1
7/3/2021 12:30,0,-1
7/3/2021 12:35,0,-1
7/3/2021 12:40,0,-1
7/3/2021 12:45,0,-1
7/3/2021 12:50,0,-1
7/3/2021 12:55,0,-1
7/3/2021 13:00,0,-1
7/3/2021 13:05,0,-1
7/3/2021 13:10,0,-1
7/3/2021 13:15,0,-1
7/3/2021 13:20,0,-1
7/3/2021 13:25,0,-1
7/3/2021 13:30,0,-1
7/3/2021 13:35,0,-1
7/3/2021 13:40,0,-1
7/3/2021 13:45,0,-1
7/3/2021 13:50,0,-1
7/3/2021 13:55,0,-1
7/3/2021 14:00,0,-1
7/3/2021 14:05,0,-1
7/3/2021 14:10,0,-1
7/3/2021 14:15,0,-1
7/3/2021 14:20,0,-1
7/3/2021 14:25,0,-1
7/3/2021 14:30,0,-1
7/3/2021 14:35,0,-1
7/3/2021 14:40,0,-1
7/3/2021 14:45,0,-1
7/3/2021 14:50,0,-1
7/3/2021 14:55,0,-1
7/3/2021 15:00,0,-1
7/3/2021 15:05,0,-1
7/3/2021 15:10,0,-1
7/3/2021 15:15,0,-1
7/3/2021 15:20,0,-1
7/3/2021 15:25,0,-1
7/3/2021 15:30,0,-1
7/3/2021 15:35,0,-1
7/3/2021 15:40,0,-1
7/3/2021 15:45,0,-1
7/3/2021 15:50,0,-1
7/3/2021 15:55,0,-1
7/3/2021 16:00,0,-1
7/3/2021 16:05,0,-1
7/3/2021 16:10,0,-1
7/3/2021 16:15,0,-1
7/3/2021 16:20,0,-1
7/3/2021 16:25,0,-1
7/3/2021 16:30,0,-1
7/3/2021 16:35,0,-1
7/3/2021 16:40,0,-1
7/3/2021 16:45,0,-1
7/3/2021 16:50,0,-1
7/3/2021 16:55,0,-1
7/3/2021 17:00,0,-1
7/3/2021 17:05,0,-1
7/3/2021 17:10,0,-1
7/3/2021 17:15,0,-1
7/3/2021 17:20,0,-1
7/3/2021 17:25,0,-1
7/3/2021 17:30,0,-1
7/3/2021 17:35,0,-1
7/3/2021 17:40,0,-1
7/3/2021 17:45,0,-1
7/3/2021 17:50,0,-1
7/3/2021 17:55,0,-1
7/3/2021 18:00,0,-1
7/3/2021 18:05,0,-1
7/3/2021 18:10,0,-1
7/3/2021 18:15,0,-1
7/3/2021 18:20,0,-1
7/3/2021 18:25,0,-1
7/3/2021 18:30,0,-1
7/3/2021 18:35,0,-1
7/3/2021 18:40,0,-1
7/3/2021 18:45,0,-1
7/3/2021 18:50,0,-1
7/3/2021 18:55,0,-1
7/3/2021 19:00,0,-1
7/3/2021 19:05,0,-1
7/3/2021 19:10,0,-1
7/3/2021 19:15,0,-1
7/3/2021 19:20,0,-1
7/3/2021 19:25,0,-1
7/3/2021 19:30,0,-1
7/3/2021 19:35,0,-1
7/3/2021 19:40,0,-1
7/3/2021 19:45,0,-1
7/3/2021 19:50,0,-1
7/3/2021 19:55,0,-1
7/3/2021 20:00,0,-1
7/3/2021 20:05,0,-1
7/3/2021 20:10,0,-1
7/3/2021 20:15,0,-1
7/3/2021 20:20,0,-1
7/3/2021 20:25,0,-1
7/3/2021 20:30,0,-1
7/3/2021 20:35,0,-1
7/3/2021 20:40,0,-1
7/3/2021 20:45,0,-1
7/3/2021 20:50,0,-1
7/3/2021 20:55,0,-1
7/3/2021 21:00,0,-1
7/3/2021 21:05,0,-1
7/3/2021 21:10,0,-1
7/3/2021 21:15,0,-1
7/3/2021 21:20,0,-1
7/3/2021 21:25,0,-1
7/3/2021 21:30,0,-1
7/3/2021 21:35,0,-1
7/3/2021 21:40,0,-1
7/3/2021 21:45,0,-1
7/3/2021 21:50,0,-1
7/3/2021 21:55,0,-1
7/3/2021 22:00,0,-1
7/3/2021 22:05,0,-1
7/3/2021 22:10,0,-1
7/3/2021 22:15,0,-1
7/3/2021 22:20,0,-1
7/3/2021 22:25,0,-1
7/3/2021 22:30,0,-1
7/3/2021 22:35,0,-1
7/3/2021 22:40,0,-1
7/3/2021 22:45,0,-1
7/3/2021 22:50,0,-1
7/3/2021 22:55,0,-1
7/3/2021 23:00,0,-1
7/3/2021 23:05,0,-1
7/3/2021 23:10,0,-1
7/3/2021 23:15,0,-1
7/3/2021 23:20,0,-1
7/3/2021 23:25,0,-1
7/3/2021 23:30,0,-1
7/3/2021 23:35,0,-1
7/3/2021 23:40,0,-1
7/3/2021 23:45,0,-1
7/3/2021 23:50,0,-1
7/3/2021 23:55,0,-1
7/4/2021 0:00,0,-1
7/4/2021 0:05,0,-1
7/4/2021 0:10,0,-1
7/4/2021 0:15,0,-1
7/4/2021 0:20,0,-1
7/4/2021 0:25,0,-1
7/4/2021 0:30,0,-1
7/4/2021 0:35,0,-1
7/4/2021 0:40,0,-1
7/4/2021 0:45,0,-1
7/4/2021 0:50,0,-1
7/4/2021 0:55,0,-1
7/4/2021 1:00,0,-1
7/4/2021 1:05,0,-1
7/4/2021 1:10,0,-1
7/4/2021 1:15,0,-1
7/4/2021 1:20,0,-1
7/4/2021 1:25,0,-1
7/4/2021 1:30,1.004308,0.06959707
7/4/2021 1:35,1.008,0.0952381
7/4/2021 1:40,1.012431,0.08302809
7/4/2021 1:45,1.015385,0.06837607
7/4/2021 1:50,1.013169,0.05860806
7/4/2021 1:55,1.013169,0.05616606
7/4/2021 2:00,1.016123,0.04884005
7/4/2021 2:05,0.9814154,0.04639805
7/4/2021 2:10,1.013908,0.04395605
7/4/2021 2:15,1.013908,0.04151404
7/4/2021 2:20,1.013169,0.04029304
7/4/2021 2:25,1.001354,0.03907204
7/4/2021 2:30,1.004308,0.03785104
7/4/2021 2:35,1.008,0.03785104
7/4/2021 2:40,1.001354,0.03663004
7/4/2021 2:45,1.006523,0.03785104
7/4/2021 2:50,1.009477,0.03540904
7/4/2021 2:55,1.103261,0.03540904
7/4/2021 3:00,1.114338,0.03540904
7/4/2021 3:05,1.110646,0.03540904
7/4/2021 3:10,1.108431,0.03540904
7/4/2021 3:15,1.108431,0.03418804
7/4/2021 3:20,1.116554,0.03418804
7/4/2021 3:25,1.111385,0.03785104
7/4/2021 3:30,1.119508,0.03418804
7/4/2021 3:35,1.108431,0.03418804
7/4/2021 3:40,1.109908,0.03296703
7/4/2021 3:45,1.119508,0.03296703
7/4/2021 3:50,1.118769,0.03418804
7/4/2021 3:55,1.106954,0.03296703
7/4/2021 4:00,1.106215,0.03296703
7/4/2021 4:05,1.106954,0.03174603
7/4/2021 4:10,1.106954,0.03296703
7/4/2021 4:15,1.095138,0.03296703
7/4/2021 4:20,1.111385,0.03296703
7/4/2021 4:25,1.108431,0.03296703
7/4/2021 4:30,1.105477,0.03174603
7/4/2021 4:35,1.104738,0.03174603
7/4/2021 4:40,1.093662,0.03174603
7/4/2021 4:45,1.105477,0.03174603
7/4/2021 4:50,1.0944,0.03174603
7/4/2021 4:55,1.095877,0.03174603
7/4/2021 5:00,1.101785,0.03174603
7/4/2021 5:05,1.100308,0.03174603
7/4/2021 5:10,1.100308,0.03052503
7/4/2021 5:15,1.093662,0.03052503
7/4/2021 5:20,1.0944,0.03052503
7/4/2021 5:25,1.089969,0.03296703
7/4/2021 5:30,1.087015,0.03174603
7/4/2021 5:35,1.087015,0.03052503
7/4/2021 5:40,1.086277,0.03174603
7/4/2021 5:45,1.095138,0.03174603
7/4/2021 5:50,1.087754,0.03052503
7/4/2021 5:55,1.078892,0.03052503
7/4/2021 6:00,1.086277,0.03052503
7/4/2021 6:05,1.090708,0.03052503
7/4/2021 6:10,1.087754,0.03052503
7/4/2021 6:15,1.089231,0.03052503
7/4/2021 6:20,1.089231,0.03052503
7/4/2021 6:25,1.089231,0.03052503
7/4/2021 6:30,1.087015,0.03052503
7/4/2021 6:35,1.087754,0.03052503
7/4/2021 6:40,1.088492,0.02930403
7/4/2021 6:45,1.090708,0.02930403
7/4/2021 6:50,1.085538,0.02930403
7/4/2021 6:55,1.0848,0.02808303
7/4/2021 7:00,1.083323,0.02808303
7/4/2021 7:05,1.093662,0.02808303
7/4/2021 7:10,1.088492,0.03296703
7/4/2021 7:15,1.0848,0.02808303
7/4/2021 7:20,1.0848,0.02808303
7/4/2021 7:25,1.079631,0.02930403
7/4/2021 7:30,1.090708,0.02808303
7/4/2021 7:35,1.0944,0.02808303
7/4/2021 7:40,1.084062,0.02808303
7/4/2021 7:45,1.086277,0.02808303
7/4/2021 7:50,1.081108,0.02808303
7/4/2021 7:55,1.076677,0.02808303
7/4/2021 8:00,1.078892,0.02808303
7/4/2021 8:05,1.129846,0.02808303
7/4/2021 8:10,1.103261,0.02808303
7/4/2021 8:15,1.119508,0.02808303
7/4/2021 8:20,1.103261,0.02808303
7/4/2021 8:25,1.111385,0.02686203
7/4/2021 8:30,1.109169,0.02686203
7/4/2021 8:35,1.110646,0.02808303
7/4/2021 8:40,1.119508,0.02686203
7/4/2021 8:45,1.117292,0.02808303
7/4/2021 8:50,1.098831,0.02808303
7/4/2021 8:55,1.097354,0.02808303
7/4/2021 9:00,1.103261,0.02686203
7/4/2021 9:05,1.104,0.02686203
7/4/2021 9:10,1.106954,0.02686203
7/4/2021 9:15,1.115077,0.02686203
7/4/2021 9:20,1.104,0.02686203
7/4/2021 9:25,1.104738,0.02686203
7/4/2021 9:30,1.101046,0.02808303
7/4/2021 9:35,1.112123,0.02808303
7/4/2021 9:40,1.111385,0.02808303
7/4/2021 9:45,1.108431,0.02686203
7/4/2021 9:50,1.115077,0.02808303
7/4/2021 9:55,1.105477,0.02686203
7/4/2021 10:00,1.110646,0.02686203
7/4/2021 10:05,1.115077,0.02686203
7/4/2021 10:10,1.117292,0.02808303
7/4/2021 10:15,1.108431,0.02808303
7/4/2021 10:20,1.109908,0.02808303
7/4/2021 10:25,1.1136,0.02808303
7/4/2021 10:30,1.1136,0.02808303
7/4/2021 10:35,1.112862,0.02808303
7/4/2021 10:40,1.112862,0.02808303
7/4/2021 10:45,1.112862,0.02686203
7/4/2021 10:50,1.109908,0.02686203
7/4/2021 10:55,1.119508,0.02686203
7/4/2021 11:00,1.105477,0.02686203
7/4/2021 11:05,1.109169,0.02686203
7/4/2021 11:10,1.111385,0.02808303
7/4/2021 11:15,1.110646,0.02686203
7/4/2021 11:20,1.105477,0.02686203
7/4/2021 11:25,1.105477,0.02686203
7/4/2021 11:30,1.107692,0.02686203
7/4/2021 11:35,1.103261,0.02686203
7/4/2021 11:40,1.108431,0.02686203
7/4/2021 11:45,1.111385,0.02686203
7/4/2021 11:50,1.104738,0.02686203
7/4/2021 11:55,1.104,0.02686203
7/4/2021 12:00,1.111385,0.02686203
7/4/2021 12:05,1.101785,0.02686203
7/4/2021 12:10,1.100308,0.02686203
7/4/2021 12:15,1.098092,0.02686203
7/4/2021 12:20,1.110646,0.02686203
7/4/2021 12:25,1.103261,0.02808303
7/4/2021 12:30,1.103261,0.02808303
7/4/2021 12:35,1.098831,0.02808303
7/4/2021 12:40,1.096615,0.02686203
7/4/2021 12:45,1.0944,0.02686203
7/4/2021 12:50,1.103261,0.02686203
7/4/2021 12:55,1.095877,0.02686203
7/4/2021 13:00,1.100308,0.02686203
7/4/2021 13:05,1.098092,0.02686203
7/4/2021 13:10,1.093662,0.02686203
7/4/2021 13:15,1.097354,0.02808303
7/4/2021 13:20,1.092185,0.02686203
7/4/2021 13:25,1.085538,0.02686203
7/4/2021 13:30,1.085538,0.02686203
7/4/2021 13:35,1.090708,0.02686203
7/4/2021 13:40,1.104,0.02808303
7/4/2021 13:45,1.0944,0.02686203
7/4/2021 13:50,1.092923,0.02808303
7/4/2021 13:55,1.090708,0.02686203
7/4/2021 14:00,1.104738,0.02808303
7/4/2021 14:05,1.0944,0.02808303
7/4/2021 14:10,1.095138,0.02808303
7/4/2021 14:15,1.089231,0.02686203
7/4/2021 14:20,1.097354,0.02808303
7/4/2021 14:25,1.089969,0.02808303
7/4/2021 14:30,1.093662,0.02808303
7/4/2021 14:35,1.092185,0.02686203
7/4/2021 14:40,1.091446,0.02808303
7/4/2021 14:45,1.092923,0.02686203
7/4/2021 14:50,1.090708,0.02808303
7/4/2021 14:55,1.095877,0.02686203
7/4/2021 15:00,1.093662,0.02808303
7/4/2021 15:05,1.088492,0.02808303
7/4/2021 15:10,1.092923,0.02808303
7/4/2021 15:15,1.091446,0.02808303
7/4/2021 15:20,1.084062,0.02808303
7/4/2021 15:25,1.087015,0.02808303
7/4/2021 15:30,1.079631,0.02808303
7/4/2021 15:35,1.084062,0.02686203
7/4/2021 15:40,1.081846,0.02808303
7/4/2021 15:45,1.093662,0.02808303
7/4/2021 15:50,1.086277,0.02686203
7/4/2021 15:55,1.101046,0.02808303
7/4/2021 16:00,1.084062,0.02808303
7/4/2021 16:05,1.0848,0.02808303
7/4/2021 16:10,1.074461,0.02808303
7/4/2021 16:15,1.108431,0.02808303
7/4/2021 16:20,1.103261,0.02808303
7/4/2021 16:25,1.109908,0.02808303
7/4/2021 16:30,1.106215,0.02808303
7/4/2021 16:35,1.104738,0.02808303
7/4/2021 16:40,1.115077,0.02808303
7/4/2021 16:45,1.110646,0.02808303
7/4/2021 16:50,1.109908,0.02808303
7/4/2021 16:55,1.112123,0.02808303
7/4/2021 17:00,1.105477,0.02808303
7/4/2021 17:05,1.104,0.02808303
7/4/2021 17:10,1.112862,0.02808303
7/4/2021 17:15,1.106215,0.02808303
7/4/2021 17:20,1.098831,0.02808303
7/4/2021 17:25,1.106954,0.02808303
7/4/2021 17:30,1.103261,0.02808303
7/4/2021 17:35,1.105477,0.02930403
7/4/2021 17:40,1.106954,0.02808303
7/4/2021 17:45,1.109908,0.02808303
7/4/2021 17:50,1.097354,0.02808303
7/4/2021 17:55,1.109169,0.02808303
7/4/2021 18:00,1.108431,0.02808303
7/4/2021 18:05,1.106215,0.02808303
7/4/2021 18:10,1.114338,0.02808303
7/4/2021 18:15,1.102523,0.02808303
7/4/2021 18:20,1.106215,0.02808303
7/4/2021 18:25,1.109908,0.02808303
7/4/2021 18:30,1.098092,0.02808303
7/4/2021 18:35,1.1136,0.02808303
7/4/2021 18:40,1.106954,0.02808303
7/4/2021 18:45,1.1136,0.02808303
7/4/2021 18:50,1.108431,0.02808303
7/4/2021 18:55,1.104738,0.02808303
7/4/2021 19:00,1.106215,0.02808303
7/4/2021 19:05,1.104738,0.02808303
7/4/2021 19:10,1.114338,0.02808303
7/4/2021 19:15,1.108431,0.02808303
7/4/2021 19:20,1.110646,0.02808303
7/4/2021 19:25,1.1136,0.02808303
7/4/2021 19:30,1.1136,0.02808303
7/4/2021 19:35,1.111385,0.02808303
7/4/2021 19:40,1.114338,0.03052503
7/4/2021 19:45,1.118769,0.02808303
7/4/2021 19:50,1.098831,0.02808303
7/4/2021 19:55,1.115077,0.02808303
7/4/2021 20:00,1.107692,0.02808303
7/4/2021 20:05,1.106954,0.02808303
7/4/2021 20:10,1.111385,0.02808303
7/4/2021 20:15,1.112862,0.02808303
7/4/2021 20:20,1.109908,0.02808303
7/4/2021 20:25,1.109908,0.02930403
7/4/2021 20:30,1.101785,0.02808303
7/4/2021 20:35,1.100308,0.02808303
7/4/2021 20:40,1.108431,0.02808303
7/4/2021 20:45,1.111385,0.02808303
7/4/2021 20:50,1.109169,0.02930403
7/4/2021 20:55,1.104738,0.03052503
7/4/2021 21:00,1.105477,0.02930403
7/4/2021 21:05,1.105477,0.02808303
7/4/2021 21:10,1.100308,0.02808303
7/4/2021 21:15,1.111385,0.02808303
7/4/2021 21:20,1.108431,0.02930403
7/4/2021 21:25,1.107692,0.02808303
7/4/2021 21:30,1.098831,0.02808303
7/4/2021 21:35,1.100308,0.02808303
7/4/2021 21:40,1.097354,0.02808303
7/4/2021 21:45,1.105477,0.02808303
7/4/2021 21:50,1.118769,0.02930403
7/4/2021 21:55,1.109908,0.02808303
7/4/2021 22:00,1.105477,0.02808303
7/4/2021 22:05,1.107692,0.02808303
7/4/2021 22:10,1.109169,0.02808303
7/4/2021 22:15,1.098831,0.02808303
7/4/2021 22:20,1.109169,0.02808303
7/4/2021 22:25,1.095877,0.02808303
7/4/2021 22:30,1.102523,0.02808303
7/4/2021 22:35,1.100308,0.02808303
7/4/2021 22:40,1.107692,0.02808303
7/4/2021 22:45,1.095877,0.02808303
7/4/2021 22:50,1.104,0.02930403
7/4/2021 22:55,1.103261,0.02808303
7/4/2021 23:00,1.105477,0.02808303
7/4/2021 23:05,1.097354,0.02808303
7/4/2021 23:10,1.089969,0.02808303
7/4/2021 23:15,1.100308,0.02808303
7/4/2021 23:20,1.098092,0.02808303
7/4/2021 23:25,1.101046,0.02808303
7/4/2021 23:30,1.097354,0.02808303
7/4/2021 23:35,1.095138,0.02930403
7/4/2021 23:40,1.092923,0.02808303
7/4/2021 23:45,1.0944,0.02808303
7/4/2021 23:50,1.0944,0.02808303
7/4/2021 23:55,1.104,0.02808303
7/5/2021 0:00,1.0944,0.02808303
7/5/2021 0:05,1.0944,0.02808303
7/5/2021 0:10,1.088492,0.02808303
7/5/2021 0:15,1.086277,0.02808303
7/5/2021 0:20,1.092923,0.02808303
7/5/2021 0:25,1.0944,0.02808303
7/5/2021 0:30,0.9851077,0.02808303
7/5/2021 0:35,1.008738,0.02808303
7/5/2021 0:40,1.006523,0.02808303
7/5/2021 0:45,1.005785,0.02808303
7/5/2021 0:50,1.013169,0.02808303
7/5/2021 0:55,1.012431,0.02808303
7/5/2021 1:00,1.010954,0.02808303
7/5/2021 1:05,1.015385,0.02808303
7/5/2021 1:10,1.010215,0.02808303
7/5/2021 1:15,1.019815,0.02808303
7/5/2021 1:20,1.013908,0.02808303
7/5/2021 1:25,1.0176,0.02808303
7/5/2021 1:30,0.96,0.02808303
7/5/2021 1:35,1.009477,0.02808303
7/5/2021 1:40,1.005785,0.02808303
7/5/2021 1:45,1.004308,0.02808303
7/5/2021 1:50,1.006523,0.02808303
7/5/2021 1:55,0.9998769,0.02808303
7/5/2021 2:00,1.016123,0.02808303
7/5/2021 2:05,1.011692,0.02808303
7/5/2021 2:10,1.008,0.02808303
7/5/2021 2:15,1.0176,0.02808303
7/5/2021 2:20,1.012431,0.02808303
7/5/2021 2:25,1.015385,0.02808303
7/5/2021 2:30,1.0176,0.02808303
7/5/2021 2:35,0.9755077,0.02808303
7/5/2021 2:40,0.9984,0.02808303
7/5/2021 2:45,0.9947076,0.02808303
7/5/2021 2:50,0.9947076,0.02808303
7/5/2021 2:55,1.009477,0.02808303
7/5/2021 3:00,0.9961846,0.02808303
7/5/2021 3:05,1.010215,0.02808303
7/5/2021 3:10,0.9998769,0.02808303
7/5/2021 3:15,1.008738,0.02808303
7/5/2021 3:20,1.018338,0.02808303
7/5/2021 3:25,1.009477,0.02808303
7/5/2021 3:30,1.022769,0.02808303
7/5/2021 3:35,1.002092,0.02808303
7/5/2021 3:40,1.008,0.02808303
7/5/2021 3:45,1.002831,0.02808303
7/5/2021 3:50,1.009477,0.02808303
7/5/2021 3:55,1.006523,0.02808303
7/5/2021 4:00,0.9947076,0.02808303
7/5/2021 4:05,1.005046,0.02808303
7/5/2021 4:10,1.010954,0.02808303
7/5/2021 4:15,1.002092,0.02808303
7/5/2021 4:20,1.004308,0.02808303
7/5/2021 4:25,0.9961846,0.02808303
7/5/2021 4:30,1.001354,0.02808303
7/5/2021 4:35,0.9961846,0.02808303
7/5/2021 4:40,0.9939692,0.02808303
7/5/2021 4:45,1.003569,0.02808303
7/5/2021 4:50,0.9961846,0.02808303
7/5/2021 4:55,0.9947076,0.02808303
7/5/2021 5:00,0.9947076,0.02808303
7/5/2021 5:05,1.005785,0.02808303
7/5/2021 5:10,1.001354,0.02808303
7/5/2021 5:15,0.996923,0.02808303
7/5/2021 5:20,0.9984,0.02808303
7/5/2021 5:25,0.9998769,0.02808303
7/5/2021 5:30,0.9984,0.02808303
7/5/2021 5:35,0.9998769,0.02808303
7/5/2021 5:40,1.005785,0.02808303
7/5/2021 5:45,1.004308,0.02808303
7/5/2021 5:50,0.9954461,0.02808303
7/5/2021 5:55,1.009477,0.02808303
7/5/2021 6:00,0.9947076,0.02808303
7/5/2021 6:05,1.001354,0.02808303
7/5/2021 6:10,0.9998769,0.02808303
7/5/2021 6:15,1.002831,0.02808303
7/5/2021 6:20,1.008738,0.02808303
7/5/2021 6:25,0.9976615,0.02808303
7/5/2021 6:30,1.005046,0.02808303
7/5/2021 6:35,1.004308,0.02808303
7/5/2021 6:40,1.003569,0.02808303
7/5/2021 6:45,1.002092,0.02808303
7/5/2021 6:50,1.005785,0.02808303
7/5/2021 6:55,0.996923,0.02808303
7/5/2021 7:00,1.001354,0.02808303
7/5/2021 7:05,0.9991384,0.02808303
7/5/2021 7:10,0.9888,0.02808303
7/5/2021 7:15,0.9954461,0.02808303
7/5/2021 7:20,0.9991384,0.02808303
7/5/2021 7:25,0.9961846,0.02808303
7/5/2021 7:30,0.9924923,0.02808303
7/5/2021 7:35,0.9984,0.02808303
7/5/2021 7:40,0.9836308,0.02808303
7/5/2021 7:45,0.9888,0.02808303
7/5/2021 7:50,0.987323,0.02808303
7/5/2021 7:55,0.9814154,0.02808303
7/5/2021 8:00,0.9924923,0.02808303
7/5/2021 8:05,0.9777231,0.02808303
7/5/2021 8:10,0.9902769,0.02808303
7/5/2021 8:15,0.9836308,0.02808303
7/5/2021 8:20,0.987323,0.02808303
7/5/2021 8:25,0.9888,0.02808303
7/5/2021 8:30,0.9777231,0.02808303
7/5/2021 8:35,0.9880615,0.02808303
7/5/2021 8:40,0.9902769,0.02808303
7/5/2021 8:45,0.9710769,0.02808303
7/5/2021 8:50,0.9703385,0.02808303
7/5/2021 8:55,0.9932307,0.02808303
7/5/2021 9:00,0.9880615,0.02808303
7/5/2021 9:05,0.9917538,0.02808303
7/5/2021 9:10,0.9910154,0.02808303
7/5/2021 9:15,0.9924923,0.02808303
7/5/2021 9:20,0.9954461,0.02808303
7/5/2021 9:25,0.9991384,0.02808303
7/5/2021 9:30,0.9947076,0.02808303
7/5/2021 9:35,0.9806769,0.02808303
7/5/2021 9:40,0.9888,0.02808303
7/5/2021 9:45,0.9888,0.02808303
7/5/2021 9:50,0.9917538,0.02808303
7/5/2021 9:55,0.9947076,0.02808303
7/5/2021 10:00,0.9939692,0.02808303
7/5/2021 10:05,0.9917538,0.02808303
7/5/2021 10:10,0.9865846,0.02808303
7/5/2021 10:15,0.9984,0.02808303
7/5/2021 10:20,0.9880615,0.02808303
7/5/2021 10:25,0.987323,0.02808303
7/5/2021 10:30,0.9910154,0.02808303
7/5/2021 10:35,0.996923,0.02808303
7/5/2021 10:40,0.9932307,0.02808303
7/5/2021 10:45,0.9932307,0.02808303
7/5/2021 10:50,0.996923,0.02808303
7/5/2021 10:55,0.9895384,0.02808303
7/5/2021 11:00,0.996923,0.02808303
7/5/2021 11:05,1.002092,0.02808303
7/5/2021 11:10,0.9895384,0.02808303
7/5/2021 11:15,0.9910154,0.02808303
7/5/2021 11:20,0.987323,0.02808303
7/5/2021 11:25,1.001354,0.02930403
7/5/2021 11:30,1.004308,0.02930403
7/5/2021 11:35,0.9991384,0.02930403
7/5/2021 11:40,0.9924923,0.02930403
7/5/2021 11:45,0.9851077,0.02930403
7/5/2021 11:50,1.001354,0.02930403
7/5/2021 11:55,0.9954461,0.02930403
7/5/2021 12:00,0.9939692,0.02930403
7/5/2021 12:05,0.9939692,0.02930403
7/5/2021 12:10,1.000615,0.02930403
7/5/2021 12:15,0.9961846,0.02930403
7/5/2021 12:20,0.9954461,0.02930403
7/5/2021 12:25,0.9961846,0.02930403
7/5/2021 12:30,1.002831,0.02930403
7/5/2021 12:35,1.003569,0.02930403
7/5/2021 12:40,0.9947076,0.02930403
7/5/2021 12:45,0.9976615,0.02930403
7/5/2021 12:50,0.9917538,0.02930403
7/5/2021 12:55,0.9888,0.02930403
7/5/2021 13:00,0.996923,0.02930403
7/5/2021 13:05,0.9961846,0.02930403
7/5/2021 13:10,0.996923,0.02930403
7/5/2021 13:15,0.9932307,0.02930403
7/5/2021 13:20,0.9888,0.02930403
7/5/2021 13:25,0.9932307,0.02930403
7/5/2021 13:30,0.9924923,0.02930403
7/5/2021 13:35,0.9947076,0.02930403
7/5/2021 13:40,0.9910154,0.02930403
7/5/2021 13:45,1.001354,0.02930403
7/5/2021 13:50,0.9947076,0.02930403
7/5/2021 13:55,0.9947076,0.02930403
7/5/2021 14:00,0.9902769,0.02930403
7/5/2021 14:05,0.9902769,0.02930403
7/5/2021 14:10,0.9947076,0.02930403
7/5/2021 14:15,0.9976615,0.02930403
7/5/2021 14:20,0.9954461,0.02930403
7/5/2021 14:25,1.002831,0.02930403
7/5/2021 14:30,0.9961846,0.02930403
7/5/2021 14:35,0.9895384,0.02930403
7/5/2021 14:40,0.9947076,0.02930403
7/5/2021 14:45,0.9895384,0.02930403
7/5/2021 14:50,1.006523,0.03052503
7/5/2021 14:55,0.9991384,0.03052503
7/5/2021 15:00,0.9917538,0.03052503
7/5/2021 15:05,0.9888,0.03052503
7/5/2021 15:10,0.9954461,0.03052503
7/5/2021 15:15,0.996923,0.03052503
7/5/2021 15:20,0.9888,0.03052503
7/5/2021 15:25,0.9984,0.03052503
7/5/2021 15:30,0.9895384,0.03052503
7/5/2021 15:35,0.996923,0.03052503
7/5/2021 15:40,0.9984,0.03052503
7/5/2021 15:45,0.9888,0.03052503
7/5/2021 15:50,0.9895384,0.03174603
7/5/2021 15:55,0.987323,0.03052503
7/5/2021 16:00,0.9932307,0.03052503
7/5/2021 16:05,0.9851077,0.03052503
7/5/2021 16:10,0.9902769,0.03052503
7/5/2021 16:15,0.9851077,0.03174603
7/5/2021 16:20,0.9792,0.03052503
7/5/2021 16:25,0.9932307,0.03052503
7/5/2021 16:30,0.9828923,0.03052503
7/5/2021 16:35,0.9947076,0.03052503
7/5/2021 16:40,0.9902769,0.03052503
7/5/2021 16:45,0.9865846,0.03052503
7/5/2021 16:50,0.9910154,0.03052503
7/5/2021 16:55,0.9851077,0.03052503
7/5/2021 17:00,0.9917538,0.03052503
7/5/2021 17:05,0.9865846,0.03174603
7/5/2021 17:10,0.9814154,0.03174603
7/5/2021 17:15,0.9821538,0.03174603
7/5/2021 17:20,0.9880615,0.03174603
7/5/2021 17:25,0.987323,0.03174603
7/5/2021 17:30,0.9836308,0.03174603
7/5/2021 17:35,0.9902769,0.03174603
7/5/2021 17:40,0.9821538,0.03174603
7/5/2021 17:45,0.9976615,0.03174603
7/5/2021 17:50,0.9984,0.03174603
7/5/2021 17:55,0.9814154,0.03174603
7/5/2021 18:00,0.9902769,0.03174603
7/5/2021 18:05,1.002092,0.03174603
7/5/2021 18:10,1.001354,0.03174603
7/5/2021 18:15,0.9939692,0.03174603
7/5/2021 18:20,0.9902769,0.03174603
7/5/2021 18:25,0.9902769,0.03174603
7/5/2021 18:30,0.9888,0.03174603
7/5/2021 18:35,0.9888,0.03174603
7/5/2021 18:40,0.9784615,0.03174603
7/5/2021 18:45,0.9902769,0.03174603
7/5/2021 18:50,0.9888,0.03174603
7/5/2021 18:55,0.9902769,0.03174603
7/5/2021 19:00,0.9814154,0.03174603
7/5/2021 19:05,0.9777231,0.03296703
7/5/2021 19:10,0.9880615,0.03174603
7/5/2021 19:15,0.9961846,0.03174603
7/5/2021 19:20,0.9851077,0.03296703
7/5/2021 19:25,0.9947076,0.03174603
7/5/2021 19:30,0.9902769,0.03174603
7/5/2021 19:35,0.9939692,0.03174603
7/5/2021 19:40,0.987323,0.03174603
7/5/2021 19:45,0.9961846,0.03174603
7/5/2021 19:50,0.9961846,0.03296703
7/5/2021 19:55,0.9910154,0.03296703
7/5/2021 20:00,0.9939692,0.03296703
7/5/2021 20:05,0.9932307,0.03296703
7/5/2021 20:10,0.9888,0.03296703
7/5/2021 20:15,0.9836308,0.03296703
7/5/2021 20:20,0.9851077,0.03296703
7/5/2021 20:25,0.9843692,0.03296703
7/5/2021 20:30,0.9888,0.03296703
7/5/2021 20:35,0.9902769,0.03296703
7/5/2021 20:40,0.987323,0.03296703
7/5/2021 20:45,0.9792,0.03296703
7/5/2021 20:50,0.987323,0.03296703
7/5/2021 20:55,0.9792,0.03296703
7/5/2021 21:00,0.9806769,0.03296703
7/5/2021 21:05,0.9836308,0.03296703
7/5/2021 21:10,0.9792,0.03296703
7/5/2021 21:15,0.9917538,0.03296703
7/5/2021 21:20,0.9895384,0.03296703
7/5/2021 21:25,0.996923,0.03296703
7/5/2021 21:30,0.9932307,0.03296703
7/5/2021 21:35,0.9910154,0.03296703
7/5/2021 21:40,0.9947076,0.03296703
7/5/2021 21:45,1.005785,0.03296703
7/5/2021 21:50,0.996923,0.03296703
7/5/2021 21:55,1.002092,0.03296703
7/5/2021 22:00,0.996923,0.03296703
7/5/2021 22:05,0.9947076,0.03296703
7/5/2021 22:10,0.9954461,0.03296703
7/5/2021 22:15,1.127631,0.03296703
7/5/2021 22:20,1.1136,0.03296703
7/5/2021 22:25,1.0464,0.03296703
7/5/2021 22:30,1.109169,0.03296703
7/5/2021 22:35,1.106954,0.03174603
7/5/2021 22:40,1.112123,0.03296703
7/5/2021 22:45,1.109908,0.03174603
7/5/2021 22:50,1.109908,0.03174603
7/5/2021 22:55,1.108431,0.03174603
7/5/2021 23:00,1.110646,0.03174603
7/5/2021 23:05,1.1136,0.03174603
7/5/2021 23:10,1.112862,0.03174603
7/5/2021 23:15,1.105477,0.03174603
7/5/2021 23:20,1.102523,0.03174603
7/5/2021 23:25,1.111385,0.03174603
7/5/2021 23:30,1.111385,0.03174603
7/5/2021 23:35,1.106954,0.03174603
7/5/2021 23:40,1.104,0.03174603
7/5/2021 23:45,1.106215,0.03174603
7/5/2021 23:50,1.101785,0.03174603
7/5/2021 23:55,1.092923,0.03174603
7/6/2021 0:00,1.097354,0.03174603
7/6/2021 0:05,1.095877,0.03174603
7/6/2021 0:10,1.106954,0.03174603
7/6/2021 0:15,1.099569,0.03174603
7/6/2021 0:20,1.102523,0.03296703
7/6/2021 0:25,1.097354,0.03174603
7/6/2021 0:30,1.104,0.03174603
7/6/2021 0:35,1.096615,0.03174603
7/6/2021 0:40,1.103261,0.03174603
7/6/2021 0:45,1.086277,0.03174603
7/6/2021 0:50,1.097354,0.03174603
7/6/2021 0:55,1.098092,0.03174603
7/6/2021 1:00,1.096615,0.03296703
7/6/2021 1:05,1.097354,0.03296703
7/6/2021 1:10,1.098831,0.03296703
7/6/2021 1:15,1.103261,0.03296703
7/6/2021 1:20,1.086277,0.03296703
7/6/2021 1:25,1.089231,0.03296703
7/6/2021 1:30,1.088492,0.03174603
7/6/2021 1:35,1.103261,0.03174603
7/6/2021 1:40,1.089969,0.03174603
7/6/2021 1:45,1.0944,0.03174603
7/6/2021 1:50,1.090708,0.03174603
7/6/2021 1:55,1.088492,0.03174603
7/6/2021 2:00,1.092185,0.03174603
7/6/2021 2:05,1.093662,0.03174603
7/6/2021 2:10,1.105477,0.03174603
7/6/2021 2:15,1.091446,0.03174603
7/6/2021 2:20,1.097354,0.03174603
7/6/2021 2:25,1.089969,0.03174603
7/6/2021 2:30,1.095138,0.03174603
7/6/2021 2:35,1.099569,0.03174603
7/6/2021 2:40,1.095138,0.03174603
7/6/2021 2:45,1.097354,0.03174603
7/6/2021 2:50,1.102523,0.03174603
7/6/2021 2:55,1.096615,0.03174603
7/6/2021 3:00,1.104,0.03174603
7/6/2021 3:05,1.097354,0.03174603
7/6/2021 3:10,1.100308,0.03174603
7/6/2021 3:15,1.0944,0.03174603
7/6/2021 3:20,1.100308,0.03174603
7/6/2021 3:25,1.093662,0.03174603
7/6/2021 3:30,1.089969,0.03296703
7/6/2021 3:35,1.090708,0.03174603
7/6/2021 3:40,1.086277,0.03174603
7/6/2021 3:45,1.082585,0.03174603
7/6/2021 3:50,1.087015,0.03174603
7/6/2021 3:55,1.092185,0.03174603
7/6/2021 4:00,1.081108,0.03174603
7/6/2021 4:05,1.078154,0.03174603
7/6/2021 4:10,1.074461,0.03174603
7/6/2021 4:15,1.062646,0.03174603
7/6/2021 4:20,1.123938,0.03174603
7/6/2021 4:25,1.109908,0.03174603
7/6/2021 4:30,1.115077,0.03174603
7/6/2021 4:35,1.112123,0.03174603
7/6/2021 4:40,1.111385,0.03174603
7/6/2021 4:45,1.110646,0.03174603
7/6/2021 4:50,1.111385,0.03174603
7/6/2021 4:55,1.098831,0.03174603
7/6/2021 5:00,1.098831,0.03174603
7/6/2021 5:05,1.099569,0.03174603
7/6/2021 5:10,1.102523,0.03174603
7/6/2021 5:15,1.092185,0.03174603
7/6/2021 5:20,1.098831,0.03174603
7/6/2021 5:25,1.101046,0.03174603
7/6/2021 5:30,1.103261,0.03174603
7/6/2021 5:35,1.097354,0.03174603
7/6/2021 5:40,1.109169,0.03174603
7/6/2021 5:45,1.102523,0.03174603
7/6/2021 5:50,1.106215,0.03174603
7/6/2021 5:55,1.098831,0.03174603
7/6/2021 6:00,1.106215,0.03174603
7/6/2021 6:05,1.106954,0.03174603
7/6/2021 6:10,1.106954,0.03174603
7/6/2021 6:15,1.108431,0.03174603
7/6/2021 6:20,1.109169,0.03174603
7/6/2021 6:25,1.096615,0.03174603
7/6/2021 6:30,1.102523,0.03174603
7/6/2021 6:35,1.101785,0.03174603
7/6/2021 6:40,1.104,0.03296703
7/6/2021 6:45,1.100308,0.03174603
7/6/2021 6:50,1.0944,0.03174603
7/6/2021 6:55,1.098831,0.03174603
7/6/2021 7:00,1.093662,0.03174603
7/6/2021 7:05,1.089231,0.03174603
7/6/2021 7:10,1.090708,0.03174603
7/6/2021 7:15,1.082585,0.03174603
7/6/2021 7:20,1.087015,0.03174603
7/6/2021 7:25,1.084062,0.03174603
7/6/2021 7:30,1.087754,0.03174603
7/6/2021 7:35,1.082585,0.03174603
7/6/2021 7:40,1.106954,0.03174603
7/6/2021 7:45,1.108431,0.03174603
7/6/2021 7:50,1.105477,0.03174603
7/6/2021 7:55,1.111385,0.03174603
7/6/2021 8:00,1.104,0.03174603
7/6/2021 8:05,1.106215,0.03174603
7/6/2021 8:10,1.102523,0.03174603
7/6/2021 8:15,1.103261,0.03174603
7/6/2021 8:20,1.098831,0.03174603
7/6/2021 8:25,1.112862,0.03174603
7/6/2021 8:30,1.116554,0.03174603
7/6/2021 8:35,1.101785,0.03174603
7/6/2021 8:40,1.108431,0.03174603
7/6/2021 8:45,1.109169,0.03174603
7/6/2021 8:50,1.106954,0.03174603
7/6/2021 8:55,1.105477,0.03174603
7/6/2021 9:00,1.112862,0.03296703
7/6/2021 9:05,1.112862,0.03296703
7/6/2021 9:10,1.105477,0.03296703
7/6/2021 9:15,1.107692,0.03296703
7/6/2021 9:20,1.100308,0.03296703
7/6/2021 9:25,1.1136,0.03296703
7/6/2021 9:30,1.110646,0.03296703
7/6/2021 9:35,1.101785,0.03296703
7/6/2021 9:40,1.100308,0.03296703
7/6/2021 9:45,1.118031,0.03296703
7/6/2021 9:50,1.106954,0.03296703
7/6/2021 9:55,1.104,0.03296703
7/6/2021 10:00,1.100308,0.03296703
7/6/2021 10:05,1.109169,0.03296703
7/6/2021 10:10,1.0944,0.03296703
7/6/2021 10:15,1.100308,0.03296703
7/6/2021 10:20,1.089231,0.03296703
7/6/2021 10:25,1.102523,0.03296703
7/6/2021 10:30,1.101785,0.03296703
7/6/2021 10:35,1.089231,0.03296703
7/6/2021 10:40,1.090708,0.03296703
7/6/2021 10:45,1.085538,0.03296703
7/6/2021 10:50,1.252431,0.03296703
7/6/2021 10:55,1.150523,0.03296703
7/6/2021 11:00,1.205908,0.03174603
7/6/2021 11:05,1.215508,0.03174603
7/6/2021 11:10,1.205908,0.03174603
7/6/2021 11:15,1.202954,0.03174603
7/6/2021 11:20,1.204431,0.03174603
7/6/2021 11:25,1.204431,0.03174603
7/6/2021 11:30,1.199262,0.03174603
7/6/2021 11:35,1.200738,0.03174603
7/6/2021 11:40,1.195569,0.03174603
7/6/2021 11:45,1.196308,0.03174603
7/6/2021 11:50,1.191877,0.03174603
7/6/2021 11:55,1.193354,0.03174603
7/6/2021 12:00,1.196308,0.03174603
7/6/2021 12:05,1.191138,0.03174603
7/6/2021 12:10,1.182277,0.03174603
7/6/2021 12:15,1.183015,0.03174603
7/6/2021 12:20,1.233231,0.03174603
7/6/2021 12:25,1.217723,0.03174603
7/6/2021 12:30,1.208862,0.03174603
7/6/2021 12:35,1.208862,0.03174603
7/6/2021 12:40,1.197785,0.03174603
7/6/2021 12:45,1.194831,0.03174603
7/6/2021 12:50,1.197785,0.03174603
7/6/2021 12:55,1.194831,0.03174603
7/6/2021 13:00,1.192615,0.03174603
7/6/2021 13:05,1.193354,0.03174603
7/6/2021 13:10,1.196308,0.03174603
7/6/2021 13:15,1.194831,0.03174603
7/6/2021 13:20,1.195569,0.03174603
7/6/2021 13:25,1.199262,0.03174603
7/6/2021 13:30,1.197785,0.03174603
7/6/2021 13:35,1.195569,0.03174603
7/6/2021 13:40,1.193354,0.03174603
7/6/2021 13:45,1.196308,0.03174603
7/6/2021 13:50,1.1904,0.03174603
7/6/2021 13:55,1.186708,0.03174603
7/6/2021 14:00,1.189662,0.03174603
7/6/2021 14:05,1.1904,0.03174603
7/6/2021 14:10,1.188184,0.03174603
7/6/2021 14:15,1.183754,0.03174603
7/6/2021 14:20,1.177108,0.03174603
7/6/2021 14:25,1.244308,0.03174603
7/6/2021 14:30,1.219938,0.03174603
7/6/2021 14:35,1.214769,0.03174603
7/6/2021 14:40,1.207385,0.03174603
7/6/2021 14:45,1.207385,0.03174603
7/6/2021 14:50,1.213292,0.03174603
7/6/2021 14:55,1.202954,0.03174603
7/6/2021 15:00,1.203692,0.03174603
7/6/2021 15:05,1.208123,0.03174603
7/6/2021 15:10,1.194831,0.03174603
7/6/2021 15:15,1.196308,0.03174603
7/6/2021 15:20,1.195569,0.03174603
7/6/2021 15:25,1.185231,0.03174603
7/6/2021 15:30,1.059692,0.03174603
7/6/2021 15:35,1.092185,0.03174603
7/6/2021 15:40,1.098831,0.03174603
7/6/2021 15:45,1.089231,0.03174603
7/6/2021 15:50,1.099569,0.03174603
7/6/2021 15:55,1.087754,0.03174603
7/6/2021 16:00,1.095877,0.03174603
7/6/2021 16:05,1.089231,0.03174603
7/6/2021 16:10,1.090708,0.03174603
7/6/2021 16:15,1.090708,0.03174603
7/6/2021 16:20,1.095138,0.03174603
7/6/2021 16:25,1.089969,0.03174603
7/6/2021 16:30,1.081108,0.03296703
7/6/2021 16:35,1.089231,0.03296703
7/6/2021 16:40,1.095877,0.03296703
7/6/2021 16:45,1.099569,0.03296703
7/6/2021 16:50,1.0848,0.03296703
7/6/2021 16:55,1.086277,0.03296703
7/6/2021 17:00,1.089231,0.03296703
7/6/2021 17:05,1.084062,0.03296703
7/6/2021 17:10,1.087754,0.03296703
7/6/2021 17:15,1.085538,0.03296703
7/6/2021 17:20,1.081846,0.03296703
7/6/2021 17:25,1.081846,0.03296703
7/6/2021 17:30,1.083323,0.03296703
7/6/2021 17:35,1.124677,0.03296703
7/6/2021 17:40,1.117292,0.03296703
7/6/2021 17:45,1.112123,0.03296703
7/6/2021 17:50,1.112123,0.03296703
7/6/2021 17:55,1.104,0.03296703
7/6/2021 18:00,1.107692,0.03296703
7/6/2021 18:05,1.115077,0.03296703
7/6/2021 18:10,1.1136,0.03296703
7/6/2021 18:15,1.114338,0.03296703
7/6/2021 18:20,1.104,0.03296703
7/6/2021 18:25,1.071508,0.03296703
7/6/2021 18:30,1.111385,0.03296703
7/6/2021 18:35,1.1136,0.03296703
7/6/2021 18:40,1.111385,0.03296703
7/6/2021 18:45,1.104,0.03296703
7/6/2021 18:50,1.108431,0.03296703
7/6/2021 18:55,1.100308,0.03296703
7/6/2021 19:00,1.110646,0.03296703
7/6/2021 19:05,1.096615,0.03296703
7/6/2021 19:10,1.103261,0.03296703
7/6/2021 19:15,1.097354,0.03296703
7/6/2021 19:20,1.097354,0.03296703
7/6/2021 19:25,1.101046,0.03296703
7/6/2021 19:30,1.109908,0.03296703
7/6/2021 19:35,1.090708,0.03296703
7/6/2021 19:40,1.0944,0.03296703
7/6/2021 19:45,1.098831,0.03296703
7/6/2021 19:50,1.097354,0.03296703
7/6/2021 19:55,1.089231,0.03296703
7/6/2021 20:00,1.097354,0.03296703
7/6/2021 20:05,1.083323,0.03296703
7/6/2021 20:10,1.0848,0.03296703
7/6/2021 20:15,1.087754,0.03296703
7/6/2021 20:20,1.093662,0.03296703
7/6/2021 20:25,1.084062,0.03296703
7/6/2021 20:30,1.080369,0.03296703
7/6/2021 20:35,1.078154,0.03296703
7/6/2021 20:40,1.087754,0.03296703
7/6/2021 20:45,1.073723,0.03296703
7/6/2021 20:50,1.072985,0.03296703
7/6/2021 20:55,1.122462,0.03296703
7/6/2021 21:00,1.101785,0.03296703
7/6/2021 21:05,1.097354,0.03296703
7/6/2021 21:10,1.109908,0.03296703
7/6/2021 21:15,1.101046,0.03296703
7/6/2021 21:20,1.108431,0.03296703
7/6/2021 21:25,1.111385,0.03296703
7/6/2021 21:30,1.106954,0.03296703
7/6/2021 21:35,1.105477,0.03296703
7/6/2021 21:40,1.108431,0.03296703
7/6/2021 21:45,1.114338,0.03296703
7/6/2021 21:50,1.105477,0.03296703
7/6/2021 21:55,1.106954,0.03296703
7/6/2021 22:00,1.111385,0.03296703
7/6/2021 22:05,1.112862,0.03296703
7/6/2021 22:10,1.103261,0.03296703
7/6/2021 22:15,1.112862,0.03296703
7/6/2021 22:20,1.108431,0.03296703
7/6/2021 22:25,1.103261,0.03296703
7/6/2021 22:30,1.105477,0.03296703
7/6/2021 22:35,1.111385,0.03296703
7/6/2021 22:40,1.103261,0.03296703
7/6/2021 22:45,1.097354,0.03296703
7/6/2021 22:50,1.105477,0.03296703
7/6/2021 22:55,1.109908,0.03296703
7/6/2021 23:00,1.115815,0.03296703
7/6/2021 23:05,1.100308,0.03296703
7/6/2021 23:10,1.115077,0.03296703
7/6/2021 23:15,1.105477,0.03296703
7/6/2021 23:20,1.114338,0.03296703
7/6/2021 23:25,1.111385,0.03296703
7/6/2021 23:30,1.103261,0.03296703
7/6/2021 23:35,1.109169,0.03296703
7/6/2021 23:40,1.105477,0.03296703
7/6/2021 23:45,1.103261,0.03296703
7/6/2021 23:50,1.118031,0.03296703
7/6/2021 23:55,1.097354,0.03296703
7/7/2021 0:00,1.089969,0.03296703
7/7/2021 0:05,1.100308,0.03296703
7/7/2021 0:10,1.099569,0.03296703
7/7/2021 0:15,1.087754,0.03296703
7/7/2021 0:20,1.089231,0.03296703
7/7/2021 0:25,1.088492,0.03296703
7/7/2021 0:30,1.100308,0.03296703
7/7/2021 0:35,1.095877,0.03296703
7/7/2021 0:40,1.093662,0.03296703
7/7/2021 0:45,1.096615,0.03296703
7/7/2021 0:50,1.089231,0.03296703
7/7/2021 0:55,1.090708,0.03296703
7/7/2021 1:00,1.098831,0.03296703
7/7/2021 1:05,1.087015,0.03296703
7/7/2021 1:10,1.090708,0.03296703
7/7/2021 1:15,1.092923,0.03296703
7/7/2021 1:20,1.087015,0.03296703
7/7/2021 1:25,1.086277,0.03296703
7/7/2021 1:30,1.082585,0.03296703
7/7/2021 1:35,1.089969,0.03296703
7/7/2021 1:40,1.084062,0.03296703
7/7/2021 1:45,1.079631,0.03296703
7/7/2021 1:50,1.075938,0.03418804
7/7/2021 1:55,1.078154,0.03418804
7/7/2021 2:00,1.068554,0.03418804
7/7/2021 2:05,1.126154,0.03418804
7/7/2021 2:10,1.115077,0.03418804
7/7/2021 2:15,1.104,0.03418804
7/7/2021 2:20,1.111385,0.03418804
7/7/2021 2:25,1.108431,0.03418804
7/7/2021 2:30,1.115815,0.03418804
7/7/2021 2:35,1.101046,0.03418804
7/7/2021 2:40,1.106215,0.03418804
7/7/2021 2:45,1.112862,0.03418804
7/7/2021 2:50,1.104,0.03418804
7/7/2021 2:55,1.110646,0.03418804
7/7/2021 3:00,1.109908,0.03418804
7/7/2021 3:05,1.118031,0.03418804
7/7/2021 3:10,1.117292,0.03418804
7/7/2021 3:15,1.095877,0.03418804
7/7/2021 3:20,1.104738,0.03418804
7/7/2021 3:25,1.098831,0.03418804
7/7/2021 3:30,1.095877,0.03418804
7/7/2021 3:35,1.093662,0.03418804
7/7/2021 3:40,1.087754,0.03418804
7/7/2021 3:45,1.092185,0.03418804
7/7/2021 3:50,1.089231,0.03418804
7/7/2021 3:55,1.090708,0.03418804
7/7/2021 4:00,1.084062,0.03418804
7/7/2021 4:05,1.081108,0.03418804
7/7/2021 4:10,1.0848,0.03418804
7/7/2021 4:15,1.074461,0.03418804
7/7/2021 4:20,1.089231,0.03418804
7/7/2021 4:25,1.076677,0.03418804
7/7/2021 4:30,1.112862,0.03418804
7/7/2021 4:35,0,-1
7/7/2021 4:40,0,-1
7/7/2021 4:45,0,-1
7/7/2021 4:50,0,-1
7/7/2021 4:55,0,-1
7/7/2021 5:00,0,-1
7/7/2021 5:05,0,-1
7/7/2021 5:10,0,-1
7/7/2021 5:15,0,-1
7/7/2021 5:20,0,-1
7/7/2021 5:25,0,-1
7/7/2021 5:30,0,-1
7/7/2021 5:35,0,-1
7/7/2021 5:40,0,-1
7/7/2021 5:45,0,-1
7/7/2021 5:50,0,-1
7/7/2021 5:55,0,-1
7/7/2021 6:00,0,-1
7/7/2021 6:05,0,-1
7/7/2021 6:10,0,-1
7/7/2021 6:15,0,-1
7/7/2021 6:20,0,-1
7/7/2021 6:25,0,-1
7/7/2021 6:30,0,-1
7/7/2021 6:35,0,-1
7/7/2021 6:40,0,-1
7/7/2021 6:45,0,-1
7/7/2021 6:50,0,-1
7/7/2021 6:55,0,-1
7/7/2021 7:00,0,-1
7/7/2021 7:05,0,-1
7/7/2021 7:10,0,-1
7/7/2021 7:15,0,-1
7/7/2021 7:20,0,-1
7/7/2021 7:25,0,-1
7/7/2021 7:30,0,-1
7/7/2021 7:35,0,-1
7/7/2021 7:40,0,-1
7/7/2021 7:45,0,-1
7/7/2021 7:50,0,-1
7/7/2021 7:55,0,-1
7/7/2021 8:00,0,-1
7/7/2021 8:05,0,-1
7/7/2021 8:10,0,-1
7/7/2021 8:15,0,-1
7/7/2021 8:20,0,-1
7/7/2021 8:25,0,-1
7/7/2021 8:30,0,-1
7/7/2021 8:35,0,-1
7/7/2021 8:40,0,-1
7/7/2021 8:45,0,-1
7/7/2021 8:50,0,-1
7/7/2021 8:55,0,-1
7/7/2021 9:00,0,-1
7/7/2021 9:05,0,-1
7/7/2021 9:10,0,-1
7/7/2021 9:15,0,-1
7/7/2021 9:20,0,-1
7/7/2021 9:25,0,-1
7/7/2021 9:30,0,-1
7/7/2021 9:35,0,-1
7/7/2021 9:40,0,-1
7/7/2021 9:45,0,-1
7/7/2021 9:50,0,-1
7/7/2021 9:55,0,-1
7/7/2021 10:00,0,-1
7/7/2021 10:05,0,-1
7/7/2021 10:10,0,-1
7/7/2021 10:15,0,-1
7/7/2021 10:20,0,-1
7/7/2021 10:25,0,-1
7/7/2021 10:30,0,-1
7/7/2021 10:35,0,-1
7/7/2021 10:40,0,-1
7/7/2021 10:45,0,-1
7/7/2021 10:50,0,-1
7/7/2021 10:55,0,-1
7/7/2021 11:00,0,-1
7/7/2021 11:05,0,-1
7/7/2021 11:10,0,-1
7/7/2021 11:15,0,-1
7/7/2021 11:20,0,-1
7/7/2021 11:25,0,-1
7/7/2021 11:30,0,-1
7/7/2021 11:35,0,-1
7/7/2021 11:40,0,-1
7/7/2021 11:45,0,-1
7/7/2021 11:50,0,-1
7/7/2021 11:55,0,-1
7/7/2021 12:00,0,-1
7/7/2021 12:05,0,-1
7/7/2021 12:10,0,-1
7/7/2021 12:15,0,-1
7/7/2021 12:20,0,-1
7/7/2021 12:25,0,-1
7/7/2021 12:30,0,-1
7/7/2021 12:35,0,-1
7/7/2021 12:40,0,-1
7/7/2021 12:45,0,-1
7/7/2021 12:50,0,-1
7/7/2021 12:55,0,-1
7/7/2021 13:00,0,-1
7/7/2021 13:05,0,-1
7/7/2021 13:10,0,-1
7/7/2021 13:15,0,-1
7/7/2021 13:20,0,-1
7/7/2021 13:25,0,-1
7/7/2021 13:30,0,-1
7/7/2021 13:35,0,-1
7/7/2021 13:40,0,-1
7/7/2021 13:45,0,-1
7/7/2021 13:50,0,-1
7/7/2021 13:55,0,-1
7/7/2021 14:00,0,-1
7/7/2021 14:05,0,-1
7/7/2021 14:10,0,-1
7/7/2021 14:15,0,-1
7/7/2021 14:20,0,-1
7/7/2021 14:25,0,-1
7/7/2021 14:30,0,-1
7/7/2021 14:35,0,-1
7/7/2021 14:40,0,-1
7/7/2021 14:45,0,-1
7/7/2021 14:50,0,-1
7/7/2021 14:55,0,-1
7/7/2021 15:00,0,-1
7/7/2021 15:05,0,-1
7/7/2021 15:10,0,-1
7/7/2021 15:15,0,-1
7/7/2021 15:20,0,-1
7/7/2021 15:25,0,-1
7/7/2021 15:30,0,-1
7/7/2021 15:35,0,-1
7/7/2021 15:40,0,-1
7/7/2021 15:45,0,-1
7/7/2021 15:50,0,-1
7/7/2021 15:55,0,-1
7/7/2021 16:00,0,-1
7/7/2021 16:05,0,-1
7/7/2021 16:10,0,-1
7/7/2021 16:15,0,-1
7/7/2021 16:20,0,-1
7/7/2021 16:25,0,-1
7/7/2021 16:30,0,-1
7/7/2021 16:35,0,-1
7/7/2021 16:40,0,-1
7/7/2021 16:45,0,-1
7/7/2021 16:50,0,-1
7/7/2021 16:55,0,-1
7/7/2021 17:00,0,-1
7/7/2021 17:05,0,-1
7/7/2021 17:10,0,-1
7/7/2021 17:15,0,-1
7/7/2021 17:20,0,-1
7/7/2021 17:25,0,-1
7/7/2021 17:30,0,-1
7/7/2021 17:35,0,-1
7/7/2021 17:40,0,-1
7/7/2021 17:45,0,-1
7/7/2021 17:50,0,-1
7/7/2021 17:55,0,-1
7/7/2021 18:00,0,-1
7/7/2021 18:05,0,-1
7/7/2021 18:10,0,-1
7/7/2021 18:15,0,-1
7/7/2021 18:20,0,-1
7/7/2021 18:25,0,-1
7/7/2021 18:30,0,-1
7/7/2021 18:35,0,-1
7/7/2021 18:40,0,-1
7/7/2021 18:45,0,-1
7/7/2021 18:50,0,-1
7/7/2021 18:55,0,-1
7/7/2021 19:00,0,-1
7/7/2021 19:05,0,-1
7/7/2021 19:10,0,-1
7/7/2021 19:15,0,-1
7/7/2021 19:20,0,-1
7/7/2021 19:25,0,-1
7/7/2021 19:30,0,-1
7/7/2021 19:35,0,-1
7/7/2021 19:40,0,-1
7/7/2021 19:45,0,-1
7/7/2021 19:50,0,-1
7/7/2021 19:55,0,-1
7/7/2021 20:00,0,-1
7/7/2021 20:05,0,-1
7/7/2021 20:10,0,-1
7/7/2021 20:15,0,-1
7/7/2021 20:20,0,-1
7/7/2021 20:25,0,-1
7/7/2021 20:30,0,-1
7/7/2021 20:35,0,-1
7/7/2021 20:40,0,-1
7/7/2021 20:45,0,-1
7/7/2021 20:50,0,-1
7/7/2021 20:55,0,-1
7/7/2021 21:00,0,-1
7/7/2021 21:05,0,-1
7/7/2021 21:10,0,-1
7/7/2021 21:15,0,-1
7/7/2021 21:20,0,-1
7/7/2021 21:25,0,-1
7/7/2021 21:30,0,-1
7/7/2021 21:35,0,-1
7/7/2021 21:40,0,-1
7/7/2021 21:45,0,-1
7/7/2021 21:50,0,-1
7/7/2021 21:55,0,-1
7/7/2021 22:00,0,-1
7/7/2021 22:05,0,-1
7/7/2021 22:10,0,-1
7/7/2021 22:15,0,-1
7/7/2021 22:20,0,-1
7/7/2021 22:25,0,-1
7/7/2021 22:30,0,-1
7/7/2021 22:35,0,-1
7/7/2021 22:40,0,-1
7/7/2021 22:45,0,-1
7/7/2021 22:50,0,-1
7/7/2021 22:55,0,-1
7/7/2021 23:00,0,-1
7/7/2021 23:05,0,-1
7/7/2021 23:10,0,-1
7/7/2021 23:15,0,-1
7/7/2021 23:20,0,-1
7/7/2021 23:25,0,-1
7/7/2021 23:30,0,-1
7/7/2021 23:35,0,-1
7/7/2021 23:40,0,-1
7/7/2021 23:45,0,-1
7/7/2021 23:50,0,-1
7/7/2021 23:55,0,-1
7/8/2021 0:00,0,-1
7/8/2021 0:05,0,-1
7/8/2021 0:10,0,-1
7/8/2021 0:15,0,-1
7/8/2021 0:20,0,-1
7/8/2021 0:25,0,-1
7/8/2021 0:30,0,-1
7/8/2021 0:35,0,-1
7/8/2021 0:40,0,-1
7/8/2021 0:45,0,-1
7/8/2021 0:50,0,-1
7/8/2021 0:55,0,-1
7/8/2021 1:00,0,-1
7/8/2021 1:05,0,-1
7/8/2021 1:10,0,-1
7/8/2021 1:15,0,-1
7/8/2021 1:20,0,-1
7/8/2021 1:25,0,-1
7/8/2021 1:30,0,-1
7/8/2021 1:35,0,-1
7/8/2021 1:40,0,-1
7/8/2021 1:45,0,-1
7/8/2021 1:50,0,-1
7/8/2021 1:55,0,-1
7/8/2021 2:00,0,-1
7/8/2021 2:05,0,-1
7/8/2021 2:10,0,-1
7/8/2021 2:15,0,-1
7/8/2021 2:20,0,-1
7/8/2021 2:25,0,-1
7/8/2021 2:30,0,-1
7/8/2021 2:35,0,-1
7/8/2021 2:40,0,-1
7/8/2021 2:45,0,-1
7/8/2021 2:50,0,-1
7/8/2021 2:55,0,-1
7/8/2021 3:00,0,-1
7/8/2021 3:05,0,-1
7/8/2021 3:10,0,-1
7/8/2021 3:15,0,-1
7/8/2021 3:20,0,-1
7/8/2021 3:25,0,-1
7/8/2021 3:30,0,-1
7/8/2021 3:35,0,-1
7/8/2021 3:40,0,-1
7/8/2021 3:45,0,-1
7/8/2021 3:50,0,-1
7/8/2021 3:55,0,-1
7/8/2021 4:00,0,-1
7/8/2021 4:05,0,-1
7/8/2021 4:10,0,-1
7/8/2021 4:15,0,-1
7/8/2021 4:20,0,-1
7/8/2021 4:25,0,-1
7/8/2021 4:30,0,-1
7/8/2021 4:35,0,-1
7/8/2021 4:40,0,-1
7/8/2021 4:45,0,-1
7/8/2021 4:50,0,-1
7/8/2021 4:55,0,-1
7/8/2021 5:00,0,-1
7/8/2021 5:05,0,-1
7/8/2021 5:10,0,-1
7/8/2021 5:15,0,-1
7/8/2021 5:20,0,-1
7/8/2021 5:25,0,-1
7/8/2021 5:30,0,-1
7/8/2021 5:35,0,-1
7/8/2021 5:40,0,-1
7/8/2021 5:45,0,-1
7/8/2021 5:50,0,-1
7/8/2021 5:55,0,-1
7/8/2021 6:00,0,-1
7/8/2021 6:05,0,-1
7/8/2021 6:10,0,-1
7/8/2021 6:15,0,-1
7/8/2021 6:20,0,-1
7/8/2021 6:25,0,-1
7/8/2021 6:30,0,-1
7/8/2021 6:35,0,-1
7/8/2021 6:40,0,-1
7/8/2021 6:45,0,-1
7/8/2021 6:50,0,-1
7/8/2021 6:55,0,-1
7/8/2021 7:00,0,-1
7/8/2021 7:05,0,-1
7/8/2021 7:10,0,-1
7/8/2021 7:15,0,-1
7/8/2021 7:20,0,-1
7/8/2021 7:25,0,-1
7/8/2021 7:30,0,-1
7/8/2021 7:35,0,-1
7/8/2021 7:40,0,-1
7/8/2021 7:45,0,-1
7/8/2021 7:50,0,-1
7/8/2021 7:55,0,-1
7/8/2021 8:00,0,-1
7/8/2021 8:05,0,-1
7/8/2021 8:10,0,-1
7/8/2021 8:15,0,-1
7/8/2021 8:20,0,-1
7/8/2021 8:25,0,-1
7/8/2021 8:30,0,-1
7/8/2021 8:35,0,-1
7/8/2021 8:40,0,-1
7/8/2021 8:45,0,-1
7/8/2021 8:50,0,-1
7/8/2021 8:55,0,-1
7/8/2021 9:00,0,-1
7/8/2021 9:05,0,-1
7/8/2021 9:10,0,-1
7/8/2021 9:15,0,-1
7/8/2021 9:20,0,-1
7/8/2021 9:25,0,-1
7/8/2021 9:30,0,-1
7/8/2021 9:35,0,-1
7/8/2021 9:40,0,-1
7/8/2021 9:45,0,-1
7/8/2021 9:50,0,-1
7/8/2021 9:55,0,-1
7/8/2021 10:00,0,-1
7/8/2021 10:05,0,-1
7/8/2021 10:10,0,-1
7/8/2021 10:15,0,-1
7/8/2021 10:20,0,-1
7/8/2021 10:25,0,-1
7/8/2021 10:30,0,-1
7/8/2021 10:35,0,-1
7/8/2021 10:40,0,-1
7/8/2021 10:45,0,-1
7/8/2021 10:50,0,-1
7/8/2021 10:55,0,-1
7/8/2021 11:00,0,-1
7/8/2021 11:05,0,-1
7/8/2021 11:10,0,-1
7/8/2021 11:15,0,-1
7/8/2021 11:20,0,-1
7/8/2021 11:25,0,-1
7/8/2021 11:30,0,-1
7/8/2021 11:35,0,-1
7/8/2021 11:40,0,-1
7/8/2021 11:45,0,-1
7/8/2021 11:50,0,-1
7/8/2021 11:55,0,-1
7/8/2021 12:00,0,-1
7/8/2021 12:05,0,-1
7/8/2021 12:10,0,-1
7/8/2021 12:15,0,-1
7/8/2021 12:20,0,-1
7/8/2021 12:25,0,-1
7/8/2021 12:30,0,-1
7/8/2021 12:35,0,-1
7/8/2021 12:40,0,-1
7/8/2021 12:45,0,-1
7/8/2021 12:50,0,-1
7/8/2021 12:55,0,-1
7/8/2021 13:00,0,-1
7/8/2021 13:05,0,-1
7/8/2021 13:10,0,-1
7/8/2021 13:15,0,-1
7/8/2021 13:20,0,-1
7/8/2021 13:25,0,-1
7/8/2021 13:30,0,-1
7/8/2021 13:35,0,-1
7/8/2021 13:40,0,-1
7/8/2021 13:45,0,-1
7/8/2021 13:50,0,-1
7/8/2021 13:55,0,-1
7/8/2021 14:00,0,-1
7/8/2021 14:05,0,-1
7/8/2021 14:10,0,-1
7/8/2021 14:15,0,-1
7/8/2021 14:20,0,-1
7/8/2021 14:25,0,-1
7/8/2021 14:30,0,-1
7/8/2021 14:35,0,-1
7/8/2021 14:40,0,-1
7/8/2021 14:45,0,-1
7/8/2021 14:50,0,-1
7/8/2021 14:55,0,-1
7/8/2021 15:00,0,-1
7/8/2021 15:05,0,-1
7/8/2021 15:10,0,-1
7/8/2021 15:15,0,-1
7/8/2021 15:20,0,-1
7/8/2021 15:25,0,-1
7/8/2021 15:30,0,-1
7/8/2021 15:35,0,-1
7/8/2021 15:40,0,-1
7/8/2021 15:45,0,-1
7/8/2021 15:50,0,-1
7/8/2021 15:55,0,-1
7/8/2021 16:00,0,-1
7/8/2021 16:05,0,-1
7/8/2021 16:10,0,-1
7/8/2021 16:15,0,-1
7/8/2021 16:20,0,-1
7/8/2021 16:25,0,-1
7/8/2021 16:30,0,-1
7/8/2021 16:35,0,-1
7/8/2021 16:40,0,-1
7/8/2021 16:45,0,-1
7/8/2021 16:50,0,-1
7/8/2021 16:55,0,-1
7/8/2021 17:00,0,-1
7/8/2021 17:05,0,-1
7/8/2021 17:10,0,-1
7/8/2021 17:15,0,-1
7/8/2021 17:20,0,-1
7/8/2021 17:25,0,-1
7/8/2021 17:30,0,-1
7/8/2021 17:35,0,-1
7/8/2021 17:40,0,-1
7/8/2021 17:45,0,-1
7/8/2021 17:50,0,-1
7/8/2021 17:55,0,-1
7/8/2021 18:00,0,-1
7/8/2021 18:05,0,-1
7/8/2021 18:10,0,-1
7/8/2021 18:15,0,-1
7/8/2021 18:20,0,-1
7/8/2021 18:25,0,-1
7/8/2021 18:30,0,-1
7/8/2021 18:35,0,-1
7/8/2021 18:40,0,-1
7/8/2021 18:45,0,-1
7/8/2021 18:50,0,-1
7/8/2021 18:55,0,-1
7/8/2021 19:00,0,-1
7/8/2021 19:05,0,-1
7/8/2021 19:10,0,-1
7/8/2021 19:15,0,-1
7/8/2021 19:20,0,-1
7/8/2021 19:25,0,-1
7/8/2021 19:30,0,-1
7/8/2021 19:35,0,-1
7/8/2021 19:40,0,-1
7/8/2021 19:45,0,-1
7/8/2021 19:50,0,-1
7/8/2021 19:55,0,-1
7/8/2021 20:00,0,-1
7/8/2021 20:05,0,-1
7/8/2021 20:10,0,-1
7/8/2021 20:15,0,-1
7/8/2021 20:20,0,-1
7/8/2021 20:25,0,-1
7/8/2021 20:30,0,-1
7/8/2021 20:35,0,-1
7/8/2021 20:40,0,-1
7/8/2021 20:45,0,-1
7/8/2021 20:50,0,-1
7/8/2021 20:55,0,-1
7/8/2021 21:00,0,-1
7/8/2021 21:05,0,-1
7/8/2021 21:10,0,-1
7/8/2021 21:15,0,-1
7/8/2021 21:20,0,-1
7/8/2021 21:25,0,-1
7/8/2021 21:30,0,0.09157509
7/8/2021 21:35,0,-1
7/8/2021 21:40,0,-1
7/8/2021 21:45,0,-1
7/8/2021 21:50,0,-1
7/8/2021 21:55,0,-1
7/8/2021 22:00,0,-1
7/8/2021 22:05,0,-1
7/8/2021 22:10,0,-1
7/8/2021 22:15,0,-1
7/8/2021 22:20,0,-1
7/8/2021 22:25,0,-1
7/8/2021 22:30,0,-1
7/8/2021 22:35,0,-1
7/8/2021 22:40,0,-1
7/8/2021 22:45,0,-1
7/8/2021 22:50,0,-1
7/8/2021 22:55,0,-1
7/8/2021 23:00,0,-1
7/8/2021 23:05,0,-1
7/8/2021 23:10,0,-1
7/8/2021 23:15,0,-1
7/8/2021 23:20,0,-1
7/8/2021 23:25,0,-1
7/8/2021 23:30,0,-1
7/8/2021 23:35,0,-1
7/8/2021 23:40,0,-1
7/8/2021 23:45,0,-1
7/8/2021 23:50,0,-1
7/8/2021 23:55,0,-1
7/9/2021 0:00,0,-1
7/9/2021 0:05,0,-1
7/9/2021 0:10,0,-1
7/9/2021 0:15,0,-1
7/9/2021 0:20,0,-1
7/9/2021 0:25,0,-1
7/9/2021 0:30,0,-1
7/9/2021 0:35,0,-1
7/9/2021 0:40,0,-1
7/9/2021 0:45,0,-1
7/9/2021 0:50,0,-1
7/9/2021 0:55,0,-1
7/9/2021 1:00,0,-1
7/9/2021 1:05,0,-1
7/9/2021 1:10,0,-1
7/9/2021 1:15,0,-1
7/9/2021 1:20,0,-1
7/9/2021 1:25,0,-1
7/9/2021 1:30,0,-1
7/9/2021 1:35,0,-1
7/9/2021 1:40,0,-1
7/9/2021 1:45,0,-1
7/9/2021 1:50,0,-1
7/9/2021 1:55,0,-1
7/9/2021 2:00,0,-1
7/9/2021 2:05,0,-1
7/9/2021 2:10,0,-1
7/9/2021 2:15,0,-1
7/9/2021 2:20,0,-1
7/9/2021 2:25,0,-1
7/9/2021 2:30,0,-1
7/9/2021 2:35,0,-1
7/9/2021 2:40,0,-1
7/9/2021 2:45,0,-1
7/9/2021 2:50,0,-1
7/9/2021 2:55,0,-1
7/9/2021 3:00,0,-1
7/9/2021 3:05,0,-1
7/9/2021 3:10,0,-1
7/9/2021 3:15,0,-1
7/9/2021 3:20,0,-1
7/9/2021 3:25,0,-1
7/9/2021 3:30,0,-1
7/9/2021 3:35,0,-1
7/9/2021 3:40,0,-1
7/9/2021 3:45,0,-1
7/9/2021 3:50,0,-1
7/9/2021 3:55,0,-1
7/9/2021 4:00,0,-1
7/9/2021 4:05,0,-1
7/9/2021 4:10,0,-1
7/9/2021 4:15,0,-1
7/9/2021 4:20,0,-1
7/9/2021 4:25,0,-1
7/9/2021 4:30,0,-1
7/9/2021 4:35,0,-1
7/9/2021 4:40,0,-1
7/9/2021 4:45,0,-1
7/9/2021 4:50,0,-1
7/9/2021 4:55,0,-1
7/9/2021 5:00,0,-1
7/9/2021 5:05,0,-1
7/9/2021 5:10,0,-1
7/9/2021 5:15,0,-1
7/9/2021 5:20,0,-1
7/9/2021 5:25,0,-1
7/9/2021 5:30,0,-1
7/9/2021 5:35,0,-1
7/9/2021 5:40,0,-1
7/9/2021 5:45,0,-1
7/9/2021 5:50,0,-1
7/9/2021 5:55,0,-1
7/9/2021 6:00,0,-1
7/9/2021 6:05,0,-1
7/9/2021 6:10,0,-1
7/9/2021 6:15,0,-1
7/9/2021 6:20,0,-1
7/9/2021 6:25,0,-1
7/9/2021 6:30,0,-1
7/9/2021 6:35,0,-1
7/9/2021 6:40,0,-1
7/9/2021 6:45,0,-1
7/9/2021 6:50,0,-1
7/9/2021 6:55,0,-1
7/9/2021 7:00,0,-1
7/9/2021 7:05,0,-1
7/9/2021 7:10,0,-1
7/9/2021 7:15,0,-1
7/9/2021 7:20,0,-1
7/9/2021 7:25,0,-1
7/9/2021 7:30,0,-1
7/9/2021 7:35,0,-1
7/9/2021 7:40,0,-1
7/9/2021 7:45,0,-1
7/9/2021 7:50,0,-1
7/9/2021 7:55,0,-1
7/9/2021 8:00,0,-1
7/9/2021 8:05,0,-1
7/9/2021 8:10,0,-1
7/9/2021 8:15,0,-1
7/9/2021 8:20,0,-1
7/9/2021 8:25,0,-1
7/9/2021 8:30,0,-1
7/9/2021 8:35,0,-1
7/9/2021 8:40,0,-1
7/9/2021 8:45,0,-1
7/9/2021 8:50,0,-1
7/9/2021 8:55,0,-1
7/9/2021 9:00,0,-1
7/9/2021 9:05,0,-1
7/9/2021 9:10,0,-1
7/9/2021 9:15,0,-1
7/9/2021 9:20,0,-1
7/9/2021 9:25,0,-1
7/9/2021 9:30,0,-1
7/9/2021 9:35,0,-1
7/9/2021 9:40,0,-1
7/9/2021 9:45,0,-1
7/9/2021 9:50,0,-1
7/9/2021 9:55,0,-1
7/9/2021 10:00,0,-1
7/9/2021 10:05,0,-1
7/9/2021 10:10,0,-1
7/9/2021 10:15,0,-1
7/9/2021 10:20,0,-1
7/9/2021 10:25,0,-1
7/9/2021 10:30,0,-1
7/9/2021 10:35,0,-1
7/9/2021 10:40,0,-1
7/9/2021 10:45,0,-1
7/9/2021 10:50,0,-1
7/9/2021 10:55,0,-1
7/9/2021 11:00,0,-1
7/9/2021 11:05,0,-1
7/9/2021 11:10,0,-1
7/9/2021 11:15,0,-1
7/9/2021 11:20,0,-1
7/9/2021 11:25,0,-1
7/9/2021 11:30,0,-1
7/9/2021 11:35,0,-1
7/9/2021 11:40,0,-1
7/9/2021 11:45,0,-1
7/9/2021 11:50,0,-1
7/9/2021 11:55,0,-1
7/9/2021 12:00,0,-1
7/9/2021 12:05,0,-1
7/9/2021 12:10,0,-1
7/9/2021 12:15,0,-1
7/9/2021 12:20,0,-1
7/9/2021 12:25,0,-1
7/9/2021 12:30,0,-1
7/9/2021 12:35,0,-1
7/9/2021 12:40,0,-1
7/9/2021 12:45,0,-1
7/9/2021 12:50,0,-1
7/9/2021 12:55,0,-1
7/9/2021 13:00,0,-1
7/9/2021 13:05,0,-1
7/9/2021 13:10,0,-1
7/9/2021 13:15,0,-1
7/9/2021 13:20,0,-1
7/9/2021 13:25,0,-1
7/9/2021 13:30,0,-1
7/9/2021 13:35,0,-1
7/9/2021 13:40,0,-1
7/9/2021 13:45,0,-1
7/9/2021 13:50,0,-1
7/9/2021 13:55,0,-1
7/9/2021 14:00,0,-1
7/9/2021 14:05,0,-1
7/9/2021 14:10,0,-1
7/9/2021 14:15,0,-1
7/9/2021 14:20,0,-1
7/9/2021 14:25,0,-1
7/9/2021 14:30,0,-1
7/9/2021 14:35,0,-1
7/9/2021 14:40,0,-1
7/9/2021 14:45,0,-1
7/9/2021 14:50,0,-1
7/9/2021 14:55,0,-1
7/9/2021 15:00,0,-1
7/9/2021 15:05,0,-1
7/9/2021 15:10,0,-1
7/9/2021 15:15,0,-1
7/9/2021 15:20,0,-1
7/9/2021 15:25,0,-1
7/9/2021 15:30,0,-1
7/9/2021 15:35,0,-1
7/9/2021 15:40,0,-1
7/9/2021 15:45,0,-1
7/9/2021 15:50,0,-1
7/9/2021 15:55,0,-1
7/9/2021 16:00,0,-1
7/9/2021 16:05,0,-1
7/9/2021 16:10,0,-1
7/9/2021 16:15,0,-1
7/9/2021 16:20,0,-1
7/9/2021 16:25,0,-1
7/9/2021 16:30,0,-1
7/9/2021 16:35,0,-1
7/9/2021 16:40,0,-1
7/9/2021 16:45,0,-1
7/9/2021 16:50,0,-1
7/9/2021 16:55,0,-1
7/9/2021 17:00,0,-1
7/9/2021 17:05,0,-1
7/9/2021 17:10,0,-1
7/9/2021 17:15,0,-1
7/9/2021 17:20,0,-1
7/9/2021 17:25,0,-1
7/9/2021 17:30,0,-1
7/9/2021 17:35,0,-1
7/9/2021 17:40,0,-1
7/9/2021 17:45,0,-1
7/9/2021 17:50,0,-1
7/9/2021 17:55,0,-1
7/9/2021 18:00,0,-1
7/9/2021 18:05,0,-1
7/9/2021 18:10,0,-1
7/9/2021 18:15,0,-1
7/9/2021 18:20,0,-1
7/9/2021 18:25,0,-1
7/9/2021 18:30,0,-1
7/9/2021 18:35,0,-1
7/9/2021 18:40,0,-1
7/9/2021 18:45,0,-1
7/9/2021 18:50,0,-1
7/9/2021 18:55,0,-1
7/9/2021 19:00,0,-1
7/9/2021 19:05,0,-1
7/9/2021 19:10,0,-1
7/9/2021 19:15,0,-1
7/9/2021 19:20,0,-1
7/9/2021 19:25,0,-1
7/9/2021 19:30,0,-1
7/9/2021 19:35,0,-1
7/9/2021 19:40,0,-1
7/9/2021 19:45,0,-1
7/9/2021 19:50,0,-1
7/9/2021 19:55,0,-1
7/9/2021 20:00,0,-1
7/9/2021 20:05,0,-1
7/9/2021 20:10,0,-1
7/9/2021 20:15,0,-1
7/9/2021 20:20,0,-1
7/9/2021 20:25,0,-1
7/9/2021 20:30,0,-1
7/9/2021 20:35,0,-1
7/9/2021 20:40,0,-1
7/9/2021 20:45,0,-1
7/9/2021 20:50,0,-1
7/9/2021 20:55,0,-1
7/9/2021 21:00,0,-1
7/9/2021 21:05,0,-1
7/9/2021 21:10,0,-1
7/9/2021 21:15,0,-1
7/9/2021 21:20,0,-1
7/9/2021 21:25,0,-1
7/9/2021 21:30,0,-1
7/9/2021 21:35,0,-1
7/9/2021 21:40,0,-1
7/9/2021 21:45,0,-1
7/9/2021 21:50,0,-1
7/9/2021 21:55,0,-1
7/9/2021 22:00,0,-1
7/9/2021 22:05,0,-1
7/9/2021 22:10,0,-1
7/9/2021 22:15,0,-1
7/9/2021 22:20,0,-1
7/9/2021 22:25,0,-1
7/9/2021 22:30,0,-1
7/9/2021 22:35,0,-1
7/9/2021 22:40,0,-1
7/9/2021 22:45,0,-1
7/9/2021 22:50,0,-1
7/9/2021 22:55,0,-1
7/9/2021 23:00,0,-1
7/9/2021 23:05,0,-1
7/9/2021 23:10,0,-1
7/9/2021 23:15,0,-1
7/9/2021 23:20,0,-1
7/9/2021 23:25,0,-1
7/9/2021 23:30,0,-1
7/9/2021 23:35,0,-1
7/9/2021 23:40,0,-1
7/9/2021 23:45,0,-1
7/9/2021 23:50,0,-1
7/9/2021 23:55,0,-1
7/10/2021 0:00,0,-1
7/10/2021 0:05,0,-1
7/10/2021 0:10,0,-1
7/10/2021 0:15,0,-1
7/10/2021 0:20,0,-1
7/10/2021 0:25,0,-1
7/10/2021 0:30,0,-1
7/10/2021 0:35,0,-1
7/10/2021 0:40,0,-1
7/10/2021 0:45,0,-1
7/10/2021 0:50,0,-1
7/10/2021 0:55,0,-1
7/10/2021 1:00,0,-1
7/10/2021 1:05,0,-1
7/10/2021 1:10,0,-1
7/10/2021 1:15,0,-1
7/10/2021 1:20,0,-1
7/10/2021 1:25,0,-1
7/10/2021 1:30,0,-1
7/10/2021 1:35,0,-1
7/10/2021 1:40,0,-1
7/10/2021 1:45,0,-1
7/10/2021 1:50,0,-1
7/10/2021 1:55,0,-1
7/10/2021 2:00,0,-1
7/10/2021 2:05,0,-1
7/10/2021 2:10,0,-1
7/10/2021 2:15,0,-1
7/10/2021 2:20,0,-1
7/10/2021 2:25,0,-1
7/10/2021 2:30,0,-1
7/10/2021 2:35,0,-1
7/10/2021 2:40,0,-1
7/10/2021 2:45,0,-1
7/10/2021 2:50,0,-1
7/10/2021 2:55,0,-1
7/10/2021 3:00,0,-1
7/10/2021 3:05,0,-1
7/10/2021 3:10,0,-1
7/10/2021 3:15,0,-1
7/10/2021 3:20,0,-1
7/10/2021 3:25,0,-1
7/10/2021 3:30,0,-1
7/10/2021 3:35,0,-1
7/10/2021 3:40,0,-1
7/10/2021 3:45,0,-1
7/10/2021 3:50,0,-1
7/10/2021 3:55,0,-1
7/10/2021 4:00,0,-1
7/10/2021 4:05,0,-1
7/10/2021 4:10,0,-1
7/10/2021 4:15,0,-1
7/10/2021 4:20,0,-1
7/10/2021 4:25,0,-1
7/10/2021 4:30,0,-1
7/10/2021 4:35,0,-1
7/10/2021 4:40,0,-1
7/10/2021 4:45,0,-1
7/10/2021 4:50,0,-1
7/10/2021 4:55,0,-1
7/10/2021 5:00,0,-1
7/10/2021 5:05,0,-1
7/10/2021 5:10,0,-1
7/10/2021 5:15,0,-1
7/10/2021 5:20,0,-1
7/10/2021 5:25,0,-1
7/10/2021 5:30,0,-1
7/10/2021 5:35,0,-1
7/10/2021 5:40,0,-1
7/10/2021 5:45,0,-1
7/10/2021 5:50,0,-1
7/10/2021 5:55,0,-1
7/10/2021 6:00,0,-1
7/10/2021 6:05,0,-1
7/10/2021 6:10,0,-1
7/10/2021 6:15,0,-1
7/10/2021 6:20,0,-1
7/10/2021 6:25,0,-1
7/10/2021 6:30,0,-1
7/10/2021 6:35,0,-1
7/10/2021 6:40,0,-1
7/10/2021 6:45,0,-1
7/10/2021 6:50,0,-1
7/10/2021 6:55,0,-1
7/10/2021 7:00,0,-1
7/10/2021 7:05,0,-1
7/10/2021 7:10,0,-1
7/10/2021 7:15,0,-1
7/10/2021 7:20,0,-1
7/10/2021 7:25,0,-1
7/10/2021 7:30,0,-1
7/10/2021 7:35,0,-1
7/10/2021 7:40,0,-1
7/10/2021 7:45,0,-1
7/10/2021 7:50,0,-1
7/10/2021 7:55,0,-1
7/10/2021 8:00,0,-1
7/10/2021 8:05,0,-1
7/10/2021 8:10,0,-1
7/10/2021 8:15,0,-1
7/10/2021 8:20,0,-1
7/10/2021 8:25,0,-1
7/10/2021 8:30,0,-1
7/10/2021 8:35,0,-1
7/10/2021 8:40,0,-1
7/10/2021 8:45,0,-1
7/10/2021 8:50,0,-1
7/10/2021 8:55,0,-1
7/10/2021 9:00,0,-1
7/10/2021 9:05,0,-1
7/10/2021 9:10,0,-1
7/10/2021 9:15,0,-1
7/10/2021 9:20,0,-1
7/10/2021 9:25,0,-1
7/10/2021 9:30,0,-1
7/10/2021 9:35,0,-1
7/10/2021 9:40,0,-1
7/10/2021 9:45,0,-1
7/10/2021 9:50,0,-1
7/10/2021 9:55,0,-1
7/10/2021 10:00,0,-1
7/10/2021 10:05,0,-1
7/10/2021 10:10,0,-1
7/10/2021 10:15,0,-1
7/10/2021 10:20,0,-1
7/10/2021 10:25,0,-1
7/10/2021 10:30,0,-1
7/10/2021 10:35,0,-1
7/10/2021 10:40,0,-1
7/10/2021 10:45,0,-1
7/10/2021 10:50,0,-1
7/10/2021 10:55,0,-1
7/10/2021 11:00,0,-1
7/10/2021 11:05,0,-1
7/10/2021 11:10,0,-1
7/10/2021 11:15,0,-1
7/10/2021 11:20,0,-1
7/10/2021 11:25,0,-1
7/10/2021 11:30,0,-1
7/10/2021 11:35,0,-1
7/10/2021 11:40,0,-1
7/10/2021 11:45,0,-1
7/10/2021 11:50,0,-1
7/10/2021 11:55,0,-1
7/10/2021 12:00,0,-1
7/10/2021 12:05,0,-1
7/10/2021 12:10,0,-1
7/10/2021 12:15,0,-1
7/10/2021 12:20,0,-1
7/10/2021 12:25,0,-1
7/10/2021 12:30,0,-1
7/10/2021 12:35,0,-1
7/10/2021 12:40,0,-1
7/10/2021 12:45,0,-1
7/10/2021 12:50,0,-1
7/10/2021 12:55,0,-1
7/10/2021 13:00,0,-1
7/10/2021 13:05,0,-1
7/10/2021 13:10,0,-1
7/10/2021 13:15,0,-1
7/10/2021 13:20,0,-1
7/10/2021 13:25,0,-1
7/10/2021 13:30,0,-1
7/10/2021 13:35,0,-1
7/10/2021 13:40,0,-1
7/10/2021 13:45,0,-1
7/10/2021 13:50,0,-1
7/10/2021 13:55,0,-1
7/10/2021 14:00,0,-1
7/10/2021 14:05,0,-1
7/10/2021 14:10,0,-1
7/10/2021 14:15,0,-1
7/10/2021 14:20,0,-1
7/10/2021 14:25,0,-1
7/10/2021 14:30,0,-1
7/10/2021 14:35,0,-1
7/10/2021 14:40,0,-1
7/10/2021 14:45,0,-1
7/10/2021 14:50,0,-1
7/10/2021 14:55,0,-1
7/10/2021 15:00,0,-1
7/10/2021 15:05,0,-1
7/10/2021 15:10,0,-1
7/10/2021 15:15,0,-1
7/10/2021 15:20,0,-1
7/10/2021 15:25,0,-1
7/10/2021 15:30,0,-1
7/10/2021 15:35,0,-1
7/10/2021 15:40,0,-1
7/10/2021 15:45,0,-1
7/10/2021 15:50,0,-1
7/10/2021 15:55,0,-1
7/10/2021 16:00,0,-1
7/10/2021 16:05,0,-1
7/10/2021 16:10,0,-1
7/10/2021 16:15,0,-1
7/10/2021 16:20,0,-1
7/10/2021 16:25,0,-1
7/10/2021 16:30,0,-1
7/10/2021 16:35,0,-1
7/10/2021 16:40,0,-1
7/10/2021 16:45,0,-1
7/10/2021 16:50,0,-1
7/10/2021 16:55,0,-1
7/10/2021 17:00,0,-1
7/10/2021 17:05,0,-1
7/10/2021 17:10,0,-1
7/10/2021 17:15,0,-1
7/10/2021 17:20,0,-1
7/10/2021 17:25,0,-1
7/10/2021 17:30,0,-1
7/10/2021 17:35,0,-1
7/10/2021 17:40,0,-1
7/10/2021 17:45,0,-1
7/10/2021 17:50,0,-1
7/10/2021 17:55,0,-1
7/10/2021 18:00,0,-1
7/10/2021 18:05,0,-1
7/10/2021 18:10,0,-1
7/10/2021 18:15,0,-1
7/10/2021 18:20,0,-1
7/10/2021 18:25,0,-1
7/10/2021 18:30,0,-1
7/10/2021 18:35,0,-1
7/10/2021 18:40,0,-1
7/10/2021 18:45,0,-1
7/10/2021 18:50,0,-1
7/10/2021 18:55,0,-1
7/10/2021 19:00,0,-1
7/10/2021 19:05,0,-1
7/10/2021 19:10,0,-1
7/10/2021 19:15,0,-1
7/10/2021 19:20,0,-1
7/10/2021 19:25,0,-1
7/10/2021 19:30,0,-1
7/10/2021 19:35,0,-1
7/10/2021 19:40,0,-1
7/10/2021 19:45,0,-1
7/10/2021 19:50,0,-1
7/10/2021 19:55,0,-1
7/10/2021 20:00,0,-1
7/10/2021 20:05,0,-1
7/10/2021 20:10,0,-1
7/10/2021 20:15,0,-1
7/10/2021 20:20,0,-1
7/10/2021 20:25,0,-1
7/10/2021 20:30,0,-1
7/10/2021 20:35,0,-1
7/10/2021 20:40,0,-1
7/10/2021 20:45,0,-1
7/10/2021 20:50,0,-1
7/10/2021 20:55,0,-1
7/10/2021 21:00,0,-1
7/10/2021 21:05,0,-1
7/10/2021 21:10,0,-1
7/10/2021 21:15,0,-1
7/10/2021 21:20,0,-1
7/10/2021 21:25,0,-1
7/10/2021 21:30,0,-1
7/10/2021 21:35,0,-1
7/10/2021 21:40,0,-1
7/10/2021 21:45,0,-1
7/10/2021 21:50,0,-1
7/10/2021 21:55,0,-1
7/10/2021 22:00,0,-1
7/10/2021 22:05,0,-1
7/10/2021 22:10,0,-1
7/10/2021 22:15,0,-1
7/10/2021 22:20,0,-1
7/10/2021 22:25,0,-1
7/10/2021 22:30,0,-1
7/10/2021 22:35,0,-1
7/10/2021 22:40,0,-1
7/10/2021 22:45,0,-1
7/10/2021 22:50,0,-1
7/10/2021 22:55,0,-1
7/10/2021 23:00,0,-1
7/10/2021 23:05,0,-1
7/10/2021 23:10,0,-1
7/10/2021 23:15,0,-1
7/10/2021 23:20,0,-1
7/10/2021 23:25,0,-1
7/10/2021 23:30,0,-1
7/10/2021 23:35,0,-1
7/10/2021 23:40,0,-1
7/10/2021 23:45,0,-1
7/10/2021 23:50,0,-1
7/10/2021 23:55,0,-1
7/11/2021 0:00,0,-1
7/11/2021 0:05,0,-1
7/11/2021 0:10,0,-1
7/11/2021 0:15,0,-1
7/11/2021 0:20,0,-1
7/11/2021 0:25,0,-1
7/11/2021 0:30,0,-1
7/11/2021 0:35,0,-1
7/11/2021 0:40,0,-1
7/11/2021 0:45,0,-1
7/11/2021 0:50,0,-1
7/11/2021 0:55,0,-1
7/11/2021 1:00,0,-1
7/11/2021 1:05,0,-1
7/11/2021 1:10,0,-1
7/11/2021 1:15,0,-1
7/11/2021 1:20,0,-1
7/11/2021 1:25,0,-1
7/11/2021 1:30,0,-1
7/11/2021 1:35,0,-1
7/11/2021 1:40,0,-1
7/11/2021 1:45,0,-1
7/11/2021 1:50,0,-1
7/11/2021 1:55,0,-1
7/11/2021 2:00,0,-1
7/11/2021 2:05,0,-1
7/11/2021 2:10,0,-1
7/11/2021 2:15,0,-1
7/11/2021 2:20,0,-1
7/11/2021 2:25,0,-1
7/11/2021 2:30,0,-1
7/11/2021 2:35,0,-1
7/11/2021 2:40,0,-1
7/11/2021 2:45,0,-1
7/11/2021 2:50,0,-1
7/11/2021 2:55,0,-1
7/11/2021 3:00,0,-1
7/11/2021 3:05,0,-1
7/11/2021 3:10,0,-1
7/11/2021 3:15,0,-1
7/11/2021 3:20,0,-1
7/11/2021 3:25,0,-1
7/11/2021 3:30,0,-1
7/11/2021 3:35,0,-1
7/11/2021 3:40,0,-1
7/11/2021 3:45,0,-1
7/11/2021 3:50,0,-1
7/11/2021 3:55,0,-1
7/11/2021 4:00,0,-1
7/11/2021 4:05,0,-1
7/11/2021 4:10,0,-1
7/11/2021 4:15,0,-1
7/11/2021 4:20,0,-1
7/11/2021 4:25,0,-1
7/11/2021 4:30,0,-1
7/11/2021 4:35,0,-1
7/11/2021 4:40,0,-1
7/11/2021 4:45,0,-1
7/11/2021 4:50,0,-1
7/11/2021 4:55,0,-1
7/11/2021 5:00,0,-1
7/11/2021 5:05,0,-1
7/11/2021 5:10,0,-1
7/11/2021 5:15,0,-1
7/11/2021 5:20,0,-1
7/11/2021 5:25,0,-1
7/11/2021 5:30,0,-1
7/11/2021 5:35,0,-1
7/11/2021 5:40,0,-1
7/11/2021 5:45,0,-1
7/11/2021 5:50,0,-1
7/11/2021 5:55,0,-1
7/11/2021 6:00,0,-1
7/11/2021 6:05,0,-1
7/11/2021 6:10,0,-1
7/11/2021 6:15,0,-1
7/11/2021 6:20,0,-1
7/11/2021 6:25,0,-1
7/11/2021 6:30,0,-1
7/11/2021 6:35,0,-1
7/11/2021 6:40,0,-1
7/11/2021 6:45,0,-1
7/11/2021 6:50,0,-1
7/11/2021 6:55,0,-1
7/11/2021 7:00,0,-1
7/11/2021 7:05,0,-1
7/11/2021 7:10,0,-1
7/11/2021 7:15,0,-1
7/11/2021 7:20,0,-1
7/11/2021 7:25,0,-1
7/11/2021 7:30,0,-1
7/11/2021 7:35,0,-1
7/11/2021 7:40,0,-1
7/11/2021 7:45,0,-1
7/11/2021 7:50,0,-1
7/11/2021 7:55,0,-1
7/11/2021 8:00,0,-1
7/11/2021 8:05,0,-1
7/11/2021 8:10,0,-1
7/11/2021 8:15,0,-1
7/11/2021 8:20,0,-1
7/11/2021 8:25,0,-1
7/11/2021 8:30,0,-1
7/11/2021 8:35,0,-1
7/11/2021 8:40,0,-1
7/11/2021 8:45,0,-1
7/11/2021 8:50,0,-1
7/11/2021 8:55,0,-1
7/11/2021 9:00,0,-1
7/11/2021 9:05,0,-1
7/11/2021 9:10,0,-1
7/11/2021 9:15,0,-1
7/11/2021 9:20,0,-1
7/11/2021 9:25,0,-1
7/11/2021 9:30,0,-1
7/11/2021 9:35,0,-1
7/11/2021 9:40,0,-1
7/11/2021 9:45,0,-1
7/11/2021 9:50,0,-1
7/11/2021 9:55,0,-1
7/11/2021 10:00,0,-1
7/11/2021 10:05,0,-1
7/11/2021 10:10,0,-1
7/11/2021 10:15,0,-1
7/11/2021 10:20,0,-1
7/11/2021 10:25,0,-1
7/11/2021 10:30,0,-1
7/11/2021 10:35,0,-1
7/11/2021 10:40,0,-1
7/11/2021 10:45,0,-1
7/11/2021 10:50,0,-1
7/11/2021 10:55,0,-1
7/11/2021 11:00,0,-1
7/11/2021 11:05,0,-1
7/11/2021 11:10,0,-1
7/11/2021 11:15,0,-1
7/11/2021 11:20,0,-1
7/11/2021 11:25,0,-1
7/11/2021 11:30,0,-1
7/11/2021 11:35,0,-1
7/11/2021 11:40,0,-1
7/11/2021 11:45,0,-1
7/11/2021 11:50,0,-1
7/11/2021 11:55,0,-1
7/11/2021 12:00,0,-1
7/11/2021 12:05,0,-1
7/11/2021 12:10,0,-1
7/11/2021 12:15,0,-1
7/11/2021 12:20,0,-1
7/11/2021 12:25,0,-1
7/11/2021 12:30,0,-1
7/11/2021 12:35,0,-1
7/11/2021 12:40,0,-1
7/11/2021 12:45,0,-1
7/11/2021 12:50,0,-1
7/11/2021 12:55,0,-1
7/11/2021 13:00,0,-1
7/11/2021 13:05,0,-1
7/11/2021 13:10,0,-1
7/11/2021 13:15,0,-1
7/11/2021 13:20,0,-1
7/11/2021 13:25,0,-1
7/11/2021 13:30,0,-1
7/11/2021 13:35,0,-1
7/11/2021 13:40,0,-1
7/11/2021 13:45,0,-1
7/11/2021 13:50,0,-1
7/11/2021 13:55,0,-1
7/11/2021 14:00,0,-1
7/11/2021 14:05,0,-1
7/11/2021 14:10,0,-1
7/11/2021 14:15,0,-1
7/11/2021 14:20,0,-1
7/11/2021 14:25,0,-1
7/11/2021 14:30,0,-1
7/11/2021 14:35,0,-1
7/11/2021 14:40,0,-1
7/11/2021 14:45,0,-1
7/11/2021 14:50,0,-1
7/11/2021 14:55,0,-1
7/11/2021 15:00,0,-1
7/11/2021 15:05,0,-1
7/11/2021 15:10,0,-1
7/11/2021 15:15,0,-1
7/11/2021 15:20,0,-1
7/11/2021 15:25,0,-1
7/11/2021 15:30,0,-1
7/11/2021 15:35,0,-1
7/11/2021 15:40,0,-1
7/11/2021 15:45,0,-1
7/11/2021 15:50,0,-1
7/11/2021 15:55,0,-1
7/11/2021 16:00,0,-1
7/11/2021 16:05,0,-1
7/11/2021 16:10,0,-1
7/11/2021 16:15,0,-1
7/11/2021 16:20,0,-1
7/11/2021 16:25,0,-1
7/11/2021 16:30,0,-1
7/11/2021 16:35,0,-1
7/11/2021 16:40,0,-1
7/11/2021 16:45,0,-1
7/11/2021 16:50,0,-1
7/11/2021 16:55,0,-1
7/11/2021 17:00,0,-1
7/11/2021 17:05,0,-1
7/11/2021 17:10,0,-1
7/11/2021 17:15,0,-1
7/11/2021 17:20,0,-1
7/11/2021 17:25,0,-1
7/11/2021 17:30,0,-1
7/11/2021 17:35,0,-1
7/11/2021 17:40,0,-1
7/11/2021 17:45,0,-1
7/11/2021 17:50,0,-1
7/11/2021 17:55,0,-1
7/11/2021 18:00,0,-1
7/11/2021 18:05,0,-1
7/11/2021 18:10,0,-1
7/11/2021 18:15,0,-1
7/11/2021 18:20,0,-1
7/11/2021 18:25,0,-1
7/11/2021 18:30,0,-1
7/11/2021 18:35,0,-1
7/11/2021 18:40,0,-1
7/11/2021 18:45,0,-1
7/11/2021 18:50,0,-1
7/11/2021 18:55,0,-1
7/11/2021 19:00,0,-1
7/11/2021 19:05,0,-1
7/11/2021 19:10,0,-1
7/11/2021 19:15,0,-1
7/11/2021 19:20,0,-1
7/11/2021 19:25,0,-1
7/11/2021 19:30,0,-1
7/11/2021 19:35,0,-1
7/11/2021 19:40,0,-1
7/11/2021 19:45,0,-1
7/11/2021 19:50,0,-1
7/11/2021 19:55,0,-1
7/11/2021 20:00,0,-1
7/11/2021 20:05,0,-1
7/11/2021 20:10,0,-1
7/11/2021 20:15,0,-1
7/11/2021 20:20,0,-1
7/11/2021 20:25,0,-1
7/11/2021 20:30,0,-1
7/11/2021 20:35,0,-1
7/11/2021 20:40,0,-1
7/11/2021 20:45,0,-1
7/11/2021 20:50,0,-1
7/11/2021 20:55,0,-1
7/11/2021 21:00,0,-1
7/11/2021 21:05,0,-1
7/11/2021 21:10,0,-1
7/11/2021 21:15,0,-1
7/11/2021 21:20,0,-1
7/11/2021 21:25,0,-1
7/11/2021 21:30,0,-1
7/11/2021 21:35,0,-1
7/11/2021 21:40,0,-1
7/11/2021 21:45,0,-1
7/11/2021 21:50,0,-1
7/11/2021 21:55,0,-1
7/11/2021 22:00,0,-1
7/11/2021 22:05,0,-1
7/11/2021 22:10,0,-1
7/11/2021 22:15,0,-1
7/11/2021 22:20,0,-1
7/11/2021 22:25,0,-1
7/11/2021 22:30,0,-1
7/11/2021 22:35,0,-1
7/11/2021 22:40,0,-1
7/11/2021 22:45,0,-1
7/11/2021 22:50,0,-1
7/11/2021 22:55,0,-1
7/11/2021 23:00,0,-1
7/11/2021 23:05,0,-1
7/11/2021 23:10,0,-1
7/11/2021 23:15,0,-1
7/11/2021 23:20,0,-1
7/11/2021 23:25,0,-1
7/11/2021 23:30,0,-1
7/11/2021 23:35,0,-1
7/11/2021 23:40,0,-1
7/11/2021 23:45,0,-1
7/11/2021 23:50,0,-1
7/11/2021 23:55,0,-1
7/12/2021 0:00,0,-1
7/12/2021 0:05,0,-1
7/12/2021 0:10,0,-1
7/12/2021 0:15,0,-1
7/12/2021 0:20,0,-1
7/12/2021 0:25,0,-1
7/12/2021 0:30,0,-1
7/12/2021 0:35,0,-1
7/12/2021 0:40,0,-1
7/12/2021 0:45,0,-1
7/12/2021 0:50,0,-1
7/12/2021 0:55,0,-1
7/12/2021 1:00,0,-1
7/12/2021 1:05,0,-1
7/12/2021 1:10,0,-1
7/12/2021 1:15,0,-1
7/12/2021 1:20,0,-1
7/12/2021 1:25,0,-1
7/12/2021 1:30,0,-1
7/12/2021 1:35,0,-1
7/12/2021 1:40,0,-1
7/12/2021 1:45,0,-1
7/12/2021 1:50,0,-1
7/12/2021 1:55,0,-1
7/12/2021 2:00,0,-1
7/12/2021 2:05,0,-1
7/12/2021 2:10,0,-1
7/12/2021 2:15,0,-1
7/12/2021 2:20,0,-1
7/12/2021 2:25,0,-1
7/12/2021 2:30,0,-1
7/12/2021 2:35,0,-1
7/12/2021 2:40,0,-1
7/12/2021 2:45,0,-1
7/12/2021 2:50,0.7266461,0.4493285
7/12/2021 2:55,0.9769846,0.09157509
7/12/2021 3:00,1.020554,0.09157509
7/12/2021 3:05,1.008738,0.06837607
7/12/2021 3:10,1.016862,0.05494506
7/12/2021 3:15,1.015385,0.04884005
7/12/2021 3:20,1.019077,0.04517705
7/12/2021 3:25,1.008738,0.04151404
7/12/2021 3:30,1.005046,0.03907204
7/12/2021 3:35,1.005785,0.03663004
7/12/2021 3:40,1.006523,0.03540904
7/12/2021 3:45,1.0176,0.03296703
7/12/2021 3:50,1.005785,0.03296703
7/12/2021 3:55,1.006523,0.03174603
7/12/2021 4:00,1.008,0.03052503
7/12/2021 4:05,1.007262,0.03052503
7/12/2021 4:10,1.009477,0.02930403
7/12/2021 4:15,1.005046,0.02808303
7/12/2021 4:20,1.001354,0.02808303
7/12/2021 4:25,1.002831,0.02808303
7/12/2021 4:30,1.007262,0.02808303
7/12/2021 4:35,1.006523,0.02686203
7/12/2021 4:40,1.008,0.02686203
7/12/2021 4:45,1.011692,0.02564103
7/12/2021 4:50,1.009477,0.02564103
7/12/2021 4:55,1.011692,0.02564103
7/12/2021 5:00,1.006523,0.02564103
7/12/2021 5:05,1.006523,0.02564103
7/12/2021 5:10,1.010215,0.02564103
7/12/2021 5:15,1.008,0.02564103
7/12/2021 5:20,1.0176,0.02686203
7/12/2021 5:25,1.002831,0.02564103
7/12/2021 5:30,1.006523,0.02564103
7/12/2021 5:35,1.009477,0.02442002
7/12/2021 5:40,1.009477,0.02442002
7/12/2021 5:45,1.009477,0.02442002
7/12/2021 5:50,1.007262,0.02442002
7/12/2021 5:55,1.002831,0.02442002
7/12/2021 6:00,1.006523,0.02442002
7/12/2021 6:05,1.009477,0.02442002
7/12/2021 6:10,1.004308,0.02442002
7/12/2021 6:15,0.9976615,0.02442002
7/12/2021 6:20,0.9984,0.02442002
7/12/2021 6:25,1.003569,0.02442002
7/12/2021 6:30,0.9917538,0.02442002
7/12/2021 6:35,0.9976615,0.02564103
7/12/2021 6:40,0.9939692,0.02442002
7/12/2021 6:45,0.9984,0.02442002
7/12/2021 6:50,0.9880615,0.02319902
7/12/2021 6:55,0.9961846,0.02442002
7/12/2021 7:00,0.9902769,0.02319902
7/12/2021 7:05,0.9984,0.02319902
7/12/2021 7:10,0.9888,0.02319902
7/12/2021 7:15,0.987323,0.02319902
7/12/2021 7:20,0.9917538,0.02319902
7/12/2021 7:25,0.9939692,0.02319902
7/12/2021 7:30,0.9865846,0.02319902
7/12/2021 7:35,0.9932307,0.02319902
7/12/2021 7:40,0.9865846,0.02319902
7/12/2021 7:45,0.9917538,0.02319902
7/12/2021 7:50,0.987323,0.02319902
7/12/2021 7:55,0.9932307,0.02319902
7/12/2021 8:00,0.9924923,0.02319902
7/12/2021 8:05,0.9984,0.02197802
7/12/2021 8:10,0.9895384,0.02197802
7/12/2021 8:15,0.9777231,0.02197802
7/12/2021 8:20,0.9888,0.02197802
7/12/2021 8:25,0.9880615,0.02197802
7/12/2021 8:30,0.9806769,0.02197802
7/12/2021 8:35,0.9784615,0.02197802
7/12/2021 8:40,0.9984,0.02197802
7/12/2021 8:45,1.005785,0.02197802
7/12/2021 8:50,0.9888,0.02197802
7/12/2021 8:55,0.9932307,0.02197802
7/12/2021 9:00,0.9961846,0.02197802
7/12/2021 9:05,1.008738,0.02197802
7/12/2021 9:10,0.996923,0.02197802
7/12/2021 9:15,0.9947076,0.02197802
7/12/2021 9:20,0.9932307,0.02197802
7/12/2021 9:25,0.996923,0.02197802
7/12/2021 9:30,0.9947076,0.02197802
7/12/2021 9:35,0.996923,0.02197802
7/12/2021 9:40,1.002092,0.02197802
7/12/2021 9:45,0.9954461,0.02319902
7/12/2021 9:50,1.004308,0.02197802
7/12/2021 9:55,0.9984,0.02197802
7/12/2021 10:00,1.002831,0.02197802
7/12/2021 10:05,0.9947076,0.02197802
7/12/2021 10:10,0.996923,0.02197802
7/12/2021 10:15,0.9976615,0.02197802
7/12/2021 10:20,1.008,0.02197802
7/12/2021 10:25,1.004308,0.02197802
7/12/2021 10:30,1.007262,0.02197802
7/12/2021 10:35,1.010954,0.02808303
7/12/2021 10:40,1.005785,0.02197802
7/12/2021 10:45,1.009477,0.02197802
7/12/2021 10:50,1.000615,0.02197802
7/12/2021 10:55,1.012431,0.02197802
7/12/2021 11:00,1.010954,0.02197802
7/12/2021 11:05,1.010954,0.02197802
7/12/2021 11:10,0.9991384,0.02197802
7/12/2021 11:15,1.002092,0.02197802
7/12/2021 11:20,0.9984,0.02197802
7/12/2021 11:25,0.9961846,0.02197802
7/12/2021 11:30,0.9939692,0.02197802
7/12/2021 11:35,0.9998769,0.02197802
7/12/2021 11:40,0.9998769,0.02197802
7/12/2021 11:45,0.9984,0.02197802
7/12/2021 11:50,1.004308,0.02197802
7/12/2021 11:55,0.996923,0.02197802
7/12/2021 12:00,0.9998769,0.02197802
7/12/2021 12:05,1.002831,0.02197802
7/12/2021 12:10,0.9984,0.02197802
7/12/2021 12:15,0.9961846,0.02197802
7/12/2021 12:20,0.996923,0.02319902
7/12/2021 12:25,1.004308,0.02197802
7/12/2021 12:30,0.9998769,0.02197802
7/12/2021 12:35,0.9991384,0.02319902
7/12/2021 12:40,1.004308,0.02319902
7/12/2021 12:45,0.9947076,0.02319902
7/12/2021 12:50,1.000615,0.02319902
7/12/2021 12:55,1.008,0.02319902
7/12/2021 13:00,1.001354,0.02319902
7/12/2021 13:05,0.996923,0.02319902
7/12/2021 13:10,0.996923,0.02319902
7/12/2021 13:15,0.9984,0.02319902
7/12/2021 13:20,1.005785,0.02319902
7/12/2021 13:25,0.9954461,0.02319902
7/12/2021 13:30,1.008738,0.02319902
7/12/2021 13:35,0.996923,0.02319902
7/12/2021 13:40,1.005785,0.02319902
7/12/2021 13:45,1.009477,0.02319902
7/12/2021 13:50,1.002831,0.02319902
7/12/2021 13:55,1.016123,0.02319902
7/12/2021 14:00,1.006523,0.02442002
7/12/2021 14:05,1.005785,0.02319902
7/12/2021 14:10,1.003569,0.02319902
7/12/2021 14:15,1.002092,0.02319902
7/12/2021 14:20,1.009477,0.02319902
7/12/2021 14:25,1.010954,0.02442002
7/12/2021 14:30,1.008,0.02442002
7/12/2021 14:35,1.008738,0.02442002
7/12/2021 14:40,1.012431,0.02319902
7/12/2021 14:45,1.007262,0.02319902
7/12/2021 14:50,1.0176,0.02319902
7/12/2021 14:55,1.013169,0.02319902
7/12/2021 15:00,1.008,0.02442002
7/12/2021 15:05,1.008738,0.02442002
7/12/2021 15:10,1.014646,0.02442002
7/12/2021 15:15,1.010215,0.02564103
7/12/2021 15:20,1.016123,0.02442002
7/12/2021 15:25,1.010215,0.02442002
7/12/2021 15:30,1.011692,0.02442002
7/12/2021 15:35,1.005785,0.02442002
7/12/2021 15:40,1.003569,0.02442002
7/12/2021 15:45,1.007262,0.02442002
7/12/2021 15:50,1.005785,0.02442002
7/12/2021 15:55,1.009477,0.02442002
7/12/2021 16:00,0.996923,0.02442002
7/12/2021 16:05,1.005785,0.02442002
7/12/2021 16:10,1.010215,0.02442002
7/12/2021 16:15,0.9954461,0.02442002
7/12/2021 16:20,1.005785,0.02442002
7/12/2021 16:25,1.006523,0.02442002
7/12/2021 16:30,1.008,0.02442002
7/12/2021 16:35,1.006523,0.02442002
7/12/2021 16:40,1.010954,0.02442002
7/12/2021 16:45,1.010954,0.02442002
7/12/2021 16:50,1.001354,0.02442002
7/12/2021 16:55,1.009477,0.02442002
7/12/2021 17:00,1.001354,0.02442002
7/12/2021 17:05,1.0176,0.02442002
7/12/2021 17:10,1.005785,0.02442002
7/12/2021 17:15,1.005785,0.02442002
7/12/2021 17:20,1.012431,0.02442002
7/12/2021 17:25,1.010954,0.02442002
7/12/2021 17:30,1.002831,0.02442002
7/12/2021 17:35,1.014646,0.02442002
7/12/2021 17:40,1.010215,0.02442002
7/12/2021 17:45,1.005046,0.02442002
7/12/2021 17:50,1.018338,0.02442002
7/12/2021 17:55,1.006523,0.02442002
7/12/2021 18:00,1.014646,0.02442002
7/12/2021 18:05,1.019077,0.02442002
7/12/2021 18:10,1.013908,0.02442002
7/12/2021 18:15,1.0176,0.02442002
7/12/2021 18:20,1.013908,0.02442002
7/12/2021 18:25,1.014646,0.02442002
7/12/2021 18:30,1.015385,0.02442002
7/12/2021 18:35,1.020554,0.02442002
7/12/2021 18:40,1.019077,0.02442002
7/12/2021 18:45,1.0176,0.02442002
7/12/2021 18:50,1.010954,0.02442002
7/12/2021 18:55,1.012431,0.02442002
7/12/2021 19:00,1.023508,0.02442002
7/12/2021 19:05,1.012431,0.02442002
7/12/2021 19:10,1.010954,0.02442002
7/12/2021 19:15,1.015385,0.02442002
7/12/2021 19:20,1.014646,0.02442002
7/12/2021 19:25,1.009477,0.02442002
7/12/2021 19:30,1.010954,0.02442002
7/12/2021 19:35,1.013169,0.02442002
7/12/2021 19:40,0.9984,0.02442002
7/12/2021 19:45,0.9984,0.02442002
7/12/2021 19:50,1.006523,0.02442002
7/12/2021 19:55,1.009477,0.02442002
7/12/2021 20:00,1.004308,0.02442002
7/12/2021 20:05,1.002831,0.02442002
7/12/2021 20:10,1.007262,0.02442002
7/12/2021 20:15,1.005785,0.02442002
7/12/2021 20:20,0.9910154,0.02442002
7/12/2021 20:25,1.002831,0.02442002
7/12/2021 20:30,1.001354,0.02442002
7/12/2021 20:35,1.005785,0.02442002
7/12/2021 20:40,0.9991384,0.02442002
7/12/2021 20:45,0.9991384,0.02442002
7/12/2021 20:50,1.005046,0.02442002
7/12/2021 20:55,1.001354,0.02808303
7/12/2021 21:00,0.9998769,0.02442002
7/12/2021 21:05,0.9947076,0.02442002
7/12/2021 21:10,0.9939692,0.02442002
7/12/2021 21:15,0.9961846,0.02442002
7/12/2021 21:20,0.9984,0.02442002
7/12/2021 21:25,0.996923,0.02442002
7/12/2021 21:30,1.004308,0.02442002
7/12/2021 21:35,0.9917538,0.02442002
7/12/2021 21:40,0.9998769,0.02442002
7/12/2021 21:45,0.9917538,0.02442002
7/12/2021 21:50,0.9947076,0.02442002
7/12/2021 21:55,1.002831,0.02442002
7/12/2021 22:00,1.004308,0.02442002
7/12/2021 22:05,0.9976615,0.02442002
7/12/2021 22:10,1.007262,0.02442002
7/12/2021 22:15,1.005785,0.02564103
7/12/2021 22:20,1.012431,0.02442002
7/12/2021 22:25,0.9991384,0.02564103
7/12/2021 22:30,1.001354,0.02442002
7/12/2021 22:35,1.002092,0.02442002
7/12/2021 22:40,1.002831,0.02442002
7/12/2021 22:45,1.005785,0.02442002
7/12/2021 22:50,1.009477,0.02442002
7/12/2021 22:55,1.003569,0.02442002
7/12/2021 23:00,1.004308,0.02442002
7/12/2021 23:05,1.009477,0.02564103
7/12/2021 23:10,1.001354,0.02442002
7/12/2021 23:15,1.009477,0.02564103
7/12/2021 23:20,1.008,0.02564103
7/12/2021 23:25,1.005785,0.02564103
7/12/2021 23:30,1.014646,0.02564103
7/12/2021 23:35,1.010954,0.02564103
7/12/2021 23:40,1.010954,0.02564103
7/12/2021 23:45,1.007262,0.02564103
7/12/2021 23:50,1.002831,0.02564103
7/12/2021 23:55,1.009477,0.02564103
7/13/2021 0:00,0.9998769,0.02564103
7/13/2021 0:05,1.005785,0.02564103
7/13/2021 0:10,1.004308,0.02564103
7/13/2021 0:15,1.015385,0.02564103
7/13/2021 0:20,1.001354,0.02564103
7/13/2021 0:25,1.009477,0.02564103
7/13/2021 0:30,1.005046,0.02564103
7/13/2021 0:35,1.005785,0.02564103
7/13/2021 0:40,1.002831,0.02564103
7/13/2021 0:45,1.008,0.02564103
7/13/2021 0:50,1.006523,0.02564103
7/13/2021 0:55,1.007262,0.02564103
7/13/2021 1:00,0.9991384,0.02564103
7/13/2021 1:05,1.006523,0.02564103
7/13/2021 1:10,1.002831,0.02564103
7/13/2021 1:15,1.002831,0.02564103
7/13/2021 1:20,1.002092,0.02564103
7/13/2021 1:25,1.004308,0.02564103
7/13/2021 1:30,0.9998769,0.02564103
7/13/2021 1:35,1.003569,0.02564103
7/13/2021 1:40,0.996923,0.02564103
7/13/2021 1:45,1.004308,0.02564103
7/13/2021 1:50,1.002831,0.02564103
7/13/2021 1:55,0.9947076,0.02564103
7/13/2021 2:00,1.013908,0.02564103
7/13/2021 2:05,1.005046,0.02564103
7/13/2021 2:10,1.004308,0.02564103
7/13/2021 2:15,1.004308,0.02564103
7/13/2021 2:20,1.005785,0.02564103
7/13/2021 2:25,1.010215,0.02564103
7/13/2021 2:30,1.005785,0.02564103
7/13/2021 2:35,1.009477,0.02564103
7/13/2021 2:40,1.001354,0.02564103
7/13/2021 2:45,1.007262,0.02564103
7/13/2021 2:50,0.9998769,0.02564103
7/13/2021 2:55,1.010954,0.02564103
7/13/2021 3:00,0.9961846,0.02564103
7/13/2021 3:05,0.9917538,0.02564103
7/13/2021 3:10,1.002092,0.02564103
7/13/2021 3:15,1.001354,0.02564103
7/13/2021 3:20,0.9961846,0.02564103
7/13/2021 3:25,0.996923,0.02564103
7/13/2021 3:30,0.9947076,0.02564103
7/13/2021 3:35,0.9932307,0.02564103
7/13/2021 3:40,0.9932307,0.02564103
7/13/2021 3:45,0.9961846,0.02564103
7/13/2021 3:50,0.9947076,0.02564103
7/13/2021 3:55,0.9932307,0.02564103
7/13/2021 4:00,1.005046,0.02564103
7/13/2021 4:05,0.996923,0.02564103
7/13/2021 4:10,0.9888,0.02564103
7/13/2021 4:15,0.9902769,0.02564103
7/13/2021 4:20,0.9888,0.02564103
7/13/2021 4:25,1.006523,0.02564103
7/13/2021 4:30,0.9947076,0.02564103
7/13/2021 4:35,0.987323,0.02564103
7/13/2021 4:40,1.000615,0.02564103
7/13/2021 4:45,0.9924923,0.02564103
7/13/2021 4:50,0.9888,0.02564103
7/13/2021 4:55,0.9851077,0.02564103
7/13/2021 5:00,0.9888,0.02564103
7/13/2021 5:05,0.9888,0.02564103
7/13/2021 5:10,0.9828923,0.02564103
7/13/2021 5:15,0.9917538,0.02564103
7/13/2021 5:20,1.000615,0.02564103
7/13/2021 5:25,0.9865846,0.02564103
7/13/2021 5:30,1.006523,0.02564103
7/13/2021 5:35,0.996923,0.02564103
7/13/2021 5:40,0.9984,0.02564103
7/13/2021 5:45,1.001354,0.02686203
7/13/2021 5:50,0.9991384,0.02564103
7/13/2021 5:55,1.000615,0.02564103
7/13/2021 6:00,0.9984,0.02564103
7/13/2021 6:05,0.9984,0.02564103
7/13/2021 6:10,1.001354,0.02564103
7/13/2021 6:15,1.001354,0.02564103
7/13/2021 6:20,0.9112616,0.02564103
7/13/2021 6:25,0.8928,0.02564103
7/13/2021 6:30,0.8905846,0.02564103
7/13/2021 6:35,0.8928,0.02686203
7/13/2021 6:40,0.8898461,0.02686203
7/13/2021 6:45,0.8861538,0.02686203
7/13/2021 6:50,0.8891077,0.02808303
7/13/2021 6:55,0.8868923,0.02808303
7/13/2021 7:00,0.8795077,0.02808303
7/13/2021 7:05,0.8802461,0.02808303
7/13/2021 7:10,0.8846769,0.02808303
7/13/2021 7:15,0.8839385,0.02808303
7/13/2021 7:20,0.8854154,0.02808303
7/13/2021 7:25,0.8876308,0.02808303
7/13/2021 7:30,0.8832,0.02808303
7/13/2021 7:35,0.8942769,0.02808303
7/13/2021 7:40,0.8928,0.02808303
7/13/2021 7:45,0.8868923,0.02808303
7/13/2021 7:50,0.8861538,0.02808303
7/13/2021 7:55,0.8898461,0.02808303
7/13/2021 8:00,0.8913231,0.02808303
7/13/2021 8:05,0.9024,0.02808303
7/13/2021 8:10,0.8876308,0.02808303
7/13/2021 8:15,0.8891077,0.02808303
7/13/2021 8:20,0.8913231,0.02808303
7/13/2021 8:25,0.8861538,0.02808303
7/13/2021 8:30,0.8861538,0.02808303
7/13/2021 8:35,0.8891077,0.02808303
7/13/2021 8:40,0.8905846,0.02808303
7/13/2021 8:45,0.8957538,0.02808303
7/13/2021 8:50,0.8868923,0.02808303
7/13/2021 8:55,0.8994461,0.02808303
7/13/2021 9:00,0.8898461,0.02808303
7/13/2021 9:05,0.8942769,0.02808303
7/13/2021 9:10,0.8928,0.02808303
7/13/2021 9:15,0.8832,0.02808303
7/13/2021 9:20,0.8913231,0.02808303
7/13/2021 9:25,0.8987077,0.02808303
7/13/2021 9:30,0.8891077,0.02808303
7/13/2021 9:35,0.8920615,0.02808303
7/13/2021 9:40,0.8913231,0.02808303
7/13/2021 9:45,0.8913231,0.02808303
7/13/2021 9:50,0.8972307,0.02808303
7/13/2021 9:55,0.8987077,0.02930403
7/13/2021 10:00,0.8913231,0.02808303
7/13/2021 10:05,0.8942769,0.02808303
7/13/2021 10:10,0.8964923,0.02808303
7/13/2021 10:15,0.8861538,0.02808303
7/13/2021 10:20,0.8942769,0.02808303
7/13/2021 10:25,0.8832,0.02808303
7/13/2021 10:30,0.8898461,0.02808303
7/13/2021 10:35,0.8868923,0.02808303
7/13/2021 10:40,0.8883692,0.02808303
7/13/2021 10:45,0.8898461,0.02808303
7/13/2021 10:50,0.8868923,0.02808303
7/13/2021 10:55,0.8891077,0.02808303
7/13/2021 11:00,0.8891077,0.02808303
7/13/2021 11:05,0.8802461,0.02808303
7/13/2021 11:10,0.8832,0.02808303
7/13/2021 11:15,0.8861538,0.02808303
7/13/2021 11:20,0.9009231,0.02808303
7/13/2021 11:25,0.8942769,0.02808303
7/13/2021 11:30,0.8935384,0.02808303
7/13/2021 11:35,0.8957538,0.02808303
7/13/2021 11:40,0.8935384,0.02808303
7/13/2021 11:45,0.8928,0.02808303
7/13/2021 11:50,0.8942769,0.02808303
7/13/2021 11:55,0.8846769,0.02808303
7/13/2021 12:00,0.8957538,0.02808303
7/13/2021 12:05,0.8987077,0.02808303
7/13/2021 12:10,0.8972307,0.02808303
7/13/2021 12:15,0.8928,0.02808303
7/13/2021 12:20,0.8913231,0.02808303
7/13/2021 12:25,0.8950154,0.02808303
7/13/2021 12:30,0.8942769,0.02808303
7/13/2021 12:35,0.8957538,0.02808303
7/13/2021 12:40,0.8913231,0.02808303
7/13/2021 12:45,0.8972307,0.02808303
7/13/2021 12:50,0.8987077,0.02808303
7/13/2021 12:55,0.8957538,0.02808303
7/13/2021 13:00,0.8935384,0.02808303
7/13/2021 13:05,0.8935384,0.02808303
7/13/2021 13:10,0.8905846,0.02808303
7/13/2021 13:15,0.8942769,0.02808303
7/13/2021 13:20,0.8891077,0.02808303
7/13/2021 13:25,0.8928,0.02808303
7/13/2021 13:30,0.8994461,0.02808303
7/13/2021 13:35,0.8913231,0.02808303
7/13/2021 13:40,0.8861538,0.02808303
7/13/2021 13:45,0.8942769,0.02808303
7/13/2021 13:50,0.8891077,0.02808303
7/13/2021 13:55,0.8935384,0.02808303
7/13/2021 14:00,0.8957538,0.02808303
7/13/2021 14:05,0.8950154,0.02808303
7/13/2021 14:10,0.8994461,0.02808303
7/13/2021 14:15,0.9083077,0.02808303
7/13/2021 14:20,0.9060923,0.02808303
7/13/2021 14:25,0.8994461,0.02808303
7/13/2021 14:30,0.9083077,0.02808303
7/13/2021 14:35,0.9075692,0.02808303
7/13/2021 14:40,0.8994461,0.02808303
7/13/2021 14:45,0.9016615,0.02808303
7/13/2021 14:50,0.9038769,0.02808303
7/13/2021 14:55,0.8994461,0.02808303
7/13/2021 15:00,0.8979692,0.02808303
7/13/2021 15:05,0.9038769,0.02808303
7/13/2021 15:10,0.8987077,0.02808303
7/13/2021 15:15,0.9038769,0.02808303
7/13/2021 15:20,0.9053538,0.02808303
7/13/2021 15:25,0.8957538,0.02808303
7/13/2021 15:30,0.8972307,0.02808303
7/13/2021 15:35,0.8987077,0.02808303
7/13/2021 15:40,0.8883692,0.02808303
7/13/2021 15:45,0.8935384,0.02808303
7/13/2021 15:50,0.8987077,0.02808303
7/13/2021 15:55,0.8876308,0.02808303
7/13/2021 16:00,0.8898461,0.02808303
7/13/2021 16:05,0.8846769,0.02808303
7/13/2021 16:10,0.8987077,0.02808303
7/13/2021 16:15,0.8861538,0.02808303
7/13/2021 16:20,0.8928,0.02808303
7/13/2021 16:25,0.8935384,0.02808303
7/13/2021 16:30,0.8802461,0.02808303
7/13/2021 16:35,0.9016615,0.02808303
7/13/2021 16:40,0.8913231,0.02808303
7/13/2021 16:45,0.8950154,0.02808303
7/13/2021 16:50,0.8942769,0.02808303
7/13/2021 16:55,0.8987077,0.02808303
7/13/2021 17:00,0.8972307,0.02808303
7/13/2021 17:05,0.9001846,0.02808303
7/13/2021 17:10,0.8942769,0.02808303
7/13/2021 17:15,0.8994461,0.02808303
7/13/2021 17:20,0.8942769,0.02808303
7/13/2021 17:25,0.8987077,0.02808303
7/13/2021 17:30,0.8920615,0.02808303
7/13/2021 17:35,0.8987077,0.02808303
7/13/2021 17:40,0.8913231,0.02808303
7/13/2021 17:45,0.9016615,0.02808303
7/13/2021 17:50,0.9075692,0.02808303
7/13/2021 17:55,0.8913231,0.02808303
7/13/2021 18:00,0.9001846,0.02808303
7/13/2021 18:05,0.8979692,0.02808303
7/13/2021 18:10,0.9068307,0.02808303
7/13/2021 18:15,0.9009231,0.02808303
7/13/2021 18:20,0.8972307,0.02808303
7/13/2021 18:25,0.8898461,0.02808303
7/13/2021 18:30,0.8972307,0.02808303
7/13/2021 18:35,0.8928,0.02808303
7/13/2021 18:40,0.8964923,0.02808303
7/13/2021 18:45,0.8898461,0.02808303
7/13/2021 18:50,0.8883692,0.02808303
7/13/2021 18:55,0.8928,0.02808303
7/13/2021 19:00,0.8891077,0.02808303
7/13/2021 19:05,0.8898461,0.02808303
7/13/2021 19:10,0.8972307,0.02808303
7/13/2021 19:15,0.8891077,0.02808303
7/13/2021 19:20,0.8957538,0.02808303
7/13/2021 19:25,0.8942769,0.02808303
7/13/2021 19:30,0.8898461,0.02808303
7/13/2021 19:35,0.8898461,0.02808303
7/13/2021 19:40,0.8898461,0.02808303
7/13/2021 19:45,0.8935384,0.02808303
7/13/2021 19:50,0.8854154,0.02808303
7/13/2021 19:55,0.8861538,0.02808303
7/13/2021 20:00,0.8891077,0.02808303
7/13/2021 20:05,0.8898461,0.02808303
7/13/2021 20:10,0.8832,0.02808303
7/13/2021 20:15,0.8942769,0.02808303
7/13/2021 20:20,0.8846769,0.02808303
7/13/2021 20:25,0.8913231,0.02808303
7/13/2021 20:30,0.8898461,0.02808303
7/13/2021 20:35,0.8898461,0.02808303
7/13/2021 20:40,0.8898461,0.02808303
7/13/2021 20:45,0.8928,0.02808303
7/13/2021 20:50,0.8972307,0.02808303
7/13/2021 20:55,0.8898461,0.02808303
7/13/2021 21:00,0.8898461,0.02808303
7/13/2021 21:05,0.9371076,0.02808303
7/13/2021 21:10,0.8662153,0.02808303
7/13/2021 21:15,0.9009231,0.02808303
7/13/2021 21:20,0.9083077,0.02808303
7/13/2021 21:25,0.912,0.02808303
7/13/2021 21:30,0.9097846,0.02808303
7/13/2021 21:35,0.9142154,0.02808303
7/13/2021 21:40,0.9112616,0.02808303
7/13/2021 21:45,0.9024,0.02808303
7/13/2021 21:50,0.9090461,0.02808303
7/13/2021 21:55,0.9127384,0.02808303
7/13/2021 22:00,0.9149538,0.02808303
7/13/2021 22:05,0.9156923,0.02808303
7/13/2021 22:10,0.9208615,0.02808303
7/13/2021 22:15,0.9230769,0.02808303
7/13/2021 22:20,0.9164308,0.02808303
7/13/2021 22:25,0.9171692,0.02808303
7/13/2021 22:30,0.8735999,0.02808303
7/13/2021 22:35,0.9112616,0.02808303
7/13/2021 22:40,0.912,0.02808303
7/13/2021 22:45,0.9149538,0.02808303
7/13/2021 22:50,0.9186462,0.02808303
7/13/2021 22:55,0.9998769,0.02808303
7/13/2021 23:00,1.002831,0.02808303
7/13/2021 23:05,1.0176,0.02808303
7/13/2021 23:10,0.9961846,0.02808303
7/13/2021 23:15,1.002831,0.02808303
7/13/2021 23:20,1.013169,0.02686203
7/13/2021 23:25,0.9947076,0.02686203
7/13/2021 23:30,1.002831,0.02686203
7/13/2021 23:35,0.996923,0.02686203
7/13/2021 23:40,0.996923,0.02686203
7/13/2021 23:45,0.9998769,0.02686203
7/13/2021 23:50,1.004308,0.02686203
7/13/2021 23:55,1.008,0.02686203
7/14/2021 0:00,1.007262,0.02686203
7/14/2021 0:05,0.996923,0.02686203
7/14/2021 0:10,0.9954461,0.02686203
7/14/2021 0:15,1.001354,0.02808303
7/14/2021 0:20,1.003569,0.02808303
7/14/2021 0:25,0.9947076,0.02808303
7/14/2021 0:30,0.9932307,0.02808303
7/14/2021 0:35,0.996923,0.02808303
7/14/2021 0:40,0.987323,0.02808303
7/14/2021 0:45,0.9932307,0.02808303
7/14/2021 0:50,0.9947076,0.02808303
7/14/2021 0:55,0.9932307,0.02808303
7/14/2021 1:00,0.9902769,0.02808303
7/14/2021 1:05,0.9976615,0.02808303
7/14/2021 1:10,0.9865846,0.02808303
7/14/2021 1:15,0.9917538,0.02808303
7/14/2021 1:20,0.9917538,0.02808303
7/14/2021 1:25,0.9939692,0.02808303
7/14/2021 1:30,0.9954461,0.02808303
7/14/2021 1:35,0.9947076,0.02808303
7/14/2021 1:40,0.9932307,0.02808303
7/14/2021 1:45,0.9902769,0.02808303
7/14/2021 1:50,0.996923,0.02808303
7/14/2021 1:55,0.9917538,0.02808303
7/14/2021 2:00,0.996923,0.02808303
7/14/2021 2:05,0.9880615,0.02808303
7/14/2021 2:10,0.9880615,0.02808303
7/14/2021 2:15,0.987323,0.02808303
7/14/2021 2:20,0.9917538,0.02808303
7/14/2021 2:25,0.9880615,0.02808303
7/14/2021 2:30,0.9917538,0.02808303
7/14/2021 2:35,0.987323,0.02808303
7/14/2021 2:40,0.9836308,0.02808303
7/14/2021 2:45,1.030154,0.02808303
7/14/2021 2:50,1.015385,0.02808303
7/14/2021 2:55,1.004308,0.02808303
7/14/2021 3:00,1.004308,0.02808303
7/14/2021 3:05,1.013908,0.02808303
7/14/2021 3:10,1.004308,0.02808303
7/14/2021 3:15,0.9319384,0.02808303
7/14/2021 3:20,0.9326769,0.02808303
7/14/2021 3:25,0.9363692,0.02808303
7/14/2021 3:30,0.929723,0.02808303
7/14/2021 3:35,0.9356307,0.02808303
7/14/2021 3:40,0.9319384,0.02930403
7/14/2021 3:45,0.9858461,0.02930403
7/14/2021 3:50,0.9659076,0.02930403
7/14/2021 3:55,0.9452308,0.02930403
7/14/2021 4:00,0.9504,0.02930403
7/14/2021 4:05,0.8950154,0.02930403
7/14/2021 4:10,0.8772923,0.02930403
7/14/2021 4:15,0.9090461,0.02930403
7/14/2021 4:20,0.9097846,0.02930403
7/14/2021 4:25,0.9105231,0.02930403
7/14/2021 4:30,0.8942769,0.02930403
7/14/2021 4:35,0.8928,0.02930403
7/14/2021 4:40,0.8942769,0.02930403
7/14/2021 4:45,0.8950154,0.02930403
7/14/2021 4:50,0.8883692,0.02930403
7/14/2021 4:55,0.8913231,0.02930403
7/14/2021 5:00,0.8891077,0.02930403
7/14/2021 5:05,0.8957538,0.02930403
7/14/2021 5:10,0.8913231,0.02930403
7/14/2021 5:15,0.8883692,0.02930403
7/14/2021 5:20,0.8935384,0.02930403
7/14/2021 5:25,0.8876308,0.02930403
7/14/2021 5:30,0.8972307,0.02930403
7/14/2021 5:35,0.8964923,0.02930403
7/14/2021 5:40,0.8905846,0.02930403
7/14/2021 5:45,0.9843692,0.02930403
7/14/2021 5:50,0.9902769,0.02930403
7/14/2021 5:55,0.9710769,0.02930403
7/14/2021 6:00,0.9740308,0.02930403
7/14/2021 6:05,0.9710769,0.03052503
7/14/2021 6:10,0.9518769,0.03052503
7/14/2021 6:15,0.9614769,0.03052503
7/14/2021 6:20,0.9540923,0.03052503
7/14/2021 6:25,0.9629538,0.03052503
7/14/2021 6:30,0.9563076,0.03052503
7/14/2021 6:35,0.9659076,0.03052503
7/14/2021 6:40,0.9533538,0.03052503
7/14/2021 6:45,0.9673846,0.03052503
7/14/2021 6:50,0.9570462,0.03052503
7/14/2021 6:55,0.9540923,0.03052503
7/14/2021 7:00,0.9481846,0.03052503
7/14/2021 7:05,0.9577846,0.03052503
7/14/2021 7:10,0.9622154,0.03052503
7/14/2021 7:15,0.9504,0.03052503
7/14/2021 7:20,0.9548308,0.03052503
7/14/2021 7:25,0.9548308,0.03052503
7/14/2021 7:30,0.958523,0.03052503
7/14/2021 7:35,0.9636922,0.03052503
7/14/2021 7:40,0.9614769,0.03052503
7/14/2021 7:45,0.958523,0.03052503
7/14/2021 7:50,0.9740308,0.03052503
7/14/2021 7:55,0.9659076,0.03052503
7/14/2021 8:00,0.939323,0.03052503
7/14/2021 8:05,0.9481846,0.03052503
7/14/2021 8:10,0.9526154,0.03052503
7/14/2021 8:15,0.9489231,0.03052503
7/14/2021 8:20,0.9504,0.03052503
7/14/2021 8:25,0.9489231,0.03052503
7/14/2021 8:30,0.9540923,0.03052503
7/14/2021 8:35,0.9533538,0.03052503
7/14/2021 8:40,0.9518769,0.03052503
7/14/2021 8:45,0.9607384,0.03052503
7/14/2021 8:50,0.9452308,0.03052503
7/14/2021 8:55,0.9577846,0.03052503
7/14/2021 9:00,0.9533538,0.03052503
7/14/2021 9:05,0.9496616,0.03052503
7/14/2021 9:10,0.9526154,0.03052503
7/14/2021 9:15,0.9548308,0.03052503
7/14/2021 9:20,0.9533538,0.03052503
7/14/2021 9:25,0.9518769,0.03052503
7/14/2021 9:30,0.9504,0.03052503
7/14/2021 9:35,0.9467077,0.03052503
7/14/2021 9:40,0.9526154,0.03052503
7/14/2021 9:45,0.9607384,0.03052503
7/14/2021 9:50,0.9563076,0.03052503
7/14/2021 9:55,0.9563076,0.03052503
7/14/2021 10:00,0.9607384,0.03052503
7/14/2021 10:05,0.9563076,0.03052503
7/14/2021 10:10,0.9555692,0.03052503
7/14/2021 10:15,0.9548308,0.03052503
7/14/2021 10:20,0.9614769,0.03052503
7/14/2021 10:25,0.9614769,0.03052503
7/14/2021 10:30,0.96,0.03052503
7/14/2021 10:35,0.9644307,0.03052503
7/14/2021 10:40,0.9548308,0.03052503
7/14/2021 10:45,0.9570462,0.03052503
7/14/2021 10:50,0.9629538,0.03052503
7/14/2021 10:55,0.9629538,0.03052503
7/14/2021 11:00,0.9614769,0.03052503
7/14/2021 11:05,0.9644307,0.03052503
7/14/2021 11:10,0.9666461,0.03052503
7/14/2021 11:15,0.9518769,0.03052503
7/14/2021 11:20,0.9363692,0.03052503
7/14/2021 11:25,0.9415385,0.03052503
7/14/2021 11:30,0.9504,0.03052503
7/14/2021 11:35,0.9415385,0.03052503
7/14/2021 11:40,0.939323,0.03052503
7/14/2021 11:45,0.9437538,0.03052503
7/14/2021 11:50,0.9481846,0.03052503
7/14/2021 11:55,0.9437538,0.03052503
7/14/2021 12:00,0.9474462,0.03052503
7/14/2021 12:05,0.9489231,0.03052503
7/14/2021 12:10,0.9518769,0.03052503
7/14/2021 12:15,0.9444923,0.03052503
7/14/2021 12:20,0.9481846,0.03052503
7/14/2021 12:25,0.9548308,0.03052503
7/14/2021 12:30,0.9489231,0.03052503
7/14/2021 12:35,0.9474462,0.03052503
7/14/2021 12:40,0.9467077,0.03052503
7/14/2021 12:45,0.9437538,0.03052503
7/14/2021 12:50,0.9489231,0.03052503
7/14/2021 12:55,0.9518769,0.03052503
7/14/2021 13:00,0.9504,0.03052503
7/14/2021 13:05,0.9452308,0.03052503
7/14/2021 13:10,0.9489231,0.03052503
7/14/2021 13:15,0.9452308,0.03052503
7/14/2021 13:20,0.9592615,0.03052503
7/14/2021 13:25,0.9496616,0.03052503
7/14/2021 13:30,0.9504,0.03052503
7/14/2021 13:35,0.9533538,0.03052503
7/14/2021 13:40,0.9400615,0.03052503
7/14/2021 13:45,0.9481846,0.03052503
7/14/2021 13:50,0.9452308,0.03052503
7/14/2021 13:55,0.9570462,0.03174603
7/14/2021 14:00,0.9459692,0.03052503
7/14/2021 14:05,0.9459692,0.03052503
7/14/2021 14:10,0.9511384,0.03052503
7/14/2021 14:15,0.9496616,0.03052503
7/14/2021 14:20,0.9504,0.03052503
7/14/2021 14:25,0.9518769,0.03052503
7/14/2021 14:30,0.9533538,0.03052503
7/14/2021 14:35,0.9452308,0.03052503
7/14/2021 14:40,0.9489231,0.03052503
7/14/2021 14:45,0.9504,0.03052503
7/14/2021 14:50,0.9489231,0.03052503
7/14/2021 14:55,0.9806769,0.03052503
7/14/2021 15:00,1.016123,0.03052503
7/14/2021 15:05,1.019077,0.03052503
7/14/2021 15:10,1.021292,0.03052503
7/14/2021 15:15,1.019815,0.03052503
7/14/2021 15:20,1.015385,0.03052503
7/14/2021 15:25,1.019077,0.03052503
7/14/2021 15:30,1.014646,0.03052503
7/14/2021 15:35,1.004308,0.03052503
7/14/2021 15:40,1.009477,0.03052503
7/14/2021 15:45,1.009477,0.03052503
7/14/2021 15:50,1.005785,0.03052503
7/14/2021 15:55,1.010215,0.03052503
7/14/2021 16:00,1.008,0.03052503
7/14/2021 16:05,1.004308,0.03052503
7/14/2021 16:10,1.004308,0.03052503
7/14/2021 16:15,0.996923,0.03052503
7/14/2021 16:20,1.005785,0.03052503
7/14/2021 16:25,1.005785,0.03052503
7/14/2021 16:30,1.004308,0.03052503
7/14/2021 16:35,1.004308,0.03052503
7/14/2021 16:40,0.9976615,0.03052503
7/14/2021 16:45,1.010954,0.03052503
7/14/2021 16:50,0.9939692,0.03052503
7/14/2021 16:55,1.002831,0.03052503
7/14/2021 17:00,0.9910154,0.03052503
7/14/2021 17:05,0.9917538,0.03052503
7/14/2021 17:10,1.000615,0.03052503
7/14/2021 17:15,0.9902769,0.03052503
7/14/2021 17:20,0.9932307,0.03052503
7/14/2021 17:25,0.996923,0.03052503
7/14/2021 17:30,0.9954461,0.03052503
7/14/2021 17:35,0.9910154,0.03052503
7/14/2021 17:40,0.9865846,0.03052503
7/14/2021 17:45,0.9777231,0.03052503
7/14/2021 17:50,0.9865846,0.03052503
7/14/2021 17:55,0.987323,0.03052503
7/14/2021 18:00,0.9858461,0.03052503
7/14/2021 18:05,0.9865846,0.03052503
7/14/2021 18:10,0.9792,0.03052503
7/14/2021 18:15,0.9828923,0.03052503
7/14/2021 18:20,1.039754,0.03052503
7/14/2021 18:25,1.004308,0.03052503
7/14/2021 18:30,1.004308,0.03052503
7/14/2021 18:35,1.005046,0.03052503
7/14/2021 18:40,1.001354,0.03052503
7/14/2021 18:45,0.9947076,0.03052503
7/14/2021 18:50,0.9998769,0.03052503
7/14/2021 18:55,0.9939692,0.03052503
7/14/2021 19:00,0.9939692,0.03052503
7/14/2021 19:05,0.9902769,0.03052503
7/14/2021 19:10,0.9932307,0.03052503
7/14/2021 19:15,0.9947076,0.03052503
7/14/2021 19:20,0.9924923,0.03052503
7/14/2021 19:25,0.9902769,0.03052503
7/14/2021 19:30,0.9836308,0.03052503
7/14/2021 19:35,0.9799384,0.03052503
7/14/2021 19:40,0.9888,0.03052503
7/14/2021 19:45,0.9851077,0.03052503
7/14/2021 19:50,0.9843692,0.03052503
7/14/2021 19:55,0.9902769,0.03052503
7/14/2021 20:00,0.9880615,0.03052503
7/14/2021 20:05,0.9880615,0.03052503
7/14/2021 20:10,0.9910154,0.03052503
7/14/2021 20:15,1.001354,0.03052503
7/14/2021 20:20,1.002092,0.03052503
7/14/2021 20:25,0.9984,0.03052503
7/14/2021 20:30,0.996923,0.03052503
7/14/2021 20:35,1.002092,0.03052503
7/14/2021 20:40,1.004308,0.03052503
7/14/2021 20:45,0.9939692,0.03052503
7/14/2021 20:50,1.006523,0.03052503
7/14/2021 20:55,1.019077,0.03052503
7/14/2021 21:00,1.019077,0.03052503
7/14/2021 21:05,1.018338,0.03052503
7/14/2021 21:10,1.010954,0.03052503
7/14/2021 21:15,1.015385,0.03052503
7/14/2021 21:20,1.016862,0.03052503
7/14/2021 21:25,0.9917538,0.03052503
7/14/2021 21:30,0.996923,0.03052503
7/14/2021 21:35,0.9792,0.03052503
7/14/2021 21:40,0.9932307,0.03052503
7/14/2021 21:45,0.9836308,0.03052503
7/14/2021 21:50,0.9888,0.03052503
7/14/2021 21:55,0.9740308,0.03052503
7/14/2021 22:00,0.9792,0.03052503
7/14/2021 22:05,0.9821538,0.03052503
7/14/2021 22:10,1.030154,0.03052503
7/14/2021 22:15,1.013908,0.03052503
7/14/2021 22:20,1.013908,0.03052503
7/14/2021 22:25,1.022031,0.03052503
7/14/2021 22:30,1.015385,0.03052503
7/14/2021 22:35,1.020554,0.03052503
7/14/2021 22:40,1.005046,0.03052503
7/14/2021 22:45,1.005046,0.03052503
7/14/2021 22:50,1.0176,0.03052503
7/14/2021 22:55,1.010954,0.03052503
7/14/2021 23:00,1.005785,0.03052503
7/14/2021 23:05,1.008,0.03052503
7/14/2021 23:10,1.002831,0.03052503
7/14/2021 23:15,0.9976615,0.03052503
7/14/2021 23:20,0.9998769,0.03052503
7/14/2021 23:25,1.008,0.03052503
7/14/2021 23:30,0.996923,0.03052503
7/14/2021 23:35,1.007262,0.03052503
7/14/2021 23:40,1.008,0.03052503
7/14/2021 23:45,1.006523,0.03052503
7/14/2021 23:50,0.9984,0.03052503
7/14/2021 23:55,1.009477,0.03052503
7/15/2021 0:00,1.005785,0.03052503
7/15/2021 0:05,0.9947076,0.03052503
7/15/2021 0:10,1.005046,0.03052503
7/15/2021 0:15,1.010954,0.03052503
7/15/2021 0:20,0.996923,0.03052503
7/15/2021 0:25,1.001354,0.03052503
7/15/2021 0:30,0.9991384,0.03052503
7/15/2021 0:35,0.9917538,0.03052503
7/15/2021 0:40,0.9954461,0.03052503
7/15/2021 0:45,0.9947076,0.03052503
7/15/2021 0:50,0.9984,0.03052503
7/15/2021 0:55,0.9939692,0.03052503
7/15/2021 1:00,0.987323,0.03052503
7/15/2021 1:05,0.9851077,0.03052503
7/15/2021 1:10,0.9961846,0.03052503
7/15/2021 1:15,0.9865846,0.03052503
7/15/2021 1:20,0.9895384,0.03052503
7/15/2021 1:25,0.9984,0.03052503
7/15/2021 1:30,0.9851077,0.03052503
7/15/2021 1:35,0.9821538,0.03052503
7/15/2021 1:40,0.9902769,0.03052503
7/15/2021 1:45,0.9865846,0.03052503
7/15/2021 1:50,0.987323,0.03052503
7/15/2021 1:55,0.987323,0.03052503
7/15/2021 2:00,0.9851077,0.03052503
7/15/2021 2:05,0.9806769,0.03052503
7/15/2021 2:10,0.9865846,0.03052503
7/15/2021 2:15,0.9932307,0.03052503
7/15/2021 2:20,0.9865846,0.03052503
7/15/2021 2:25,0,0.03052503
7/15/2021 2:30,0,-1
7/15/2021 2:35,0,-1
7/15/2021 2:40,0,-1
7/15/2021 2:45,0,-1
7/15/2021 2:50,0,-1
7/15/2021 2:55,0,-1
7/15/2021 3:00,0,-1
7/15/2021 3:05,0,-1
7/15/2021 3:10,0,-1
7/15/2021 3:15,0,-1
7/15/2021 3:20,0,-1
7/15/2021 3:25,0,-1
7/15/2021 3:30,0,-1
7/15/2021 3:35,0,-1
7/15/2021 3:40,0,-1
7/15/2021 3:45,0,-1
7/15/2021 3:50,0,-1
7/15/2021 3:55,0,-1
7/15/2021 4:00,0,-1
7/15/2021 4:05,0,-1
7/15/2021 4:10,0,-1
7/15/2021 4:15,0,-1
7/15/2021 4:20,0,-1
7/15/2021 4:25,0,-1
7/15/2021 4:30,0,-1
7/15/2021 4:35,0,-1
7/15/2021 4:40,0,-1
7/15/2021 4:45,0,-1
7/15/2021 4:50,0,-1
7/15/2021 4:55,0,-1
7/15/2021 5:00,0,-1
7/15/2021 5:05,0,-1
7/15/2021 5:10,0,-1
7/15/2021 5:15,0,-1
7/15/2021 5:20,0,-1
7/15/2021 5:25,0,-1
7/15/2021 5:30,0,-1
7/15/2021 5:35,0,-1
7/15/2021 5:40,0,-1
7/15/2021 5:45,0,-1
7/15/2021 5:50,0,-1
7/15/2021 5:55,0,-1
7/15/2021 6:00,0,-1
7/15/2021 6:05,0,-1
7/15/2021 6:10,0,-1
7/15/2021 6:15,0,-1
7/15/2021 6:20,0,-1
7/15/2021 6:25,0,-1
7/15/2021 6:30,0,-1
7/15/2021 6:35,0,-1
7/15/2021 6:40,0,-1
7/15/2021 6:45,0,-1
7/15/2021 6:50,0,-1
7/15/2021 6:55,0,-1
7/15/2021 7:00,0,-1
7/15/2021 7:05,0,-1
7/15/2021 7:10,0,-1
7/15/2021 7:15,0,-1
7/15/2021 7:20,0,-1
7/15/2021 7:25,0,-1
7/15/2021 7:30,0,-1
7/15/2021 7:35,0,-1
7/15/2021 7:40,0,-1
7/15/2021 7:45,0,-1
7/15/2021 7:50,0,-1
7/15/2021 7:55,0,-1
7/15/2021 8:00,0,-1
7/15/2021 8:05,0,-1
7/15/2021 8:10,0,-1
7/15/2021 8:15,0,-1
7/15/2021 8:20,0,-1
7/15/2021 8:25,0,-1
7/15/2021 8:30,0,-1
7/15/2021 8:35,0,-1
7/15/2021 8:40,0,-1
7/15/2021 8:45,0,-1
7/15/2021 8:50,0,-1
7/15/2021 8:55,0,-1
7/15/2021 9:00,0,-1
7/15/2021 9:05,0,-1
7/15/2021 9:10,0,-1
7/15/2021 9:15,0,-1
7/15/2021 9:20,0,-1
7/15/2021 9:25,0,-1
7/15/2021 9:30,0,-1
7/15/2021 9:35,0,-1
7/15/2021 9:40,0,-1
7/15/2021 9:45,0,-1
7/15/2021 9:50,0,-1
7/15/2021 9:55,0,-1
7/15/2021 10:00,0,-1
7/15/2021 10:05,0,-1
7/15/2021 10:10,0,-1
7/15/2021 10:15,0,-1
7/15/2021 10:20,0,-1
7/15/2021 10:25,0,-1
7/15/2021 10:30,0,-1
7/15/2021 10:35,0,-1
7/15/2021 10:40,0,-1
7/15/2021 10:45,0,-1
7/15/2021 10:50,0,-1
7/15/2021 10:55,0,-1
7/15/2021 11:00,0,-1
7/15/2021 11:05,0,-1
7/15/2021 11:10,0,-1
7/15/2021 11:15,0,-1
7/15/2021 11:20,0,-1
7/15/2021 11:25,0,-1
7/15/2021 11:30,0,-1
7/15/2021 11:35,0,-1
7/15/2021 11:40,0,-1
7/15/2021 11:45,0,-1
7/15/2021 11:50,0,-1
7/15/2021 11:55,0,-1
7/15/2021 12:00,0,-1
7/15/2021 12:05,0,-1
7/15/2021 12:10,0,-1
7/15/2021 12:15,0,-1
7/15/2021 12:20,0,-1
7/15/2021 12:25,0,-1
7/15/2021 12:30,0,-1
7/15/2021 12:35,0,-1
7/15/2021 12:40,0,-1
7/15/2021 12:45,0,-1
7/15/2021 12:50,0,-1
7/15/2021 12:55,0,-1
7/15/2021 13:00,0,-1
7/15/2021 13:05,0,-1
7/15/2021 13:10,0,-1
7/15/2021 13:15,0,-1
7/15/2021 13:20,0,-1
7/15/2021 13:25,0,-1
7/15/2021 13:30,0,-1
7/15/2021 13:35,0,-1
7/15/2021 13:40,0,-1
7/15/2021 13:45,0,-1
7/15/2021 13:50,0,-1
7/15/2021 13:55,0,-1
7/15/2021 14:00,0,-1
7/15/2021 14:05,0,-1
7/15/2021 14:10,0,-1
7/15/2021 14:15,0,-1
7/15/2021 14:20,0,-1
7/15/2021 14:25,0,-1
7/15/2021 14:30,0,-1
7/15/2021 14:35,0,-1
7/15/2021 14:40,0,-1
7/15/2021 14:45,0,-1
7/15/2021 14:50,0,-1
7/15/2021 14:55,0,-1
7/15/2021 15:00,0,-1
7/15/2021 15:05,0,-1
7/15/2021 15:10,0,-1
7/15/2021 15:15,0,-1
7/15/2021 15:20,0,-1
7/15/2021 15:25,0,-1
7/15/2021 15:30,0,-1
7/15/2021 15:35,0,-1
7/15/2021 15:40,0,-1
7/15/2021 15:45,0,-1
7/15/2021 15:50,0,-1
7/15/2021 15:55,0,-1
7/15/2021 16:00,0,-1
7/15/2021 16:05,0,-1
7/15/2021 16:10,0,-1
7/15/2021 16:15,0,-1
7/15/2021 16:20,0,-1
7/15/2021 16:25,0,-1
7/15/2021 16:30,0,-1
7/15/2021 16:35,0,-1
7/15/2021 16:40,0,-1
7/15/2021 16:45,0,-1
7/15/2021 16:50,0,-1
7/15/2021 16:55,0,-1
7/15/2021 17:00,0,-1
7/15/2021 17:05,0,-1
7/15/2021 17:10,0,-1
7/15/2021 17:15,0,-1
7/15/2021 17:20,0,-1
7/15/2021 17:25,0,-1
7/15/2021 17:30,0,-1
7/15/2021 17:35,0,-1
7/15/2021 17:40,0,-1
7/15/2021 17:45,0,-1
7/15/2021 17:50,0,-1
7/15/2021 17:55,0,-1
7/15/2021 18:00,0,-1
7/15/2021 18:05,0,-1
7/15/2021 18:10,0,-1
7/15/2021 18:15,0,-1
7/15/2021 18:20,0,-1
7/15/2021 18:25,0,-1
7/15/2021 18:30,0,-1
7/15/2021 18:35,0,-1
7/15/2021 18:40,0,-1
7/15/2021 18:45,0,-1
7/15/2021 18:50,0,-1
7/15/2021 18:55,0.3249231,0.0989011
7/15/2021 19:00,0.9046153,0.1282051
7/15/2021 19:05,0.8987077,0.1440782
7/15/2021 19:10,0.8935384,0.08669109
7/15/2021 19:15,0.8928,0.05982906
7/15/2021 19:20,0.8868923,0.05006105
7/15/2021 19:25,0.8942769,0.04395605
7/15/2021 19:30,0.9009231,0.04151404
7/15/2021 19:35,0.8950154,0.03907204
7/15/2021 19:40,0.8972307,0.03785104
7/15/2021 19:45,0.8957538,0.03540904
7/15/2021 19:50,0.8950154,0.03540904
7/15/2021 19:55,0.8942769,0.03418804
7/15/2021 20:00,1.008,0.03296703
7/15/2021 20:05,0.9976615,0.03296703
7/15/2021 20:10,1.008738,0.03174603
7/15/2021 20:15,0.9961846,0.03174603
7/15/2021 20:20,0.9984,0.03174603
7/15/2021 20:25,1.006523,0.03052503
7/15/2021 20:30,0.9947076,0.03052503
7/15/2021 20:35,0.9984,0.03052503
7/15/2021 20:40,1.004308,0.03052503
7/15/2021 20:45,0.9851077,0.03052503
7/15/2021 20:50,0.9895384,0.03052503
7/15/2021 20:55,0.9954461,0.03052503
7/15/2021 21:00,0.9917538,0.03052503
7/15/2021 21:05,1.008738,0.03052503
7/15/2021 21:10,0.9939692,0.03052503
7/15/2021 21:15,0.996923,0.03052503
7/15/2021 21:20,1.003569,0.03052503
7/15/2021 21:25,0.9998769,0.03052503
7/15/2021 21:30,1.016862,0.02930403
7/15/2021 21:35,1.007262,0.02930403
7/15/2021 21:40,1.008,0.02930403
7/15/2021 21:45,1.006523,0.02930403
7/15/2021 21:50,1.013908,0.02930403
7/15/2021 21:55,1.019077,0.02930403
7/15/2021 22:00,1.010954,0.02930403
7/15/2021 22:05,1.019077,0.02930403
7/15/2021 22:10,1.022031,0.02930403
7/15/2021 22:15,1.027938,0.02930403
7/15/2021 22:20,1.010954,0.02930403
7/15/2021 22:25,1.0176,0.02930403
7/15/2021 22:30,1.008,0.02930403
7/15/2021 22:35,1.008738,0.02930403
7/15/2021 22:40,1.025723,0.02930403
7/15/2021 22:45,1.016123,0.02930403
7/15/2021 22:50,1.010954,0.02930403
7/15/2021 22:55,1.012431,0.02930403
7/15/2021 23:00,1.0176,0.02808303
7/15/2021 23:05,0.9452308,0.02808303
7/15/2021 23:10,1.029415,0.02930403
7/15/2021 23:15,1.033846,0.02930403
7/15/2021 23:20,1.030154,0.02930403
7/15/2021 23:25,0.96,0.02930403
7/15/2021 23:30,1.006523,0.02930403
7/15/2021 23:35,0.9984,0.02930403
7/15/2021 23:40,0.996923,0.02930403
7/15/2021 23:45,1.005785,0.02930403
7/15/2021 23:50,1.005046,0.02930403
7/15/2021 23:55,0.9991384,0.02930403
7/16/2021 0:00,1.005785,0.02930403
7/16/2021 0:05,1.004308,0.02930403
7/16/2021 0:10,1.002831,0.02930403
7/16/2021 0:15,0.9961846,0.02930403
7/16/2021 0:20,1.003569,0.02930403
7/16/2021 0:25,1.005785,0.02930403
7/16/2021 0:30,1.006523,0.02930403
7/16/2021 0:35,1.008738,0.02930403
7/16/2021 0:40,1.006523,0.02930403
7/16/2021 0:45,0.9976615,0.02930403
7/16/2021 0:50,1.010954,0.02930403
7/16/2021 0:55,1.008738,0.02930403
7/16/2021 1:00,1.007262,0.02930403
7/16/2021 1:05,1.006523,0.02930403
7/16/2021 1:10,1.006523,0.02930403
7/16/2021 1:15,1.006523,0.02930403
7/16/2021 1:20,1.008738,0.02930403
7/16/2021 1:25,1.006523,0.02930403
7/16/2021 1:30,1.016123,0.02930403
7/16/2021 1:35,1.005785,0.02930403
7/16/2021 1:40,1.010954,0.02930403
7/16/2021 1:45,1.016123,0.02930403
7/16/2021 1:50,1.013169,0.02930403
7/16/2021 1:55,1.024985,0.02930403
7/16/2021 2:00,1.015385,0.02930403
7/16/2021 2:05,1.009477,0.02930403
7/16/2021 2:10,0.9917538,0.02930403
7/16/2021 2:15,0.9947076,0.02930403
7/16/2021 2:20,0.9888,0.02930403
7/16/2021 2:25,0.9932307,0.02930403
7/16/2021 2:30,0.996923,0.02930403
7/16/2021 2:35,0.9924923,0.02930403
7/16/2021 2:40,1.002092,0.02930403
7/16/2021 2:45,1.001354,0.02930403
7/16/2021 2:50,0.9947076,0.02930403
7/16/2021 2:55,0.9910154,0.02930403
7/16/2021 3:00,0.9910154,0.02930403
7/16/2021 3:05,0.9924923,0.02930403
7/16/2021 3:10,0.9924923,0.02930403
7/16/2021 3:15,0.9858461,0.02930403
7/16/2021 3:20,0.9954461,0.02930403
7/16/2021 3:25,0.9939692,0.02930403
7/16/2021 3:30,0.9888,0.02930403
7/16/2021 3:35,0.9902769,0.02930403
7/16/2021 3:40,0.9961846,0.02930403
7/16/2021 3:45,0.9895384,0.02930403
7/16/2021 3:50,0.9895384,0.02930403
7/16/2021 3:55,0.9836308,0.02930403
7/16/2021 4:00,0.9865846,0.02930403
7/16/2021 4:05,0.9836308,0.02930403
7/16/2021 4:10,0.9821538,0.02930403
7/16/2021 4:15,0.9806769,0.02930403
7/16/2021 4:20,1.037538,0.02930403
7/16/2021 4:25,1.022031,0.02930403
7/16/2021 4:30,0.9577846,0.02930403
7/16/2021 4:35,1.024246,0.02930403
7/16/2021 4:40,1.030154,0.02930403
7/16/2021 4:45,0.9540923,0.02930403
7/16/2021 4:50,1.016862,0.02930403
7/16/2021 4:55,0.9895384,0.02930403
7/16/2021 5:00,1.020554,0.02930403
7/16/2021 5:05,1.019077,0.02930403
7/16/2021 5:10,1.008738,0.02930403
7/16/2021 5:15,1.020554,0.02930403
7/16/2021 5:20,1.009477,0.02930403
7/16/2021 5:25,1.009477,0.02930403
7/16/2021 5:30,1.009477,0.02930403
7/16/2021 5:35,1.010215,0.02930403
7/16/2021 5:40,1.0176,0.02930403
7/16/2021 5:45,1.011692,0.02930403
7/16/2021 5:50,1.019815,0.02930403
7/16/2021 5:55,0.9437538,0.02930403
7/16/2021 6:00,1.016123,0.02930403
7/16/2021 6:05,1.024985,0.02930403
7/16/2021 6:10,1.021292,0.02930403
7/16/2021 6:15,1.013169,0.02930403
7/16/2021 6:20,1.025723,0.02930403
7/16/2021 6:25,1.028677,0.02930403
7/16/2021 6:30,0.9444923,0.02930403
7/16/2021 6:35,1.013908,0.02930403
7/16/2021 6:40,1.000615,0.02930403
7/16/2021 6:45,1.008,0.02930403
7/16/2021 6:50,1.000615,0.02930403
7/16/2021 6:55,1.008738,0.02930403
7/16/2021 7:00,1.010215,0.02930403
7/16/2021 7:05,1.006523,0.02930403
7/16/2021 7:10,1.008,0.02930403
7/16/2021 7:15,1.005785,0.02930403
7/16/2021 7:20,1.010215,0.02930403
7/16/2021 7:25,1.002831,0.02930403
7/16/2021 7:30,1.005785,0.02930403
7/16/2021 7:40,1.012431,0.02930403
7/16/2021 7:45,1.008738,0.02930403
7/16/2021 7:50,1.008,0.02930403
7/16/2021 7:55,1.015385,0.02930403
7/16/2021 8:00,1.004308,0.02930403
7/16/2021 8:05,1.003569,0.02930403
7/16/2021 8:10,1.010215,0.02930403
7/16/2021 8:15,1.022031,0.02930403
7/16/2021 8:20,1.012431,0.02930403
7/16/2021 8:25,1.002092,0.02930403
7/16/2021 8:30,1.020554,0.02930403
7/16/2021 8:35,1.008738,0.02930403
7/16/2021 8:40,1.016123,0.03052503
7/16/2021 8:45,1.013908,0.02930403
7/16/2021 8:50,1.016123,0.02930403
7/16/2021 8:55,1.019077,0.02930403
7/16/2021 9:00,1.025723,0.02930403
7/16/2021 9:05,1.016123,0.02930403
7/16/2021 9:10,1.008,0.02930403
7/16/2021 9:15,1.019815,0.02930403
7/16/2021 9:20,1.012431,0.02930403
7/16/2021 9:25,1.016123,0.02930403
7/16/2021 9:30,1.0176,0.02930403
7/16/2021 9:35,1.023508,0.02930403
7/16/2021 9:40,1.010954,0.02930403
7/16/2021 9:45,1.019077,0.02930403
7/16/2021 9:50,1.008,0.02930403
7/16/2021 9:55,0.9806769,0.02930403
7/16/2021 10:00,0.9851077,0.02930403
7/16/2021 10:05,0.9917538,0.02930403
7/16/2021 10:10,0.9917538,0.02930403
7/16/2021 10:15,0.9947076,0.02930403
7/16/2021 10:20,0.9888,0.02930403
7/16/2021 10:25,1.001354,0.02930403
7/16/2021 10:30,0.9984,0.02930403
7/16/2021 10:35,0.9991384,0.02930403
7/16/2021 10:40,0.9947076,0.02930403
7/16/2021 10:45,0.996923,0.02930403
7/16/2021 10:50,0.9932307,0.02930403
7/16/2021 10:55,0.9917538,0.02930403
7/16/2021 11:00,0.9998769,0.03052503
7/16/2021 11:05,0.9947076,0.02930403
7/16/2021 11:10,0.9976615,0.02930403
7/16/2021 11:15,0.9998769,0.02930403
7/16/2021 11:20,0.9865846,0.03052503
7/16/2021 11:25,0.9902769,0.02930403
7/16/2021 11:30,0.9851077,0.02930403
7/16/2021 11:35,0.9858461,0.03052503
7/16/2021 11:40,0.9895384,0.02930403
7/16/2021 11:45,0.987323,0.03540904
7/16/2021 11:50,0.9865846,0.03052503
7/16/2021 11:55,0.9851077,0.03052503
7/16/2021 12:00,0.9777231,0.03052503
7/16/2021 12:05,0.9821538,0.03052503
7/16/2021 12:10,0.9821538,0.03052503
7/16/2021 12:15,0.9888,0.03052503
7/16/2021 12:20,0.9865846,0.03052503
7/16/2021 12:25,0.987323,0.03052503
7/16/2021 12:30,0.9821538,0.03052503
7/16/2021 12:35,0.9865846,0.03052503
7/16/2021 12:40,0.9828923,0.03052503
7/16/2021 12:45,0.9851077,0.03052503
7/16/2021 12:50,0.9836308,0.03052503
7/16/2021 12:55,0.9902769,0.03052503
7/16/2021 13:00,0.9814154,0.03052503
7/16/2021 13:05,0.9836308,0.03052503
7/16/2021 13:10,0.9814154,0.03052503
7/16/2021 13:15,0.9895384,0.03052503
7/16/2021 13:20,0.9888,0.03052503
7/16/2021 13:25,0.9924923,0.03052503
7/16/2021 13:30,0.9762462,0.03052503
7/16/2021 13:35,1.018338,0.03052503
7/16/2021 13:40,1.007262,0.03052503
7/16/2021 13:45,1.007262,0.03052503
7/16/2021 13:50,1.008,0.03052503
7/16/2021 13:55,1.006523,0.03052503
7/16/2021 14:00,1.004308,0.03052503
7/16/2021 14:05,1.008,0.03052503
7/16/2021 14:10,1.008,0.03052503
7/16/2021 14:15,1.008738,0.03052503
7/16/2021 14:20,1.005046,0.03052503
7/16/2021 14:25,1.005785,0.03052503
7/16/2021 14:30,0.9998769,0.03052503
7/16/2021 14:35,1.009477,0.03052503
7/16/2021 14:40,1.010954,0.03052503
7/16/2021 14:45,1.005785,0.03052503
7/16/2021 14:50,1.005046,0.03052503
7/16/2021 14:55,1.005046,0.03052503
7/16/2021 15:00,1.002092,0.03052503
7/16/2021 15:05,1.004308,0.03052503
7/16/2021 15:10,1.007262,0.03052503
7/16/2021 15:15,0.9984,0.03052503
7/16/2021 15:20,0.9998769,0.03052503
7/16/2021 15:25,0.9984,0.03052503
7/16/2021 15:30,0.9984,0.03052503
7/16/2021 15:35,1.002831,0.03052503
7/16/2021 15:40,1.004308,0.03052503
7/16/2021 15:45,1.002831,0.03052503
7/16/2021 15:50,1.002831,0.03052503
7/16/2021 15:55,0.9947076,0.03052503
7/16/2021 16:00,1.012431,0.03052503
7/16/2021 16:05,0.9991384,0.03052503
7/16/2021 16:10,1.002092,0.03052503
7/16/2021 16:15,0.9984,0.03052503
7/16/2021 16:20,1.001354,0.03052503
7/16/2021 16:25,0.9947076,0.03052503
7/16/2021 16:30,1.002831,0.03052503
7/16/2021 16:35,0.9998769,0.03052503
7/16/2021 16:40,1.000615,0.03052503
7/16/2021 16:45,1.002831,0.03052503
7/16/2021 16:50,0.9954461,0.03052503
7/16/2021 16:55,1.002831,0.03052503
7/16/2021 17:00,0.9917538,0.03052503
7/16/2021 17:05,1.004308,0.03052503
7/16/2021 17:10,0.9998769,0.03052503
7/16/2021 17:15,0.9991384,0.03052503
7/16/2021 17:20,0.9961846,0.03052503
7/16/2021 17:25,1.001354,0.03052503
7/16/2021 17:30,1.002831,0.03052503
7/16/2021 17:35,1.008,0.03052503
7/16/2021 17:40,1.002092,0.03052503
7/16/2021 17:45,1.004308,0.03052503
7/16/2021 17:50,1.002092,0.03052503
7/16/2021 17:55,1.000615,0.03052503
7/16/2021 18:00,0.9954461,0.03052503
7/16/2021 18:05,1.001354,0.03052503
7/16/2021 18:10,0.9902769,0.03052503
7/16/2021 18:15,0.9932307,0.03052503
7/16/2021 18:20,0.9932307,0.03052503
7/16/2021 18:25,0.9888,0.03052503
7/16/2021 18:30,0.9932307,0.03052503
7/16/2021 18:35,0.9932307,0.03052503
7/16/2021 18:40,0.9932307,0.03052503
7/16/2021 18:45,0.9932307,0.03052503
7/16/2021 18:50,0.987323,0.03052503
7/16/2021 18:55,0.9806769,0.03052503
7/16/2021 19:00,0.9777231,0.03052503
7/16/2021 19:05,0.9762462,0.03052503
7/16/2021 19:10,0.968123,0.03052503
7/16/2021 19:15,1.025723,0.03052503
7/16/2021 19:20,1.015385,0.03052503
7/16/2021 19:25,1.011692,0.03052503
7/16/2021 19:30,1.010954,0.03052503
7/16/2021 19:35,1.011692,0.03052503
7/16/2021 19:40,1.011692,0.03052503
7/16/2021 19:45,1.020554,0.03052503
7/16/2021 19:50,1.009477,0.03052503
7/16/2021 19:55,1.004308,0.03052503
7/16/2021 20:00,1.002831,0.03052503
7/16/2021 20:05,1.011692,0.03052503
7/16/2021 20:10,0.9947076,0.03052503
7/16/2021 20:15,0.996923,0.03052503
7/16/2021 20:20,1.012431,0.03052503
7/16/2021 20:25,0.9984,0.03052503
7/16/2021 20:30,1.005785,0.03052503
7/16/2021 20:35,0.9976615,0.03052503
7/16/2021 20:40,0.9998769,0.03052503
7/16/2021 20:45,0.9939692,0.03052503
7/16/2021 20:50,1.002092,0.03052503
7/16/2021 20:55,0.9961846,0.03052503
7/16/2021 21:00,1.003569,0.03052503
7/16/2021 21:05,0.9976615,0.03052503
7/16/2021 21:10,0.9984,0.03052503
7/16/2021 21:15,1.006523,0.03174603
7/16/2021 21:20,0.996923,0.03174603
7/16/2021 21:25,0.9998769,0.03174603
7/16/2021 21:30,0.9947076,0.03174603
7/16/2021 21:35,1.004308,0.03174603
7/16/2021 21:40,0.9998769,0.03174603
7/16/2021 21:45,0.9917538,0.03174603
7/16/2021 21:50,0.996923,0.03174603
7/16/2021 21:55,0.9932307,0.03174603
7/16/2021 22:00,0.9888,0.03174603
7/16/2021 22:05,0.9961846,0.03174603
7/16/2021 22:10,0.9961846,0.03174603
7/16/2021 22:15,0.9917538,0.03174603
7/16/2021 22:20,0.9917538,0.03174603
7/16/2021 22:25,1.002831,0.03174603
7/16/2021 22:30,0.996923,0.03174603
7/16/2021 22:35,0.9924923,0.03174603
7/16/2021 22:40,0.996923,0.03174603
7/16/2021 22:45,0.9895384,0.03174603
7/16/2021 22:50,0.9902769,0.03174603
7/16/2021 22:55,1.005046,0.03174603
7/16/2021 23:00,0.9902769,0.03174603
7/16/2021 23:05,1.000615,0.03174603
7/16/2021 23:10,0.9961846,0.03174603
7/16/2021 23:15,0.9954461,0.03174603
7/16/2021 23:20,1.006523,0.03174603
7/16/2021 23:25,0.9947076,0.03174603
7/16/2021 23:30,0.9984,0.03174603
7/16/2021 23:35,0.996923,0.03174603
7/16/2021 23:40,1.000615,0.03174603
7/16/2021 23:45,0.9917538,0.03174603
7/16/2021 23:50,0.9917538,0.03174603
7/16/2021 23:55,0.9917538,0.03174603
7/17/2021 0:00,0.9954461,0.03174603
7/17/2021 0:05,1.001354,0.03174603
7/17/2021 0:10,1.008,0.03174603
7/17/2021 0:15,0.996923,0.03174603
7/17/2021 0:20,1.001354,0.03174603
7/17/2021 0:25,0.9998769,0.03174603
7/17/2021 0:30,0.9991384,0.03174603
7/17/2021 0:35,0.9998769,0.03174603
7/17/2021 0:40,0.9984,0.03174603
7/17/2021 0:45,1.005785,0.03174603
7/17/2021 0:50,1.006523,0.03174603
7/17/2021 0:55,0.9998769,0.03174603
7/17/2021 1:00,1.015385,0.03174603
7/17/2021 1:05,1.003569,0.03174603
7/17/2021 1:10,1.006523,0.03174603
7/17/2021 1:15,1.001354,0.03174603
7/17/2021 1:20,1.008,0.03174603
7/17/2021 1:25,1.009477,0.03174603
7/17/2021 1:30,1.005785,0.03174603
7/17/2021 1:35,1.009477,0.03174603
7/17/2021 1:40,0.9998769,0.03174603
7/17/2021 1:45,1.012431,0.03174603
7/17/2021 1:50,1.006523,0.03174603
7/17/2021 1:55,1.013908,0.03174603
7/17/2021 2:00,0.9998769,0.03174603
7/17/2021 2:05,0.9976615,0.03174603
7/17/2021 2:10,1.001354,0.03174603
7/17/2021 2:15,1.001354,0.03174603
7/17/2021 2:20,1.002092,0.03174603
7/17/2021 2:25,0.9998769,0.03174603
7/17/2021 2:30,0.9865846,0.03296703
7/17/2021 2:35,0.9961846,0.03174603
7/17/2021 2:40,0.9939692,0.03174603
7/17/2021 2:45,1.005046,0.03174603
7/17/2021 2:50,1.012431,0.03174603
7/17/2021 2:55,1.008,0.03174603
7/17/2021 3:00,0.9998769,0.03174603
7/17/2021 3:05,0.9991384,0.03174603
7/17/2021 3:10,1.006523,0.03174603
7/17/2021 3:15,1.002831,0.03174603
7/17/2021 3:20,0.9984,0.03174603
7/17/2021 3:25,1.013908,0.03174603
7/17/2021 3:30,0.9947076,0.03174603
7/17/2021 3:35,0.9984,0.03174603
7/17/2021 3:40,1.001354,0.03174603
7/17/2021 3:45,0.9998769,0.03174603
7/17/2021 3:50,0.9932307,0.03174603
7/17/2021 3:55,0.9932307,0.03174603
7/17/2021 4:00,0.9947076,0.03174603
7/17/2021 4:05,0.9843692,0.03174603
7/17/2021 4:10,0.987323,0.03174603
7/17/2021 4:15,0.987323,0.03174603
7/17/2021 4:20,0.9939692,0.03174603
7/17/2021 4:25,0.9917538,0.03174603
7/17/2021 4:30,0.9814154,0.03174603
7/17/2021 4:35,0.9806769,0.03174603
7/17/2021 4:40,0.9777231,0.03174603
7/17/2021 4:45,0.9888,0.03174603
7/17/2021 4:50,0.9769846,0.03174603
7/17/2021 4:55,0.9888,0.03174603
7/17/2021 5:00,0.9865846,0.03174603
7/17/2021 5:05,0.9865846,0.03174603
7/17/2021 5:10,0.9865846,0.03174603
7/17/2021 5:15,0.9806769,0.03174603
7/17/2021 5:20,0.9917538,0.03174603
7/17/2021 5:25,0.9851077,0.03174603
7/17/2021 5:30,0.9865846,0.03174603
7/17/2021 5:35,0.996923,0.03174603
7/17/2021 5:40,0.9806769,0.03174603
7/17/2021 5:45,0.9851077,0.03174603
7/17/2021 5:50,0.9902769,0.03174603
7/17/2021 5:55,0.987323,0.03174603
7/17/2021 6:00,0.9910154,0.03174603
7/17/2021 6:05,0.9998769,0.03174603
7/17/2021 6:10,0.9961846,0.03174603
7/17/2021 6:15,0.9880615,0.03174603
7/17/2021 6:20,0.9984,0.03174603
7/17/2021 6:25,0.9939692,0.03174603
7/17/2021 6:30,0.987323,0.03174603
7/17/2021 6:35,0.9947076,0.03174603
7/17/2021 6:40,0.9939692,0.03174603
7/17/2021 6:45,0.9939692,0.03174603
7/17/2021 6:50,0.9880615,0.03174603
7/17/2021 6:55,0.9888,0.03174603
7/17/2021 7:00,0.9939692,0.03174603
7/17/2021 7:05,0.987323,0.03174603
7/17/2021 7:10,0.9947076,0.03174603
7/17/2021 7:15,0.9939692,0.03174603
7/17/2021 7:20,0.9998769,0.03174603
7/17/2021 7:25,0.9998769,0.03052503
7/17/2021 7:30,0.9888,0.03052503
7/17/2021 7:35,1.004308,0.03052503
7/17/2021 7:40,0.9961846,0.03052503
7/17/2021 7:45,1.005046,0.03052503
7/17/2021 7:50,0.9902769,0.03174603
7/17/2021 7:55,0.9910154,0.03052503
7/17/2021 8:00,0.996923,0.03052503
7/17/2021 8:05,0.9924923,0.03174603
7/17/2021 8:10,0.9954461,0.03174603
7/17/2021 8:15,0.9858461,0.03052503
7/17/2021 8:20,0.9821538,0.03052503
7/17/2021 8:25,0.9917538,0.03052503
7/17/2021 8:30,0.9932307,0.03052503
7/17/2021 8:35,0.9947076,0.03052503
7/17/2021 8:40,0.9917538,0.03052503
7/17/2021 8:45,0.9888,0.03052503
7/17/2021 8:50,0.9902769,0.03052503
7/17/2021 8:55,0.9910154,0.03052503
7/17/2021 9:00,0.9976615,0.03052503
7/17/2021 9:05,0.9917538,0.03052503
7/17/2021 9:10,0.987323,0.03052503
7/17/2021 9:15,0.9932307,0.03052503
7/17/2021 9:20,0.9991384,0.03052503
7/17/2021 9:25,0.9917538,0.03052503
7/17/2021 9:30,0.9954461,0.03052503
7/17/2021 9:35,0.9843692,0.03052503
7/17/2021 9:40,0.987323,0.03052503
7/17/2021 9:45,0.9917538,0.03052503
7/17/2021 9:50,0.9755077,0.03052503
7/17/2021 9:55,0.9865846,0.03052503
7/17/2021 10:00,0.9910154,0.03174603
7/17/2021 10:05,1.034585,0.03052503
7/17/2021 10:10,1.016123,0.03052503
7/17/2021 10:15,0.9481846,0.03052503
7/17/2021 10:20,0.9548308,0.03052503
7/17/2021 10:25,1.010954,0.03052503
7/17/2021 10:30,1.018338,0.03052503
7/17/2021 10:35,1.010954,0.03052503
7/17/2021 10:40,1.010954,0.03174603
7/17/2021 10:45,1.007262,0.03052503
7/17/2021 10:50,1.020554,0.03052503
7/17/2021 10:55,1.008,0.03174603
7/17/2021 11:00,1.004308,0.03052503
7/17/2021 11:05,0.9998769,0.03052503
7/17/2021 11:10,0.996923,0.03174603
7/17/2021 11:15,1.008738,0.03052503
7/17/2021 11:20,1.002092,0.03052503
7/17/2021 11:25,0.9998769,0.03052503
7/17/2021 11:30,1.005785,0.03052503
7/17/2021 11:35,0.9961846,0.03052503
7/17/2021 11:40,0.9932307,0.03052503
7/17/2021 11:45,0.9917538,0.03052503
7/17/2021 11:50,1.004308,0.03052503
7/17/2021 11:55,0.9998769,0.03052503
7/17/2021 12:00,0.9932307,0.03052503
7/17/2021 12:05,0.9924923,0.03052503
7/17/2021 12:10,1.001354,0.03052503
7/17/2021 12:15,0.9976615,0.03052503
7/17/2021 12:20,0.9947076,0.03052503
7/17/2021 12:25,0.9954461,0.03052503
7/17/2021 12:30,0.9924923,0.03174603
7/17/2021 12:35,0.9947076,0.03052503
7/17/2021 12:40,0.987323,0.03052503
7/17/2021 12:45,0.9947076,0.03052503
7/17/2021 12:50,0.9947076,0.03052503
7/17/2021 12:55,0.9961846,0.03174603
7/17/2021 13:00,0.987323,0.03174603
7/17/2021 13:05,0.9991384,0.03174603
7/17/2021 13:10,0.9961846,0.03174603
7/17/2021 13:15,0.9991384,0.03174603
7/17/2021 13:20,0.9947076,0.03174603
7/17/2021 13:25,1.003569,0.03174603
7/17/2021 13:30,1.002831,0.03174603
7/17/2021 13:35,1.005046,0.03174603
7/17/2021 13:40,0.9902769,0.03174603
7/17/2021 13:45,1.004308,0.03174603
7/17/2021 13:50,0.9991384,0.03174603
7/17/2021 13:55,1.001354,0.03174603
7/17/2021 14:00,1.008,0.03174603
7/17/2021 14:05,0.9910154,0.03174603
7/17/2021 14:10,1.010954,0.03174603
7/17/2021 14:15,0.9984,0.03174603
7/17/2021 14:20,1.001354,0.03174603
7/17/2021 14:25,1.005785,0.03174603
7/17/2021 14:30,1.004308,0.03174603
7/17/2021 14:35,1.002092,0.03174603
7/17/2021 14:40,1.005785,0.03174603
7/17/2021 14:45,1.002831,0.03296703
7/17/2021 14:50,1.012431,0.03296703
7/17/2021 14:55,0.9961846,0.03296703
7/17/2021 15:00,0.9947076,0.03296703
7/17/2021 15:05,0.9939692,0.03296703
7/17/2021 15:10,0.996923,0.03296703
7/17/2021 15:15,0.9961846,0.03296703
7/17/2021 15:20,1.001354,0.03296703
7/17/2021 15:25,0.9976615,0.03296703
7/17/2021 15:30,1.001354,0.03296703
7/17/2021 15:35,0.9902769,0.03296703
7/17/2021 15:40,0.9902769,0.03296703
7/17/2021 15:45,0.9888,0.03296703
7/17/2021 15:50,0.9998769,0.03296703
7/17/2021 15:55,0.9865846,0.03296703
7/17/2021 16:00,0.9917538,0.03296703
7/17/2021 16:05,0.9895384,0.03296703
7/17/2021 16:10,0.9976615,0.03296703
7/17/2021 16:15,0.9910154,0.03296703
7/17/2021 16:20,0.9858461,0.03296703
7/17/2021 16:25,0.996923,0.03296703
7/17/2021 16:30,0.9947076,0.03296703
7/17/2021 16:35,0.9917538,0.03296703
7/17/2021 16:40,0.9917538,0.03296703
7/17/2021 16:45,0.9932307,0.03296703
7/17/2021 16:50,0.996923,0.03296703
7/17/2021 16:55,0.9895384,0.03296703
7/17/2021 17:00,0.9828923,0.03296703
7/17/2021 17:05,0.9865846,0.03296703
7/17/2021 17:10,0.9910154,0.03296703
7/17/2021 17:15,0.9865846,0.03296703
7/17/2021 17:20,0.9865846,0.03296703
7/17/2021 17:25,0.996923,0.03296703
7/17/2021 17:30,1.004308,0.03296703
7/17/2021 17:35,0.9939692,0.03296703
7/17/2021 17:40,0.9954461,0.03296703
7/17/2021 17:45,0.9888,0.03296703
7/17/2021 17:50,1.003569,0.03296703
7/17/2021 17:55,0.996923,0.03296703
7/17/2021 18:00,0.9917538,0.03296703
7/17/2021 18:05,0.9984,0.03296703
7/17/2021 18:10,1.001354,0.03296703
7/17/2021 18:15,0.9961846,0.03296703
7/17/2021 18:20,1.007262,0.03296703
7/17/2021 18:25,0.9917538,0.03296703
7/17/2021 18:30,1.002831,0.03296703
7/17/2021 18:35,0.9991384,0.03296703
7/17/2021 18:40,0.9947076,0.03296703
7/17/2021 18:45,0.996923,0.03296703
7/17/2021 18:50,0.9984,0.03296703
7/17/2021 18:55,0.9961846,0.03296703
7/17/2021 19:00,0.9984,0.03296703
7/17/2021 19:05,0.9947076,0.03296703
7/17/2021 19:10,0.996923,0.03296703
7/17/2021 19:15,1.001354,0.03296703
7/17/2021 19:20,1.002092,0.03296703
7/17/2021 19:25,1.000615,0.03296703
7/17/2021 19:30,1.000615,0.03296703
7/17/2021 19:35,0.9991384,0.03296703
7/17/2021 19:40,0.9961846,0.03296703
7/17/2021 19:45,0.9961846,0.03296703
7/17/2021 19:50,1.003569,0.03296703
7/17/2021 19:55,0.9998769,0.03296703
7/17/2021 20:00,0.9961846,0.03296703
7/17/2021 20:05,1.001354,0.03296703
7/17/2021 20:10,0.9984,0.03296703
7/17/2021 20:15,0.9984,0.03296703
7/17/2021 20:20,0.9984,0.03296703
7/17/2021 20:25,1.005785,0.03296703
7/17/2021 20:30,0.996923,0.03296703
7/17/2021 20:35,0.9939692,0.03296703
7/17/2021 20:40,1.006523,0.03296703
7/17/2021 20:45,0.996923,0.03296703
7/17/2021 20:50,0.9865846,0.03296703
7/17/2021 20:55,1.002831,0.03296703
7/17/2021 21:00,1.001354,0.03296703
7/17/2021 21:05,0.9932307,0.03296703
7/17/2021 21:10,0.9910154,0.03296703
7/17/2021 21:15,0.9984,0.03296703
7/17/2021 21:20,0.9895384,0.03296703
7/17/2021 21:25,0.9991384,0.03296703
7/17/2021 21:30,1.010215,0.03296703
7/17/2021 21:35,1.003569,0.03296703
7/17/2021 21:40,0.9984,0.03296703
7/17/2021 21:45,0.9902769,0.03296703
7/17/2021 21:50,0.9991384,0.03296703
7/17/2021 21:55,0.9961846,0.03296703
7/17/2021 22:00,1.002831,0.03296703
7/17/2021 22:05,0.9991384,0.03296703
7/17/2021 22:10,1.004308,0.03296703
7/17/2021 22:15,1.004308,0.03296703
7/17/2021 22:20,1.010954,0.03296703
7/17/2021 22:25,1.002831,0.03296703
7/17/2021 22:30,1.000615,0.03296703
7/17/2021 22:35,1.008,0.03296703
7/17/2021 22:40,1.002831,0.03418804
7/17/2021 22:45,1.010215,0.03418804
7/17/2021 22:50,1.002092,0.03418804
7/17/2021 22:55,1.002831,0.03418804
7/17/2021 23:00,1.005785,0.03418804
7/17/2021 23:05,0.9998769,0.03418804
7/17/2021 23:10,0.9976615,0.03418804
7/17/2021 23:15,1.000615,0.03418804
7/17/2021 23:20,1.009477,0.03418804
7/17/2021 23:25,1.000615,0.03418804
7/17/2021 23:30,1.004308,0.03418804
7/17/2021 23:35,1.005785,0.03418804
7/17/2021 23:40,1.002092,0.03418804
7/17/2021 23:45,1.004308,0.03418804
7/17/2021 23:50,1.002092,0.03418804
7/17/2021 23:55,0.9961846,0.03418804
7/18/2021 0:00,1.004308,0.03418804
7/18/2021 0:05,1.009477,0.03418804
7/18/2021 0:10,1.007262,0.03418804
7/18/2021 0:15,1.003569,0.03418804
7/18/2021 0:20,1.002092,0.03418804
7/18/2021 0:25,0.9947076,0.03418804
7/18/2021 0:30,1.003569,0.03418804
7/18/2021 0:35,1.007262,0.03418804
7/18/2021 0:40,0.9961846,0.03418804
7/18/2021 0:45,0.9947076,0.03418804
7/18/2021 0:50,1.005785,0.03418804
7/18/2021 0:55,0.996923,0.03418804
7/18/2021 1:00,0.9998769,0.03418804
7/18/2021 1:05,0.9895384,0.03418804
7/18/2021 1:10,1.004308,0.03418804
7/18/2021 1:15,1.002831,0.03418804
7/18/2021 1:20,1.005046,0.03418804
7/18/2021 1:25,0.9917538,0.03418804
7/18/2021 1:30,1.004308,0.03418804
7/18/2021 1:35,0.996923,0.03418804
7/18/2021 1:40,0.9924923,0.03418804
7/18/2021 1:45,0.9976615,0.03540904
7/18/2021 1:50,1.004308,0.03540904
7/18/2021 1:55,1.005785,0.03540904
7/18/2021 2:00,1.002092,0.03418804
7/18/2021 2:05,0.9976615,0.03540904
7/18/2021 2:10,0.9984,0.03418804
7/18/2021 2:15,0.987323,0.03540904
7/18/2021 2:20,0.9939692,0.03540904
7/18/2021 2:25,0.9888,0.03540904
7/18/2021 2:30,0.9888,0.03540904
7/18/2021 2:35,0.9917538,0.03540904
7/18/2021 2:40,0.9880615,0.03540904
7/18/2021 2:45,0.9851077,0.03540904
7/18/2021 2:50,0.9917538,0.03540904
7/18/2021 2:55,0.9902769,0.03540904
7/18/2021 3:00,0.9865846,0.03540904
7/18/2021 3:05,0.9917538,0.03540904
7/18/2021 3:10,0.9932307,0.03540904
7/18/2021 3:15,0.9851077,0.03540904
7/18/2021 3:20,0.9888,0.03540904
7/18/2021 3:25,0.9902769,0.03540904
7/18/2021 3:30,0.987323,0.03540904
7/18/2021 3:35,0.9865846,0.03540904
7/18/2021 3:40,0.9917538,0.03540904
7/18/2021 3:45,0.9792,0.03540904
7/18/2021 3:50,0.9821538,0.03540904
7/18/2021 3:55,0.9851077,0.03540904
7/18/2021 4:00,1.0464,0.03540904
7/18/2021 4:05,1.028677,0.03540904
7/18/2021 4:10,0.9792,0.03540904
7/18/2021 4:15,1.013908,0.03540904
7/18/2021 4:20,0.9991384,0.03540904
7/18/2021 4:25,1.001354,0.03540904
7/18/2021 4:30,0.996923,0.03540904
7/18/2021 4:35,0.9947076,0.03540904
7/18/2021 4:40,0.9932307,0.03540904
7/18/2021 4:45,0.9976615,0.03540904
7/18/2021 4:50,1.002831,0.03540904
7/18/2021 4:55,0.9954461,0.03540904
7/18/2021 5:00,0.9947076,0.03540904
7/18/2021 5:05,0.9991384,0.03540904
7/18/2021 5:10,0.9924923,0.03540904
7/18/2021 5:15,0.9954461,0.03540904
7/18/2021 5:20,0.9947076,0.03540904
7/18/2021 5:25,0.9932307,0.03540904
7/18/2021 5:30,1.001354,0.03540904
7/18/2021 5:35,0.9917538,0.03540904
7/18/2021 5:40,1.001354,0.03540904
7/18/2021 5:45,0.9939692,0.03540904
7/18/2021 5:50,0.9932307,0.03540904
7/18/2021 5:55,0.9947076,0.03540904
7/18/2021 6:00,0.9880615,0.03540904
7/18/2021 6:05,0.9947076,0.03540904
7/18/2021 6:10,0.9984,0.03663004
7/18/2021 6:15,1.000615,0.03663004
7/18/2021 6:20,0.9954461,0.03663004
7/18/2021 6:25,0.9910154,0.03663004
7/18/2021 6:30,0.9947076,0.03785104
7/18/2021 6:35,0.9984,0.03785104
7/18/2021 6:40,0.9976615,0.03785104
7/18/2021 6:45,0.9932307,0.03785104
7/18/2021 6:50,0.9843692,0.03785104
7/18/2021 6:55,0.9902769,0.03785104
7/18/2021 7:00,0.9828923,0.03785104
7/18/2021 7:05,0.9814154,0.03785104
7/18/2021 7:10,0.9828923,0.03785104
7/18/2021 7:15,0.9799384,0.03785104
7/18/2021 7:20,0.9740308,0.03785104
7/18/2021 7:25,0.9947076,0.03785104
7/18/2021 7:30,0.9880615,0.03785104
7/18/2021 7:35,0.9755077,0.03785104
7/18/2021 7:40,1.034585,0.03785104
7/18/2021 7:45,1.030154,0.03785104
7/18/2021 7:50,1.018338,0.03785104
7/18/2021 7:55,1.015385,0.03785104
7/18/2021 8:00,1.009477,0.03785104
7/18/2021 8:05,1.010215,0.03785104
7/18/2021 8:10,1.007262,0.03785104
7/18/2021 8:15,1.005785,0.03785104
7/18/2021 8:20,1.011692,0.03785104
7/18/2021 8:25,1.006523,0.03785104
7/18/2021 8:30,1.005046,0.03785104
7/18/2021 8:35,0.9991384,0.03785104
7/18/2021 8:40,1.005785,0.03785104
7/18/2021 8:45,0.9984,0.03785104
7/18/2021 8:50,0.9947076,0.03785104
7/18/2021 8:55,1.002831,0.03785104
7/18/2021 9:00,0.9991384,0.03785104
7/18/2021 9:05,0.996923,0.03785104
7/18/2021 9:10,0.9932307,0.03785104
7/18/2021 9:15,0.9998769,0.03785104
7/18/2021 9:20,0.9947076,0.03785104
7/18/2021 9:25,0.9954461,0.03785104
7/18/2021 9:30,0.9917538,0.03785104
7/18/2021 9:35,0.987323,0.03785104
7/18/2021 9:40,1.000615,0.03785104
7/18/2021 9:45,0.996923,0.03785104
7/18/2021 9:50,0.9961846,0.03785104
7/18/2021 9:55,0.996923,0.03785104
7/18/2021 10:00,1.004308,0.03785104
7/18/2021 10:05,1.002092,0.03785104
7/18/2021 10:10,1.000615,0.03785104
7/18/2021 10:15,1.002831,0.03785104
7/18/2021 10:20,0.9954461,0.03785104
7/18/2021 10:25,0.9961846,0.03785104
7/18/2021 10:30,0.9947076,0.03785104
7/18/2021 10:35,1.006523,0.03785104
7/18/2021 10:40,0.9998769,0.03785104
7/18/2021 10:45,0.9984,0.03785104
7/18/2021 10:50,0.9917538,0.03785104
7/18/2021 10:55,0.9961846,0.03785104
7/18/2021 11:00,1.016123,0.03785104
7/18/2021 11:05,0.9984,0.03785104
7/18/2021 11:10,1.002092,0.03785104
7/18/2021 11:15,0.9976615,0.03785104
7/18/2021 11:20,0.9947076,0.03785104
7/18/2021 11:25,1.004308,0.03785104
7/18/2021 11:30,0.9961846,0.03785104
7/18/2021 11:35,0.9939692,0.03785104
7/18/2021 11:40,0.9947076,0.03785104
7/18/2021 11:45,0.9851077,0.03785104
7/18/2021 11:50,0.9888,0.03785104
7/18/2021 11:55,0.9954461,0.03785104
7/18/2021 12:00,0.9910154,0.03785104
7/18/2021 12:05,0.9851077,0.03785104
7/18/2021 12:10,0.9888,0.03785104
7/18/2021 12:15,0.9880615,0.03785104
7/18/2021 12:20,0.9917538,0.03785104
7/18/2021 12:25,0.9961846,0.03785104
7/18/2021 12:30,0.9865846,0.03785104
7/18/2021 12:35,0.9939692,0.03785104
7/18/2021 12:40,0.9902769,0.03785104
7/18/2021 12:45,0.9932307,0.03785104
7/18/2021 12:50,0.9895384,0.03785104
7/18/2021 12:55,0.9932307,0.03785104
7/18/2021 13:00,0.9917538,0.03785104
7/18/2021 13:05,0.9947076,0.03785104
7/18/2021 13:10,0.9947076,0.03785104
7/18/2021 13:15,0.9932307,0.03785104
7/18/2021 13:20,0.9932307,0.03785104
7/18/2021 13:25,0.9917538,0.03785104
7/18/2021 13:30,0.9932307,0.03785104
7/18/2021 13:35,0.9961846,0.03785104
7/18/2021 13:40,0.9947076,0.03785104
7/18/2021 13:45,1.001354,0.03785104
7/18/2021 13:50,0.9961846,0.03785104
7/18/2021 13:55,0.9895384,0.03785104
7/18/2021 14:00,0.9976615,0.03785104
7/18/2021 14:05,0.9947076,0.03785104
7/18/2021 14:10,0.9865846,0.03785104
7/18/2021 14:15,1.002831,0.03785104
7/18/2021 14:20,1.002092,0.03907204
7/18/2021 14:25,0.9998769,0.03907204
7/18/2021 14:30,0.9939692,0.03907204
7/18/2021 14:35,0.9932307,0.03907204
7/18/2021 14:40,0.9932307,0.03907204
7/18/2021 14:45,0.996923,0.03907204
7/18/2021 14:50,0.9984,0.03907204
7/18/2021 14:55,0.9910154,0.03907204
7/18/2021 15:00,0.9917538,0.03907204
7/18/2021 15:05,0.9902769,0.03907204
7/18/2021 15:10,0.9851077,0.03907204
7/18/2021 15:15,0.9917538,0.03907204
7/18/2021 15:20,0.9828923,0.03907204
7/18/2021 15:25,0.9799384,0.03907204
7/18/2021 15:30,0.9880615,0.03907204
7/18/2021 15:35,0.9924923,0.03907204
7/18/2021 15:40,0.9902769,0.03907204
7/18/2021 15:45,0.9836308,0.03907204
7/18/2021 15:50,0.9888,0.04029304
7/18/2021 15:55,0.9947076,0.04029304
7/18/2021 16:00,0.9917538,0.04029304
7/18/2021 16:05,0.9954461,0.04029304
7/18/2021 16:10,0.9924923,0.04029304
7/18/2021 16:15,1.001354,0.04029304
7/18/2021 16:20,0.9924923,0.04029304
7/18/2021 16:25,0.9954461,0.04029304
7/18/2021 16:30,0.9888,0.04029304
7/18/2021 16:35,1.002092,0.04029304
7/18/2021 16:40,1.013169,0.04029304
7/18/2021 16:45,0.9917538,0.04029304
7/18/2021 16:50,0.9998769,0.04029304
7/18/2021 16:55,0.9939692,0.04029304
7/18/2021 17:00,0.9947076,0.04029304
7/18/2021 17:05,0.9902769,0.04029304
7/18/2021 17:10,0.987323,0.04029304
7/18/2021 17:15,0.9888,0.04029304
7/18/2021 17:20,0.9821538,0.04029304
7/18/2021 17:25,0.9895384,0.04029304
7/18/2021 17:30,0.9880615,0.04029304
7/18/2021 17:35,0.9858461,0.04029304
7/18/2021 17:40,0.9865846,0.04151404
7/18/2021 17:45,0.987323,0.04151404
7/18/2021 17:50,0.9888,0.04151404
7/18/2021 17:55,0.9843692,0.04151404
7/18/2021 18:00,0.9865846,0.04151404
7/18/2021 18:05,0.9888,0.04151404
7/18/2021 18:10,0.9939692,0.04151404
7/18/2021 18:15,0.9821538,0.04151404
7/18/2021 18:20,0.9792,0.04151404
7/18/2021 18:25,0.9851077,0.04151404
7/18/2021 18:30,0.9784615,0.04151404
7/18/2021 18:35,0.9917538,0.04151404
7/18/2021 18:40,1.013908,0.04151404
7/18/2021 18:45,1.019077,0.04151404
7/18/2021 18:50,1.006523,0.04029304
7/18/2021 18:55,0,-1
7/18/2021 19:00,0,-1
7/18/2021 19:05,0,-1
7/18/2021 19:10,0,-1
7/18/2021 19:15,0,-1
7/18/2021 19:20,0,-1
7/18/2021 19:25,0,-1
7/18/2021 19:30,0,-1
7/18/2021 19:35,0,-1
7/18/2021 19:40,0,-1
7/18/2021 19:45,0,-1
7/18/2021 19:50,0,-1
7/18/2021 19:55,0,-1
7/18/2021 20:00,0,-1
7/18/2021 20:05,0,-1
7/18/2021 20:10,0,-1
7/18/2021 20:15,0,-1
7/18/2021 20:20,0,-1
7/18/2021 20:25,0,-1
7/18/2021 20:30,0,-1
7/18/2021 20:35,0,-1
7/18/2021 20:40,0,-1
7/18/2021 20:45,0,-1
7/18/2021 20:50,0,-1
7/18/2021 20:55,0,-1
7/18/2021 21:00,0,-1
7/18/2021 21:05,0,-1
7/18/2021 21:10,0,-1
7/18/2021 21:15,0,-1
7/18/2021 21:20,0,-1
7/18/2021 21:25,0,-1
7/18/2021 21:30,0,-1
7/18/2021 21:35,0,-1
7/18/2021 21:40,0,-1
7/18/2021 21:45,0,-1
7/18/2021 21:50,0,-1
7/18/2021 21:55,0,-1
7/18/2021 22:00,0,-1
7/18/2021 22:05,0,-1
7/18/2021 22:10,0,-1
7/18/2021 22:15,0,-1
7/18/2021 22:20,0,-1
7/18/2021 22:25,0,-1
7/18/2021 22:30,0,-1
7/18/2021 22:35,0,-1
7/18/2021 22:40,0,-1
7/18/2021 22:45,0,-1
7/18/2021 22:50,0,-1
7/18/2021 22:55,0,-1
7/18/2021 23:00,0,-1
7/18/2021 23:05,0,-1
7/18/2021 23:10,0,-1
7/18/2021 23:15,0,-1
7/18/2021 23:20,0,-1
7/18/2021 23:25,0,-1
7/18/2021 23:30,0,-1
7/18/2021 23:35,0,-1
7/18/2021 23:40,0,-1
7/18/2021 23:45,0,-1
7/18/2021 23:50,0,-1
7/18/2021 23:55,0,-1
7/19/2021 0:00,0,-1
7/19/2021 0:05,0,-1
7/19/2021 0:10,0,-1
7/19/2021 0:15,0,-1
7/19/2021 0:20,0,-1
7/19/2021 0:25,0,-1
7/19/2021 0:30,0,-1
7/19/2021 0:35,0,-1
7/19/2021 0:40,0,-1
7/19/2021 0:45,0,-1
7/19/2021 0:50,0,-1
7/19/2021 0:55,0,-1
7/19/2021 1:00,0,-1
7/19/2021 1:05,0,-1
7/19/2021 1:10,0,-1
7/19/2021 1:15,0,-1
7/19/2021 1:20,0,-1
7/19/2021 1:25,0,-1
7/19/2021 1:30,0,-1
7/19/2021 1:35,0,-1
7/19/2021 1:40,0,-1
7/19/2021 1:45,0,-1
7/19/2021 1:50,0,-1
7/19/2021 1:55,0,-1
7/19/2021 2:00,0,-1
7/19/2021 2:05,0,-1
7/19/2021 2:10,0,-1
7/19/2021 2:15,0,-1
7/19/2021 2:20,0,-1
7/19/2021 2:25,0,-1
7/19/2021 2:30,0,-1
7/19/2021 2:35,0,-1
7/19/2021 2:40,0,-1
7/19/2021 2:45,0,-1
7/19/2021 2:50,0,-1
7/19/2021 2:55,0,-1
7/19/2021 3:00,0,-1
7/19/2021 3:05,0,-1
7/19/2021 3:10,0,-1
7/19/2021 3:15,0,-1
7/19/2021 3:20,0,-1
7/19/2021 3:25,0,-1
7/19/2021 3:30,0,-1
7/19/2021 3:35,0,-1
7/19/2021 3:40,0,-1
7/19/2021 3:45,0,-1
7/19/2021 3:50,0,-1
7/19/2021 3:55,0,-1
7/19/2021 4:00,0,-1
7/19/2021 4:05,0,-1
7/19/2021 4:10,0,-1
7/19/2021 4:15,0,-1
7/19/2021 4:20,0,-1
7/19/2021 4:25,0,-1
7/19/2021 4:30,0,-1
7/19/2021 4:35,0,-1
7/19/2021 4:40,0,-1
7/19/2021 4:45,0,-1
7/19/2021 4:50,0,-1
7/19/2021 4:55,0,-1
7/19/2021 5:00,0,-1
7/19/2021 5:05,0,-1
7/19/2021 5:10,0,-1
7/19/2021 5:15,0,-1
7/19/2021 5:20,0,-1
7/19/2021 5:25,0,-1
7/19/2021 5:30,0,-1
7/19/2021 5:35,0,-1
7/19/2021 5:40,0,-1
7/19/2021 5:45,0,-1
7/19/2021 5:50,0,-1
7/19/2021 5:55,0,-1
7/19/2021 6:00,0,-1
7/19/2021 6:05,0,-1
7/19/2021 6:10,0,-1
7/19/2021 6:15,0,-1
7/19/2021 6:20,0,-1
7/19/2021 6:25,0,-1
7/19/2021 6:30,0,-1
7/19/2021 6:35,0,-1
7/19/2021 6:40,0,-1
7/19/2021 6:45,0,-1
7/19/2021 6:50,0,-1
7/19/2021 6:55,0,-1
7/19/2021 7:00,0,-1
7/19/2021 7:05,0,-1
7/19/2021 7:10,0,-1
7/19/2021 7:15,0,-1
7/19/2021 7:20,0,-1
7/19/2021 7:25,0,-1
7/19/2021 7:30,0,-1
7/19/2021 7:35,0,-1
7/19/2021 7:40,0,-1
7/19/2021 7:45,0,-1
7/19/2021 7:50,0,-1
7/19/2021 7:55,0,-1
7/19/2021 8:00,0,-1
7/19/2021 8:05,0,-1
7/19/2021 8:10,0,-1
7/19/2021 8:15,0,-1
7/19/2021 8:20,0,-1
7/19/2021 8:25,0,-1
7/19/2021 8:30,0,-1
7/19/2021 8:35,0,-1
7/19/2021 8:40,0,-1
7/19/2021 8:45,0,-1
7/19/2021 8:50,0,-1
7/19/2021 8:55,0,-1
7/19/2021 9:00,0,-1
7/19/2021 9:05,0,-1
7/19/2021 9:10,0,-1
7/19/2021 9:15,0,-1
7/19/2021 9:20,0,-1
7/19/2021 9:25,0,-1
7/19/2021 9:30,0,-1
7/19/2021 9:35,0,-1
7/19/2021 9:40,0,-1
7/19/2021 9:45,0,-1
7/19/2021 9:50,0,-1
7/19/2021 9:55,0,-1
7/19/2021 10:00,0,-1
7/19/2021 10:05,0,-1
7/19/2021 10:10,0,-1
7/19/2021 10:15,0,-1
7/19/2021 10:20,0,-1
7/19/2021 10:25,0,-1
7/19/2021 10:30,0,-1
7/19/2021 10:35,0,-1
7/19/2021 10:40,0,-1
7/19/2021 10:45,0,-1
7/19/2021 10:50,0,-1
7/19/2021 10:55,0,-1
7/19/2021 11:00,0,-1
7/19/2021 11:05,0,-1
7/19/2021 11:10,0,-1
7/19/2021 11:15,0,-1
7/19/2021 11:20,0,-1
7/19/2021 11:25,0,-1
7/19/2021 11:30,0,-1
7/19/2021 11:35,0,-1
7/19/2021 11:40,0,-1
7/19/2021 11:45,0,-1
7/19/2021 11:50,0,-1
7/19/2021 11:55,0,-1
7/19/2021 12:00,0,-1
7/19/2021 12:05,0,-1
7/19/2021 12:10,0,-1
7/19/2021 12:15,0,-1
7/19/2021 12:20,0,-1
7/19/2021 12:25,0,-1
7/19/2021 12:30,0,-1
7/19/2021 12:35,0,-1
7/19/2021 12:40,0,-1
7/19/2021 12:45,0,-1
7/19/2021 12:50,0,-1
7/19/2021 12:55,0,-1
7/19/2021 13:00,0,-1
7/19/2021 13:05,0,-1
7/19/2021 13:10,0,-1
7/19/2021 13:15,0,-1
7/19/2021 13:20,0,-1
7/19/2021 13:25,0,-1
7/19/2021 13:30,0,-1
7/19/2021 13:35,0,-1
7/19/2021 13:40,0,-1
7/19/2021 13:45,0,-1
7/19/2021 13:50,0,-1
7/19/2021 13:55,0,-1
7/19/2021 14:00,0,-1
7/19/2021 14:05,0,-1
7/19/2021 14:10,0,-1
7/19/2021 14:15,0,-1
7/19/2021 14:20,0,-1
7/19/2021 14:25,0,-1
7/19/2021 14:30,0,-1
7/19/2021 14:35,0,-1
7/19/2021 14:40,0,-1
7/19/2021 14:45,0,-1
7/19/2021 14:50,0,-1
7/19/2021 14:55,0,-1
7/19/2021 15:00,0,-1
7/19/2021 15:05,0,-1
7/19/2021 15:10,0,-1
7/19/2021 15:15,0,-1
7/19/2021 15:20,0,-1
7/19/2021 15:25,0,-1
7/19/2021 15:30,0,-1
7/19/2021 15:35,0,-1
7/19/2021 15:40,0,-1
7/19/2021 15:45,0,-1
7/19/2021 15:50,0,-1
7/19/2021 15:55,0,-1
7/19/2021 16:00,0,-1
7/19/2021 16:05,0,-1
7/19/2021 16:10,0.7089231,0.1172161
7/19/2021 16:15,1.004308,0.1330891
7/19/2021 16:20,1.004308,0.1428571
7/19/2021 16:25,1.005046,0.1123321
7/19/2021 16:30,1.005785,0.0964591
7/19/2021 16:35,1.003569,0.08669109
7/19/2021 16:40,1.006523,0.07936508
7/19/2021 16:45,1.008,0.07326008
7/19/2021 16:50,1.002831,0.06837607
7/19/2021 16:55,1.008,0.06471307
7/19/2021 17:00,0.996923,0.06227106
7/19/2021 17:05,1.007262,0.05860806
7/19/2021 17:10,1.008738,0.05616606
7/19/2021 17:15,1.011692,0.05372405
7/19/2021 17:20,1.010215,0.05372405
7/19/2021 17:25,1.005785,0.05128205
7/19/2021 17:30,1.006523,0.05128205
7/19/2021 17:35,1.009477,0.04884005
7/19/2021 17:40,1.010954,0.04884005
7/19/2021 17:45,0.9998769,0.04761905
7/19/2021 17:50,1.010954,0.04639805
7/19/2021 17:55,1.006523,0.04639805
7/19/2021 18:00,1.003569,0.04517705
7/19/2021 18:05,1.008,0.04395605
7/19/2021 18:10,1.013908,0.04395605
7/19/2021 18:15,1.008738,0.04273504
7/19/2021 18:20,1.006523,0.04273504
7/19/2021 18:25,1.006523,0.04151404
7/19/2021 18:30,1.015385,0.04151404
7/19/2021 18:35,1.013908,0.04151404
7/19/2021 18:40,1.008,0.04029304
7/19/2021 18:45,1.004308,0.04029304
7/19/2021 18:50,0.9917538,0.04029304
7/19/2021 18:55,0.9932307,0.04029304
7/19/2021 19:00,0.9910154,0.04029304
7/19/2021 19:05,0.9961846,0.04029304
7/19/2021 19:10,0.9984,0.03907204
7/19/2021 19:15,0.987323,0.03907204
7/19/2021 19:20,0.9924923,0.03907204
7/19/2021 19:25,0.9902769,0.03907204
7/19/2021 19:30,0.9851077,0.03785104
7/19/2021 19:35,0.9910154,0.03785104
7/19/2021 19:40,0.9851077,0.03785104
7/19/2021 19:45,0.9836308,0.03785104
7/19/2021 19:50,1.020554,0.03785104
7/19/2021 19:55,0.9408,0.03785104
7/19/2021 20:00,0.8957538,0.03663004
7/19/2021 20:05,0.8994461,0.03663004
7/19/2021 20:10,0.9001846,0.03540904
7/19/2021 20:15,0.8987077,0.03540904
7/19/2021 20:20,0.8876308,0.03540904
7/19/2021 20:25,0.8928,0.03540904
7/19/2021 20:30,0.8905846,0.03540904
7/19/2021 20:35,0.8972307,0.03540904
7/19/2021 20:40,0.8905846,0.03540904
7/19/2021 20:45,0.8913231,0.03540904
7/19/2021 20:50,0.8942769,0.03540904
7/19/2021 20:55,0.8972307,0.03540904
7/19/2021 21:00,0.8987077,0.03540904
7/19/2021 21:05,0.8972307,0.03540904
7/19/2021 21:10,0.9001846,0.03540904
7/19/2021 21:15,0.8994461,0.03540904
7/19/2021 21:20,0.9001846,0.03540904
7/19/2021 21:25,0.8979692,0.03540904
7/19/2021 21:30,0.9075692,0.03540904
7/19/2021 21:35,0.8942769,0.03540904
7/19/2021 21:40,0.8957538,0.03540904
7/19/2021 21:45,0.9068307,0.03418804
7/19/2021 21:50,0.9016615,0.03540904
7/19/2021 21:55,0.8979692,0.03418804
7/19/2021 22:00,0.8994461,0.03418804
7/19/2021 22:05,0.8987077,0.03418804
7/19/2021 22:10,0.8928,0.03418804
7/19/2021 22:15,0.9112616,0.03418804
7/19/2021 22:20,0.9038769,0.03418804
7/19/2021 22:25,0.9134769,0.03418804
7/19/2021 22:30,0.9053538,0.03418804
7/19/2021 22:35,0.9024,0.03418804
7/19/2021 22:40,0.9105231,0.03418804
7/19/2021 22:45,0.9068307,0.03418804
7/19/2021 22:50,0.9068307,0.03418804
7/19/2021 22:55,0.9127384,0.03418804
7/19/2021 23:00,0.9112616,0.03418804
7/19/2021 23:05,0.912,0.03296703
7/19/2021 23:10,0.9134769,0.03296703
7/19/2021 23:15,0.9142154,0.03296703
7/19/2021 23:20,0.9060923,0.03296703
7/19/2021 23:25,0.9134769,0.03296703
7/19/2021 23:30,0.9083077,0.03296703
7/19/2021 23:35,0.9075692,0.03296703
7/19/2021 23:40,0.9230769,0.03296703
7/19/2021 23:45,0.9105231,0.03296703
7/19/2021 23:50,0.912,0.03296703
7/19/2021 23:55,0.9068307,0.03296703
7/20/2021 0:00,0.9075692,0.03296703
7/20/2021 0:05,0.9112616,0.03296703
7/20/2021 0:10,0.9068307,0.03296703
7/20/2021 0:15,0.9009231,0.03296703
7/20/2021 0:20,0.8994461,0.03296703
7/20/2021 0:25,0.9083077,0.03296703
7/20/2021 0:30,0.9208615,0.03296703
7/20/2021 0:35,0.9127384,0.03296703
7/20/2021 0:40,0.9090461,0.03296703
7/20/2021 0:45,0.9053538,0.03296703
7/20/2021 0:50,0.9112616,0.03296703
7/20/2021 0:55,0.9068307,0.03296703
7/20/2021 1:00,0.9083077,0.03296703
7/20/2021 1:05,0.9090461,0.03296703
7/20/2021 1:10,0.9083077,0.03296703
7/20/2021 1:15,0.9075692,0.03296703
7/20/2021 1:20,0.9068307,0.03296703
7/20/2021 1:25,0.9068307,0.03296703
7/20/2021 1:30,0.9112616,0.03296703
7/20/2021 1:35,0.9046153,0.03296703
7/20/2021 1:40,0.9053538,0.03296703
7/20/2021 1:45,0.9053538,0.03296703
7/20/2021 1:50,0.9083077,0.03296703
7/20/2021 1:55,0.9060923,0.03296703
7/20/2021 2:00,0.9090461,0.03296703
7/20/2021 2:05,0.9075692,0.03296703
7/20/2021 2:10,0.9083077,0.03296703
7/20/2021 2:15,0.9083077,0.03296703
7/20/2021 2:20,0.920123,0.03296703
7/20/2021 2:25,0.9068307,0.03296703
7/20/2021 2:30,0.9105231,0.03296703
7/20/2021 2:35,0.9134769,0.03296703
7/20/2021 2:40,0.9068307,0.03296703
7/20/2021 2:45,0.9112616,0.03296703
7/20/2021 2:50,0.912,0.03296703
7/20/2021 2:55,0.9083077,0.03296703
7/20/2021 3:00,0.9031384,0.03296703
7/20/2021 3:05,0.9090461,0.03296703
7/20/2021 3:10,0.9009231,0.03296703
7/20/2021 3:15,0.9083077,0.03296703
7/20/2021 3:20,0.9038769,0.03296703
7/20/2021 3:25,0.9755077,0.03296703
7/20/2021 3:30,1.013169,0.03296703
7/20/2021 3:35,1.0176,0.03296703
7/20/2021 3:40,1.010954,0.03296703
7/20/2021 3:45,1.012431,0.03296703
7/20/2021 3:50,1.013169,0.03296703
7/20/2021 3:55,1.008,0.03296703
7/20/2021 4:00,1.013908,0.03296703
7/20/2021 4:05,1.008738,0.03296703
7/20/2021 4:10,1.006523,0.03296703
7/20/2021 4:15,1.007262,0.03296703
7/20/2021 4:20,1.003569,0.03296703
7/20/2021 4:25,1.009477,0.03296703
7/20/2021 4:30,1.001354,0.03296703
7/20/2021 4:35,1.002831,0.03296703
7/20/2021 4:40,1.004308,0.03296703
7/20/2021 4:45,0.9976615,0.03296703
7/20/2021 4:50,0.9947076,0.03296703
7/20/2021 4:55,0.9947076,0.03296703
7/20/2021 5:00,1.000615,0.03296703
7/20/2021 5:05,0.9924923,0.03296703
7/20/2021 5:10,0.9939692,0.03296703
7/20/2021 5:15,0.9991384,0.03296703
7/20/2021 5:20,0.9888,0.03296703
7/20/2021 5:25,0.9947076,0.03296703
7/20/2021 5:30,0.9924923,0.03296703
7/20/2021 5:35,1.000615,0.03296703
7/20/2021 5:40,0.9843692,0.03296703
7/20/2021 5:45,0.9821538,0.03296703
7/20/2021 5:50,0.9821538,0.03296703
7/20/2021 5:55,0.9954461,0.03296703
7/20/2021 6:00,0.9880615,0.03296703
7/20/2021 6:05,0.9888,0.03296703
7/20/2021 6:10,0.9932307,0.03296703
7/20/2021 6:15,0.9895384,0.03296703
7/20/2021 6:20,0.9947076,0.03296703
7/20/2021 6:25,0.9865846,0.03296703
7/20/2021 6:30,0.9932307,0.03296703
7/20/2021 6:35,0.9917538,0.03296703
7/20/2021 6:40,0.9924923,0.03296703
7/20/2021 6:45,0.9865846,0.03296703
7/20/2021 6:50,0.9888,0.03296703
7/20/2021 6:55,0.9917538,0.03296703
7/20/2021 7:00,0.9821538,0.03296703
7/20/2021 7:05,0.9902769,0.03296703
7/20/2021 7:10,0.9888,0.03296703
7/20/2021 7:15,0.9836308,0.03296703
7/20/2021 7:20,0.9932307,0.03296703
7/20/2021 7:25,0.9902769,0.03296703
7/20/2021 7:30,0.9880615,0.03296703
7/20/2021 7:35,0.9910154,0.03296703
7/20/2021 7:40,0.9836308,0.03296703
7/20/2021 7:45,0.9489231,0.03296703
7/20/2021 7:50,0.958523,0.03296703
7/20/2021 7:55,0.9740308,0.03296703
7/20/2021 8:00,0.9814154,0.03296703
7/20/2021 8:05,1.050831,0.03296703
7/20/2021 8:10,0.9467077,0.03296703
7/20/2021 8:15,0.942277,0.03296703
7/20/2021 8:20,1.020554,0.03296703
7/20/2021 8:25,1.010954,0.03296703
7/20/2021 8:30,1.006523,0.03296703
7/20/2021 8:35,1.084062,0.03296703
7/20/2021 8:40,1.038277,0.03296703
7/20/2021 8:45,1.010215,0.03296703
7/20/2021 8:50,0.996923,0.03296703
7/20/2021 8:55,0.9984,0.03296703
7/20/2021 9:00,1.008738,0.03296703
7/20/2021 9:05,1.004308,0.03296703
7/20/2021 9:10,0.9991384,0.03296703
7/20/2021 9:15,1.005046,0.03296703
7/20/2021 9:20,1.002831,0.03296703
7/20/2021 9:25,1.003569,0.03296703
7/20/2021 9:30,0.996923,0.03296703
7/20/2021 9:35,1.008,0.03418804
7/20/2021 9:40,0.9998769,0.03418804
7/20/2021 9:45,1.000615,0.03418804
7/20/2021 9:50,1.010954,0.03418804
7/20/2021 9:55,0.9998769,0.03418804
7/20/2021 10:00,1.005785,0.03418804
7/20/2021 10:05,1.008,0.03418804
7/20/2021 10:10,1.004308,0.03418804
7/20/2021 10:15,1.005785,0.03418804
7/20/2021 10:20,1.009477,0.03418804
7/20/2021 10:25,1.012431,0.03418804
7/20/2021 10:30,1.002092,0.03418804
7/20/2021 10:35,1.006523,0.03418804
7/20/2021 10:40,1.005046,0.03418804
7/20/2021 10:45,1.010954,0.03418804
7/20/2021 10:50,1.009477,0.03418804
7/20/2021 10:55,1.011692,0.03418804
7/20/2021 11:00,1.002831,0.03418804
7/20/2021 11:05,1.006523,0.03418804
7/20/2021 11:10,1.014646,0.03418804
7/20/2021 11:15,1.020554,0.03418804
7/20/2021 11:20,0.9998769,0.03418804
7/20/2021 11:25,1.009477,0.03418804
7/20/2021 11:30,1.005046,0.03418804
7/20/2021 11:35,1.013908,0.03418804
7/20/2021 11:40,1.023508,0.03418804
7/20/2021 11:45,1.013908,0.03418804
7/20/2021 11:50,1.010215,0.03418804
7/20/2021 11:55,1.023508,0.03418804
7/20/2021 12:00,1.0176,0.03418804
7/20/2021 12:05,1.009477,0.03418804
7/20/2021 12:10,1.018338,0.03418804
7/20/2021 12:15,1.013908,0.03418804
7/20/2021 12:20,1.012431,0.03418804
7/20/2021 12:25,0.9548308,0.03418804
7/20/2021 12:30,1.016862,0.03540904
7/20/2021 12:35,1.0176,0.03540904
7/20/2021 12:40,1.009477,0.03540904
7/20/2021 12:45,1.009477,0.03540904
7/20/2021 12:50,1.010954,0.03540904
7/20/2021 12:55,1.019815,0.03540904
7/20/2021 13:00,1.004308,0.03540904
7/20/2021 13:05,1.006523,0.03540904
7/20/2021 13:10,1.015385,0.03540904
7/20/2021 13:15,1.002831,0.03540904
7/20/2021 13:20,1.016123,0.03540904
7/20/2021 13:25,1.0176,0.03540904
7/20/2021 13:30,1.009477,0.03540904
7/20/2021 13:35,1.024246,0.03540904
7/20/2021 13:40,1.023508,0.03540904
7/20/2021 13:45,1.011692,0.03540904
7/20/2021 13:50,1.016862,0.03540904
7/20/2021 13:55,0.9518769,0.03540904
7/20/2021 14:00,1.018338,0.03540904
7/20/2021 14:05,1.016123,0.03540904
7/20/2021 14:10,1.0176,0.03540904
7/20/2021 14:15,1.0176,0.03663004
7/20/2021 14:20,0.9954461,0.03540904
7/20/2021 14:25,1.010954,0.03540904
7/20/2021 14:30,0.9998769,0.03540904
7/20/2021 14:35,1.010954,0.03540904
7/20/2021 14:40,1.012431,0.03540904
7/20/2021 14:45,1.006523,0.03540904
7/20/2021 14:50,1.007262,0.03540904
7/20/2021 14:55,1.013169,0.03540904
7/20/2021 15:00,1.008,0.03540904
7/20/2021 15:05,1.005046,0.03540904
7/20/2021 15:10,1.112862,0.03540904
7/20/2021 15:15,1.108431,0.03540904
7/20/2021 15:20,1.106954,0.03540904
7/20/2021 15:25,1.110646,0.03540904
7/20/2021 15:30,1.104738,0.03540904
7/20/2021 15:35,1.104,0.03540904
7/20/2021 15:40,1.109908,0.03540904
7/20/2021 15:45,1.101785,0.03540904
7/20/2021 15:50,1.106215,0.03540904
7/20/2021 15:55,1.089969,0.03540904
7/20/2021 16:00,0.9947076,0.03540904
7/20/2021 16:05,1.067815,0.03540904
7/20/2021 16:10,1.062646,0.03540904
7/20/2021 16:15,1.062646,0.03540904
7/20/2021 16:20,1.0656,0.03540904
7/20/2021 16:25,1.057477,0.03540904
7/20/2021 16:30,1.058215,0.03540904
7/20/2021 16:35,1.056,0.03540904
7/20/2021 16:40,1.050092,0.03540904
7/20/2021 16:45,1.055261,0.03540904
7/20/2021 16:50,1.057477,0.03540904
7/20/2021 16:55,1.056738,0.03540904
7/20/2021 17:00,1.061908,0.03540904
7/20/2021 17:05,1.056,0.03540904
7/20/2021 17:10,1.055261,0.03540904
7/20/2021 17:15,1.054523,0.03540904
7/20/2021 17:20,1.055261,0.03540904
7/20/2021 17:25,1.055261,0.03540904
7/20/2021 17:30,1.055261,0.03540904
7/20/2021 17:35,1.057477,0.03540904
7/20/2021 17:40,1.060431,0.03540904
7/20/2021 17:45,1.050831,0.03540904
7/20/2021 17:50,1.058215,0.03540904
7/20/2021 17:55,1.067815,0.03540904
7/20/2021 18:00,1.067815,0.03540904
7/20/2021 18:05,1.058954,0.03540904
7/20/2021 18:10,1.058954,0.03540904
7/20/2021 18:15,1.059692,0.03540904
7/20/2021 18:20,1.061169,0.03540904
7/20/2021 18:25,1.056,0.03540904
7/20/2021 18:30,1.056738,0.03540904
7/20/2021 18:35,1.058954,0.03540904
7/20/2021 18:40,1.061908,0.03540904
7/20/2021 18:45,1.058215,0.03540904
7/20/2021 18:50,1.057477,0.03540904
7/20/2021 18:55,1.050092,0.03540904
7/20/2021 19:00,1.053046,0.03540904
7/20/2021 19:05,1.0368,0.03540904
7/20/2021 19:10,1.045662,0.03540904
7/20/2021 19:15,1.041231,0.03540904
7/20/2021 19:20,1.040492,0.03540904
7/20/2021 19:25,1.036062,0.03540904
7/20/2021 19:30,1.034585,0.03540904
7/20/2021 19:35,1.041231,0.03540904
7/20/2021 19:40,1.0368,0.03540904
7/20/2021 19:45,1.0464,0.03540904
7/20/2021 19:50,1.030892,0.03540904
7/20/2021 19:55,1.031631,0.03540904
7/20/2021 20:00,1.028677,0.03540904
7/20/2021 20:05,1.035323,0.03540904
7/20/2021 20:10,1.033846,0.03540904
7/20/2021 20:15,1.023508,0.03540904
7/20/2021 20:20,0.9747692,0.03540904
7/20/2021 20:25,0.9954461,0.03540904
7/20/2021 20:30,0.9806769,0.03540904
7/20/2021 20:35,0.9821538,0.03540904
7/20/2021 20:40,0.9865846,0.03540904
7/20/2021 20:45,0.9888,0.03540904
7/20/2021 20:50,0.9902769,0.03540904
7/20/2021 20:55,1.002831,0.03540904
7/20/2021 21:00,0.9858461,0.03540904
7/20/2021 21:05,0.9880615,0.03540904
7/20/2021 21:10,0.987323,0.03540904
7/20/2021 21:15,0.9888,0.03540904
7/20/2021 21:20,0.9888,0.03540904
7/20/2021 21:25,0.9710769,0.03540904
7/20/2021 21:30,0.9755077,0.03540904
7/20/2021 21:35,0.9518769,0.03540904
7/20/2021 21:40,0.9570462,0.03540904
7/20/2021 21:45,0.9577846,0.03540904
7/20/2021 21:50,0.9489231,0.03540904
7/20/2021 21:55,0.96,0.03540904
7/20/2021 22:00,0.9703385,0.03540904
7/20/2021 22:05,0.9644307,0.03540904
7/20/2021 22:10,0.9644307,0.03540904
7/20/2021 22:15,0.9607384,0.03540904
7/20/2021 22:20,0.958523,0.03540904
7/20/2021 22:25,0.9644307,0.03540904
7/20/2021 22:30,0.9577846,0.03540904
7/20/2021 22:35,0.9644307,0.03540904
7/20/2021 22:40,0.9644307,0.03540904
7/20/2021 22:45,0.9577846,0.03540904
7/20/2021 22:50,0.9526154,0.03540904
7/20/2021 22:55,0.96,0.03540904
7/20/2021 23:00,0.9577846,0.03540904
7/20/2021 23:05,0.9563076,0.03540904
7/20/2021 23:10,0.96,0.03540904
7/20/2021 23:15,0.9563076,0.03540904
7/20/2021 23:20,0.9659076,0.03540904
7/20/2021 23:25,0.9577846,0.03540904
7/20/2021 23:30,0.9548308,0.03540904
7/20/2021 23:35,0.9548308,0.03540904
7/20/2021 23:40,0.9636922,0.03540904
7/20/2021 23:45,0.9570462,0.03540904
7/20/2021 23:50,0.9614769,0.03540904
7/20/2021 23:55,0.9563076,0.03540904
7/21/2021 0:00,0.9563076,0.03540904
7/21/2021 0:05,0.9607384,0.03540904
7/21/2021 0:10,0.9644307,0.03540904
7/21/2021 0:15,0.9548308,0.03540904
7/21/2021 0:20,0.9540923,0.03540904
7/21/2021 0:25,0.96,0.03540904
7/21/2021 0:30,0.96,0.03540904
7/21/2021 0:35,0.9577846,0.03540904
7/21/2021 0:40,0.9622154,0.03540904
7/21/2021 0:45,0.9577846,0.03540904
7/21/2021 0:50,0.9540923,0.03540904
7/21/2021 0:55,0.9540923,0.03540904
7/21/2021 1:00,0.958523,0.03540904
7/21/2021 1:05,0.9540923,0.03540904
7/21/2021 1:10,0.9533538,0.03540904
7/21/2021 1:15,0.9570462,0.03540904
7/21/2021 1:20,0.9548308,0.03540904
7/21/2021 1:25,0.9504,0.03540904
7/21/2021 1:30,0.9430154,0.03540904
7/21/2021 1:35,0.9474462,0.03540904
7/21/2021 1:40,0.9489231,0.03540904
7/21/2021 1:45,0.9452308,0.03540904
7/21/2021 1:50,0.9481846,0.03540904
7/21/2021 1:55,0.9570462,0.03540904
7/21/2021 2:00,0.9533538,0.03540904
7/21/2021 2:05,0.9408,0.03540904
7/21/2021 2:10,0.9415385,0.03540904
7/21/2021 2:15,0.9489231,0.03540904
7/21/2021 2:20,0.9467077,0.03540904
7/21/2021 2:25,0.9467077,0.03540904
7/21/2021 2:30,0.9437538,0.03540904
7/21/2021 2:35,0.9474462,0.03540904
7/21/2021 2:40,0.942277,0.03540904
7/21/2021 2:45,0.9489231,0.03540904
7/21/2021 2:50,0.9496616,0.03540904
7/21/2021 2:55,0.9511384,0.03540904
7/21/2021 3:00,0.9437538,0.03540904
7/21/2021 3:05,0.9533538,0.03540904
7/21/2021 3:10,0.9400615,0.03540904
7/21/2021 3:15,0.9481846,0.03663004
7/21/2021 3:20,0.9326769,0.03663004
7/21/2021 3:25,0.9415385,0.03663004
7/21/2021 3:30,0.9385846,0.03663004
7/21/2021 3:35,0.9385846,0.03663004
7/21/2021 3:40,0.9356307,0.03663004
7/21/2021 3:45,0.9348922,0.03663004
7/21/2021 3:50,0.9378461,0.03663004
7/21/2021 3:55,0.9312,0.03663004
7/21/2021 4:00,0.9289846,0.03663004
7/21/2021 4:05,0.9385846,0.03663004
7/21/2021 4:10,0.942277,0.03663004
7/21/2021 4:15,0.9400615,0.03663004
7/21/2021 4:20,0.9275076,0.03663004
7/21/2021 4:25,0.9385846,0.03663004
7/21/2021 4:30,0.9400615,0.03663004
7/21/2021 4:35,0.9991384,0.03663004
7/21/2021 4:40,0.9238154,0.03663004
7/21/2021 4:45,0.9747692,0.03663004
7/21/2021 4:50,0.9577846,0.03663004
7/21/2021 4:55,0.9555692,0.03663004
7/21/2021 5:00,0.9659076,0.03663004
7/21/2021 5:05,0.9548308,0.03663004
7/21/2021 5:10,0.9570462,0.03663004
7/21/2021 5:15,0.9548308,0.03663004
7/21/2021 5:20,0.9592615,0.03663004
7/21/2021 5:25,0.96,0.03663004
7/21/2021 5:30,0.9533538,0.03663004
7/21/2021 5:35,0.9533538,0.03663004
7/21/2021 5:40,0.9622154,0.03663004
7/21/2021 5:45,0.9622154,0.03663004
7/21/2021 5:50,0.9548308,0.03663004
7/21/2021 5:55,0.958523,0.03663004
7/21/2021 6:00,0.9540923,0.03663004
7/21/2021 6:05,0.9570462,0.03663004
7/21/2021 6:10,0.9629538,0.03663004
7/21/2021 6:15,0.9629538,0.03663004
7/21/2021 6:20,0.9592615,0.03663004
7/21/2021 6:25,0.9526154,0.03663004
7/21/2021 6:30,0.9481846,0.03785104
7/21/2021 6:35,0.9526154,0.03663004
7/21/2021 6:40,0.9526154,0.03663004
7/21/2021 6:45,0.9467077,0.03663004
7/21/2021 6:50,0.9467077,0.03663004
7/21/2021 6:55,0.9474462,0.03663004
7/21/2021 7:00,0.9481846,0.03663004
7/21/2021 7:05,0.9371076,0.03663004
7/21/2021 7:10,0.8750769,0.03663004
7/21/2021 7:15,0.9179077,0.03663004
7/21/2021 7:20,0.9075692,0.03663004
7/21/2021 7:25,0.9031384,0.03785104
7/21/2021 7:30,0.9083077,0.03785104
7/21/2021 7:35,0.9090461,0.03785104
7/21/2021 7:40,0.9046153,0.03785104
7/21/2021 7:45,0.9068307,0.03785104
7/21/2021 7:50,0.9068307,0.03785104
7/21/2021 7:55,0.9060923,0.03785104
7/21/2021 8:00,0.9097846,0.03785104
7/21/2021 8:05,0.9053538,0.03785104
7/21/2021 8:10,0.912,0.03785104
7/21/2021 8:15,0.9024,0.03785104
7/21/2021 8:20,0.9038769,0.03785104
7/21/2021 8:25,0.9053538,0.03785104
7/21/2021 8:30,0.9134769,0.03785104
7/21/2021 8:35,0.9149538,0.03785104
7/21/2021 8:40,0.9090461,0.03785104
7/21/2021 8:45,0.8735999,0.03785104
7/21/2021 8:50,0.9149538,0.03785104
7/21/2021 8:55,0.9186462,0.03785104
7/21/2021 9:00,0.9134769,0.03785104
7/21/2021 9:05,0.9134769,0.03785104
7/21/2021 9:10,1.001354,0.03785104
7/21/2021 9:15,1.002831,0.03785104
7/21/2021 9:20,1.002831,0.03785104
7/21/2021 9:25,1.005785,0.03785104
7/21/2021 9:30,1.013908,0.03785104
7/21/2021 9:35,1.002831,0.03785104
7/21/2021 9:40,0.996923,0.03785104
7/21/2021 9:45,0.9991384,0.03785104
7/21/2021 9:50,0.9991384,0.03785104
7/21/2021 9:55,1.010954,0.03785104
7/21/2021 10:00,1.005785,0.03785104
7/21/2021 10:05,1.007262,0.03785104
7/21/2021 10:10,1.015385,0.03785104
7/21/2021 10:15,1.008,0.03785104
7/21/2021 10:20,1.010954,0.03785104
7/21/2021 10:25,1.0176,0.03785104
7/21/2021 10:30,1.008,0.03785104
7/21/2021 10:35,1.009477,0.03785104
7/21/2021 10:40,1.010954,0.03785104
7/21/2021 10:45,1.013908,0.03663004
7/21/2021 10:50,1.013908,0.03663004
7/21/2021 10:55,1.010954,0.03663004
7/21/2021 11:00,1.009477,0.03663004
7/21/2021 11:05,1.008,0.03663004
7/21/2021 11:10,1.009477,0.03663004
7/21/2021 11:15,1.015385,0.03663004
7/21/2021 11:20,1.007262,0.03663004
7/21/2021 11:25,1.007262,0.03663004
7/21/2021 11:30,1.013908,0.03663004
7/21/2021 11:35,1.010954,0.03663004
7/21/2021 11:40,1.010954,0.03663004
7/21/2021 11:45,1.010954,0.03663004
7/21/2021 11:50,1.007262,0.03663004
7/21/2021 11:55,1.011692,0.03663004
7/21/2021 12:00,1.009477,0.03663004
7/21/2021 12:05,1.008738,0.03663004
7/21/2021 12:10,0.9984,0.03785104
7/21/2021 12:15,1.005046,0.03663004
7/21/2021 12:20,1.002092,0.03663004
7/21/2021 12:25,1.004308,0.03663004
7/21/2021 12:30,1.009477,0.03785104
7/21/2021 12:35,1.004308,0.03663004
7/21/2021 12:40,1.006523,0.03663004
7/21/2021 12:45,1.010954,0.03663004
7/21/2021 12:50,1.004308,0.03663004
7/21/2021 12:55,1.005046,0.03663004
7/21/2021 13:00,1.004308,0.03663004
7/21/2021 13:05,1.006523,0.03663004
7/21/2021 13:10,1.006523,0.03663004
7/21/2021 13:15,1.016123,0.03663004
7/21/2021 13:20,1.010954,0.03663004
7/21/2021 13:25,1.001354,0.03663004
7/21/2021 13:30,1.009477,0.03663004
7/21/2021 13:35,1.005046,0.03663004
7/21/2021 13:40,1.002092,0.03663004
7/21/2021 13:45,1.008,0.03663004
7/21/2021 13:50,1.004308,0.03663004
7/21/2021 13:55,1.004308,0.03663004
7/21/2021 14:00,0.9998769,0.03663004
7/21/2021 14:05,0.9998769,0.03663004
7/21/2021 14:10,0.9998769,0.03663004
7/21/2021 14:15,1.007262,0.03663004
7/21/2021 14:20,1.004308,0.03663004
7/21/2021 14:25,1.004308,0.03663004
7/21/2021 14:30,1.003569,0.03663004
7/21/2021 14:35,1.002092,0.03663004
7/21/2021 14:40,1.002831,0.03663004
7/21/2021 14:45,1.005046,0.03663004
7/21/2021 14:50,1.007262,0.03663004
7/21/2021 14:55,1.001354,0.03663004
7/21/2021 15:00,1.007262,0.03663004
7/21/2021 15:05,1.004308,0.03663004
7/21/2021 15:10,0.9991384,0.03663004
7/21/2021 15:15,0.9961846,0.03663004
7/21/2021 15:20,0.9954461,0.03663004
7/21/2021 15:25,0.996923,0.03663004
7/21/2021 15:30,0.9998769,0.03663004
7/21/2021 15:35,0.9245538,0.03663004
7/21/2021 15:40,0.8832,0.03663004
7/21/2021 15:45,0.8913231,0.03663004
7/21/2021 15:50,0.8876308,0.03785104
7/21/2021 15:55,0.8868923,0.03785104
7/21/2021 16:00,0.8861538,0.03785104
7/21/2021 16:05,0.8898461,0.03785104
7/21/2021 16:10,0.8802461,0.03785104
7/21/2021 16:15,0.8898461,0.03785104
7/21/2021 16:20,0.8846769,0.03785104
7/21/2021 16:25,0.8802461,0.03785104
7/21/2021 16:30,0.8839385,0.03785104
7/21/2021 16:35,0.8713846,0.03785104
7/21/2021 16:40,0.9149538,0.03785104
7/21/2021 16:45,0.9083077,0.03785104
7/21/2021 16:50,0.9149538,0.03785104
7/21/2021 16:55,0.9083077,0.03785104
7/21/2021 17:00,0.9179077,0.03785104
7/21/2021 17:05,0.9053538,0.03785104
7/21/2021 17:10,0.9053538,0.03785104
7/21/2021 17:15,0.9112616,0.03785104
7/21/2021 17:20,0.9156923,0.03785104
7/21/2021 17:25,0.9083077,0.03785104
7/21/2021 17:30,0.9038769,0.03785104
7/21/2021 17:35,0.9216,0.03785104
7/21/2021 17:40,0.912,0.03785104
7/21/2021 17:45,0.9090461,0.03785104
7/21/2021 17:50,0.9068307,0.03785104
7/21/2021 17:55,0.9105231,0.03785104
7/21/2021 18:00,0.9134769,0.03785104
7/21/2021 18:05,0.9149538,0.03785104
7/21/2021 18:10,0.9075692,0.03785104
7/21/2021 18:15,0.9090461,0.03785104
7/21/2021 18:20,0.9060923,0.03785104
7/21/2021 18:25,0.9068307,0.03785104
7/21/2021 18:30,0.9186462,0.03785104
7/21/2021 18:35,0.9127384,0.03785104
7/21/2021 18:40,0.9105231,0.03785104
7/21/2021 18:45,0.9090461,0.03785104
7/21/2021 18:50,0.9038769,0.03785104
7/21/2021 18:55,0.9053538,0.03785104
7/21/2021 19:00,0.9053538,0.03785104
7/21/2021 19:05,0.9053538,0.03785104
7/21/2021 19:10,0.9097846,0.03785104
7/21/2021 19:15,0.9053538,0.03785104
7/21/2021 19:20,0.9038769,0.03785104
7/21/2021 19:25,0.9097846,0.03785104
7/21/2021 19:30,0.9038769,0.03785104
7/21/2021 19:35,0.9068307,0.03785104
7/21/2021 19:40,0.9009231,0.03785104
7/21/2021 19:45,0.8994461,0.03785104
7/21/2021 19:50,0.9009231,0.03785104
7/21/2021 19:55,0.8987077,0.03785104
7/21/2021 20:00,0.8942769,0.03785104
7/21/2021 20:05,0.9068307,0.03785104
7/21/2021 20:10,0.9009231,0.03785104
7/21/2021 20:15,0.8913231,0.03785104
7/21/2021 20:20,0.8868923,0.03785104
7/21/2021 20:25,0.8891077,0.03785104
7/21/2021 20:30,0.8883692,0.03785104
7/21/2021 20:35,0.8913231,0.03785104
7/21/2021 20:40,0.8928,0.03785104
7/21/2021 20:45,0.8942769,0.03785104
7/21/2021 20:50,0.8898461,0.03785104
7/21/2021 20:55,0.8964923,0.03785104
7/21/2021 21:00,0.8928,0.03785104
7/21/2021 21:05,0.8898461,0.03785104
7/21/2021 21:10,0.8950154,0.03785104
7/21/2021 21:15,0.8913231,0.03785104
7/21/2021 21:20,0.8898461,0.03785104
7/21/2021 21:25,0.8883692,0.03785104
7/21/2021 21:30,0.8905846,0.03785104
7/21/2021 21:35,0.8957538,0.03785104
7/21/2021 21:40,0.8905846,0.03785104
7/21/2021 21:45,0.8957538,0.03785104
7/21/2021 21:50,0.8795077,0.03785104
7/21/2021 21:55,0.8861538,0.03785104
7/21/2021 22:00,0.8861538,0.03785104
7/21/2021 22:05,0.8795077,0.03785104
7/21/2021 22:10,0.8913231,0.03785104
7/21/2021 22:15,0.8876308,0.03785104
7/21/2021 22:20,0.8876308,0.03785104
7/21/2021 22:25,0.8846769,0.03785104
7/21/2021 22:30,0.8957538,0.03785104
7/21/2021 22:35,0.8928,0.03785104
7/21/2021 22:40,0.8898461,0.03785104
7/21/2021 22:45,0.8905846,0.03785104
7/21/2021 22:50,0.8987077,0.03785104
7/21/2021 22:55,0.8913231,0.03785104
7/21/2021 23:00,0.8935384,0.03785104
7/21/2021 23:05,0.8913231,0.03785104
7/21/2021 23:10,0.8868923,0.03785104
7/21/2021 23:15,0.8898461,0.03785104
7/21/2021 23:20,0.8795077,0.03785104
7/21/2021 23:25,0.8920615,0.03785104
7/21/2021 23:30,0.8964923,0.03785104
7/21/2021 23:35,0.8876308,0.03785104
7/21/2021 23:40,0.8787692,0.03785104
7/21/2021 23:45,0.8891077,0.03785104
7/21/2021 23:50,0.8802461,0.03785104
7/21/2021 23:55,0.8861538,0.03785104
7/22/2021 0:00,0.8795077,0.03785104
7/22/2021 0:05,0.8846769,0.03785104
7/22/2021 0:10,0.8832,0.03785104
7/22/2021 0:15,0.8809846,0.03785104
7/22/2021 0:20,0.8750769,0.03785104
7/22/2021 0:25,0.8706461,0.03785104
7/22/2021 0:30,0.8950154,0.03785104
7/22/2021 0:35,0.9024,0.03785104
7/22/2021 0:40,0.8972307,0.03785104
7/22/2021 0:45,0.8935384,0.03785104
7/22/2021 0:50,0.8972307,0.03785104
7/22/2021 0:55,0.8987077,0.03785104
7/22/2021 1:00,0.8957538,0.03785104
7/22/2021 1:05,0.8891077,0.03785104
7/22/2021 1:10,0.8964923,0.03785104
7/22/2021 1:15,0.8891077,0.03785104
7/22/2021 1:20,0.8868923,0.03785104
7/22/2021 1:25,0.8891077,0.03785104
7/22/2021 1:30,0.8846769,0.03785104
7/22/2021 1:35,0.8876308,0.03785104
7/22/2021 1:40,0.8876308,0.03785104
7/22/2021 1:45,0.8854154,0.03785104
7/22/2021 1:50,0.9193846,0.03785104
7/22/2021 1:55,0.9105231,0.03785104
7/22/2021 2:00,0.9083077,0.03785104
7/22/2021 2:05,0.912,0.03785104
7/22/2021 2:10,0.9142154,0.03785104
7/22/2021 2:15,0.9105231,0.03785104
7/22/2021 2:20,0.9083077,0.03785104
7/22/2021 2:25,0.9016615,0.03785104
7/22/2021 2:30,0.8972307,0.03785104
7/22/2021 2:35,0.9053538,0.03785104
7/22/2021 2:40,0.9001846,0.03785104
7/22/2021 2:45,0.8905846,0.03785104
7/22/2021 2:50,0.8905846,0.03785104
7/22/2021 2:55,0.8928,0.03785104
7/22/2021 3:00,0.8964923,0.03785104
7/22/2021 3:05,0.8913231,0.03785104
7/22/2021 3:10,0.8964923,0.03785104
7/22/2021 3:15,0.8987077,0.03785104
7/22/2021 3:20,0.8928,0.03785104
7/22/2021 3:25,0.8891077,0.03785104
7/22/2021 3:30,0.8824615,0.03785104
7/22/2021 3:35,0.8876308,0.03785104
7/22/2021 3:40,0.8898461,0.03785104
7/22/2021 3:45,0.8846769,0.03785104
7/22/2021 3:50,0.8846769,0.03785104
7/22/2021 3:55,0.8861538,0.03785104
7/22/2021 4:00,0.8802461,0.03785104
7/22/2021 4:05,0.8905846,0.03785104
7/22/2021 4:10,0.8868923,0.03785104
7/22/2021 4:15,0.8876308,0.03785104
7/22/2021 4:20,0.8832,0.03785104
7/22/2021 4:25,0.8913231,0.03785104
7/22/2021 4:30,0.8846769,0.03785104
7/22/2021 4:35,0.8913231,0.03785104
7/22/2021 4:40,0.8928,0.03785104
7/22/2021 4:45,0.9046153,0.03785104
7/22/2021 4:50,0.9060923,0.03785104
7/22/2021 4:55,0.8987077,0.03785104
7/22/2021 5:00,0.9083077,0.03785104
7/22/2021 5:05,0.9053538,0.03785104
7/22/2021 5:10,0.9016615,0.03785104
7/22/2021 5:15,0.912,0.03785104
7/22/2021 5:20,0.9105231,0.03785104
7/22/2021 5:25,0.9216,0.03785104
7/22/2021 5:30,0.9097846,0.03785104
7/22/2021 5:35,0.9031384,0.03785104
7/22/2021 5:40,0.9961846,0.03785104
7/22/2021 5:45,1.005785,0.03785104
7/22/2021 5:50,1.010954,0.03785104
7/22/2021 5:55,1.004308,0.03663004
7/22/2021 6:00,0.9961846,0.03663004
7/22/2021 6:05,0.9917538,0.03663004
7/22/2021 6:10,0.996923,0.03663004
7/22/2021 6:15,1.002831,0.03663004
7/22/2021 6:20,0.9961846,0.03663004
7/22/2021 6:25,0.9858461,0.03663004
7/22/2021 6:30,0.9134769,0.03663004
7/22/2021 6:35,0.9068307,0.03663004
7/22/2021 6:40,0.9038769,0.03663004
7/22/2021 6:45,0.9097846,0.03663004
7/22/2021 6:50,0.9090461,0.03663004
7/22/2021 6:55,0.9024,0.03663004
7/22/2021 7:00,0.8994461,0.03663004
7/22/2021 7:05,0.9053538,0.03663004
7/22/2021 7:10,0.8994461,0.03663004
7/22/2021 7:15,0.08123077,0.03663004
7/22/2021 7:20,0,-1
7/22/2021 7:25,0,-1
7/22/2021 7:30,0,-1
7/22/2021 7:35,0,-1
7/22/2021 7:40,0,-1
7/22/2021 7:45,0,-1
7/22/2021 7:50,0,-1
7/22/2021 7:55,0,-1
7/22/2021 8:00,0,-1
7/22/2021 8:05,0,-1
7/22/2021 8:10,0,-1
7/22/2021 8:15,0,-1
7/22/2021 8:20,0,-1
7/22/2021 8:25,0,-1
7/22/2021 8:30,0,-1
7/22/2021 8:35,0,-1
7/22/2021 8:40,0,-1
7/22/2021 8:45,0,-1
7/22/2021 8:50,0,-1
7/22/2021 8:55,0,-1
7/22/2021 9:00,0,-1
7/22/2021 9:05,0,-1
7/22/2021 9:10,0,-1
7/22/2021 9:15,0,-1
7/22/2021 9:20,0,-1
7/22/2021 9:25,0,-1
7/22/2021 9:30,0,-1
7/22/2021 9:35,0,-1
7/22/2021 9:40,0,-1
7/22/2021 9:45,0,-1
7/22/2021 9:50,0,-1
7/22/2021 9:55,0,-1
7/22/2021 10:00,0,-1
7/22/2021 10:05,0,-1
7/22/2021 10:10,0,-1
7/22/2021 10:15,0,-1
7/22/2021 10:20,0,-1
7/22/2021 10:25,0,-1
7/22/2021 10:30,0,-1
7/22/2021 10:35,0,-1
7/22/2021 10:40,0,-1
7/22/2021 10:45,0,-1
7/22/2021 10:50,0,-1
7/22/2021 10:55,0,-1
7/22/2021 11:00,0,-1
7/22/2021 11:05,0,-1
7/22/2021 11:10,0,-1
7/22/2021 11:15,0,-1
7/22/2021 11:20,0,-1
7/22/2021 11:25,0,-1
7/22/2021 11:30,0,-1
7/22/2021 11:35,0,-1
7/22/2021 11:40,0,-1
7/22/2021 11:45,0,-1
7/22/2021 11:50,0,-1
7/22/2021 11:55,0,-1
7/22/2021 12:00,0,-1
7/22/2021 12:05,0,-1
7/22/2021 12:10,0,-1
7/22/2021 12:15,0,-1
7/22/2021 12:20,0,-1
7/22/2021 12:25,0,-1
7/22/2021 12:30,0,-1
7/22/2021 12:35,0,-1
7/22/2021 12:40,0,-1
7/22/2021 12:45,0,-1
7/22/2021 12:50,0,-1
7/22/2021 12:55,0,-1
7/22/2021 13:00,0,-1
7/22/2021 13:05,0,-1
7/22/2021 13:10,0,-1
7/22/2021 13:15,0,-1
7/22/2021 13:20,0,-1
7/22/2021 13:25,0,-1
7/22/2021 13:30,0,-1
7/22/2021 13:35,0,-1
7/22/2021 13:40,0,-1
7/22/2021 13:45,0,-1
7/22/2021 13:50,0,-1
7/22/2021 13:55,0,-1
7/22/2021 14:00,0,-1
7/22/2021 14:05,0,-1
7/22/2021 14:10,0,-1
7/22/2021 14:15,0,-1
7/22/2021 14:20,0,-1
7/22/2021 14:25,0,-1
7/22/2021 14:30,0,-1
7/22/2021 14:35,0,-1
7/22/2021 14:40,0,-1
7/22/2021 14:45,0,-1
7/22/2021 14:50,0,-1
7/22/2021 14:55,0,-1
7/22/2021 15:00,0,-1
7/22/2021 15:05,0,-1
7/22/2021 15:10,0,-1
7/22/2021 15:15,0,-1
7/22/2021 15:20,0,-1
7/22/2021 15:25,0,-1
7/22/2021 15:30,0,-1
7/22/2021 15:35,0,-1
7/22/2021 15:40,0,-1
7/22/2021 15:45,0,-1
7/22/2021 15:50,0,-1
7/22/2021 15:55,0,-1
7/22/2021 16:00,0,-1
7/22/2021 16:05,0,-1
7/22/2021 16:10,0,-1
7/22/2021 16:15,0,-1
7/22/2021 16:20,0,-1
7/22/2021 16:25,0,-1
7/22/2021 16:30,0,-1
7/22/2021 16:35,0,-1
7/22/2021 16:40,0,-1
7/22/2021 16:45,0,-1
7/22/2021 16:50,0,-1
7/22/2021 16:55,0,-1
7/22/2021 17:00,0,-1
7/22/2021 17:05,0,-1
7/22/2021 17:10,0,-1
7/22/2021 17:15,0,-1
7/22/2021 17:20,0,-1
7/22/2021 17:25,0,-1
7/22/2021 17:30,0,-1
7/22/2021 17:35,0,-1
7/22/2021 17:40,0,-1
7/22/2021 17:45,0,-1
7/22/2021 17:50,0,-1
7/22/2021 17:55,0,-1
7/22/2021 18:00,0,-1
7/22/2021 18:05,0,-1
7/22/2021 18:10,0,-1
7/22/2021 18:15,0,-1
7/22/2021 18:20,0,-1
7/22/2021 18:25,0,-1
7/22/2021 18:30,0,-1
7/22/2021 18:35,0,-1
7/22/2021 18:40,0,-1
7/22/2021 18:45,0,-1
7/22/2021 18:50,0,-1
7/22/2021 18:55,0,-1
7/22/2021 19:00,0,-1
7/22/2021 19:05,0,-1
7/22/2021 19:10,0,-1
7/22/2021 19:15,0,-1
7/22/2021 19:20,0,-1
7/22/2021 19:25,0,-1
7/22/2021 19:30,0,-1
7/22/2021 19:35,0,-1
7/22/2021 19:40,0,-1
7/22/2021 19:45,0,-1
7/22/2021 19:50,0,-1
7/22/2021 19:55,0,-1
7/22/2021 20:00,0,-1
7/22/2021 20:05,0,-1
7/22/2021 20:10,0,-1
7/22/2021 20:15,0,-1
7/22/2021 20:20,0,-1
7/22/2021 20:25,0,-1
7/22/2021 20:30,0,-1
7/22/2021 20:35,0,-1
7/22/2021 20:40,0,-1
7/22/2021 20:45,0,-1
7/22/2021 20:50,0,-1
7/22/2021 20:55,0,-1
7/22/2021 21:00,0,-1
7/22/2021 21:05,0,-1
7/22/2021 21:10,0,-1
7/22/2021 21:15,0,-1
7/22/2021 21:20,0,-1
7/22/2021 21:25,0,-1
7/22/2021 21:30,0,-1
7/22/2021 21:35,0,-1
7/22/2021 21:40,0,-1
7/22/2021 21:45,0,-1
7/22/2021 21:50,0,-1
7/22/2021 21:55,0,-1
7/22/2021 22:00,0,-1
7/22/2021 22:05,0,-1
7/22/2021 22:10,0,-1
7/22/2021 22:15,0,-1
7/22/2021 22:20,0,-1
7/22/2021 22:25,0,-1
7/22/2021 22:30,0,-1
7/22/2021 22:35,0,-1
7/22/2021 22:40,0,-1
7/22/2021 22:45,0,-1
7/22/2021 22:50,0,-1
7/22/2021 22:55,0,-1
7/22/2021 23:00,0,-1
7/22/2021 23:05,0,-1
7/22/2021 23:10,0,-1
7/22/2021 23:15,0,-1
7/22/2021 23:20,0,-1
7/22/2021 23:25,0,-1
7/22/2021 23:30,0,-1
7/22/2021 23:35,0,-1
7/22/2021 23:40,0,-1
7/22/2021 23:45,0,-1
7/22/2021 23:50,0,-1
7/22/2021 23:55,0,-1
7/23/2021 0:00,0,-1
7/23/2021 0:05,0,-1
7/23/2021 0:10,0,-1
7/23/2021 0:15,0,-1
7/23/2021 0:20,0,-1
7/23/2021 0:25,0,-1
7/23/2021 0:30,0,-1
7/23/2021 0:35,0,-1
7/23/2021 0:40,0,-1
7/23/2021 0:45,0,-1
7/23/2021 0:50,0,-1
7/23/2021 0:55,0,-1
7/23/2021 1:00,0,-1
7/23/2021 1:05,0,-1
7/23/2021 1:10,0,-1
7/23/2021 1:15,0,-1
7/23/2021 1:20,0,-1
7/23/2021 1:25,0,-1
7/23/2021 1:30,0,-1
7/23/2021 1:35,0,-1
7/23/2021 1:40,0,-1
7/23/2021 1:45,0,-1
7/23/2021 1:50,0,-1
7/23/2021 1:55,0,-1
7/23/2021 2:00,0,-1
7/23/2021 2:05,0,-1
7/23/2021 2:10,0,-1
7/23/2021 2:15,0,-1
7/23/2021 2:20,0,-1
7/23/2021 2:25,0,-1
7/23/2021 2:30,0,-1
7/23/2021 2:35,0,-1
7/23/2021 2:40,0,-1
7/23/2021 2:45,0,-1
7/23/2021 2:50,0,-1
7/23/2021 2:55,0,-1
7/23/2021 3:00,0,-1
7/23/2021 3:05,0,-1
7/23/2021 3:10,0,-1
7/23/2021 3:15,0,-1
7/23/2021 3:20,0,-1
7/23/2021 3:25,0,-1
7/23/2021 3:30,0,-1
7/23/2021 3:35,0,-1
7/23/2021 3:40,0,-1
7/23/2021 3:45,0,-1
7/23/2021 3:50,0,-1
7/23/2021 3:55,0,-1
7/23/2021 4:00,0,-1
7/23/2021 4:05,0,-1
7/23/2021 4:10,0,-1
7/23/2021 4:15,0,-1
7/23/2021 4:20,0,-1
7/23/2021 4:25,0,-1
7/23/2021 4:30,0,-1
7/23/2021 4:35,0,-1
7/23/2021 4:40,0,-1
7/23/2021 4:45,0,-1
7/23/2021 4:50,0,-1
7/23/2021 4:55,0,-1
7/23/2021 5:00,0,-1
7/23/2021 5:05,0,-1
7/23/2021 5:10,0,-1
7/23/2021 5:15,0,-1
7/23/2021 5:20,0,-1
7/23/2021 5:25,0,-1
7/23/2021 5:30,0,-1
7/23/2021 5:35,0,-1
7/23/2021 5:40,0,-1
7/23/2021 5:45,0,-1
7/23/2021 5:50,0,-1
7/23/2021 5:55,0,-1
7/23/2021 6:00,0,-1
7/23/2021 6:05,0,-1
7/23/2021 6:10,0,-1
7/23/2021 6:15,0,-1
7/23/2021 6:20,0,-1
7/23/2021 6:25,0,-1
7/23/2021 6:30,0,-1
7/23/2021 6:35,0,-1
7/23/2021 6:40,0,-1
7/23/2021 6:45,0,-1
7/23/2021 6:50,0,-1
7/23/2021 6:55,0,-1
7/23/2021 7:00,0,-1
7/23/2021 7:05,0,-1
7/23/2021 7:10,0,-1
7/23/2021 7:15,0,-1
7/23/2021 7:20,0,-1
7/23/2021 7:25,0,-1
7/23/2021 7:30,0,-1
7/23/2021 7:35,0,-1
7/23/2021 7:40,0,-1
7/23/2021 7:45,0,-1
7/23/2021 7:50,0,-1
7/23/2021 7:55,0,-1
7/23/2021 8:00,0,-1
7/23/2021 8:05,0,-1
7/23/2021 8:10,0,-1
7/23/2021 8:15,0,-1
7/23/2021 8:20,0,-1
7/23/2021 8:25,0,-1
7/23/2021 8:30,0,-1
7/23/2021 8:35,0,-1
7/23/2021 8:40,0,-1
7/23/2021 8:45,0,-1
7/23/2021 8:50,0,-1
7/23/2021 8:55,0,-1
7/23/2021 9:00,0,-1
7/23/2021 9:05,0,-1
7/23/2021 9:10,0,-1
7/23/2021 9:15,0,-1
7/23/2021 9:20,0,-1
7/23/2021 9:25,0,-1
7/23/2021 9:30,0,-1
7/23/2021 9:35,0,-1
7/23/2021 9:40,0,-1
7/23/2021 9:45,0,-1
7/23/2021 9:50,0,-1
7/23/2021 9:55,0,-1
7/23/2021 10:00,0,-1
7/23/2021 10:05,0,-1
7/23/2021 10:10,0,-1
7/23/2021 10:15,0,-1
7/23/2021 10:20,0,-1
7/23/2021 10:25,0,-1
7/23/2021 10:30,0,-1
7/23/2021 10:35,0,-1
7/23/2021 10:40,0,-1
7/23/2021 10:45,0,-1
7/23/2021 10:50,0,-1
7/23/2021 10:55,0,-1
7/23/2021 11:00,0,-1
7/23/2021 11:05,0,-1
7/23/2021 11:10,0,-1
7/23/2021 11:15,0,-1
7/23/2021 11:20,0,-1
7/23/2021 11:25,0,-1
7/23/2021 11:30,0,-1
7/23/2021 11:35,0,-1
7/23/2021 11:40,0,-1
7/23/2021 11:45,0,-1
7/23/2021 11:50,0,-1
7/23/2021 11:55,0,-1
7/23/2021 12:00,0,-1
7/23/2021 12:05,0,-1
7/23/2021 12:10,0,-1
7/23/2021 12:15,0,-1
7/23/2021 12:20,0,-1
7/23/2021 12:25,0,-1
7/23/2021 12:30,0,-1
7/23/2021 12:35,0,-1
7/23/2021 12:40,0,-1
7/23/2021 12:45,0,-1
7/23/2021 12:50,0,-1
7/23/2021 12:55,0,-1
7/23/2021 13:00,0,-1
7/23/2021 13:05,0,-1
7/23/2021 13:10,0,-1
7/23/2021 13:15,0,-1
7/23/2021 13:20,0,-1
7/23/2021 13:25,0,-1
7/23/2021 13:30,0,-1
7/23/2021 13:35,0,-1
7/23/2021 13:40,0,-1
7/23/2021 13:45,0,-1
7/23/2021 13:50,0,-1
7/23/2021 13:55,0,-1
7/23/2021 14:00,0,-1
7/23/2021 14:05,0,-1
7/23/2021 14:10,0,-1
7/23/2021 14:15,0,-1
7/23/2021 14:20,0,-1
7/23/2021 14:25,0,-1
7/23/2021 14:30,0,-1
7/23/2021 14:35,0,-1
7/23/2021 14:40,0,-1
7/23/2021 14:45,0,-1
7/23/2021 14:50,0,-1
7/23/2021 14:55,0,-1
7/23/2021 15:00,0,-1
7/23/2021 15:05,0,-1
7/23/2021 15:10,0,-1
7/23/2021 15:15,0,-1
7/23/2021 15:20,0,-1
7/23/2021 15:25,0,-1
7/23/2021 15:30,0,-1
7/23/2021 15:35,0,-1
7/23/2021 15:40,0,-1
7/23/2021 15:45,0,-1
7/23/2021 15:50,0,-1
7/23/2021 15:55,0,-1
7/23/2021 16:00,0,-1
7/23/2021 16:05,0,-1
7/23/2021 16:10,0,-1
7/23/2021 16:15,0,-1
7/23/2021 16:20,0,-1
7/23/2021 16:25,0,-1
7/23/2021 16:30,0,-1
7/23/2021 16:35,0,-1
7/23/2021 16:40,0,-1
7/23/2021 16:45,0,-1
7/23/2021 16:50,0,-1
7/23/2021 16:55,0,-1
7/23/2021 17:00,0,-1
7/23/2021 17:05,0,-1
7/23/2021 17:10,0,-1
7/23/2021 17:15,0,-1
7/23/2021 17:20,0,-1
7/23/2021 17:25,0,-1
7/23/2021 17:30,0,-1
7/23/2021 17:35,0,-1
7/23/2021 17:40,0,-1
7/23/2021 17:45,0,-1
7/23/2021 17:50,0,-1
7/23/2021 17:55,0,-1
7/23/2021 18:00,0,-1
7/23/2021 18:05,0,-1
7/23/2021 18:10,0,-1
7/23/2021 18:15,0,-1
7/23/2021 18:20,0,-1
7/23/2021 18:25,0,-1
7/23/2021 18:30,0,-1
7/23/2021 18:35,0,-1
7/23/2021 18:40,0,-1
7/23/2021 18:45,0,-1
7/23/2021 18:50,0,-1
7/23/2021 18:55,0,-1
7/23/2021 19:00,0,-1
7/23/2021 19:05,0,-1
7/23/2021 19:10,0,-1
7/23/2021 19:15,0,-1
7/23/2021 19:20,0,-1
7/23/2021 19:25,0,-1
7/23/2021 19:30,0,-1
7/23/2021 19:35,0,-1
7/23/2021 19:40,0,-1
7/23/2021 19:45,0,-1
7/23/2021 19:50,0,-1
7/23/2021 19:55,0,-1
7/23/2021 20:00,0,-1
7/23/2021 20:05,0,-1
7/23/2021 20:10,0,-1
7/23/2021 20:15,0,-1
7/23/2021 20:20,0,-1
7/23/2021 20:25,0,-1
7/23/2021 20:30,0,-1
7/23/2021 20:35,0,-1
7/23/2021 20:40,0,-1
7/23/2021 20:45,0,-1
7/23/2021 20:50,0,-1
7/23/2021 20:55,0,-1
7/23/2021 21:00,0,-1
7/23/2021 21:05,0,-1
7/23/2021 21:10,0,-1
7/23/2021 21:15,0,-1
7/23/2021 21:20,0,-1
7/23/2021 21:25,0,-1
7/23/2021 21:30,0,-1
7/23/2021 21:35,0,-1
7/23/2021 21:40,0,-1
7/23/2021 21:45,0,-1
7/23/2021 21:50,0,-1
7/23/2021 21:55,0,-1
7/23/2021 22:00,0,-1
7/23/2021 22:05,0,-1
7/23/2021 22:10,0,-1
7/23/2021 22:15,0,-1
7/23/2021 22:20,0,-1
7/23/2021 22:25,0,-1
7/23/2021 22:30,0,-1
7/23/2021 22:35,0,-1
7/23/2021 22:40,0,-1
7/23/2021 22:45,0,-1
7/23/2021 22:50,0,-1
7/23/2021 22:55,0,-1
7/23/2021 23:00,0,-1
7/23/2021 23:05,0,-1
7/23/2021 23:10,0,-1
7/23/2021 23:15,0,-1
7/23/2021 23:20,0,-1
7/23/2021 23:25,0,-1
7/23/2021 23:30,0,-1
7/23/2021 23:35,0,-1
7/23/2021 23:40,0,-1
7/23/2021 23:45,0,-1
7/23/2021 23:50,0,-1
7/23/2021 23:55,0,-1
7/24/2021 0:00,0,-1
7/24/2021 0:05,0,-1
7/24/2021 0:10,0,-1
7/24/2021 0:15,0,-1
7/24/2021 0:20,0,-1
7/24/2021 0:25,0,-1
7/24/2021 0:30,0,-1
7/24/2021 0:35,0,-1
7/24/2021 0:40,0,-1
7/24/2021 0:45,0,-1
7/24/2021 0:50,0,-1
7/24/2021 0:55,0,-1
7/24/2021 1:00,0,-1
7/24/2021 1:05,0,-1
7/24/2021 1:10,0,-1
7/24/2021 1:15,0,-1
7/24/2021 1:20,0,-1
7/24/2021 1:25,0,-1
7/24/2021 1:30,0,-1
7/24/2021 1:35,0,-1
7/24/2021 1:40,0,-1
7/24/2021 1:45,0,-1
7/24/2021 1:50,0,-1
7/24/2021 1:55,0,-1
7/24/2021 2:00,0,-1
7/24/2021 2:05,0,-1
7/24/2021 2:10,0,-1
7/24/2021 2:15,0,-1
7/24/2021 2:20,0,-1
7/24/2021 2:25,0,-1
7/24/2021 2:30,0,-1
7/24/2021 2:35,0,-1
7/24/2021 2:40,0,-1
7/24/2021 2:45,0,-1
7/24/2021 2:50,0,-1
7/24/2021 2:55,0,-1
7/24/2021 3:00,0,-1
7/24/2021 3:05,0,-1
7/24/2021 3:10,0,-1
7/24/2021 3:15,0,-1
7/24/2021 3:20,0,-1
7/24/2021 3:25,0,-1
7/24/2021 3:30,0,-1
7/24/2021 3:35,0,-1
7/24/2021 3:40,0,-1
7/24/2021 3:45,0,-1
7/24/2021 3:50,0,-1
7/24/2021 3:55,0,-1
7/24/2021 4:00,0,-1
7/24/2021 4:05,0,-1
7/24/2021 4:10,0,-1
7/24/2021 4:15,0,-1
7/24/2021 4:20,0,-1
7/24/2021 4:25,0,-1
7/24/2021 4:30,0,-1
7/24/2021 4:35,0,-1
7/24/2021 4:40,0,-1
7/24/2021 4:45,0,-1
7/24/2021 4:50,0,-1
7/24/2021 4:55,0,-1
7/24/2021 5:00,0,-1
7/24/2021 5:05,0,-1
7/24/2021 5:10,0,-1
7/24/2021 5:15,0,-1
7/24/2021 5:20,0,-1
7/24/2021 5:25,0,-1
7/24/2021 5:30,0,-1
7/24/2021 5:35,0,-1
7/24/2021 5:40,0,-1
7/24/2021 5:45,0,-1
7/24/2021 5:50,0,-1
7/24/2021 5:55,0,-1
7/24/2021 6:00,0,-1
7/24/2021 6:05,0,-1
7/24/2021 6:10,0,-1
7/24/2021 6:15,0,-1
7/24/2021 6:20,0,-1
7/24/2021 6:25,0,-1
7/24/2021 6:30,0,-1
7/24/2021 6:35,0,-1
7/24/2021 6:40,0,-1
7/24/2021 6:45,0,-1
7/24/2021 6:50,0,-1
7/24/2021 6:55,0,-1
7/24/2021 7:00,0,-1
7/24/2021 7:05,0,-1
7/24/2021 7:10,0,-1
7/24/2021 7:15,0,-1
7/24/2021 7:20,0,-1
7/24/2021 7:25,0,-1
7/24/2021 7:30,0,-1
7/24/2021 7:35,0,-1
7/24/2021 7:40,0,-1
7/24/2021 7:45,0,-1
7/24/2021 7:50,0,-1
7/24/2021 7:55,0,-1
7/24/2021 8:00,0,-1
7/24/2021 8:05,0,-1
7/24/2021 8:10,0,-1
7/24/2021 8:15,0,-1
7/24/2021 8:20,0,-1
7/24/2021 8:25,0,-1
7/24/2021 8:30,0,-1
7/24/2021 8:35,0,-1
7/24/2021 8:40,0,-1
7/24/2021 8:45,0,-1
7/24/2021 8:50,0,-1
7/24/2021 8:55,0,-1
7/24/2021 9:00,0,-1
7/24/2021 9:05,0,-1
7/24/2021 9:10,0,-1
7/24/2021 9:15,0,-1
7/24/2021 9:20,0,-1
7/24/2021 9:25,0,-1
7/24/2021 9:30,0,-1
7/24/2021 9:35,0,-1
7/24/2021 9:40,0,-1
7/24/2021 9:45,0,-1
7/24/2021 9:50,0,-1
7/24/2021 9:55,0,-1
7/24/2021 10:00,0,-1
7/24/2021 10:05,0,-1
7/24/2021 10:10,0,-1
7/24/2021 10:15,0,-1
7/24/2021 10:20,0,-1
7/24/2021 10:25,0,-1
7/24/2021 10:30,0,-1
7/24/2021 10:35,0,-1
7/24/2021 10:40,0,-1
7/24/2021 10:45,0,-1
7/24/2021 10:50,0,-1
7/24/2021 10:55,0,-1
7/24/2021 11:00,0,-1
7/24/2021 11:05,0,-1
7/24/2021 11:10,0,-1
7/24/2021 11:15,0,-1
7/24/2021 11:20,0,-1
7/24/2021 11:25,0,-1
7/24/2021 11:30,0,-1
7/24/2021 11:35,0,-1
7/24/2021 11:40,0,-1
7/24/2021 11:45,0,-1
7/24/2021 11:50,0,-1
7/24/2021 11:55,0,-1
7/24/2021 12:00,0,-1
7/24/2021 12:05,0,-1
7/24/2021 12:10,0,-1
7/24/2021 12:15,0,-1
7/24/2021 12:20,0,-1
7/24/2021 12:25,0,-1
7/24/2021 12:30,0,-1
7/24/2021 12:35,0,-1
7/24/2021 12:40,0,-1
7/24/2021 12:45,0,-1
7/24/2021 12:50,0,-1
7/24/2021 12:55,0,-1
7/24/2021 13:00,0,-1
7/24/2021 13:05,0,-1
7/24/2021 13:10,0,-1
7/24/2021 13:15,0,-1
7/24/2021 13:20,0,-1
7/24/2021 13:25,0,-1
7/24/2021 13:30,0,-1
7/24/2021 13:35,0,-1
7/24/2021 13:40,0,-1
7/24/2021 13:45,0,-1
7/24/2021 13:50,0,-1
7/24/2021 13:55,0,-1
7/24/2021 14:00,0,-1
7/24/2021 14:05,0,-1
7/24/2021 14:10,0,-1
7/24/2021 14:15,0,-1
7/24/2021 14:20,0,-1
7/24/2021 14:25,0,-1
7/24/2021 14:30,0,-1
7/24/2021 14:35,0,-1
7/24/2021 14:40,0,-1
7/24/2021 14:45,0,-1
7/24/2021 14:50,0,-1
7/24/2021 14:55,0,-1
7/24/2021 15:00,0,-1
7/24/2021 15:05,0,-1
7/24/2021 15:10,0,-1
7/24/2021 15:15,0,-1
7/24/2021 15:20,0,-1
7/24/2021 15:25,0,-1
7/24/2021 15:30,0,-1
7/24/2021 15:35,0,-1
7/24/2021 15:40,0,-1
7/24/2021 15:45,0,-1
7/24/2021 15:50,0,-1
7/24/2021 15:55,0,-1
7/24/2021 16:00,1.009477,0.07326008
7/24/2021 16:05,1.004308,0.1098901
7/24/2021 16:10,1.019815,0.07326008
7/24/2021 16:15,1.022031,0.05738706
7/24/2021 16:20,1.019815,0.05006105
7/24/2021 16:25,1.033108,0.04639805
7/24/2021 16:30,1.020554,0.04395605
7/24/2021 16:35,1.039754,0.04151404
7/24/2021 16:40,1.025723,0.04029304
7/24/2021 16:45,1.034585,0.03907204
7/24/2021 16:50,1.020554,0.03785104
7/24/2021 16:55,0.9430154,0.03663004
7/24/2021 17:00,1.005785,0.03540904
7/24/2021 17:05,1.008,0.03540904
7/24/2021 17:10,1.010954,0.03540904
7/24/2021 17:15,1.009477,0.03418804
7/24/2021 17:20,1.019077,0.03418804
7/24/2021 17:25,1.002831,0.03418804
7/24/2021 17:30,1.016123,0.03418804
7/24/2021 17:35,1.008,0.03296703
7/24/2021 17:40,1.010954,0.03296703
7/24/2021 17:45,1.011692,0.03296703
7/24/2021 17:50,1.013169,0.03296703
7/24/2021 17:55,1.006523,0.03296703
7/24/2021 18:00,1.008,0.03296703
7/24/2021 18:05,1.020554,0.03296703
7/24/2021 18:10,1.013908,0.03296703
7/24/2021 18:15,1.005785,0.03296703
7/24/2021 18:20,1.016862,0.03296703
7/24/2021 18:25,1.014646,0.03296703
7/24/2021 18:30,1.010954,0.03296703
7/24/2021 18:35,1.010215,0.03296703
7/24/2021 18:40,1.009477,0.03296703
7/24/2021 18:45,1.009477,0.03296703
7/24/2021 18:50,1.003569,0.03174603
7/24/2021 18:55,1.009477,0.03174603
7/24/2021 19:00,1.015385,0.03174603
7/24/2021 19:05,1.005046,0.03174603
7/24/2021 19:10,1.001354,0.03174603
7/24/2021 19:15,1.005785,0.03174603
7/24/2021 19:20,0.9947076,0.03174603
7/24/2021 19:25,0.996923,0.03174603
7/24/2021 19:30,1.008,0.03174603
7/24/2021 19:35,0.9939692,0.03174603
7/24/2021 19:40,0.9880615,0.03174603
7/24/2021 19:45,0.9932307,0.03174603
7/24/2021 19:50,0.9902769,0.03174603
7/24/2021 19:55,0.9910154,0.03174603
7/24/2021 20:00,0.9865846,0.03174603
7/24/2021 20:05,0.9902769,0.03174603
7/24/2021 20:10,0.9821538,0.03174603
7/24/2021 20:15,0.9910154,0.03296703
7/24/2021 20:20,0.9836308,0.03174603
7/24/2021 20:25,0.9902769,0.03174603
7/24/2021 20:30,0.9895384,0.03174603
7/24/2021 20:35,0.987323,0.03174603
7/24/2021 20:40,0.9895384,0.03174603
7/24/2021 20:45,0.9821538,0.03174603
7/24/2021 20:50,0.9880615,0.03174603
7/24/2021 20:55,0.9865846,0.03174603
7/24/2021 21:00,0.9880615,0.03174603
7/24/2021 21:05,0.9806769,0.03174603
7/24/2021 21:10,0.9806769,0.03174603
7/24/2021 21:15,0.9843692,0.03174603
7/24/2021 21:20,0.9902769,0.03174603
7/24/2021 21:25,0.9865846,0.03174603
7/24/2021 21:30,0.9902769,0.03174603
7/24/2021 21:35,0.9939692,0.03174603
7/24/2021 21:40,0.9843692,0.03174603
7/24/2021 21:45,0.9880615,0.03174603
7/24/2021 21:50,0.9792,0.03174603
7/24/2021 21:55,0.987323,0.03174603
7/24/2021 22:00,0.9821538,0.03174603
7/24/2021 22:05,0.9755077,0.03174603
7/24/2021 22:10,0.9614769,0.03174603
7/24/2021 22:15,0.9533538,0.03174603
7/24/2021 22:20,1.012431,0.03174603
7/24/2021 22:25,1.010954,0.03174603
7/24/2021 22:30,1.015385,0.03174603
7/24/2021 22:35,1.021292,0.03174603
7/24/2021 22:40,1.021292,0.03174603
7/24/2021 22:45,1.013908,0.03174603
7/24/2021 22:50,1.013908,0.03174603
7/24/2021 22:55,1.006523,0.03174603
7/24/2021 23:00,1.005785,0.03174603
7/24/2021 23:05,1.009477,0.03174603
7/24/2021 23:10,0.9984,0.03174603
7/24/2021 23:15,1.007262,0.03174603
7/24/2021 23:20,1.008738,0.03174603
7/24/2021 23:25,1.004308,0.03174603
7/24/2021 23:30,1.009477,0.03174603
7/24/2021 23:35,1.007262,0.03174603
7/24/2021 23:40,1.008,0.03174603
7/24/2021 23:45,0.9947076,0.03174603
7/24/2021 23:50,1.002831,0.03174603
7/24/2021 23:55,1.004308,0.03174603
7/25/2021 0:00,1.002092,0.03174603
7/25/2021 0:05,1.013908,0.03174603
7/25/2021 0:10,1.004308,0.03174603
7/25/2021 0:15,0.9961846,0.03174603
7/25/2021 0:20,1.008738,0.03174603
7/25/2021 0:25,1.012431,0.03174603
7/25/2021 0:30,1.010954,0.03174603
7/25/2021 0:35,1.005785,0.03174603
7/25/2021 0:40,1.008,0.03296703
7/25/2021 0:45,1.006523,0.03296703
7/25/2021 0:50,0.9998769,0.03296703
7/25/2021 0:55,1.005046,0.03296703
7/25/2021 1:00,1.005785,0.03296703
7/25/2021 1:05,1.006523,0.03296703
7/25/2021 1:10,1.003569,0.03296703
7/25/2021 1:15,1.003569,0.03296703
7/25/2021 1:20,1.012431,0.03296703
7/25/2021 1:25,1.002831,0.03296703
7/25/2021 1:30,0.9976615,0.03296703
7/25/2021 1:35,0.9939692,0.03296703
7/25/2021 1:40,0.9991384,0.03296703
7/25/2021 1:45,0.9984,0.03296703
7/25/2021 1:50,0.9976615,0.03296703
7/25/2021 1:55,0.9947076,0.03296703
7/25/2021 2:00,0.9902769,0.03296703
7/25/2021 2:05,1.001354,0.03296703
7/25/2021 2:10,0.9806769,0.03296703
7/25/2021 2:15,0.9902769,0.03296703
7/25/2021 2:20,0.9865846,0.03296703
7/25/2021 2:25,0.9998769,0.03296703
7/25/2021 2:30,0.9902769,0.03296703
7/25/2021 2:35,0.9947076,0.03296703
7/25/2021 2:40,0.9777231,0.03296703
7/25/2021 2:45,0.9947076,0.03296703
7/25/2021 2:50,0.9851077,0.03296703
7/25/2021 2:55,0.9991384,0.03296703
7/25/2021 3:00,0.9821538,0.03296703
7/25/2021 3:05,0.9880615,0.03296703
7/25/2021 3:10,0.9836308,0.03296703
7/25/2021 3:15,0.9932307,0.03296703
7/25/2021 3:20,0.9902769,0.03296703
7/25/2021 3:25,0.9888,0.03296703
7/25/2021 3:30,0.9902769,0.03296703
7/25/2021 3:35,0.9865846,0.03296703
7/25/2021 3:40,0.9843692,0.03296703
7/25/2021 3:45,0.9917538,0.03296703
7/25/2021 3:50,0.9932307,0.03296703
7/25/2021 3:55,0.9858461,0.03296703
7/25/2021 4:00,0.9947076,0.03296703
7/25/2021 4:05,0.9895384,0.03296703
7/25/2021 4:10,0.9888,0.03296703
7/25/2021 4:15,0.9961846,0.03296703
7/25/2021 4:20,0.9865846,0.03296703
7/25/2021 4:25,0.9858461,0.03296703
7/25/2021 4:30,0.9858461,0.03296703
7/25/2021 4:35,1.001354,0.03296703
7/25/2021 4:40,0.987323,0.03296703
7/25/2021 4:45,0.9888,0.03296703
7/25/2021 4:50,0.9947076,0.03296703
7/25/2021 4:55,0.9888,0.03296703
7/25/2021 5:00,0.9888,0.03296703
7/25/2021 5:05,0.9932307,0.03296703
7/25/2021 5:10,0.9932307,0.03296703
7/25/2021 5:15,0.9865846,0.03296703
7/25/2021 5:20,0.9939692,0.03296703
7/25/2021 5:25,0.9991384,0.03296703
7/25/2021 5:30,0.9954461,0.03296703
7/25/2021 5:35,0.9924923,0.03296703
7/25/2021 5:40,0.9924923,0.03296703
7/25/2021 5:45,0.9947076,0.03296703
7/25/2021 5:50,1.002831,0.03296703
7/25/2021 5:55,1.000615,0.03296703
7/25/2021 6:00,0.9984,0.03296703
7/25/2021 6:05,0.9888,0.03296703
7/25/2021 6:10,0.9932307,0.03296703
7/25/2021 6:15,0.987323,0.03296703
7/25/2021 6:20,0.9917538,0.03296703
7/25/2021 6:25,0.9924923,0.03296703
7/25/2021 6:30,0.9888,0.03296703
7/25/2021 6:35,0.9836308,0.03296703
7/25/2021 6:40,0.9851077,0.03296703
7/25/2021 6:45,0.9762462,0.03296703
7/25/2021 6:50,0.9880615,0.03296703
7/25/2021 6:55,0.9481846,0.03296703
7/25/2021 7:00,1.025723,0.03296703
7/25/2021 7:05,1.022031,0.03296703
7/25/2021 7:10,1.022769,0.03296703
7/25/2021 7:15,1.019815,0.03296703
7/25/2021 7:20,1.022769,0.03296703
7/25/2021 7:25,1.000615,0.03296703
7/25/2021 7:30,0.9961846,0.03296703
7/25/2021 7:35,1.000615,0.03296703
7/25/2021 7:40,0.9984,0.03296703
7/25/2021 7:45,0.9902769,0.03296703
7/25/2021 7:50,0.9976615,0.03296703
7/25/2021 7:55,0.9998769,0.03296703
7/25/2021 8:00,0.9976615,0.03296703
7/25/2021 8:05,0.9947076,0.03296703
7/25/2021 8:10,1.001354,0.03296703
7/25/2021 8:15,0.9902769,0.03296703
7/25/2021 8:20,0.9924923,0.03296703
7/25/2021 8:25,0.9947076,0.03296703
7/25/2021 8:30,0.9947076,0.03296703
7/25/2021 8:35,0.9917538,0.03296703
7/25/2021 8:40,0.9984,0.03296703
7/25/2021 8:45,0.9924923,0.03296703
7/25/2021 8:50,0.996923,0.03296703
7/25/2021 8:55,0.9917538,0.03296703
7/25/2021 9:00,0.996923,0.03296703
7/25/2021 9:05,0.9947076,0.03296703
7/25/2021 9:10,0.9954461,0.03296703
7/25/2021 9:15,1.000615,0.03296703
7/25/2021 9:20,0.9888,0.03296703
7/25/2021 9:25,1.001354,0.03296703
7/25/2021 9:30,0.996923,0.03296703
7/25/2021 9:35,0.9947076,0.03296703
7/25/2021 9:40,1.002831,0.03296703
7/25/2021 9:45,0.996923,0.03296703
7/25/2021 9:50,0.9984,0.03296703
7/25/2021 9:55,1.001354,0.03296703
7/25/2021 10:00,1.005785,0.03296703
7/25/2021 10:05,0.9998769,0.03296703
7/25/2021 10:10,1.005785,0.03296703
7/25/2021 10:15,1.001354,0.03296703
7/25/2021 10:20,0.9947076,0.03296703
7/25/2021 10:25,0.9998769,0.03296703
7/25/2021 10:30,0.9984,0.03296703
7/25/2021 10:35,0.9991384,0.03296703
7/25/2021 10:40,0.9947076,0.03296703
7/25/2021 10:45,1.008738,0.03296703
7/25/2021 10:50,0.9991384,0.03296703
7/25/2021 10:55,0.996923,0.03296703
7/25/2021 11:00,0.9976615,0.03296703
7/25/2021 11:05,0.9947076,0.03296703
7/25/2021 11:10,1.005785,0.03296703
7/25/2021 11:15,1.002831,0.03296703
7/25/2021 11:20,1.002092,0.03296703
7/25/2021 11:25,1.010215,0.03296703
7/25/2021 11:30,1.002092,0.03296703
7/25/2021 11:35,1.004308,0.03296703
7/25/2021 11:40,1.002092,0.03296703
7/25/2021 11:45,0.996923,0.03296703
7/25/2021 11:50,0.9984,0.03296703
7/25/2021 11:55,1.005785,0.03296703
7/25/2021 12:00,0.9947076,0.03296703
7/25/2021 12:05,1.005785,0.03296703
7/25/2021 12:10,1.004308,0.03296703
7/25/2021 12:15,0.9961846,0.03296703
7/25/2021 12:20,1.002831,0.03296703
7/25/2021 12:25,0.9998769,0.03296703
7/25/2021 12:30,1.010215,0.03296703
7/25/2021 12:35,0.9998769,0.03296703
7/25/2021 12:40,1.005785,0.03296703
7/25/2021 12:45,1.001354,0.03296703
7/25/2021 12:50,0.9961846,0.03296703
7/25/2021 12:55,0.9917538,0.03296703
7/25/2021 13:00,1.002092,0.03296703
7/25/2021 13:05,0.9984,0.03296703
7/25/2021 13:10,0.9991384,0.03296703
7/25/2021 13:15,0.9998769,0.03296703
7/25/2021 13:20,0.9902769,0.03296703
7/25/2021 13:25,1.000615,0.03296703
7/25/2021 13:30,0.9917538,0.03296703
7/25/2021 13:35,0.9947076,0.03296703
7/25/2021 13:40,0.9917538,0.03296703
7/25/2021 13:45,0.9917538,0.03296703
7/25/2021 13:50,0.9932307,0.03296703
7/25/2021 13:55,0.9917538,0.03296703
7/25/2021 14:00,1.005785,0.03296703
7/25/2021 14:05,0.9954461,0.03296703
7/25/2021 14:10,0.9976615,0.03296703
7/25/2021 14:15,0.9961846,0.03296703
7/25/2021 14:20,0.9991384,0.03296703
7/25/2021 14:25,0.9984,0.03296703
7/25/2021 14:30,0.9998769,0.03296703
7/25/2021 14:35,0.9954461,0.03296703
7/25/2021 14:40,1.002092,0.03296703
7/25/2021 14:45,0.9998769,0.03296703
7/25/2021 14:50,1.001354,0.03296703
7/25/2021 14:55,1.004308,0.03296703
7/25/2021 15:00,1.000615,0.03296703
7/25/2021 15:05,0.9991384,0.03296703
7/25/2021 15:10,0.9917538,0.03296703
7/25/2021 15:15,0.9961846,0.03296703
7/25/2021 15:20,0.9910154,0.03296703
7/25/2021 15:25,0.9947076,0.03296703
7/25/2021 15:30,0.9888,0.03296703
7/25/2021 15:35,0.9836308,0.03296703
7/25/2021 15:40,0.9939692,0.03296703
7/25/2021 15:45,0.9851077,0.03296703
7/25/2021 15:50,0.987323,0.03296703
7/25/2021 15:55,0.9629538,0.03296703
7/25/2021 16:00,1.030154,0.03296703
7/25/2021 16:05,0.9659076,0.03296703
7/25/2021 16:10,1.004308,0.03296703
7/25/2021 16:15,1.041231,0.03296703
7/25/2021 16:20,1.030892,0.03296703
7/25/2021 16:25,1.026461,0.03296703
7/25/2021 16:30,1.030892,0.03296703
7/25/2021 16:35,0.9718154,0.03296703
7/25/2021 16:40,1.019815,0.03296703
7/25/2021 16:45,1.001354,0.03296703
7/25/2021 16:50,1.002831,0.03296703
7/25/2021 16:55,0.9998769,0.03296703
7/25/2021 17:00,0.9976615,0.03296703
7/25/2021 17:05,1.004308,0.03296703
7/25/2021 17:10,1.005785,0.03296703
7/25/2021 17:15,1.000615,0.03296703
7/25/2021 17:20,1.012431,0.03296703
7/25/2021 17:25,0.9947076,0.03296703
7/25/2021 17:30,1.001354,0.03296703
7/25/2021 17:35,1.004308,0.03296703
7/25/2021 17:40,1.004308,0.03296703
7/25/2021 17:45,1.006523,0.03296703
7/25/2021 17:50,1.004308,0.03296703
7/25/2021 17:55,1.002831,0.03296703
7/25/2021 18:00,1.001354,0.03296703
7/25/2021 18:05,1.005785,0.03296703
7/25/2021 18:10,0.9998769,0.03296703
7/25/2021 18:15,1.009477,0.03296703
7/25/2021 18:20,1.004308,0.03296703
7/25/2021 18:25,1.008738,0.03296703
7/25/2021 18:30,1.000615,0.03296703
7/25/2021 18:35,1.008,0.03296703
7/25/2021 18:40,0.9939692,0.03296703
7/25/2021 18:45,1.012431,0.03296703
7/25/2021 18:50,1.005785,0.03296703
7/25/2021 18:55,1.008738,0.03296703
7/25/2021 19:00,1.007262,0.03296703
7/25/2021 19:05,1.007262,0.03296703
7/25/2021 19:10,0.9998769,0.03296703
7/25/2021 19:15,1.002831,0.03296703
7/25/2021 19:20,1.004308,0.03296703
7/25/2021 19:25,0.9984,0.03296703
7/25/2021 19:30,0.9961846,0.03296703
7/25/2021 19:35,1.000615,0.03296703
7/25/2021 19:40,0.9895384,0.03296703
7/25/2021 19:45,0.996923,0.03296703
7/25/2021 19:50,0.996923,0.03296703
7/25/2021 19:55,0.9888,0.03296703
7/25/2021 20:00,0.9961846,0.03296703
7/25/2021 20:05,0.9991384,0.03296703
7/25/2021 20:10,0.9947076,0.03296703
7/25/2021 20:15,0.9902769,0.03296703
7/25/2021 20:20,0.9998769,0.03296703
7/25/2021 20:25,0.9954461,0.03296703
7/25/2021 20:30,1.001354,0.03296703
7/25/2021 20:35,0.9984,0.03296703
7/25/2021 20:40,1.002831,0.03296703
7/25/2021 20:45,0.9976615,0.03296703
7/25/2021 20:50,0.996923,0.03296703
7/25/2021 20:55,1.001354,0.03296703
7/25/2021 21:00,0.9998769,0.03296703
7/25/2021 21:05,1.000615,0.03296703
7/25/2021 21:10,0.9947076,0.03296703
7/25/2021 21:15,0.996923,0.03296703
7/25/2021 21:20,1.005785,0.03296703
7/25/2021 21:25,0.9947076,0.03296703
7/25/2021 21:30,1.002831,0.03296703
7/25/2021 21:35,1.009477,0.03296703
7/25/2021 21:40,1.014646,0.03296703
7/25/2021 21:45,1.008,0.03296703
7/25/2021 21:50,1.002831,0.03296703
7/25/2021 21:55,1.004308,0.03296703
7/25/2021 22:00,1.008,0.03296703
7/25/2021 22:05,1.008738,0.03296703
7/25/2021 22:10,1.004308,0.03296703
7/25/2021 22:15,1.011692,0.03296703
7/25/2021 22:20,1.002831,0.03296703
7/25/2021 22:25,1.007262,0.03296703
7/25/2021 22:30,0.9954461,0.03296703
7/25/2021 22:35,1.005785,0.03296703
7/25/2021 22:40,1.002092,0.03296703
7/25/2021 22:45,1.002831,0.03296703
7/25/2021 22:50,1.008,0.03296703
7/25/2021 22:55,0.9984,0.03296703
7/25/2021 23:00,1.006523,0.03296703
7/25/2021 23:05,1.008,0.03296703
7/25/2021 23:10,1.005785,0.03296703
7/25/2021 23:15,0.9991384,0.03296703
7/25/2021 23:20,1.003569,0.03296703
7/25/2021 23:25,1.010954,0.03296703
7/25/2021 23:30,0.9976615,0.03296703
7/25/2021 23:35,1.007262,0.03296703
7/25/2021 23:40,1.002831,0.03296703
7/25/2021 23:45,1.006523,0.03296703
7/25/2021 23:50,1.002831,0.03296703
7/25/2021 23:55,1.002831,0.03296703
7/26/2021 0:00,0.9932307,0.03296703
7/26/2021 0:05,0.9947076,0.03296703
7/26/2021 0:10,0.996923,0.03296703
7/26/2021 0:15,0.9984,0.03296703
7/26/2021 0:20,0.9991384,0.03296703
7/26/2021 0:25,0.9984,0.03296703
7/26/2021 0:30,1.005785,0.03296703
7/26/2021 0:35,1.008738,0.03296703
7/26/2021 0:40,1.011692,0.03296703
7/26/2021 0:45,1.005785,0.03296703
7/26/2021 0:50,1.002831,0.03296703
7/26/2021 0:55,1.004308,0.03296703
7/26/2021 1:00,1.006523,0.03296703
7/26/2021 1:05,1.004308,0.03296703
7/26/2021 1:10,1.008,0.03296703
7/26/2021 1:15,1.008,0.03296703
7/26/2021 1:20,1.004308,0.03296703
7/26/2021 1:25,1.004308,0.03296703
7/26/2021 1:30,1.011692,0.03296703
7/26/2021 1:35,1.001354,0.03296703
7/26/2021 1:40,1.005785,0.03296703
7/26/2021 1:45,1.001354,0.03296703
7/26/2021 1:50,0.996923,0.03296703
7/26/2021 1:55,1.002831,0.03296703
7/26/2021 2:00,1.004308,0.03296703
7/26/2021 2:05,1.005046,0.03296703
7/26/2021 2:10,1.010215,0.03296703
7/26/2021 2:15,1.015385,0.03296703
7/26/2021 2:20,1.008738,0.03296703
7/26/2021 2:25,1.020554,0.03296703
7/26/2021 2:30,1.018338,0.03296703
7/26/2021 2:35,1.015385,0.03296703
7/26/2021 2:40,1.015385,0.03296703
7/26/2021 2:45,1.012431,0.03296703
7/26/2021 2:50,1.012431,0.03296703
7/26/2021 2:55,1.014646,0.03296703
7/26/2021 3:00,1.009477,0.03296703
7/26/2021 3:05,1.009477,0.03296703
7/26/2021 3:10,1.010954,0.03296703
7/26/2021 3:15,1.005785,0.03296703
7/26/2021 3:20,1.004308,0.03296703
7/26/2021 3:25,1.016123,0.03296703
7/26/2021 3:30,1.013908,0.03296703
7/26/2021 3:35,1.010215,0.03296703
7/26/2021 3:40,1.013908,0.03296703
7/26/2021 3:45,1.007262,0.03296703
7/26/2021 3:50,1.005785,0.03296703
7/26/2021 3:55,0.9902769,0.03296703
7/26/2021 4:00,0.9947076,0.03296703
7/26/2021 4:05,0.9932307,0.03296703
7/26/2021 4:10,0.9888,0.03296703
7/26/2021 4:15,0.9917538,0.03296703
7/26/2021 4:20,0.987323,0.03296703
7/26/2021 4:25,0.9888,0.03296703
7/26/2021 4:30,0.9902769,0.03296703
7/26/2021 4:35,0.9851077,0.03296703
7/26/2021 4:40,0.9910154,0.03296703
7/26/2021 4:45,0.9947076,0.03296703
7/26/2021 4:50,0.9991384,0.03296703
7/26/2021 4:55,0.9836308,0.03296703
7/26/2021 5:00,0.9902769,0.03296703
7/26/2021 5:05,0.987323,0.03296703
7/26/2021 5:10,0.9939692,0.03296703
7/26/2021 5:15,0.9917538,0.03296703
7/26/2021 5:20,0.9865846,0.03296703
7/26/2021 5:25,0.9806769,0.03296703
7/26/2021 5:30,0.9836308,0.03296703
7/26/2021 5:35,0.987323,0.03296703
7/26/2021 5:40,0.9865846,0.03296703
7/26/2021 5:45,0.9821538,0.03296703
7/26/2021 5:50,0.9836308,0.03418804
7/26/2021 5:55,0.9828923,0.03418804
7/26/2021 6:00,0.9046153,0.03418804
7/26/2021 6:05,0.8854154,0.03418804
7/26/2021 6:10,0.9142154,0.03418804
7/26/2021 6:15,0.9142154,0.03418804
7/26/2021 6:20,0.912,0.03418804
7/26/2021 6:25,0.9179077,0.03418804
7/26/2021 6:30,0.9134769,0.03418804
7/26/2021 6:35,0.9083077,0.03418804
7/26/2021 6:40,0.912,0.03418804
7/26/2021 6:45,0.9134769,0.03418804
7/26/2021 6:50,0.912,0.03418804
7/26/2021 6:55,0.9060923,0.03418804
7/26/2021 7:00,0.9149538,0.03418804
7/26/2021 7:05,0.912,0.03418804
7/26/2021 7:10,0.912,0.03418804
7/26/2021 7:15,0.912,0.03418804
7/26/2021 7:20,0.9127384,0.03418804
7/26/2021 7:25,0.9193846,0.03418804
7/26/2021 7:30,0.912,0.03418804
7/26/2021 7:35,0.8891077,0.03540904
7/26/2021 7:40,0.8935384,0.03540904
7/26/2021 7:45,0.8972307,0.03540904
7/26/2021 7:50,0.9090461,0.03540904
7/26/2021 7:55,0.9053538,0.03540904
7/26/2021 8:00,0.9001846,0.03540904
7/26/2021 8:05,0.9112616,0.03540904
7/26/2021 8:10,0.9053538,0.03540904
7/26/2021 8:15,0.912,0.03540904
7/26/2021 8:20,0.9090461,0.03540904
7/26/2021 8:25,0.9031384,0.03540904
7/26/2021 8:30,0.9097846,0.03540904
7/26/2021 8:35,0.9090461,0.03540904
7/26/2021 8:40,0.9142154,0.03540904
7/26/2021 8:45,0.9068307,0.03540904
7/26/2021 8:50,0.9083077,0.03540904
7/26/2021 8:55,0.9142154,0.03540904
7/26/2021 9:00,0.912,0.03540904
7/26/2021 9:05,0.9016615,0.03540904
7/26/2021 9:10,0.9097846,0.03540904
7/26/2021 9:15,0.9009231,0.03540904
7/26/2021 9:20,0.8972307,0.03540904
7/26/2021 9:25,0.9083077,0.03540904
7/26/2021 9:30,0.9083077,0.03540904
7/26/2021 9:35,0.9112616,0.03540904
7/26/2021 9:40,0.9083077,0.03540904
7/26/2021 9:45,0.9090461,0.03540904
7/26/2021 9:50,0.9083077,0.03540904
7/26/2021 9:55,0.9090461,0.03540904
7/26/2021 10:00,0.9060923,0.03540904
7/26/2021 10:05,0.9112616,0.03540904
7/26/2021 10:10,0.9142154,0.03540904
7/26/2021 10:15,0.9112616,0.03540904
7/26/2021 10:20,0.9127384,0.03540904
7/26/2021 10:25,0.9090461,0.03540904
7/26/2021 10:30,0.9112616,0.03540904
7/26/2021 10:35,0.9083077,0.03540904
7/26/2021 10:40,0.9083077,0.03540904
7/26/2021 10:45,0.9216,0.03540904
7/26/2021 10:50,0.9134769,0.03540904
7/26/2021 10:55,0.9134769,0.03540904
7/26/2021 11:00,0.9164308,0.03540904
7/26/2021 11:05,0.9083077,0.03540904
7/26/2021 11:10,0.9097846,0.03540904
7/26/2021 11:15,0.9038769,0.03540904
7/26/2021 11:20,0.9171692,0.03540904
7/26/2021 11:25,0.9179077,0.03540904
7/26/2021 11:30,0.920123,0.03540904
7/26/2021 11:35,0.920123,0.03540904
7/26/2021 11:40,0.9171692,0.03540904
7/26/2021 11:45,0.912,0.03540904
7/26/2021 11:50,0.9149538,0.03540904
7/26/2021 11:55,0.912,0.03540904
7/26/2021 12:00,0.9186462,0.03540904
7/26/2021 12:05,0.9134769,0.03540904
7/26/2021 12:10,0.912,0.03540904
7/26/2021 12:15,0.9009231,0.03540904
7/26/2021 12:20,0.8972307,0.03540904
7/26/2021 12:25,0.8795077,0.03540904
7/26/2021 12:30,0.8935384,0.03540904
7/26/2021 12:35,0.8942769,0.03540904
7/26/2021 12:40,0.8795077,0.03540904
7/26/2021 12:45,0.8824615,0.03540904
7/26/2021 12:50,0.8735999,0.03540904
7/26/2021 12:55,0.8839385,0.03540904
7/26/2021 13:00,0.9016615,0.03540904
7/26/2021 13:05,0.9038769,0.03540904
7/26/2021 13:10,0.8994461,0.03540904
7/26/2021 13:15,0.9053538,0.03540904
7/26/2021 13:20,0.9024,0.03540904
7/26/2021 13:25,0.9024,0.03540904
7/26/2021 13:30,0.9068307,0.03540904
7/26/2021 13:35,0.9024,0.03540904
7/26/2021 13:40,0.9112616,0.03540904
7/26/2021 13:45,0.8964923,0.03540904
7/26/2021 13:50,0.8979692,0.03540904
7/26/2021 13:55,0.8913231,0.03540904
7/26/2021 14:00,0.8972307,0.03540904
7/26/2021 14:05,0.8987077,0.03540904
7/26/2021 14:10,0.8972307,0.03540904
7/26/2021 14:15,0.9038769,0.03540904
7/26/2021 14:20,0.9016615,0.03540904
7/26/2021 14:25,0.9083077,0.03540904
7/26/2021 14:30,0.9031384,0.03540904
7/26/2021 14:35,0.9053538,0.03540904
7/26/2021 14:40,0.9038769,0.03540904
7/26/2021 14:45,0.9038769,0.03540904
7/26/2021 14:50,0.9009231,0.03540904
7/26/2021 14:55,0.9046153,0.03540904
7/26/2021 15:00,0.9009231,0.03540904
7/26/2021 15:05,0.8913231,0.03540904
7/26/2021 15:10,0.8950154,0.03540904
7/26/2021 15:15,0.8957538,0.03540904
7/26/2021 15:20,0.8957538,0.03540904
7/26/2021 15:25,0.8972307,0.03540904
7/26/2021 15:30,0.8942769,0.03540904
7/26/2021 15:35,0.8994461,0.03663004
7/26/2021 15:40,0.8920615,0.03663004
7/26/2021 15:45,0.8898461,0.03663004
7/26/2021 15:50,0.8987077,0.03663004
7/26/2021 15:55,0.8876308,0.03663004
7/26/2021 16:00,0.8913231,0.03663004
7/26/2021 16:05,0.8913231,0.03663004
7/26/2021 16:10,0.8957538,0.03663004
7/26/2021 16:15,0.8891077,0.03663004
7/26/2021 16:20,0.8891077,0.03663004
7/26/2021 16:25,0.8942769,0.03663004
7/26/2021 16:30,0.8876308,0.03663004
7/26/2021 16:35,0.8942769,0.03663004
7/26/2021 16:40,0.8891077,0.03663004
7/26/2021 16:45,0.8846769,0.03663004
7/26/2021 16:50,0.8824615,0.03663004
7/26/2021 16:55,0.8928,0.03663004
7/26/2021 17:00,0.8913231,0.03663004
7/26/2021 17:05,0.8861538,0.03663004
7/26/2021 17:10,0.8876308,0.03663004
7/26/2021 17:15,0.8898461,0.03663004
7/26/2021 17:20,0.8861538,0.03663004
7/26/2021 17:25,0.8839385,0.03663004
7/26/2021 17:30,0.8802461,0.03663004
7/26/2021 17:35,0.8920615,0.03663004
7/26/2021 17:40,0.8846769,0.03663004
7/26/2021 17:45,0.8898461,0.03663004
7/26/2021 17:50,0.8898461,0.03663004
7/26/2021 17:55,0.8913231,0.03663004
7/26/2021 18:00,0.8809846,0.03663004
7/26/2021 18:05,0.8809846,0.03663004
7/26/2021 18:10,0.8861538,0.03663004
7/26/2021 18:15,0.8772923,0.03663004
7/26/2021 18:20,0.8861538,0.03663004
7/26/2021 18:25,0.9024,0.03663004
7/26/2021 18:30,0.8750769,0.03663004
7/26/2021 18:35,0.920123,0.03785104
7/26/2021 18:40,0.8699077,0.03785104
7/26/2021 18:45,0.9105231,0.03785104
7/26/2021 18:50,0.9068307,0.03785104
7/26/2021 18:55,0.9009231,0.03785104
7/26/2021 19:00,0.9046153,0.03785104
7/26/2021 19:05,0.9016615,0.03785104
7/26/2021 19:10,0.9046153,0.03785104
7/26/2021 19:15,0.8987077,0.03785104
7/26/2021 19:20,0.8987077,0.03785104
7/26/2021 19:25,0.9009231,0.03785104
7/26/2021 19:30,0.8972307,0.03785104
7/26/2021 19:35,0.9038769,0.03785104
7/26/2021 19:40,0.8987077,0.03785104
7/26/2021 19:45,0.9001846,0.03785104
7/26/2021 19:50,0.8987077,0.03785104
7/26/2021 19:55,0.8957538,0.03785104
7/26/2021 20:00,0.9024,0.03785104
7/26/2021 20:05,0.8905846,0.03785104
7/26/2021 20:10,0.8994461,0.03785104
7/26/2021 20:15,0.8832,0.03785104
7/26/2021 20:20,0.8905846,0.03785104
7/26/2021 20:25,0.8987077,0.03785104
7/26/2021 20:30,0.8935384,0.03785104
7/26/2021 20:35,0.8942769,0.03785104
7/26/2021 20:40,0.8972307,0.03785104
7/26/2021 20:45,0.8942769,0.03785104
7/26/2021 20:50,0.8994461,0.03785104
7/26/2021 20:55,0.8950154,0.03785104
7/26/2021 21:00,0.9009231,0.03785104
7/26/2021 21:05,0.9038769,0.03785104
7/26/2021 21:10,0.8972307,0.03785104
7/26/2021 21:15,0.9024,0.03785104
7/26/2021 21:20,0.8994461,0.03785104
7/26/2021 21:25,0.8994461,0.03785104
7/26/2021 21:30,0.9009231,0.03785104
7/26/2021 21:35,0.8972307,0.03785104
7/26/2021 21:40,0.8935384,0.03785104
7/26/2021 21:45,0.8957538,0.03785104
7/26/2021 21:50,0.9009231,0.03785104
7/26/2021 21:55,0.9009231,0.03785104
7/26/2021 22:00,0.9009231,0.03785104
7/26/2021 22:05,0.8942769,0.03785104
7/26/2021 22:10,0.8972307,0.03785104
7/26/2021 22:15,0.8964923,0.03785104
7/26/2021 22:20,0.8957538,0.03785104
7/26/2021 22:25,0.8942769,0.03785104
7/26/2021 22:30,0.8913231,0.03785104
7/26/2021 22:35,0.8942769,0.03785104
7/26/2021 22:40,0.8979692,0.03785104
7/26/2021 22:45,0.8979692,0.03785104
7/26/2021 22:50,0.8913231,0.03785104
7/26/2021 22:55,0.8972307,0.03785104
7/26/2021 23:00,0.9053538,0.03785104
7/26/2021 23:05,0.9009231,0.03785104
7/26/2021 23:10,0.9031384,0.03785104
7/26/2021 23:15,0.9009231,0.03785104
7/26/2021 23:20,0.9009231,0.03785104
7/26/2021 23:25,0.8987077,0.03785104
7/26/2021 23:30,0.8964923,0.03785104
7/26/2021 23:35,0.8935384,0.03785104
7/26/2021 23:40,0.8957538,0.03785104
7/26/2021 23:45,0.9024,0.03785104
7/26/2021 23:50,0.8935384,0.03785104
7/26/2021 23:55,0.9024,0.03785104
7/27/2021 0:00,0.9016615,0.03785104
7/27/2021 0:05,0.8920615,0.03785104
7/27/2021 0:10,0.9016615,0.03785104
7/27/2021 0:15,0.8994461,0.03785104
7/27/2021 0:20,0.8994461,0.03785104
7/27/2021 0:25,0.9001846,0.03785104
7/27/2021 0:30,0.9090461,0.03785104
7/27/2021 0:35,0.9053538,0.03785104
7/27/2021 0:40,0.9009231,0.03785104
7/27/2021 0:45,0.8928,0.03785104
7/27/2021 0:50,0.8957538,0.03785104
7/27/2021 0:55,0.8994461,0.03785104
7/27/2021 1:00,0.8942769,0.03785104
7/27/2021 1:05,0.8950154,0.03785104
7/27/2021 1:10,0.8891077,0.03785104
7/27/2021 1:15,0.8920615,0.03785104
7/27/2021 1:20,0.8964923,0.03785104
7/27/2021 1:25,0.8964923,0.03785104
7/27/2021 1:30,0.8994461,0.03785104
7/27/2021 1:35,0.8950154,0.03785104
7/27/2021 1:40,0.8928,0.03785104
7/27/2021 1:45,0.8913231,0.03785104
7/27/2021 1:50,0.8964923,0.03785104
7/27/2021 1:55,0.8935384,0.03785104
7/27/2021 2:00,0.8898461,0.03785104
7/27/2021 2:05,0.8972307,0.03785104
7/27/2021 2:10,0.9001846,0.03785104
7/27/2021 2:15,0.9009231,0.03785104
7/27/2021 2:20,0.8964923,0.03785104
7/27/2021 2:25,0.8950154,0.03785104
7/27/2021 2:30,0.8928,0.03785104
7/27/2021 2:35,0.8920615,0.03785104
7/27/2021 2:40,0.8898461,0.03785104
7/27/2021 2:45,0.8928,0.03785104
7/27/2021 2:50,0.8957538,0.03785104
7/27/2021 2:55,0.8913231,0.03785104
7/27/2021 3:00,0.8964923,0.03785104
7/27/2021 3:05,0.9009231,0.03785104
7/27/2021 3:10,0.8868923,0.03785104
7/27/2021 3:15,0.8942769,0.03785104
7/27/2021 3:20,0.9038769,0.03785104
7/27/2021 3:25,0.8972307,0.03785104
7/27/2021 3:30,0.9038769,0.03785104
7/27/2021 3:35,0.9009231,0.03785104
7/27/2021 3:40,0.9984,0.03785104
7/27/2021 3:45,0.9932307,0.03785104
7/27/2021 3:50,0.9932307,0.03785104
7/27/2021 3:55,0.9917538,0.03785104
7/27/2021 4:00,0.987323,0.03785104
7/27/2021 4:05,0.9932307,0.03785104
7/27/2021 4:10,0.9799384,0.03785104
7/27/2021 4:15,0.9828923,0.03785104
7/27/2021 4:20,0.9836308,0.03785104
7/27/2021 4:25,0.9851077,0.03785104
7/27/2021 4:30,0.9792,0.03785104
7/27/2021 4:35,0.9917538,0.03785104
7/27/2021 4:40,0.9865846,0.03785104
7/27/2021 4:45,0.9814154,0.03785104
7/27/2021 4:50,0.987323,0.03785104
7/27/2021 4:55,0.9836308,0.03785104
7/27/2021 5:00,0.9843692,0.03785104
7/27/2021 5:05,0.9902769,0.03785104
7/27/2021 5:10,0.9828923,0.03785104
7/27/2021 5:15,0.9902769,0.03785104
7/27/2021 5:20,0.9821538,0.03785104
7/27/2021 5:25,0.9814154,0.03785104
7/27/2021 5:30,0.9792,0.03785104
7/27/2021 5:35,0.9792,0.03785104
7/27/2021 5:40,0.9821538,0.03785104
7/27/2021 5:45,0.9836308,0.03785104
7/27/2021 5:50,0.9865846,0.03785104
7/27/2021 5:55,0.9902769,0.03785104
7/27/2021 6:00,0.9821538,0.03785104
7/27/2021 6:05,0.9888,0.03785104
7/27/2021 6:10,0.9880615,0.03785104
7/27/2021 6:15,0.9902769,0.03785104
7/27/2021 6:20,0.9880615,0.03785104
7/27/2021 6:25,0.9762462,0.03785104
7/27/2021 6:30,1.033108,0.03785104
7/27/2021 6:35,1.0176,0.03785104
7/27/2021 6:40,1.004308,0.03785104
7/27/2021 6:45,1.0176,0.03785104
7/27/2021 6:50,1.005785,0.03785104
7/27/2021 6:55,1.011692,0.03785104
7/27/2021 7:00,1.016123,0.03785104
7/27/2021 7:05,1.007262,0.03785104
7/27/2021 7:10,0.996923,0.03785104
7/27/2021 7:15,1.004308,0.03785104
7/27/2021 7:20,1.012431,0.03785104
7/27/2021 7:25,0.9961846,0.03785104
7/27/2021 7:30,0.9961846,0.03785104
7/27/2021 7:35,0.9984,0.03785104
7/27/2021 7:40,0.9998769,0.03785104
7/27/2021 7:45,0.9932307,0.03785104
7/27/2021 7:50,0.9895384,0.03785104
7/27/2021 7:55,0.9902769,0.03785104
7/27/2021 8:00,0.9991384,0.03785104
7/27/2021 8:05,0.9888,0.03785104
7/27/2021 8:10,0.9851077,0.03785104
7/27/2021 8:15,0.987323,0.03785104
7/27/2021 8:20,0.9888,0.03785104
7/27/2021 8:25,0.9917538,0.03785104
7/27/2021 8:30,0.9836308,0.03785104
7/27/2021 8:35,0.9910154,0.03785104
7/27/2021 8:40,0.9888,0.03785104
7/27/2021 8:45,0.9865846,0.03785104
7/27/2021 8:50,0.9828923,0.03785104
7/27/2021 8:55,0.9924923,0.03785104
7/27/2021 9:00,0.9836308,0.03785104
7/27/2021 9:05,0.9932307,0.03785104
7/27/2021 9:10,0.9998769,0.03785104
7/27/2021 9:15,0.9910154,0.03785104
7/27/2021 9:20,0.9902769,0.03785104
7/27/2021 9:25,0.9895384,0.03785104
7/27/2021 9:30,0.987323,0.03785104
7/27/2021 9:35,0.9939692,0.03785104
7/27/2021 9:40,0.9917538,0.03785104
7/27/2021 9:45,0.9961846,0.03785104
7/27/2021 9:50,0.9932307,0.03785104
7/27/2021 9:55,0.9947076,0.03785104
7/27/2021 10:00,0.9895384,0.03785104
7/27/2021 10:05,0.9947076,0.03785104
7/27/2021 10:10,0.9865846,0.03785104
7/27/2021 10:15,0.9976615,0.03785104
7/27/2021 10:20,0.9984,0.03785104
7/27/2021 10:25,0.9865846,0.03785104
7/27/2021 10:30,0.9947076,0.03785104
7/27/2021 10:35,0.9895384,0.03785104
7/27/2021 10:40,0.9924923,0.03785104
7/27/2021 10:45,0.9902769,0.03785104
7/27/2021 10:50,0.9851077,0.03785104
7/27/2021 10:55,0.9902769,0.03785104
7/27/2021 11:00,0.9792,0.03785104
7/27/2021 11:05,0.9755077,0.03785104
7/27/2021 11:10,0.9821538,0.03785104
7/27/2021 11:15,0.9851077,0.03785104
7/27/2021 11:20,0.9799384,0.03785104
7/27/2021 11:25,0.9836308,0.03785104
7/27/2021 11:30,0.9895384,0.03785104
7/27/2021 11:35,0.9851077,0.03785104
7/27/2021 11:40,1.043446,0.03785104
7/27/2021 11:45,1.032369,0.03785104
7/27/2021 11:50,0.9577846,0.03785104
7/27/2021 11:55,1.004308,0.03785104
7/27/2021 12:00,1.008738,0.03785104
7/27/2021 12:05,0.9577846,0.03785104
7/27/2021 12:10,1.019815,0.03785104
7/27/2021 12:15,1.013169,0.03785104
7/27/2021 12:20,0.9614769,0.03785104
7/27/2021 12:25,1.013169,0.03785104
7/27/2021 12:30,1.019077,0.03785104
7/27/2021 12:35,1.019077,0.03785104
7/27/2021 12:40,1.005046,0.03785104
7/27/2021 12:45,1.010954,0.03785104
7/27/2021 12:50,1.015385,0.03785104
7/27/2021 12:55,1.016123,0.03785104
7/27/2021 13:00,1.008738,0.03785104
7/27/2021 13:05,1.0176,0.03785104
7/27/2021 13:10,1.012431,0.03785104
7/27/2021 13:15,1.008,0.03785104
7/27/2021 13:20,1.005785,0.03785104
7/27/2021 13:25,1.010954,0.03785104
7/27/2021 13:30,1.008,0.03785104
7/27/2021 13:35,1.009477,0.03785104
7/27/2021 13:40,1.004308,0.03785104
7/27/2021 13:45,1.005785,0.03785104
7/27/2021 13:50,1.010954,0.03785104
7/27/2021 13:55,1.000615,0.03785104
7/27/2021 14:00,1.010954,0.03785104
7/27/2021 14:05,1.008,0.03785104
7/27/2021 14:10,1.008,0.03785104
7/27/2021 14:15,1.005046,0.03785104
7/27/2021 14:20,1.015385,0.03785104
7/27/2021 14:25,1.012431,0.03785104
7/27/2021 14:30,1.005785,0.03785104
7/27/2021 14:35,1.009477,0.03785104
7/27/2021 14:40,1.008,0.03785104
7/27/2021 14:45,1.008738,0.03785104
7/27/2021 14:50,1.006523,0.03785104
7/27/2021 14:55,1.015385,0.03785104
7/27/2021 15:00,0.9998769,0.03785104
7/27/2021 15:05,1.006523,0.03785104
7/27/2021 15:10,1.002092,0.03785104
7/27/2021 15:15,1.002831,0.03785104
7/27/2021 15:20,1.008738,0.03785104
7/27/2021 15:25,1.008738,0.03785104
7/27/2021 15:30,1.000615,0.03785104
7/27/2021 15:35,1.003569,0.03785104
7/27/2021 15:40,1.002831,0.03785104
7/27/2021 15:45,1.003569,0.03785104
7/27/2021 15:50,1.006523,0.03785104
7/27/2021 15:55,0.9998769,0.03785104
7/27/2021 16:00,1.001354,0.03785104
7/27/2021 16:05,1.004308,0.03785104
7/27/2021 16:10,1.005046,0.03785104
7/27/2021 16:15,0.9961846,0.03785104
7/27/2021 16:20,1.004308,0.03785104
7/27/2021 16:25,1.001354,0.03785104
7/27/2021 16:30,0.9998769,0.03785104
7/27/2021 16:35,1.002092,0.03785104
7/27/2021 16:40,1.004308,0.03785104
7/27/2021 16:45,1.005046,0.03785104
7/27/2021 16:50,1.005785,0.03785104
7/27/2021 16:55,0.9954461,0.03785104
7/27/2021 17:00,1.002092,0.03785104
7/27/2021 17:05,1.001354,0.03785104
7/27/2021 17:10,1.009477,0.03785104
7/27/2021 17:15,0.9998769,0.03785104
7/27/2021 17:20,0.9998769,0.03785104
7/27/2021 17:25,0,-1
7/27/2021 17:30,0,-1
7/27/2021 17:35,0,-1
7/27/2021 17:40,0,-1
7/27/2021 17:45,0,-1
7/27/2021 17:50,0,-1
7/27/2021 17:55,0,-1
7/27/2021 18:00,0,-1
7/27/2021 18:05,0,-1
7/27/2021 18:10,0,-1
7/27/2021 18:15,0,-1
7/27/2021 18:20,0,-1
7/27/2021 18:25,0,-1
7/27/2021 18:30,0,-1
7/27/2021 18:35,0,-1
7/27/2021 18:40,0,-1
7/27/2021 18:45,0,-1
7/27/2021 18:50,0,-1
7/27/2021 18:55,0,-1
7/27/2021 19:00,0,-1
7/27/2021 19:05,0,-1
7/27/2021 19:10,0,-1
7/27/2021 19:15,0,-1
7/27/2021 19:20,0,-1
7/27/2021 19:25,0,-1
7/27/2021 19:30,0,-1
7/27/2021 19:35,0,-1
7/27/2021 19:40,0,-1
7/27/2021 19:45,0,-1
7/27/2021 19:50,0,-1
7/27/2021 19:55,0,-1
7/27/2021 20:00,0,-1
7/27/2021 20:05,0,-1
7/27/2021 20:10,0,-1
7/27/2021 20:15,0,-1
7/27/2021 20:20,0,-1
7/27/2021 20:25,0,-1
7/27/2021 20:30,0,-1
7/27/2021 20:35,0,-1
7/27/2021 20:40,0,-1
7/27/2021 20:45,0,-1
7/27/2021 20:50,0,-1
7/27/2021 20:55,0,-1
7/27/2021 21:00,0,-1
7/27/2021 21:05,0,-1
7/27/2021 21:10,0,-1
7/27/2021 21:15,0,-1
7/27/2021 21:20,0,-1
7/27/2021 21:25,0,-1
7/27/2021 21:30,0,-1
7/27/2021 21:35,0,-1
7/27/2021 21:40,0,-1
7/27/2021 21:45,0,-1
7/27/2021 21:50,0,-1
7/27/2021 21:55,0,-1
7/27/2021 22:00,0,-1
7/27/2021 22:05,0,-1
7/27/2021 22:10,0,-1
7/27/2021 22:15,0,-1
7/27/2021 22:20,0,-1
7/27/2021 22:25,0,-1
7/27/2021 22:30,0,-1
7/27/2021 22:35,0,-1
7/27/2021 22:40,0,-1
7/27/2021 22:45,0,-1
7/27/2021 22:50,0,-1
7/27/2021 22:55,0,-1
7/27/2021 23:00,0,-1
7/27/2021 23:05,0,-1
7/27/2021 23:10,0,-1
7/27/2021 23:15,0,-1
7/27/2021 23:20,0,-1
7/27/2021 23:25,0,-1
7/27/2021 23:30,0,-1
7/27/2021 23:35,0,-1
7/27/2021 23:40,0,-1
7/27/2021 23:45,0,-1
7/27/2021 23:50,0,-1
7/27/2021 23:55,0,-1
7/28/2021 0:00,0,-1
7/28/2021 0:05,0,-1
7/28/2021 0:10,0,-1
7/28/2021 0:15,0,-1
7/28/2021 0:20,0,-1
7/28/2021 0:25,0,-1
7/28/2021 0:30,0,-1
7/28/2021 0:35,0,-1
7/28/2021 0:40,0,-1
7/28/2021 0:45,0,-1
7/28/2021 0:50,0,-1
7/28/2021 0:55,0,-1
7/28/2021 1:00,0,-1
7/28/2021 1:05,0,-1
7/28/2021 1:10,0,-1
7/28/2021 1:15,0,-1
7/28/2021 1:20,0,-1
7/28/2021 1:25,0,-1
7/28/2021 1:30,0,-1
7/28/2021 1:35,0,-1
7/28/2021 1:40,0,-1
7/28/2021 1:45,0,-1
7/28/2021 1:50,0,-1
7/28/2021 1:55,0,-1
7/28/2021 2:00,0,-1
7/28/2021 2:05,0,-1
7/28/2021 2:10,0,-1
7/28/2021 2:15,0,-1
7/28/2021 2:20,0,-1
7/28/2021 2:25,0,-1
7/28/2021 2:30,0,-1
7/28/2021 2:35,0,-1
7/28/2021 2:40,0,-1
7/28/2021 2:45,0,-1
7/28/2021 2:50,0,-1
7/28/2021 2:55,0,-1
7/28/2021 3:00,0,-1
7/28/2021 3:05,0,-1
7/28/2021 3:10,0,-1
7/28/2021 3:15,0,-1
7/28/2021 3:20,0,-1
7/28/2021 3:25,0,-1
7/28/2021 3:30,0,0.07326008
7/28/2021 3:35,0,-1
7/28/2021 3:40,0,-1
7/28/2021 3:45,0,-1
7/28/2021 3:50,0,-1
7/28/2021 3:55,0,-1
7/28/2021 4:00,0,-1
7/28/2021 4:05,0,-1
7/28/2021 4:10,0,-1
7/28/2021 4:15,0,-1
7/28/2021 4:20,0,-1
7/28/2021 4:25,0,-1
7/28/2021 4:30,0,-1
7/28/2021 4:35,0,-1
7/28/2021 4:40,0,-1
7/28/2021 4:45,0,-1
7/28/2021 4:50,0,-1
7/28/2021 4:55,0,-1
7/28/2021 5:00,0,-1
7/28/2021 5:05,0,-1.000286
7/28/2021 5:10,0,-1
7/28/2021 5:15,0,-1
7/28/2021 5:20,0,-1
7/28/2021 5:25,0,-1
7/28/2021 5:30,0,-1
7/28/2021 5:35,0,-1
7/28/2021 5:40,0,-1
7/28/2021 5:45,0,-1
7/28/2021 5:50,0,-1
7/28/2021 5:55,0,-1
7/28/2021 6:00,0,-1
7/28/2021 6:05,0,-1
7/28/2021 6:10,0,-1
7/28/2021 6:15,0,-1
7/28/2021 6:20,0,-1
7/28/2021 6:25,0,-1
7/28/2021 6:30,0,-1
7/28/2021 6:35,0,-1
7/28/2021 6:40,0,-1
7/28/2021 6:45,0,-1
7/28/2021 6:50,0,-1
7/28/2021 6:55,0,-1
7/28/2021 7:00,0,-1
7/28/2021 7:05,0,-1
7/28/2021 7:10,0,-1
7/28/2021 7:15,0,-1
7/28/2021 7:20,0,-1
7/28/2021 7:25,0,-1
7/28/2021 7:30,0,-1
7/28/2021 7:35,0.5191385,0.06715507
7/28/2021 7:40,0.7273846,0.1623932
7/28/2021 7:45,0.9504,0.1465202
7/28/2021 7:50,1.022031,0.08791209
7/28/2021 7:55,0.9851077,0.06227106
7/28/2021 8:00,1.008,0.05372405
7/28/2021 8:05,1.006523,0.04884005
7/28/2021 8:10,1.0176,0.04517705
7/28/2021 8:15,1.005785,0.04273504
7/28/2021 8:20,1.015385,0.04151404
7/28/2021 8:25,1.001354,0.04029304
7/28/2021 8:30,1.013908,0.03907204
7/28/2021 8:35,1.015385,0.03785104
7/28/2021 8:40,1.006523,0.03785104
7/28/2021 8:45,1.007262,0.03785104
7/28/2021 8:50,1.002831,0.03663004
7/28/2021 8:55,1.008738,0.03663004
7/28/2021 9:00,0.9998769,0.03540904
7/28/2021 9:05,0.9991384,0.03540904
7/28/2021 9:10,1.013908,0.03540904
7/28/2021 9:15,1.003569,0.03540904
7/28/2021 9:20,0.9984,0.03540904
7/28/2021 9:25,1.004308,0.03540904
7/28/2021 9:30,1.002092,0.03540904
7/28/2021 9:35,1.002831,0.03540904
7/28/2021 9:40,1.016123,0.03418804
7/28/2021 9:45,1.013908,0.03418804
7/28/2021 9:50,1.005046,0.03418804
7/28/2021 9:55,1.005046,0.03418804
7/28/2021 10:00,1.012431,0.03418804
7/28/2021 10:05,1.013908,0.03418804
7/28/2021 10:10,1.010215,0.03418804
7/28/2021 10:15,1.010215,0.03418804
7/28/2021 10:20,1.020554,0.03418804
7/28/2021 10:25,1.006523,0.03418804
7/28/2021 10:30,1.0176,0.03418804
7/28/2021 10:35,1.003569,0.03418804
7/28/2021 10:40,1.004308,0.03418804
7/28/2021 10:45,1.012431,0.03418804
7/28/2021 10:50,1.012431,0.03418804
7/28/2021 10:55,1.015385,0.03418804
7/28/2021 11:00,1.0176,0.03418804
7/28/2021 11:05,1.001354,0.03418804
7/28/2021 11:10,1.015385,0.03418804
7/28/2021 11:15,1.010954,0.03418804
7/28/2021 11:20,1.009477,0.03418804
7/28/2021 11:25,1.019077,0.03418804
7/28/2021 11:30,1.023508,0.03418804
7/28/2021 11:35,1.011692,0.03418804
7/28/2021 11:40,1.007262,0.03418804
7/28/2021 11:45,1.013908,0.03418804
7/28/2021 11:50,1.005046,0.03418804
7/28/2021 11:55,1.012431,0.03418804
7/28/2021 12:00,1.0176,0.03418804
7/28/2021 12:05,1.016123,0.03418804
7/28/2021 12:10,1.013169,0.03418804
7/28/2021 12:15,1.0176,0.03540904
7/28/2021 12:20,1.009477,0.03540904
7/28/2021 12:25,1.008,0.03540904
7/28/2021 12:30,1.020554,0.03540904
7/28/2021 12:35,1.0176,0.03540904
7/28/2021 12:40,1.013908,0.03540904
7/28/2021 12:45,1.012431,0.03540904
7/28/2021 12:50,1.014646,0.03540904
7/28/2021 12:55,1.025723,0.03540904
7/28/2021 13:00,1.013169,0.03540904
7/28/2021 13:05,1.012431,0.03540904
7/28/2021 13:10,1.016123,0.03540904
7/28/2021 13:15,1.013908,0.03540904
7/28/2021 13:20,1.0176,0.03540904
7/28/2021 13:25,1.018338,0.03540904
7/28/2021 13:30,1.009477,0.03540904
7/28/2021 13:35,1.012431,0.03540904
7/28/2021 13:40,1.012431,0.03540904
7/28/2021 13:45,1.007262,0.03663004
7/28/2021 13:50,1.010954,0.03663004
7/28/2021 13:55,1.014646,0.03663004
7/28/2021 14:00,1.012431,0.03663004
7/28/2021 14:05,1.015385,0.03663004
7/28/2021 14:10,1.004308,0.03663004
7/28/2021 14:15,1.020554,0.03663004
7/28/2021 14:20,0.9504,0.03785104
7/28/2021 14:25,1.039754,0.03785104
7/28/2021 14:30,1.0272,0.03785104
7/28/2021 14:35,0.9984,0.03785104
7/28/2021 14:40,0.9984,0.03785104
7/28/2021 14:45,0.9917538,0.03785104
7/28/2021 14:50,1.001354,0.03785104
7/28/2021 14:55,1.007262,0.03785104
7/28/2021 15:00,0.9902769,0.03785104
7/28/2021 15:05,1.000615,0.03785104
7/28/2021 15:10,0.9954461,0.03785104
7/28/2021 15:15,0.9961846,0.03785104
7/28/2021 15:20,0.9998769,0.03785104
7/28/2021 15:25,0.9947076,0.03785104
7/28/2021 15:30,0.9947076,0.03785104
7/28/2021 15:35,1.002092,0.03785104
7/28/2021 15:40,0.9865846,0.03785104
7/28/2021 15:45,0.9888,0.03785104
7/28/2021 15:50,1.000615,0.03785104
7/28/2021 15:55,0.9932307,0.03785104
7/28/2021 16:00,0.9961846,0.03785104
7/28/2021 16:05,0.9947076,0.03785104
7/28/2021 16:10,0.9902769,0.03785104
7/28/2021 16:15,0.9910154,0.03785104
7/28/2021 16:20,0.9902769,0.03785104
7/28/2021 16:25,0.9888,0.03785104
7/28/2021 16:30,0.987323,0.03785104
7/28/2021 16:35,0.987323,0.03785104
7/28/2021 16:40,0.9902769,0.03785104
7/28/2021 16:45,0.9792,0.03785104
7/28/2021 16:50,0.9806769,0.03785104
7/28/2021 16:55,0.987323,0.03785104
7/28/2021 17:00,0.9836308,0.03785104
7/28/2021 17:05,0.9865846,0.03785104
7/28/2021 17:10,0.987323,0.03785104
7/28/2021 17:15,0.9836308,0.03785104
7/28/2021 17:20,0.9932307,0.03785104
7/28/2021 17:25,0.9836308,0.03785104
7/28/2021 17:30,0.9917538,0.03785104
7/28/2021 17:35,0.9777231,0.03785104
7/28/2021 17:40,0.9821538,0.03785104
7/28/2021 17:45,0.9851077,0.03785104
7/28/2021 17:50,0.9865846,0.03785104
7/28/2021 17:55,0.9865846,0.03785104
7/28/2021 18:00,0.9865846,0.03785104
7/28/2021 18:05,0.9865846,0.03785104
7/28/2021 18:10,0.9836308,0.03785104
7/28/2021 18:15,0.9851077,0.03785104
7/28/2021 18:20,0.9828923,0.03785104
7/28/2021 18:25,0.9836308,0.03785104
7/28/2021 18:30,0.9851077,0.03785104
7/28/2021 18:35,0.9784615,0.03785104
7/28/2021 18:40,0.9902769,0.03785104
7/28/2021 18:45,0.9762462,0.03785104
7/28/2021 18:50,0.9851077,0.03785104
7/28/2021 18:55,0.968123,0.03785104
7/28/2021 19:00,1.021292,0.03907204
7/28/2021 19:05,1.005046,0.03907204
7/28/2021 19:10,0.9910154,0.03907204
7/28/2021 19:15,0.9947076,0.03907204
7/28/2021 19:20,1.002092,0.03907204
7/28/2021 19:25,0.9954461,0.03907204
7/28/2021 19:30,0.9917538,0.03907204
7/28/2021 19:35,0.9865846,0.03907204
7/28/2021 19:40,0.9902769,0.03907204
7/28/2021 19:45,0.9836308,0.03907204
7/28/2021 19:50,0.9806769,0.03907204
7/28/2021 19:55,0.9799384,0.03907204
7/28/2021 20:00,0.9828923,0.03907204
7/28/2021 20:05,0.9821538,0.03907204
7/28/2021 20:10,0.9814154,0.03907204
7/28/2021 20:15,1.041231,0.03907204
7/28/2021 20:20,0.942277,0.03907204
7/28/2021 20:25,0.9998769,0.03907204
7/28/2021 20:30,1.020554,0.03907204
7/28/2021 20:35,1.008,0.03907204
7/28/2021 20:40,0.9984,0.03907204
7/28/2021 20:45,0.9998769,0.03907204
7/28/2021 20:50,1.003569,0.03907204
7/28/2021 20:55,1.011692,0.03907204
7/28/2021 21:00,1.006523,0.03907204
7/28/2021 21:05,1.016123,0.03785104
7/28/2021 21:10,1.008,0.03785104
7/28/2021 21:15,0.9984,0.03785104
7/28/2021 21:20,1.005046,0.03785104
7/28/2021 21:25,1.007262,0.03785104
7/28/2021 21:30,1.008,0.03785104
7/28/2021 21:35,1.005785,0.03785104
7/28/2021 21:40,1.006523,0.03785104
7/28/2021 21:45,1.016123,0.03785104
7/28/2021 21:50,1.007262,0.03785104
7/28/2021 21:55,1.005046,0.03785104
7/28/2021 22:00,1.016862,0.03785104
7/28/2021 22:05,1.011692,0.03785104
7/28/2021 22:10,1.013908,0.03785104
7/28/2021 22:15,1.025723,0.03785104
7/28/2021 22:20,1.019815,0.03785104
7/28/2021 22:25,1.020554,0.03785104
7/28/2021 22:30,1.0176,0.03785104
7/28/2021 22:35,0.9526154,0.03785104
7/28/2021 22:40,1.018338,0.03785104
7/28/2021 22:45,1.0176,0.03785104
7/28/2021 22:50,1.013169,0.03785104
7/28/2021 22:55,1.010954,0.03785104
7/28/2021 23:00,1.0176,0.03785104
7/28/2021 23:05,1.008,0.03785104
7/28/2021 23:10,1.018338,0.03785104
7/28/2021 23:15,1.012431,0.03785104
7/28/2021 23:20,1.015385,0.03785104
7/28/2021 23:25,1.004308,0.03785104
7/28/2021 23:30,1.015385,0.03785104
7/28/2021 23:35,1.019077,0.03785104
7/28/2021 23:40,1.013169,0.03785104
7/28/2021 23:45,1.012431,0.03785104
7/28/2021 23:50,1.014646,0.03785104
7/28/2021 23:55,1.016123,0.03785104
7/29/2021 0:00,1.016123,0.03785104
7/29/2021 0:05,1.008738,0.03785104
7/29/2021 0:10,1.018338,0.03785104
7/29/2021 0:15,1.019815,0.03785104
7/29/2021 0:20,1.015385,0.03785104
7/29/2021 0:25,1.022031,0.03785104
7/29/2021 0:30,0.9673846,0.03785104
7/29/2021 0:35,0.9947076,0.03785104
7/29/2021 0:40,0.9932307,0.03785104
7/29/2021 0:45,0.9888,0.03785104
7/29/2021 0:50,0.9895384,0.03907204
7/29/2021 0:55,0.9947076,0.03785104
7/29/2021 1:00,1.001354,0.03785104
7/29/2021 1:05,0.9902769,0.03785104
7/29/2021 1:10,0.9961846,0.03785104
7/29/2021 1:15,0.9888,0.03785104
7/29/2021 1:20,0.9902769,0.03785104
7/29/2021 1:25,0.9939692,0.03785104
7/29/2021 1:30,1.019077,0.04273504
7/29/2021 1:35,0.9961846,0.03785104
7/29/2021 1:40,0.996923,0.03785104
7/29/2021 1:45,0.9947076,0.03785104
7/29/2021 1:50,1.008,0.03785104
7/29/2021 1:55,0.996923,0.03785104
7/29/2021 2:00,1.006523,0.03785104
7/29/2021 2:05,1.008,0.03785104
7/29/2021 2:10,1.002092,0.03785104
7/29/2021 2:15,1.005046,0.03785104
7/29/2021 2:20,1.001354,0.03785104
7/29/2021 2:25,1.008,0.03785104
7/29/2021 2:30,1.002831,0.03785104
7/29/2021 2:35,1.001354,0.03785104
7/29/2021 2:40,1.000615,0.03785104
7/29/2021 2:45,1.001354,0.03785104
7/29/2021 2:50,0.9954461,0.03785104
7/29/2021 2:55,0.9984,0.03785104
7/29/2021 3:00,0.9998769,0.03785104
7/29/2021 3:05,0.996923,0.03785104
7/29/2021 3:10,1.001354,0.03907204
7/29/2021 3:15,1.002831,0.03907204
7/29/2021 3:20,0.9984,0.03907204
7/29/2021 3:25,0.9998769,0.03907204
7/29/2021 3:30,0.9902769,0.03907204
7/29/2021 3:35,0.9954461,0.03907204
7/29/2021 3:40,0.9902769,0.03907204
7/29/2021 3:45,0.9924923,0.03907204
7/29/2021 3:50,0.9939692,0.03907204
7/29/2021 3:55,1.001354,0.03907204
7/29/2021 4:00,0.9998769,0.03907204
7/29/2021 4:05,0.9998769,0.03907204
7/29/2021 4:10,0.9961846,0.03907204
7/29/2021 4:15,0.9910154,0.03907204
7/29/2021 4:20,1.003569,0.03907204
7/29/2021 4:25,0.996923,0.03907204
7/29/2021 4:30,0.996923,0.03785104
7/29/2021 4:35,0.9976615,0.03785104
7/29/2021 4:40,0.9947076,0.03785104
7/29/2021 4:45,0.9917538,0.03785104
7/29/2021 4:50,0.9947076,0.03785104
7/29/2021 4:55,0.9932307,0.03785104
7/29/2021 5:00,0.9895384,0.03785104
7/29/2021 5:05,0.9851077,0.03785104
7/29/2021 5:10,0.9961846,0.03785104
7/29/2021 5:15,0.9888,0.03785104
7/29/2021 5:20,0.9947076,0.03785104
7/29/2021 5:25,0.9932307,0.03785104
7/29/2021 5:30,0.9939692,0.03785104
7/29/2021 5:35,0.9902769,0.03785104
7/29/2021 5:40,0.9947076,0.03785104
7/29/2021 5:45,0.9910154,0.03785104
7/29/2021 5:50,0.9954461,0.03785104
7/29/2021 5:55,0.9924923,0.03785104
7/29/2021 6:00,0.9902769,0.03785104
7/29/2021 6:05,0.9976615,0.03785104
7/29/2021 6:10,0.9843692,0.03785104
7/29/2021 6:15,0.9806769,0.03785104
7/29/2021 6:20,0.9806769,0.03785104
7/29/2021 6:25,0.9880615,0.03785104
7/29/2021 6:30,0.9843692,0.03785104
7/29/2021 6:35,0.9821538,0.03785104
7/29/2021 6:40,0.9828923,0.03785104
7/29/2021 6:45,0.9917538,0.03907204
7/29/2021 6:50,0.987323,0.03907204
7/29/2021 6:55,0.9858461,0.03907204
7/29/2021 7:00,0.9858461,0.03907204
7/29/2021 7:05,1.028677,0.03907204
7/29/2021 7:10,1.014646,0.03907204
7/29/2021 7:15,1.006523,0.03907204
7/29/2021 7:20,1.016123,0.03907204
7/29/2021 7:25,1.013908,0.03785104
7/29/2021 7:30,1.002831,0.03785104
7/29/2021 7:35,1.007262,0.03907204
7/29/2021 7:40,1.003569,0.03785104
7/29/2021 7:45,1.002092,0.03907204
7/29/2021 7:50,1.004308,0.03907204
7/29/2021 7:55,1.003569,0.03907204
7/29/2021 8:00,0.9961846,0.03907204
7/29/2021 8:05,0.9924923,0.03907204
7/29/2021 8:10,0.996923,0.03907204
7/29/2021 8:15,1.003569,0.03907204
7/29/2021 8:20,0.9961846,0.03907204
7/29/2021 8:25,0.9998769,0.03907204
7/29/2021 8:30,0.9961846,0.03907204
7/29/2021 8:35,0.9888,0.03907204
7/29/2021 8:40,0.9939692,0.03907204
7/29/2021 8:45,0.9961846,0.03907204
7/29/2021 8:50,0.9939692,0.03907204
7/29/2021 8:55,0.9947076,0.03907204
7/29/2021 9:00,0.9932307,0.03907204
7/29/2021 9:05,0.9961846,0.03907204
7/29/2021 9:10,0.9880615,0.03907204
7/29/2021 9:15,0.9984,0.03907204
7/29/2021 9:20,0.9917538,0.03907204
7/29/2021 9:25,0.9947076,0.03907204
7/29/2021 9:30,0.9961846,0.03907204
7/29/2021 9:35,0.9917538,0.03907204
7/29/2021 9:40,0.9828923,0.03907204
7/29/2021 9:45,0.9910154,0.03907204
7/29/2021 9:50,0.987323,0.03907204
7/29/2021 9:55,0.9858461,0.03907204
7/29/2021 10:00,0.9851077,0.03907204
7/29/2021 10:05,0.9902769,0.03907204
7/29/2021 10:10,0.9910154,0.03907204
7/29/2021 10:15,0.9880615,0.03907204
7/29/2021 10:20,0.9836308,0.03907204
7/29/2021 10:25,0.9917538,0.03907204
7/29/2021 10:30,0.9961846,0.03907204
7/29/2021 10:35,0.9954461,0.03907204
7/29/2021 10:40,1.002092,0.03907204
7/29/2021 10:45,0.987323,0.03907204
7/29/2021 10:50,0.9939692,0.03907204
7/29/2021 10:55,0.9851077,0.03907204
7/29/2021 11:00,0.9924923,0.03907204
7/29/2021 11:05,0.9924923,0.03907204
7/29/2021 11:10,0.9932307,0.03907204
7/29/2021 11:15,0.9902769,0.03907204
7/29/2021 11:20,0.9910154,0.03907204
7/29/2021 11:25,0.9947076,0.03907204
7/29/2021 11:30,0.9932307,0.03907204
7/29/2021 11:35,0.9784615,0.03907204
7/29/2021 11:40,0.9961846,0.03907204
7/29/2021 11:45,0.9910154,0.03907204
7/29/2021 11:50,0.9821538,0.03907204
7/29/2021 11:55,0.9851077,0.03907204
7/29/2021 12:00,0.9976615,0.03907204
7/29/2021 12:05,0.9888,0.03907204
7/29/2021 12:10,0.987323,0.03907204
7/29/2021 12:15,0.987323,0.03907204
7/29/2021 12:20,0.9821538,0.03907204
7/29/2021 12:25,0.9836308,0.03907204
7/29/2021 12:30,0.9865846,0.03907204
7/29/2021 12:35,0.9895384,0.03907204
7/29/2021 12:40,0.9888,0.03907204
7/29/2021 12:45,0.987323,0.03907204
7/29/2021 12:50,0.9740308,0.03907204
7/29/2021 12:55,0.9902769,0.03907204
7/29/2021 13:00,0.9865846,0.03907204
7/29/2021 13:05,0.9865846,0.03907204
7/29/2021 13:10,0.9851077,0.03907204
7/29/2021 13:15,0.9851077,0.03907204
7/29/2021 13:20,0.9984,0.03907204
7/29/2021 13:25,0.9917538,0.03907204
7/29/2021 13:30,0.9888,0.03907204
7/29/2021 13:35,0.9843692,0.03907204
7/29/2021 13:40,0.9843692,0.03907204
7/29/2021 13:45,0.9865846,0.03907204
7/29/2021 13:50,0.9895384,0.04029304
7/29/2021 13:55,0.9851077,0.04029304
7/29/2021 14:00,0.9888,0.04029304
7/29/2021 14:05,0.9961846,0.04029304
7/29/2021 14:10,0.9917538,0.04029304
7/29/2021 14:15,0.996923,0.04029304
7/29/2021 14:20,0.9851077,0.04029304
7/29/2021 14:25,0.9836308,0.04029304
7/29/2021 14:30,0.9851077,0.04029304
7/29/2021 14:35,0.9828923,0.04029304
7/29/2021 14:40,0.9836308,0.04029304
7/29/2021 14:45,0.9917538,0.04029304
7/29/2021 14:50,0.9614769,0.04029304
7/29/2021 14:55,1.022769,0.04029304
7/29/2021 15:00,0.9511384,0.04029304
7/29/2021 15:05,1.002831,0.04029304
7/29/2021 15:10,1.018338,0.04029304
7/29/2021 15:15,1.032369,0.04029304
7/29/2021 15:20,1.012431,0.04029304
7/29/2021 15:25,1.015385,0.04029304
7/29/2021 15:30,1.012431,0.04029304
7/29/2021 15:35,1.013908,0.04029304
7/29/2021 15:40,1.037538,0.04029304
7/29/2021 15:45,1.006523,0.04029304
7/29/2021 15:50,1.005785,0.04029304
7/29/2021 15:55,1.002831,0.04029304
7/29/2021 16:00,1.010215,0.04029304
7/29/2021 16:05,1.000615,0.04029304
7/29/2021 16:10,0.9991384,0.04029304
7/29/2021 16:15,1.008738,0.04029304
7/29/2021 16:20,0.9932307,0.04029304
7/29/2021 16:25,0.9895384,0.04029304
7/29/2021 16:30,0.9939692,0.04029304
7/29/2021 16:35,0.9984,0.04029304
7/29/2021 16:40,0.9984,0.04029304
7/29/2021 16:45,0.9961846,0.04029304
7/29/2021 16:50,0.9984,0.04029304
7/29/2021 16:55,0.9947076,0.04029304
7/29/2021 17:00,0.9984,0.04029304
7/29/2021 17:05,0.9947076,0.04029304
7/29/2021 17:10,0.9880615,0.04029304
7/29/2021 17:15,0.9984,0.04029304
7/29/2021 17:20,0.9954461,0.04029304
7/29/2021 17:25,0.9984,0.04029304
7/29/2021 17:30,0.9902769,0.04029304
7/29/2021 17:35,0.9998769,0.04029304
7/29/2021 17:40,0.9984,0.04029304
7/29/2021 17:45,0.9984,0.04029304
7/29/2021 17:50,0.9924923,0.04029304
7/29/2021 17:55,0.9888,0.04029304
7/29/2021 18:00,0.9961846,0.04029304
7/29/2021 18:05,0.9947076,0.04029304
7/29/2021 18:10,0.9932307,0.04029304
7/29/2021 18:15,0.996923,0.04029304
7/29/2021 18:20,0.9954461,0.04029304
7/29/2021 18:25,0.9961846,0.04029304
7/29/2021 18:30,0.9932307,0.04029304
7/29/2021 18:35,0.9932307,0.04029304
7/29/2021 18:40,0.996923,0.04029304
7/29/2021 18:45,0.9843692,0.04029304
7/29/2021 18:50,0.9858461,0.04029304
7/29/2021 18:55,0.9984,0.04029304
7/29/2021 19:00,0.9902769,0.04029304
7/29/2021 19:05,0.9902769,0.04029304
7/29/2021 19:10,0.9902769,0.04029304
7/29/2021 19:15,0.9932307,0.04029304
7/29/2021 19:20,0.996923,0.04029304
7/29/2021 19:25,0.9917538,0.04029304
7/29/2021 19:30,1.001354,0.04029304
7/29/2021 19:35,0.9961846,0.04029304
7/29/2021 19:40,1.001354,0.04029304
7/29/2021 19:45,0.9984,0.04029304
7/29/2021 19:50,1.000615,0.04029304
7/29/2021 19:55,0.9910154,0.04029304
7/29/2021 20:00,0.9836308,0.04029304
7/29/2021 20:05,0.987323,0.04029304
7/29/2021 20:10,0.9821538,0.04029304
7/29/2021 20:15,0.9902769,0.04029304
7/29/2021 20:20,0.9902769,0.04029304
7/29/2021 20:25,0.9865846,0.04029304
7/29/2021 20:30,0.9902769,0.04029304
7/29/2021 20:35,1.000615,0.04029304
7/29/2021 20:40,0.9888,0.04029304
7/29/2021 20:45,0.9843692,0.04029304
7/29/2021 20:50,0.9865846,0.04029304
7/29/2021 20:55,0.9865846,0.04029304
7/29/2021 21:00,0.9939692,0.04029304
7/29/2021 21:05,0.9851077,0.04029304
7/29/2021 21:10,0.9865846,0.04029304
7/29/2021 21:15,0.9851077,0.04029304
7/29/2021 21:20,0.9865846,0.04029304
7/29/2021 21:25,0.9806769,0.04029304
7/29/2021 21:30,0.9851077,0.04029304
7/29/2021 21:35,0.9858461,0.04029304
7/29/2021 21:40,0.9481846,0.04029304
7/29/2021 21:45,1.0272,0.04029304
7/29/2021 21:50,1.020554,0.04029304
7/29/2021 21:55,1.002092,0.04029304
7/29/2021 22:00,1.006523,0.04029304
7/29/2021 22:05,1.003569,0.04029304
7/29/2021 22:10,1.008,0.04029304
7/29/2021 22:15,1.009477,0.04029304
7/29/2021 22:20,1.002831,0.04029304
7/29/2021 22:25,1.001354,0.04029304
7/29/2021 22:30,1.002831,0.04029304
7/29/2021 22:35,1.004308,0.04029304
7/29/2021 22:40,1.002092,0.04029304
7/29/2021 22:45,0.9998769,0.04029304
7/29/2021 22:50,1.005785,0.04029304
7/29/2021 22:55,1.004308,0.04029304
7/29/2021 23:00,1.005046,0.04029304
7/29/2021 23:05,1.002831,0.04029304
7/29/2021 23:10,0.9991384,0.04029304
7/29/2021 23:15,1.002831,0.04029304
7/29/2021 23:20,1.002831,0.04029304
7/29/2021 23:25,0.9984,0.04029304
7/29/2021 23:30,0.9976615,0.04029304
7/29/2021 23:35,1.002092,0.04029304
7/29/2021 23:40,1.002831,0.04029304
7/29/2021 23:45,1.004308,0.04029304
7/29/2021 23:50,0.9947076,0.04029304
7/29/2021 23:55,1.007262,0.04029304
7/30/2021 0:00,0.9998769,0.04029304
7/30/2021 0:05,1.003569,0.04029304
7/30/2021 0:10,0.9991384,0.04029304
7/30/2021 0:15,0.9939692,0.04029304
7/30/2021 0:20,0.9947076,0.04029304
7/30/2021 0:25,0.9895384,0.04029304
7/30/2021 0:30,0.9917538,0.04029304
7/30/2021 0:35,0.9961846,0.04029304
7/30/2021 0:40,0.9888,0.04029304
7/30/2021 0:45,1.002092,0.04029304
7/30/2021 0:50,0.9895384,0.04029304
7/30/2021 0:55,0.9902769,0.04029304
7/30/2021 1:00,0.9880615,0.04029304
7/30/2021 1:05,0.987323,0.04029304
7/30/2021 1:10,0.9843692,0.04029304
7/30/2021 1:15,0.9836308,0.04029304
7/30/2021 1:20,0.9895384,0.04029304
7/30/2021 1:25,0.9895384,0.04029304
7/30/2021 1:30,0.9792,0.04029304
7/30/2021 1:35,0.9799384,0.04029304
7/30/2021 1:40,0.9902769,0.04029304
7/30/2021 1:45,0.9865846,0.04029304
7/30/2021 1:50,0.9828923,0.04029304
7/30/2021 1:55,0.9880615,0.04029304
7/30/2021 2:00,0.9769846,0.04029304
7/30/2021 2:05,0.9865846,0.04029304
7/30/2021 2:10,0.9821538,0.04029304
7/30/2021 2:15,0.9814154,0.04029304
7/30/2021 2:20,0.9865846,0.04029304
7/30/2021 2:25,1.009477,0.04029304
7/30/2021 2:30,0.9947076,0.04029304
7/30/2021 2:35,1.016862,0.04029304
7/30/2021 2:40,1.006523,0.04029304
7/30/2021 2:45,1.019815,0.04029304
7/30/2021 2:50,1.018338,0.04029304
7/30/2021 2:55,0.9548308,0.04029304
7/30/2021 3:00,1.010954,0.04029304
7/30/2021 3:05,1.008,0.04029304
7/30/2021 3:10,1.013908,0.04029304
7/30/2021 3:15,1.007262,0.04029304
7/30/2021 3:20,1.015385,0.04029304
7/30/2021 3:25,1.016123,0.04029304
7/30/2021 3:30,1.010954,0.04029304
7/30/2021 3:35,1.010954,0.04029304
7/30/2021 3:40,1.009477,0.04029304
7/30/2021 3:45,1.005046,0.04029304
7/30/2021 3:50,1.011692,0.04029304
7/30/2021 3:55,0.9932307,0.04029304
7/30/2021 4:00,0.9984,0.04029304
7/30/2021 4:05,1.004308,0.04029304
7/30/2021 4:10,0.9998769,0.04029304
7/30/2021 4:15,1.002831,0.04029304
7/30/2021 4:20,1.001354,0.04029304
7/30/2021 4:25,0.9961846,0.04029304
7/30/2021 4:30,0.9917538,0.04029304
7/30/2021 4:35,1.006523,0.04029304
7/30/2021 4:40,1.004308,0.04029304
7/30/2021 4:45,0.9976615,0.04029304
7/30/2021 4:50,1.002831,0.04029304
7/30/2021 4:55,1.002831,0.04029304
7/30/2021 5:00,0.9998769,0.04029304
7/30/2021 5:05,1.000615,0.04029304
7/30/2021 5:10,1.002831,0.04029304
7/30/2021 5:15,1.008738,0.04029304
7/30/2021 5:20,1.005785,0.04029304
7/30/2021 5:25,1.010215,0.04029304
7/30/2021 5:30,1.004308,0.04029304
7/30/2021 5:35,1.010954,0.04029304
7/30/2021 5:40,0.9984,0.04029304
7/30/2021 5:45,1.005785,0.04029304
7/30/2021 5:50,1.006523,0.04029304
7/30/2021 5:55,1.009477,0.04029304
7/30/2021 6:00,1.013908,0.04029304
7/30/2021 6:05,1.007262,0.04029304
7/30/2021 6:10,1.016123,0.04029304
7/30/2021 6:15,1.016123,0.04029304
7/30/2021 6:20,1.020554,0.04029304
7/30/2021 6:25,1.018338,0.04029304
7/30/2021 6:30,1.018338,0.04029304
7/30/2021 6:35,1.012431,0.04029304
7/30/2021 6:40,1.016123,0.04029304
7/30/2021 6:45,1.001354,0.04029304
7/30/2021 6:50,1.006523,0.04029304
7/30/2021 6:55,1.002831,0.04029304
7/30/2021 7:00,0.9984,0.04029304
7/30/2021 7:05,1.005046,0.04029304
7/30/2021 7:10,1.002831,0.04029304
7/30/2021 7:15,0.9998769,0.04029304
7/30/2021 7:20,0.9984,0.04029304
7/30/2021 7:25,1.006523,0.04029304
7/30/2021 7:30,1.006523,0.04029304
7/30/2021 7:35,1.002092,0.04029304
7/30/2021 7:40,1.001354,0.04029304
7/30/2021 7:45,1.006523,0.04029304
7/30/2021 7:50,1.002831,0.04029304
7/30/2021 7:55,1.008,0.04029304
7/30/2021 8:00,1.016123,0.04029304
7/30/2021 8:05,1.005046,0.04029304
7/30/2021 8:10,1.004308,0.04029304
7/30/2021 8:15,0.9998769,0.04029304
7/30/2021 8:20,1.010215,0.04029304
7/30/2021 8:25,1.009477,0.04029304
7/30/2021 8:30,1.004308,0.04029304
7/30/2021 8:35,1.012431,0.04029304
7/30/2021 8:40,1.009477,0.04029304
7/30/2021 8:45,1.011692,0.04029304
7/30/2021 8:50,1.005785,0.04029304
7/30/2021 8:55,1.002092,0.04029304
7/30/2021 9:00,1.002092,0.04151404
7/30/2021 9:05,1.011692,0.04029304
7/30/2021 9:10,1.001354,0.04151404
7/30/2021 9:15,1.001354,0.04151404
7/30/2021 9:20,0.9998769,0.04151404
7/30/2021 9:25,1.003569,0.04151404
7/30/2021 9:30,0.9961846,0.04151404
7/30/2021 9:35,1.001354,0.04151404
7/30/2021 9:40,0.9902769,0.04151404
7/30/2021 9:45,0.9976615,0.04151404
7/30/2021 9:50,1.001354,0.04151404
7/30/2021 9:55,0.9851077,0.04151404
7/30/2021 10:00,0.9961846,0.04151404
7/30/2021 10:05,0.9888,0.04151404
7/30/2021 10:10,0.9888,0.04151404
7/30/2021 10:15,0.9984,0.04151404
7/30/2021 10:20,0.9954461,0.04151404
7/30/2021 10:25,1.001354,0.04151404
7/30/2021 10:30,1.005046,0.04151404
7/30/2021 10:35,0.9998769,0.04151404
7/30/2021 10:40,0.9917538,0.04151404
7/30/2021 10:45,0.9998769,0.04151404
7/30/2021 10:50,0.9910154,0.04151404
7/30/2021 10:55,0.9880615,0.04151404
7/30/2021 11:00,0.9888,0.04151404
7/30/2021 11:05,0.9984,0.04151404
7/30/2021 11:10,0.9924923,0.04151404
7/30/2021 11:15,0.9917538,0.04151404
7/30/2021 11:20,0.9984,0.04151404
7/30/2021 11:25,0.996923,0.04151404
7/30/2021 11:30,0.9932307,0.04151404
7/30/2021 11:35,0.9895384,0.04151404
7/30/2021 11:40,0.9917538,0.04151404
7/30/2021 11:45,0.9895384,0.04151404
7/30/2021 11:50,1.001354,0.04151404
7/30/2021 11:55,0.9917538,0.04151404
7/30/2021 12:00,1.001354,0.04151404
7/30/2021 12:05,0.9984,0.04151404
7/30/2021 12:10,0.9865846,0.04151404
7/30/2021 12:15,0.996923,0.04151404
7/30/2021 12:20,0.9895384,0.04151404
7/30/2021 12:25,0.9858461,0.04151404
7/30/2021 12:30,0.9851077,0.04151404
7/30/2021 12:35,0.9843692,0.04151404
7/30/2021 12:40,0.9984,0.04151404
7/30/2021 12:45,0.9895384,0.04151404
7/30/2021 12:50,0.9917538,0.04151404
7/30/2021 12:55,0.9888,0.04151404
7/30/2021 13:00,0.9954461,0.04151404
7/30/2021 13:05,0.9865846,0.04273504
7/30/2021 13:10,0.9924923,0.04273504
7/30/2021 13:15,0.9865846,0.04273504
7/30/2021 13:20,0.9902769,0.04273504
7/30/2021 13:25,0.9961846,0.04273504
7/30/2021 13:30,0.9939692,0.04273504
7/30/2021 13:35,0.9961846,0.04273504
7/30/2021 13:40,0.987323,0.04273504
7/30/2021 13:45,0.9932307,0.04273504
7/30/2021 13:50,0.9792,0.04273504
7/30/2021 13:55,0.9947076,0.04273504
7/30/2021 14:00,0.9858461,0.04273504
7/30/2021 14:05,0.9858461,0.04273504
7/30/2021 14:10,0.9865846,0.04273504
7/30/2021 14:15,0.9836308,0.04273504
7/30/2021 14:20,0.9828923,0.04273504
7/30/2021 14:25,0.9777231,0.04273504
7/30/2021 14:30,0.9777231,0.04273504
7/30/2021 14:35,0.9851077,0.04273504
7/30/2021 14:40,0.9777231,0.04273504
7/30/2021 14:45,0.9865846,0.04273504
7/30/2021 14:50,1.032369,0.04395605
7/30/2021 14:55,1.0176,0.04395605
7/30/2021 15:00,1.010954,0.04395605
7/30/2021 15:05,1.004308,0.04395605
7/30/2021 15:10,1.013908,0.04395605
7/30/2021 15:15,1.012431,0.04395605
7/30/2021 15:20,1.010215,0.04395605
7/30/2021 15:25,1.008,0.04395605
7/30/2021 15:30,1.005785,0.04395605
7/30/2021 15:35,1.001354,0.04395605
7/30/2021 15:40,1.002092,0.04395605
7/30/2021 15:45,1.002831,0.04395605
7/30/2021 15:50,1.001354,0.04395605
7/30/2021 15:55,1.004308,0.04395605
7/30/2021 16:00,0.9984,0.04395605
7/30/2021 16:05,0.996923,0.04395605
7/30/2021 16:10,0.996923,0.04395605
7/30/2021 16:15,0.996923,0.04395605
7/30/2021 16:20,0.9932307,0.04395605
7/30/2021 16:25,1.006523,0.04395605
7/30/2021 16:30,0.996923,0.04395605
7/30/2021 16:35,0.9984,0.04395605
7/30/2021 16:40,0.9961846,0.04395605
7/30/2021 16:45,0.9947076,0.04395605
7/30/2021 16:50,0.9947076,0.04395605
7/30/2021 16:55,0.9917538,0.04395605
7/30/2021 17:00,0.987323,0.04395605
7/30/2021 17:05,0.9961846,0.04395605
7/30/2021 17:10,0.9910154,0.04395605
7/30/2021 17:15,0.9821538,0.04395605
7/30/2021 17:20,0.9821538,0.04395605
7/30/2021 17:25,0.9806769,0.04395605
7/30/2021 17:30,0.9895384,0.04395605
7/30/2021 17:35,0.9895384,0.04395605
7/30/2021 17:40,0.9806769,0.04395605
7/30/2021 17:45,0.9851077,0.04395605
7/30/2021 17:50,0.9777231,0.04395605
7/30/2021 17:55,0.9843692,0.04395605
7/30/2021 18:00,1.0272,0.04395605
7/30/2021 18:05,1.0368,0.04395605
7/30/2021 18:10,1.010954,0.04395605
7/30/2021 18:15,1.008738,0.04395605
7/30/2021 18:20,1.015385,0.04395605
7/30/2021 18:25,1.016123,0.04395605
7/30/2021 18:30,1.015385,0.04395605
7/30/2021 18:35,1.015385,0.04517705
7/30/2021 18:40,1.010954,0.04517705
7/30/2021 18:45,1.008,0.04517705
7/30/2021 18:50,1.006523,0.04517705
7/30/2021 18:55,1.0176,0.04517705
7/30/2021 19:00,1.003569,0.04517705
7/30/2021 19:05,1.004308,0.04517705
7/30/2021 19:10,1.000615,0.04517705
7/30/2021 19:15,1.010954,0.04517705
7/30/2021 19:20,1.005785,0.04517705
7/30/2021 19:25,1.010954,0.04517705
7/30/2021 19:30,1.001354,0.04517705
7/30/2021 19:35,1.003569,0.04517705
7/30/2021 19:40,1.013908,0.04517705
7/30/2021 19:45,1.008,0.04517705
7/30/2021 19:50,1.002831,0.04517705
7/30/2021 19:55,1.004308,0.04517705
7/30/2021 20:00,0.9998769,0.04517705
7/30/2021 20:05,1.005046,0.04517705
7/30/2021 20:10,1.006523,0.04517705
7/30/2021 20:15,1.001354,0.04517705
7/30/2021 20:20,0.996923,0.04517705
7/30/2021 20:25,0.996923,0.04517705
7/30/2021 20:30,0.996923,0.04517705
7/30/2021 20:35,1.001354,0.04517705
7/30/2021 20:40,1.006523,0.04517705
7/30/2021 20:45,1.004308,0.04517705
7/30/2021 20:50,1.005785,0.04517705
7/30/2021 20:55,1.006523,0.04517705
7/30/2021 21:00,1.001354,0.04517705
7/30/2021 21:05,1.004308,0.04517705
7/30/2021 21:10,1.006523,0.04517705
7/30/2021 21:15,1.002092,0.04517705
7/30/2021 21:20,1.009477,0.04517705
7/30/2021 21:25,1.008,0.04517705
7/30/2021 21:30,1.005046,0.04517705
7/30/2021 21:35,1.014646,0.04517705
7/30/2021 21:40,1.012431,0.04517705
7/30/2021 21:45,1.005046,0.04517705
7/30/2021 21:50,1.008,0.04517705
7/30/2021 21:55,1.006523,0.04517705
7/30/2021 22:00,1.007262,0.04517705
7/30/2021 22:05,0.9998769,0.04517705
7/30/2021 22:10,1.004308,0.04517705
7/30/2021 22:15,1.006523,0.04517705
7/30/2021 22:20,0.996923,0.04517705
7/30/2021 22:25,1.005785,0.04517705
7/30/2021 22:30,0.9961846,0.04517705
7/30/2021 22:35,1.002831,0.04517705
7/30/2021 22:40,1.002831,0.04517705
7/30/2021 22:45,0.9984,0.04517705
7/30/2021 22:50,0.996923,0.04517705
7/30/2021 22:55,0.9976615,0.04517705
7/30/2021 23:00,0.9954461,0.04517705
7/30/2021 23:05,0.9939692,0.04517705
7/30/2021 23:10,0.9843692,0.04517705
7/30/2021 23:15,0.9917538,0.04517705
7/30/2021 23:20,0.9865846,0.04517705
7/30/2021 23:25,0.9888,0.04517705
7/30/2021 23:30,0.9917538,0.04517705
7/30/2021 23:35,0.9917538,0.04517705
7/30/2021 23:40,0.9954461,0.04517705
7/30/2021 23:45,0.9961846,0.04517705
7/30/2021 23:50,0.987323,0.04517705
7/30/2021 23:55,0.9910154,0.04517705
7/31/2021 0:00,0.9947076,0.04517705
7/31/2021 0:05,0.9976615,0.04517705
7/31/2021 0:10,1.001354,0.04517705
7/31/2021 0:15,1.005046,0.04517705
7/31/2021 0:20,0.9976615,0.04517705
7/31/2021 0:25,0.9917538,0.04517705
7/31/2021 0:30,1.004308,0.04517705
7/31/2021 0:35,1.001354,0.04517705
7/31/2021 0:40,1.019077,0.04517705
7/31/2021 0:45,1.003569,0.04517705
7/31/2021 0:50,1.008,0.04517705
7/31/2021 0:55,1.005785,0.04517705
7/31/2021 1:00,1.002831,0.04639805
7/31/2021 1:05,1.010954,0.04639805
7/31/2021 1:10,1.001354,0.04639805
7/31/2021 1:15,1.008,0.04639805
7/31/2021 1:20,1.004308,0.04639805
7/31/2021 1:25,1.009477,0.04639805
7/31/2021 1:30,1.008738,0.04639805
7/31/2021 1:35,1.006523,0.04639805
7/31/2021 1:40,1.013908,0.04639805
7/31/2021 1:45,1.013908,0.04639805
7/31/2021 1:50,1.005785,0.04639805
7/31/2021 1:55,1.019077,0.04639805
7/31/2021 2:00,1.012431,0.04639805
7/31/2021 2:05,1.007262,0.04639805
7/31/2021 2:10,1.012431,0.04517705
7/31/2021 2:15,1.016123,0.04639805
7/31/2021 2:20,1.012431,0.04639805
7/31/2021 2:25,1.006523,0.04517705
7/31/2021 2:30,1.005785,0.04639805
7/31/2021 2:35,1.010215,0.04517705
7/31/2021 2:40,0.9998769,0.04517705
7/31/2021 2:45,1.006523,0.04517705
7/31/2021 2:50,1.001354,0.04639805
7/31/2021 2:55,1.008,0.04517705
7/31/2021 3:00,0.996923,0.04517705
7/31/2021 3:05,1.004308,0.04517705
7/31/2021 3:10,0.9961846,0.04639805
7/31/2021 3:15,1.006523,0.04517705
7/31/2021 3:20,1.081108,0.04517705
7/31/2021 3:25,1.081108,0.04639805
7/31/2021 3:30,1.1232,0.04517705
7/31/2021 3:35,1.119508,0.04517705
7/31/2021 3:40,1.131323,0.04517705
7/31/2021 3:45,1.122462,0.04517705
7/31/2021 3:50,1.120985,0.04517705
7/31/2021 3:55,1.107692,0.04395605
7/31/2021 4:00,1.106954,0.04395605
7/31/2021 4:05,1.111385,0.04395605
7/31/2021 4:10,1.108431,0.04395605
7/31/2021 4:15,1.105477,0.04395605
7/31/2021 4:20,1.109169,0.04395605
7/31/2021 4:25,1.112862,0.04395605
7/31/2021 4:30,1.106215,0.04395605
7/31/2021 4:35,1.100308,0.04395605
7/31/2021 4:40,1.109908,0.04395605
7/31/2021 4:45,1.104,0.04395605
7/31/2021 4:50,1.111385,0.04395605
7/31/2021 4:55,1.109169,0.04395605
7/31/2021 5:00,1.102523,0.04395605
7/31/2021 5:05,1.109908,0.04395605
7/31/2021 5:10,1.108431,0.04395605
7/31/2021 5:15,1.115077,0.04395605
7/31/2021 5:20,1.107692,0.04395605
7/31/2021 5:25,1.117292,0.04395605
7/31/2021 5:30,1.095877,0.04395605
7/31/2021 5:35,1.104,0.04395605
7/31/2021 5:40,1.104,0.04395605
7/31/2021 5:45,1.100308,0.04395605
7/31/2021 5:50,1.105477,0.04395605
7/31/2021 5:55,1.105477,0.04395605
7/31/2021 6:00,1.106215,0.04395605
7/31/2021 6:05,1.120985,0.04395605
7/31/2021 6:10,1.115077,0.04395605
7/31/2021 6:15,1.1136,0.04395605
7/31/2021 6:20,1.106954,0.04395605
7/31/2021 6:25,1.1136,0.04395605
7/31/2021 6:30,1.103261,0.04395605
7/31/2021 6:35,1.119508,0.04395605
7/31/2021 6:40,1.115077,0.04395605
7/31/2021 6:45,1.112862,0.04395605
7/31/2021 6:50,1.112123,0.04395605
7/31/2021 6:55,1.1136,0.04395605
7/31/2021 7:00,1.108431,0.04395605
7/31/2021 7:05,1.108431,0.04395605
7/31/2021 7:10,1.101046,0.04395605
7/31/2021 7:15,1.102523,0.04395605
7/31/2021 7:20,1.106954,0.04395605
7/31/2021 7:25,0,-1
7/31/2021 7:30,0,-1
7/31/2021 7:35,0,-1
7/31/2021 7:40,0,-1
7/31/2021 7:45,0,-1
7/31/2021 7:50,0,-1
7/31/2021 7:55,0,-1
7/31/2021 8:00,0,-1
7/31/2021 8:05,0,-1
7/31/2021 8:10,0,-1
7/31/2021 8:15,0,-1
7/31/2021 8:20,0,-1
7/31/2021 8:25,0,-1
7/31/2021 8:30,0,-1
7/31/2021 8:35,0,-1
7/31/2021 8:40,0,-1
7/31/2021 8:45,0,-1
7/31/2021 8:50,0,-1
7/31/2021 8:55,0,-1
7/31/2021 9:00,0,-1
7/31/2021 9:05,0,-1
7/31/2021 9:10,0,-1
7/31/2021 9:15,0,-1
7/31/2021 9:20,0,-1
7/31/2021 9:25,0,-1
7/31/2021 9:30,0,-1
7/31/2021 9:35,0,-1
7/31/2021 9:40,0,-1
7/31/2021 9:45,0,-1
7/31/2021 9:50,0,-1
7/31/2021 9:55,0,-1
7/31/2021 10:00,0,-1
7/31/2021 10:05,0,-1
7/31/2021 10:10,0,-1
7/31/2021 10:15,0,-1
7/31/2021 10:20,0,-1
7/31/2021 10:25,0,-1
7/31/2021 10:30,0,-1
7/31/2021 10:35,0,-1
7/31/2021 10:40,0,-1
7/31/2021 10:45,0,-1
7/31/2021 10:50,0,-1
7/31/2021 10:55,0,-1
7/31/2021 11:00,0,-1
7/31/2021 11:05,0,-1
7/31/2021 11:10,0,-1
7/31/2021 11:15,0,-1
7/31/2021 11:20,0,-1
7/31/2021 11:25,0,-1
7/31/2021 11:30,0,-1
7/31/2021 11:35,0,-1
7/31/2021 11:40,0,-1
7/31/2021 11:45,0,-1
7/31/2021 11:50,0,-1
7/31/2021 11:55,0,-1
7/31/2021 12:00,0,-1
7/31/2021 12:05,0,-1
7/31/2021 12:10,0,-1
7/31/2021 12:15,0,-1
7/31/2021 12:20,0,-1
7/31/2021 12:25,0,-1
7/31/2021 12:30,0,-1
7/31/2021 12:35,0,-1
7/31/2021 12:40,0,-1
7/31/2021 12:45,0,-1
7/31/2021 12:50,0,-1
7/31/2021 12:55,0,-1
7/31/2021 13:00,0,-1
7/31/2021 13:05,0,-1
7/31/2021 13:10,0,-1
7/31/2021 13:15,0,-1
7/31/2021 13:20,0,-1
7/31/2021 13:25,0,-1
7/31/2021 13:30,0,-1
7/31/2021 13:35,0,-1
7/31/2021 13:40,0,-1
7/31/2021 13:45,0,-1
7/31/2021 13:50,0,-1
7/31/2021 13:55,0,-1
7/31/2021 14:00,0,-1
7/31/2021 14:05,0,-1
7/31/2021 14:10,0,-1
7/31/2021 14:15,0,-1
7/31/2021 14:20,0,-1
7/31/2021 14:25,0,-1
7/31/2021 14:30,0,-1
7/31/2021 14:35,0,-1
7/31/2021 14:40,0,-1
7/31/2021 14:45,0,-1
7/31/2021 14:50,0,-1
7/31/2021 14:55,0,-1
7/31/2021 15:00,0,-1
7/31/2021 15:05,0,-1
7/31/2021 15:10,0,-1
7/31/2021 15:15,0,-1
7/31/2021 15:20,0,-1
7/31/2021 15:25,0,-1
7/31/2021 15:30,0,-1
7/31/2021 15:35,0,-1
7/31/2021 15:40,0,-1
7/31/2021 15:45,0,-1
7/31/2021 15:50,0,-1
7/31/2021 15:55,0,-1
7/31/2021 16:00,0,-1
7/31/2021 16:05,0,-1
7/31/2021 16:10,0,-1
7/31/2021 16:15,0,-1
7/31/2021 16:20,0,-1
7/31/2021 16:25,0,-1
7/31/2021 16:30,0,-1
7/31/2021 16:35,0,-1
7/31/2021 16:40,0,-1
7/31/2021 16:45,0,-1
7/31/2021 16:50,0,-1
7/31/2021 16:55,0,-1
7/31/2021 17:00,0,-1
7/31/2021 17:05,0,-1
7/31/2021 17:10,0,-1
7/31/2021 17:15,0,-1
7/31/2021 17:20,0,-1
7/31/2021 17:25,0,-1
7/31/2021 17:30,0,-1
7/31/2021 17:35,0,-1
7/31/2021 17:40,0,-1
7/31/2021 17:45,0,-1
7/31/2021 17:50,0,-1
7/31/2021 17:55,0,-1
7/31/2021 18:00,0,-1
7/31/2021 18:05,0,-1
7/31/2021 18:10,0,-1
7/31/2021 18:15,0,-1
7/31/2021 18:20,0,-1
7/31/2021 18:25,0,-1
7/31/2021 18:30,0,-1
7/31/2021 18:35,0,-1
7/31/2021 18:40,0,-1
7/31/2021 18:45,0,-1
7/31/2021 18:50,0,-1
7/31/2021 18:55,0,-1
7/31/2021 19:00,0,-1
7/31/2021 19:05,0,-1
7/31/2021 19:10,0,-1
7/31/2021 19:15,0,-1
7/31/2021 19:20,0,-1
7/31/2021 19:25,0,-1
7/31/2021 19:30,0,-1
7/31/2021 19:35,0,-1
7/31/2021 19:40,0,-1
7/31/2021 19:45,0,-1
7/31/2021 19:50,0,-1
7/31/2021 19:55,0,-1
7/31/2021 20:00,0,-1
7/31/2021 20:05,0,-1
7/31/2021 20:10,0,-1
7/31/2021 20:15,0,-1
7/31/2021 20:20,0,-1
7/31/2021 20:25,0,-1
7/31/2021 20:30,0,-1
7/31/2021 20:35,0,-1
7/31/2021 20:40,0,-1
7/31/2021 20:45,0,-1
7/31/2021 20:50,0,-1
7/31/2021 20:55,0,-1
7/31/2021 21:00,0,-1
7/31/2021 21:05,0,-1
7/31/2021 21:10,0,-1
7/31/2021 21:15,0,-1
7/31/2021 21:20,0,-1
7/31/2021 21:25,0,-1
7/31/2021 21:30,0,-1
7/31/2021 21:35,0,-1
7/31/2021 21:40,0,-1
7/31/2021 21:45,0,-1
7/31/2021 21:50,0,-1
7/31/2021 21:55,0,-1
7/31/2021 22:00,0,-1
7/31/2021 22:05,0,-1
7/31/2021 22:10,0,-1
7/31/2021 22:15,0,-1
7/31/2021 22:20,0,-1
7/31/2021 22:25,0,-1
7/31/2021 22:30,0,-1
7/31/2021 22:35,0,-1
7/31/2021 22:40,0,-1
7/31/2021 22:45,0,-1
7/31/2021 22:50,0,-1
7/31/2021 22:55,0,-1
7/31/2021 23:00,0,-1
7/31/2021 23:05,0,-1
7/31/2021 23:10,0,-1
7/31/2021 23:15,0,-1
7/31/2021 23:20,0,-1
7/31/2021 23:25,0,-1
7/31/2021 23:30,0,-1
7/31/2021 23:35,0,-1
7/31/2021 23:40,0,-1
7/31/2021 23:45,0,-1
7/31/2021 23:50,0,-1
7/31/2021 23:55,0,-1
8/1/2021 0:00,0,-1
8/1/2021 0:05,0,-1
8/1/2021 0:10,0,-1
8/1/2021 0:15,0,-1
8/1/2021 0:20,0,-1
8/1/2021 0:25,0,-1
8/1/2021 0:30,0,-1
8/1/2021 0:35,0,-1
8/1/2021 0:40,0,-1
8/1/2021 0:45,0,-1
8/1/2021 0:50,0,-1
8/1/2021 0:55,0,-1
8/1/2021 1:00,0,-1
8/1/2021 1:05,0,-1
8/1/2021 1:10,0,-1
8/1/2021 1:15,0,-1
8/1/2021 1:20,0,-1
8/1/2021 1:25,0,-1
8/1/2021 1:30,0,-1
8/1/2021 1:35,0,-1
8/1/2021 1:40,0,-1
8/1/2021 1:45,0,-1
8/1/2021 1:50,0,-1
8/1/2021 1:55,0,-1
8/1/2021 2:00,0,-1
8/1/2021 2:05,0,-1
8/1/2021 2:10,0,-1
8/1/2021 2:15,0,-1
8/1/2021 2:20,0,-1
8/1/2021 2:25,0,-1
8/1/2021 2:30,0,-1
8/1/2021 2:35,0,-1
8/1/2021 2:40,0,-1
8/1/2021 2:45,0,-1
8/1/2021 2:50,0,-1
8/1/2021 2:55,0,-1
8/1/2021 3:00,0,-1
8/1/2021 3:05,0,-1
8/1/2021 3:10,0,-1
8/1/2021 3:15,0,-1
8/1/2021 3:20,0,-1
8/1/2021 3:25,0,-1
8/1/2021 3:30,0,-1
8/1/2021 3:35,0,-1
8/1/2021 3:40,0,-1
8/1/2021 3:45,0,-1
8/1/2021 3:50,0,-1
8/1/2021 3:55,0,-1
8/1/2021 4:00,0,-1
8/1/2021 4:05,0,-1
8/1/2021 4:10,0,-1
8/1/2021 4:15,0,-1
8/1/2021 4:20,0,-1
8/1/2021 4:25,0,-1
8/1/2021 4:30,0,-1
8/1/2021 4:35,0,-1
8/1/2021 4:40,0,-1
8/1/2021 4:45,0,-1
8/1/2021 4:50,0,-1
8/1/2021 4:55,0,-1
8/1/2021 5:00,0,-1
8/1/2021 5:05,0,-1
8/1/2021 5:10,0,-1
8/1/2021 5:15,0,-1
8/1/2021 5:20,0,-1
8/1/2021 5:25,0,-1
8/1/2021 5:30,0,-1
8/1/2021 5:35,0,-1
8/1/2021 5:40,0,-1
8/1/2021 5:45,0,-1
8/1/2021 5:50,0,-1
8/1/2021 5:55,0,-1
8/1/2021 6:00,0,-1
8/1/2021 6:05,0,-1
8/1/2021 6:10,0,-1
8/1/2021 6:15,0,-1
8/1/2021 6:20,0,-1
8/1/2021 6:25,0,-1
8/1/2021 6:30,0,-1
8/1/2021 6:35,0,-1
8/1/2021 6:40,0,-1
8/1/2021 6:45,0,-1
8/1/2021 6:50,0,-1
8/1/2021 6:55,0,-1
8/1/2021 7:00,0,-1
8/1/2021 7:05,0,-1
8/1/2021 7:10,0,-1
8/1/2021 7:15,0,-1
8/1/2021 7:20,0,-1
8/1/2021 7:25,0,-1
8/1/2021 7:30,0,-1
8/1/2021 7:35,0,-1
8/1/2021 7:40,0,-1
8/1/2021 7:45,0,-1
8/1/2021 7:50,0,-1
8/1/2021 7:55,0,-1
8/1/2021 8:00,0,-1
8/1/2021 8:05,0,-1
8/1/2021 8:10,0,-1
8/1/2021 8:15,0,-1
8/1/2021 8:20,0,-1
8/1/2021 8:25,0,-1
8/1/2021 8:30,0,-1
8/1/2021 8:35,0,-1
8/1/2021 8:40,0,-1
8/1/2021 8:45,0,-1
8/1/2021 8:50,0,-1
8/1/2021 8:55,0,-1
8/1/2021 9:00,0,-1
8/1/2021 9:05,0,-1
8/1/2021 9:10,0,-1
8/1/2021 9:15,0,-1
8/1/2021 9:20,0,-1
8/1/2021 9:25,0,-1
8/1/2021 9:30,0,-1
8/1/2021 9:35,0,-1
8/1/2021 9:40,0,-1
8/1/2021 9:45,0,-1
8/1/2021 9:50,0,-1
8/1/2021 9:55,0,-1
8/1/2021 10:00,0,-1
8/1/2021 10:05,0,-1
8/1/2021 10:10,0,-1
8/1/2021 10:15,0,-1
8/1/2021 10:20,0,-1
8/1/2021 10:25,0,-1
8/1/2021 10:30,0,-1
8/1/2021 10:35,0,-1
8/1/2021 10:40,0,-1
8/1/2021 10:45,0,-1
8/1/2021 10:50,0,-1
8/1/2021 10:55,0,-1
8/1/2021 11:00,0,-1
8/1/2021 11:05,0,-1
8/1/2021 11:10,0,-1
8/1/2021 11:15,0,-1
8/1/2021 11:20,0,-1
8/1/2021 11:25,0,-1
8/1/2021 11:30,0,-1
8/1/2021 11:35,0,-1
8/1/2021 11:40,0,-1
8/1/2021 11:45,0,-1
8/1/2021 11:50,0,-1
8/1/2021 11:55,0,-1
8/1/2021 12:00,0,-1
8/1/2021 12:05,0,-1
8/1/2021 12:10,0,-1
8/1/2021 12:15,0,-1
8/1/2021 12:20,0,-1
8/1/2021 12:25,0,-1
8/1/2021 12:30,0,-1
8/1/2021 12:35,0,-1
8/1/2021 12:40,0,-1
8/1/2021 12:45,0,-1
8/1/2021 12:50,0,-1
8/1/2021 12:55,0,-1
8/1/2021 13:00,0,-1
8/1/2021 13:05,0,-1
8/1/2021 13:10,0,-1
8/1/2021 13:15,0,-1
8/1/2021 13:20,0,-1
8/1/2021 13:25,0,-1
8/1/2021 13:30,0,-1
8/1/2021 13:35,0,-1
8/1/2021 13:40,0,-1
8/1/2021 13:45,0,-1
8/1/2021 13:50,0,-1
8/1/2021 13:55,0,-1
8/1/2021 14:00,0,-1
8/1/2021 14:05,0,-1
8/1/2021 14:10,0,-1
8/1/2021 14:15,0,-1
8/1/2021 14:20,0,-1
8/1/2021 14:25,0,-1
8/1/2021 14:30,0,-1
8/1/2021 14:35,0,-1
8/1/2021 14:40,0,-1
8/1/2021 14:45,0,-1
8/1/2021 14:50,0,-1
8/1/2021 14:55,0,-1
8/1/2021 15:00,0,-1
8/1/2021 15:05,0,-1
8/1/2021 15:10,0,-1
8/1/2021 15:15,0,-1
8/1/2021 15:20,0,-1
8/1/2021 15:25,0,-1
8/1/2021 15:30,0,-1
8/1/2021 15:35,0,-1
8/1/2021 15:40,0,-1
8/1/2021 15:45,0,-1
8/1/2021 15:50,0,-1
8/1/2021 15:55,0,-1
8/1/2021 16:00,0,-1
8/1/2021 16:05,0,-1
8/1/2021 16:10,0,-1
8/1/2021 16:15,0,-1
8/1/2021 16:20,0,-1
8/1/2021 16:25,0,-1
8/1/2021 16:30,0,-1
8/1/2021 16:35,0,-1
8/1/2021 16:40,0,-1
8/1/2021 16:45,0,-1
8/1/2021 16:50,0,-1
8/1/2021 16:55,0,-1
8/1/2021 17:00,0,-1
8/1/2021 17:05,0,-1
8/1/2021 17:10,0,-1
8/1/2021 17:15,0,-1
8/1/2021 17:20,0,-1
8/1/2021 17:25,0,-1
8/1/2021 17:30,0,-1
8/1/2021 17:35,0,-1
8/1/2021 17:40,0,-1
8/1/2021 17:45,0,-1
8/1/2021 17:50,0,-1
8/1/2021 17:55,0,-1
8/1/2021 18:00,0,-1
8/1/2021 18:05,0,-1
8/1/2021 18:10,0,-1
8/1/2021 18:15,0,-1
8/1/2021 18:20,0,-1
8/1/2021 18:25,0,-1
8/1/2021 18:30,0,-1
8/1/2021 18:35,0,-1
8/1/2021 18:40,0,-1
8/1/2021 18:45,0,-1
8/1/2021 18:50,0,-1
8/1/2021 18:55,0,-1
8/1/2021 19:00,0,-1
8/1/2021 19:05,0,-1
8/1/2021 19:10,0,-1
8/1/2021 19:15,0,-1
8/1/2021 19:20,0,-1
8/1/2021 19:25,0,-1
8/1/2021 19:30,0,-1
8/1/2021 19:35,0,-1
8/1/2021 19:40,0,-1
8/1/2021 19:45,0,-1
8/1/2021 19:50,0,-1
8/1/2021 19:55,0,-1
8/1/2021 20:00,0,-1
8/1/2021 20:05,0,-1
8/1/2021 20:10,0,-1
8/1/2021 20:15,0,-1
8/1/2021 20:20,0,-1
8/1/2021 20:25,0,-1
8/1/2021 20:30,0,-1
8/1/2021 20:35,0,-1
8/1/2021 20:40,0,-1
8/1/2021 20:45,0,-1
8/1/2021 20:50,0,-1
8/1/2021 20:55,0,-1
8/1/2021 21:00,0,-1
8/1/2021 21:05,0,-1
8/1/2021 21:10,0,-1
8/1/2021 21:15,0,-1
8/1/2021 21:20,0,-1
8/1/2021 21:25,0,-1
8/1/2021 21:30,0,-1
8/1/2021 21:35,0,-1
8/1/2021 21:40,0,-1
8/1/2021 21:45,0,-1
8/1/2021 21:50,0,-1
8/1/2021 21:55,0,-1
8/1/2021 22:00,0,-1
8/1/2021 22:05,0,-1
8/1/2021 22:10,0,-1
8/1/2021 22:15,0,-1
8/1/2021 22:20,0,-1
8/1/2021 22:25,0,-1
8/1/2021 22:30,0,-1
8/1/2021 22:35,0,-1
8/1/2021 22:40,0,-1
8/1/2021 22:45,0,-1
8/1/2021 22:50,0,-1
8/1/2021 22:55,0,-1
8/1/2021 23:00,0,-1
8/1/2021 23:05,0,-1
8/1/2021 23:10,0,-1
8/1/2021 23:15,0,-1
8/1/2021 23:20,0,-1
8/1/2021 23:25,0,-1
8/1/2021 23:30,0,-1
8/1/2021 23:35,0,-1
8/1/2021 23:40,0,-1
8/1/2021 23:45,0,-1
8/1/2021 23:50,0,-1
8/1/2021 23:55,0,-1
8/2/2021 0:00,0,-1
8/2/2021 0:05,0,-1
8/2/2021 0:10,0,-1
8/2/2021 0:15,0,-1
8/2/2021 0:20,0,-1
8/2/2021 0:25,0,-1
8/2/2021 0:30,0,-1
8/2/2021 0:35,0,-1
8/2/2021 0:40,0,-1
8/2/2021 0:45,0,-1
8/2/2021 0:50,0,-1
8/2/2021 0:55,0,-1
8/2/2021 1:00,0,-1
8/2/2021 1:05,0,-1
8/2/2021 1:10,0,-1
8/2/2021 1:15,0,-1
8/2/2021 1:20,0,-1
8/2/2021 1:25,0,-1
8/2/2021 1:30,0,-1
8/2/2021 1:35,0,-1
8/2/2021 1:40,0,-1
8/2/2021 1:45,0,-1
8/2/2021 1:50,0,-1
8/2/2021 1:55,0,-1
8/2/2021 2:00,0,-1
8/2/2021 2:05,0,-1
8/2/2021 2:10,0,-1
8/2/2021 2:15,0,-1
8/2/2021 2:20,0,-1
8/2/2021 2:25,0,-1
8/2/2021 2:30,0,-1
8/2/2021 2:35,0,-1
8/2/2021 2:40,0,-1
8/2/2021 2:45,0,-1
8/2/2021 2:50,0,-1
8/2/2021 2:55,0,-1
8/2/2021 3:00,0,-1
8/2/2021 3:05,0,-1
8/2/2021 3:10,0,-1
8/2/2021 3:15,0,-1
8/2/2021 3:20,0,-1
8/2/2021 3:25,0,-1
8/2/2021 3:30,0,-1
8/2/2021 3:35,0,-1
8/2/2021 3:40,0,-1
8/2/2021 3:45,0,-1
8/2/2021 3:50,0,-1
8/2/2021 3:55,0,-1
8/2/2021 4:00,0,-1
8/2/2021 4:05,0,-1
8/2/2021 4:10,0,-1
8/2/2021 4:15,0,-1
8/2/2021 4:20,0,-1
8/2/2021 4:25,0,-1
8/2/2021 4:30,0,-1
8/2/2021 4:35,0,-1
8/2/2021 4:40,0,-1
8/2/2021 4:45,0,-1
8/2/2021 4:50,0,-1
8/2/2021 4:55,0,-1
8/2/2021 5:00,0,-1
8/2/2021 5:05,0,-1
8/2/2021 5:10,0,-1
8/2/2021 5:15,0,-1
8/2/2021 5:20,0,-1
8/2/2021 5:25,0,-1
8/2/2021 5:30,0,-1
8/2/2021 5:35,0,-1
8/2/2021 5:40,0,-1
8/2/2021 5:45,0,-1
8/2/2021 5:50,0,-1
8/2/2021 5:55,0,-1
8/2/2021 6:00,0,-1
8/2/2021 6:05,0,-1
8/2/2021 6:10,0,-1
8/2/2021 6:15,0,-1
8/2/2021 6:20,0,-1
8/2/2021 6:25,0,-1
8/2/2021 6:30,0,-1
8/2/2021 6:35,0,-1
8/2/2021 6:40,0,-1
8/2/2021 6:45,0,-1
8/2/2021 6:50,0,-1
8/2/2021 6:55,0,-1
8/2/2021 7:00,0,-1
8/2/2021 7:05,0,-1
8/2/2021 7:10,0,-1
8/2/2021 7:15,0,-1
8/2/2021 7:20,0,-1
8/2/2021 7:25,0,-1
8/2/2021 7:30,0,-1
8/2/2021 7:35,0,-1
8/2/2021 7:40,0,-1
8/2/2021 7:45,0,-1
8/2/2021 7:50,0,-1
8/2/2021 7:55,0,-1
8/2/2021 8:00,0,-1
8/2/2021 8:05,0,-1
8/2/2021 8:10,0,-1
8/2/2021 8:15,0,-1
8/2/2021 8:20,0,-1
8/2/2021 8:25,0,-1
8/2/2021 8:30,0,-1
8/2/2021 8:35,0,-1
8/2/2021 8:40,0,-1
8/2/2021 8:45,0,-1
8/2/2021 8:50,0,-1
8/2/2021 8:55,0,-1
8/2/2021 9:00,0,-1
8/2/2021 9:05,0,-1
8/2/2021 9:10,0,-1
8/2/2021 9:15,0,-1
8/2/2021 9:20,0,-1
8/2/2021 9:25,0,-1
8/2/2021 9:30,0,-1
8/2/2021 9:35,0,-1
8/2/2021 9:40,0,-1
8/2/2021 9:45,0,-1
8/2/2021 9:50,0,-1
8/2/2021 9:55,0,-1
8/2/2021 10:00,0,-1
8/2/2021 10:05,0,-1
8/2/2021 10:10,0,-1
8/2/2021 10:15,0,-1
8/2/2021 10:20,0,-1
8/2/2021 10:25,0,-1
8/2/2021 10:30,0,-1
8/2/2021 10:35,0,-1
8/2/2021 10:40,0,-1
8/2/2021 10:45,0,-1
8/2/2021 10:50,0,-1
8/2/2021 10:55,0,-1
8/2/2021 11:00,0,-1
8/2/2021 11:05,0,-1
8/2/2021 11:10,0,-1
8/2/2021 11:15,0,-1
8/2/2021 11:20,0,-1
8/2/2021 11:25,0,-1
8/2/2021 11:30,0,-1
8/2/2021 11:35,0,-1
8/2/2021 11:40,0,-1
8/2/2021 11:45,0,-1
8/2/2021 11:50,0,-1
8/2/2021 11:55,0,-1
8/2/2021 12:00,0,-1
8/2/2021 12:05,0,-1
8/2/2021 12:10,0,-1
8/2/2021 12:15,0,-1
8/2/2021 12:20,0,-1
8/2/2021 12:25,0,-1
8/2/2021 12:30,0,-1
8/2/2021 12:35,0,-1
8/2/2021 12:40,0,-1
8/2/2021 12:45,0,-1
8/2/2021 12:50,0,-1
8/2/2021 12:55,0,-1
8/2/2021 13:00,0,-1
8/2/2021 13:05,0,-1
8/2/2021 13:10,0,-1
8/2/2021 13:15,0,-1
8/2/2021 13:20,0,-1
8/2/2021 13:25,0,-1
8/2/2021 13:30,0,-1
8/2/2021 13:35,0,-1
8/2/2021 13:40,0,-1
8/2/2021 13:45,0,-1
8/2/2021 13:50,0,-1
8/2/2021 13:55,0,-1
8/2/2021 14:00,0,-1
8/2/2021 14:05,0,-1
8/2/2021 14:10,0,-1
8/2/2021 14:15,0,-1
8/2/2021 14:20,0,-1
8/2/2021 14:25,0,-1
8/2/2021 14:30,0,-1
8/2/2021 14:35,0,-1
8/2/2021 14:40,0,-1
8/2/2021 14:45,0,-1
8/2/2021 14:50,0,-1
8/2/2021 14:55,0,-1
8/2/2021 15:00,0,-1
8/2/2021 15:05,0,-1
8/2/2021 15:10,0,-1
8/2/2021 15:15,0,-1
8/2/2021 15:20,0,-1
8/2/2021 15:25,0,-1
8/2/2021 15:30,0,-1
8/2/2021 15:35,0,-1
8/2/2021 15:40,0,-1
8/2/2021 15:45,0,-1
8/2/2021 15:50,0,-1
8/2/2021 15:55,0,-1
8/2/2021 16:00,0,-1
8/2/2021 16:05,0,-1
8/2/2021 16:10,0,-1
8/2/2021 16:15,0,-1
8/2/2021 16:20,0,-1
8/2/2021 16:25,0,-1
8/2/2021 16:30,0,-1
8/2/2021 16:35,0,-1
8/2/2021 16:40,0,-1
8/2/2021 16:45,0,-1
8/2/2021 16:50,0,-1
8/2/2021 16:55,0,-1
8/2/2021 17:00,0,-1
8/2/2021 17:05,0,-1
8/2/2021 17:10,0,-1
8/2/2021 17:15,0,-1
8/2/2021 17:20,0,-1
8/2/2021 17:25,0,-1
8/2/2021 17:30,0,-1
8/2/2021 17:35,0,-1
8/2/2021 17:40,0,-1
8/2/2021 17:45,0,-1
8/2/2021 17:50,0,-1
8/2/2021 17:55,0,-1
8/2/2021 18:00,0,-1
8/2/2021 18:05,0,-1
8/2/2021 18:10,0,-1
8/2/2021 18:15,0,-1
8/2/2021 18:20,0,-1
8/2/2021 18:25,0,-1
8/2/2021 18:30,0,-1
8/2/2021 18:35,0,-1
8/2/2021 18:40,0,-1
8/2/2021 18:45,0,-1
8/2/2021 18:50,0,-1
8/2/2021 18:55,0,-1
8/2/2021 19:00,0,-1
8/2/2021 19:05,0,-1
8/2/2021 19:10,0,-1
8/2/2021 19:15,0,-1
8/2/2021 19:20,0,-1
8/2/2021 19:25,0,-1
8/2/2021 19:30,0,-1
8/2/2021 19:35,0,-1
8/2/2021 19:40,0,-1
8/2/2021 19:45,0,-1
8/2/2021 19:50,0,-1
8/2/2021 19:55,0,-1
8/2/2021 20:00,0,-1
8/2/2021 20:05,0,-1
8/2/2021 20:10,0,-1
8/2/2021 20:15,0,-1
8/2/2021 20:20,0,-1
8/2/2021 20:25,0,-1
8/2/2021 20:30,0,-1
8/2/2021 20:35,0,-1
8/2/2021 20:40,0,-1
8/2/2021 20:45,0,-1
8/2/2021 20:50,0,-1
8/2/2021 20:55,0,-1
8/2/2021 21:00,0,-1
8/2/2021 21:05,0,-1
8/2/2021 21:10,0,-1
8/2/2021 21:15,0,-1
8/2/2021 21:20,0,-1
8/2/2021 21:25,0,-1
8/2/2021 21:30,0,-1
8/2/2021 21:35,0,-1
8/2/2021 21:40,0,-1
8/2/2021 21:45,0,-1
8/2/2021 21:50,0,-1
8/2/2021 21:55,0,-1
8/2/2021 22:00,0,-1
8/2/2021 22:05,0,-1
8/2/2021 22:10,0,-1
8/2/2021 22:15,0,-1
8/2/2021 22:20,0,-1
8/2/2021 22:25,0,-1
8/2/2021 22:30,0,-1
8/2/2021 22:35,0,-1
8/2/2021 22:40,0,-1
8/2/2021 22:45,0,-1
8/2/2021 22:50,0,-1
8/2/2021 22:55,0,-1
8/2/2021 23:00,0,-1
8/2/2021 23:05,0,-1
8/2/2021 23:10,0,-1
8/2/2021 23:15,0,-1
8/2/2021 23:20,0,-1
8/2/2021 23:25,0,-1
8/2/2021 23:30,0,-1
8/2/2021 23:35,0,-1
8/2/2021 23:40,0,-1
8/2/2021 23:45,0,-1
8/2/2021 23:50,0,-1
8/2/2021 23:55,0,-1
8/3/2021 0:00,0,-1
8/3/2021 0:05,0,-1
8/3/2021 0:10,0,-1
8/3/2021 0:15,0,-1
8/3/2021 0:20,0,-1
8/3/2021 0:25,0,-1
8/3/2021 0:30,0,-1
8/3/2021 0:35,0,-1
8/3/2021 0:40,0,-1
8/3/2021 0:45,0,-1
8/3/2021 0:50,0,-1
8/3/2021 0:55,0,-1
8/3/2021 1:00,0,-1
8/3/2021 1:05,0,-1
8/3/2021 1:10,0,-1
8/3/2021 1:15,0,-1
8/3/2021 1:20,0,-1
8/3/2021 1:25,0,-1
8/3/2021 1:30,0,-1
8/3/2021 1:35,0,-1
8/3/2021 1:40,0,-1
8/3/2021 1:45,0,-1
8/3/2021 1:50,0,-1
8/3/2021 1:55,0,-1
8/3/2021 2:00,0,-1
8/3/2021 2:05,0,-1
8/3/2021 2:10,0,-1
8/3/2021 2:15,0,-1
8/3/2021 2:20,0,-1
8/3/2021 2:25,0,-1
8/3/2021 2:30,0,-1
8/3/2021 2:35,0,-1
8/3/2021 2:40,0,-1
8/3/2021 2:45,0,-1
8/3/2021 2:50,0,-1
8/3/2021 2:55,0,-1
8/3/2021 3:00,0,-1
8/3/2021 3:05,0,-1
8/3/2021 3:10,0,-1
8/3/2021 3:15,0,-1
8/3/2021 3:20,0,-1
8/3/2021 3:25,0,-1
8/3/2021 3:30,0,-1
8/3/2021 3:35,0,-1
8/3/2021 3:40,0,-1
8/3/2021 3:45,0,-1
8/3/2021 3:50,0,-1
8/3/2021 3:55,0,-1
8/3/2021 4:00,0,-1
8/3/2021 4:05,0,-1
8/3/2021 4:10,0,0.1269841
8/3/2021 4:15,0,-1
8/3/2021 4:20,0,-1
8/3/2021 4:25,0,-1
8/3/2021 4:30,0,-1
8/3/2021 4:35,0,-1
8/3/2021 4:40,0,-1
8/3/2021 4:45,0,-1
8/3/2021 4:50,0,-1
8/3/2021 4:55,0,-1
8/3/2021 5:00,0,-1
8/3/2021 5:05,0,-1
8/3/2021 5:10,0,-1
8/3/2021 5:15,0,-1
8/3/2021 5:20,0,-1
8/3/2021 5:25,0,-1
8/3/2021 5:30,0,-1
8/3/2021 5:35,0,-1
8/3/2021 5:40,0,-1
8/3/2021 5:45,0,-1
8/3/2021 5:50,0,-1
8/3/2021 5:55,0,-1
8/3/2021 6:00,0,-1
8/3/2021 6:05,0,-1
8/3/2021 6:10,0,-1
8/3/2021 6:15,0,-1
8/3/2021 6:20,0,-1
8/3/2021 6:25,0,-1
8/3/2021 6:30,0,-1
8/3/2021 6:35,0,-1
8/3/2021 6:40,0,-1
8/3/2021 6:45,0,-1
8/3/2021 6:50,0,-1
8/3/2021 6:55,0,-1
8/3/2021 7:00,0,-1
8/3/2021 7:05,0,-1
8/3/2021 7:10,0,-1
8/3/2021 7:15,0,-1
8/3/2021 7:20,0,-1
8/3/2021 7:25,0,-1
8/3/2021 7:30,0,-1
8/3/2021 7:35,0,-1
8/3/2021 7:40,0,-1
8/3/2021 7:45,0,-1
8/3/2021 7:50,0,-1
8/3/2021 7:55,0,-1
8/3/2021 8:00,0,-1
8/3/2021 8:05,0,-1
8/3/2021 8:10,0,-1
8/3/2021 8:15,0,-1
8/3/2021 8:20,0,-1
8/3/2021 8:25,0,-1
8/3/2021 8:30,0,-1
8/3/2021 8:35,0,-1
8/3/2021 8:40,0,-1
8/3/2021 8:45,0,-1
8/3/2021 8:50,0,-1
8/3/2021 8:55,0,-1
8/3/2021 9:00,0,-1
8/3/2021 9:05,0,-1
8/3/2021 9:10,0,-1
8/3/2021 9:15,0,-1
8/3/2021 9:20,0,-1
8/3/2021 9:25,0,-1
8/3/2021 9:30,0,-1
8/3/2021 9:35,0,-1
8/3/2021 9:40,0,-1
8/3/2021 9:45,0,-1
8/3/2021 9:50,0,-1
8/3/2021 9:55,0,-1
8/3/2021 10:00,0,-1
8/3/2021 10:05,0,-1
8/3/2021 10:10,0,-1
8/3/2021 10:15,0,-1
8/3/2021 10:20,0,-1
8/3/2021 10:25,0,-1
8/3/2021 10:30,0,-1
8/3/2021 10:35,0,-1
8/3/2021 10:40,0,-1
8/3/2021 10:45,0,-1
8/3/2021 10:50,0,-1
8/3/2021 10:55,0,-1
8/3/2021 11:00,0,-1
8/3/2021 11:05,0,-1
8/3/2021 11:10,0,-1
8/3/2021 11:15,0,-1
8/3/2021 11:20,0,-1
8/3/2021 11:25,0,-1
8/3/2021 11:30,0,-1
8/3/2021 11:35,0,-1
8/3/2021 11:40,0,-1
8/3/2021 11:45,0,-1
8/3/2021 11:50,0,-1
8/3/2021 11:55,0,-1
8/3/2021 12:00,0,-1
8/3/2021 12:05,0,-1
8/3/2021 12:10,0,-1
8/3/2021 12:15,0,-1
8/3/2021 12:20,0,-1
8/3/2021 12:25,0,-1
8/3/2021 12:30,0,-1
8/3/2021 12:35,0,-1
8/3/2021 12:40,0,-1
8/3/2021 12:45,0,-1
8/3/2021 12:50,0,-1
8/3/2021 12:55,0,-1
8/3/2021 13:00,0,-1
8/3/2021 13:05,0,-1
8/3/2021 13:10,0,-1
8/3/2021 13:15,0,-1
8/3/2021 13:20,0,-1
8/3/2021 13:25,0,-1
8/3/2021 13:30,0,-1
8/3/2021 13:35,0,-1
8/3/2021 13:40,0,-1
8/3/2021 13:45,0,-1
8/3/2021 13:50,0,-1
8/3/2021 13:55,0,-1
8/3/2021 14:00,0,-1
8/3/2021 14:05,0,-1
8/3/2021 14:10,0,-1
8/3/2021 14:15,0,-1
8/3/2021 14:20,0,-1
8/3/2021 14:25,0,-1
8/3/2021 14:30,0,-1
8/3/2021 14:35,0,-1
8/3/2021 14:40,0,-1
8/3/2021 14:45,0,-1
8/3/2021 14:50,0,-1
8/3/2021 14:55,0,-1
8/3/2021 15:00,0,-1
8/3/2021 15:05,0,-1
8/3/2021 15:10,0,-1
8/3/2021 15:15,0,-1
8/3/2021 15:20,0,-1
8/3/2021 15:25,0,-1
8/3/2021 15:30,0,-1
8/3/2021 15:35,0,-1
8/3/2021 15:40,0,-1
8/3/2021 15:45,0,-1
8/3/2021 15:50,0,-1
8/3/2021 15:55,0,-1
8/3/2021 16:00,0,-1
8/3/2021 16:05,0,-1
8/3/2021 16:10,0,-1
8/3/2021 16:15,0,-1
8/3/2021 16:20,0,-1
8/3/2021 16:25,0,-1
8/3/2021 16:30,0,-1
8/3/2021 16:35,0,-1
8/3/2021 16:40,0,-1
8/3/2021 16:45,0,-1
8/3/2021 16:50,0,-1
8/3/2021 16:55,0,-1
8/3/2021 17:00,0,-1
8/3/2021 17:05,0,-1
8/3/2021 17:10,0,-1
8/3/2021 17:15,0,-1
8/3/2021 17:20,0,-1
8/3/2021 17:25,0,-1
8/3/2021 17:30,0,-1
8/3/2021 17:35,0,-1
8/3/2021 17:40,0,-1
8/3/2021 17:45,0,-1
8/3/2021 17:50,0,-1
8/3/2021 17:55,0,-1
8/3/2021 18:00,0,-1
8/3/2021 18:05,0,-1
8/3/2021 18:10,0,-1
8/3/2021 18:15,0,-1
8/3/2021 18:20,0,-1
8/3/2021 18:25,0,-1
8/3/2021 18:30,0,-1
8/3/2021 18:35,0,-1
8/3/2021 18:40,0,-1
8/3/2021 18:45,0,-1
8/3/2021 18:50,0,-1
8/3/2021 18:55,0,-1
8/3/2021 19:00,0,-1
8/3/2021 19:05,0,-1
8/3/2021 19:10,0,-1
8/3/2021 19:15,0,-1
8/3/2021 19:20,0,-1
8/3/2021 19:25,0,-1
8/3/2021 19:30,0,-1
8/3/2021 19:35,0,-1
8/3/2021 19:40,0,-1
8/3/2021 19:45,0,-1
8/3/2021 19:50,0,-1
8/3/2021 19:55,0,-1
8/3/2021 20:00,0,-1
8/3/2021 20:05,0,-1
8/3/2021 20:10,0,-1
8/3/2021 20:15,0,-1
8/3/2021 20:20,0,-1
8/3/2021 20:25,0,-1
8/3/2021 20:30,0,-1
8/3/2021 20:35,0,-1
8/3/2021 20:40,0,-1
8/3/2021 20:45,0,-1
8/3/2021 20:50,0,-1
8/3/2021 20:55,0,-1
8/3/2021 21:00,0,-1
8/3/2021 21:05,0,-1
8/3/2021 21:10,0,-1
8/3/2021 21:15,0,-1
8/3/2021 21:20,0,-1
8/3/2021 21:25,0,-1
8/3/2021 21:30,0,-1
8/3/2021 21:35,0,0.1477412
8/3/2021 21:40,0,-1
8/3/2021 21:45,0,-1
8/3/2021 21:50,0,-1
8/3/2021 21:55,0,-1
8/3/2021 22:00,0,-1
8/3/2021 22:05,0,-1
8/3/2021 22:10,0,-1
8/3/2021 22:15,0,-1
8/3/2021 22:20,0,-1
8/3/2021 22:25,0,-1
8/3/2021 22:30,0,-1
8/3/2021 22:35,0,-1
8/3/2021 22:40,0,-1
8/3/2021 22:45,0,-1
8/3/2021 22:50,0,-1
8/3/2021 22:55,0,-1
8/3/2021 23:00,0,-1
8/3/2021 23:05,0,-1
8/3/2021 23:10,0,-1
8/3/2021 23:15,0,-1
8/3/2021 23:20,0,-1
8/3/2021 23:25,0,-1
8/3/2021 23:30,0,-1
8/3/2021 23:35,0,-1
8/3/2021 23:40,0,-1
8/3/2021 23:45,0,-1
8/3/2021 23:50,0,-1
8/3/2021 23:55,0,-1
8/4/2021 0:00,0,-1
8/4/2021 0:05,0,-1
8/4/2021 0:10,0,-1
8/4/2021 0:15,0,-1
8/4/2021 0:20,0,-1
8/4/2021 0:25,0,-1
8/4/2021 0:30,0,-1
8/4/2021 0:35,0,-1
8/4/2021 0:40,0,-1
8/4/2021 0:45,0,-1
8/4/2021 0:50,0,-1
8/4/2021 0:55,0,-1
8/4/2021 1:00,0,-1
8/4/2021 1:05,0,-1
8/4/2021 1:10,0,-1
8/4/2021 1:15,0,-1
8/4/2021 1:20,0,-1
8/4/2021 1:25,0,-1
8/4/2021 1:30,0,-1
8/4/2021 1:35,0,-1
8/4/2021 1:40,0,-1
8/4/2021 1:45,0,-1
8/4/2021 1:50,0,-1
8/4/2021 1:55,0,-1
8/4/2021 2:00,0,-1
8/4/2021 2:05,0,-1
8/4/2021 2:10,0,-1
8/4/2021 2:15,0,-1
8/4/2021 2:20,0,-1
8/4/2021 2:25,0,-1
8/4/2021 2:30,0,-1
8/4/2021 2:35,0,-1
8/4/2021 2:40,0,-1
8/4/2021 2:45,0,-1
8/4/2021 2:50,0,-1
8/4/2021 2:55,0,-1
8/4/2021 3:00,0,-1
8/4/2021 3:05,0,-1
8/4/2021 3:10,0,-1
8/4/2021 3:15,0,-1
8/4/2021 3:20,0,-1
8/4/2021 3:25,0,-1
8/4/2021 3:30,0,-1
8/4/2021 3:35,0,-1
8/4/2021 3:40,0,-1
8/4/2021 3:45,0,-1
8/4/2021 3:50,0,-1
8/4/2021 3:55,0,-1
8/4/2021 4:00,0,-1
8/4/2021 4:05,0,-1
8/4/2021 4:10,0,-1
8/4/2021 4:15,0,-1
8/4/2021 4:20,0,-1
8/4/2021 4:25,0,-1
8/4/2021 4:30,0,-1
8/4/2021 4:35,0,-1
8/4/2021 4:40,0,-1
8/4/2021 4:45,0,-1
8/4/2021 4:50,0,-1
8/4/2021 4:55,0,-1
8/4/2021 5:00,0,-1
8/4/2021 5:05,0,-1
8/4/2021 5:10,0,-1
8/4/2021 5:15,0,-1
8/4/2021 5:20,0,-1
8/4/2021 5:25,0,-1
8/4/2021 5:30,0,-1
8/4/2021 5:35,0,-1
8/4/2021 5:40,0,-1
8/4/2021 5:45,0,-1
8/4/2021 5:50,0,-1
8/4/2021 5:55,0,-1
8/4/2021 6:00,0,-1
8/4/2021 6:05,0,-1
8/4/2021 6:10,0,-1
8/4/2021 6:15,0,-1
8/4/2021 6:20,0,-1
8/4/2021 6:25,0,-1
8/4/2021 6:30,0,-1
8/4/2021 6:35,0,-1
8/4/2021 6:40,0,-1
8/4/2021 6:45,0,-1
8/4/2021 6:50,0,-1
8/4/2021 6:55,0,-1
8/4/2021 7:00,0,-1
8/4/2021 7:05,0,-1
8/4/2021 7:10,0,-1
8/4/2021 7:15,0,-1
8/4/2021 7:20,0,-1
8/4/2021 7:25,0,-1
8/4/2021 7:30,0,-1
8/4/2021 7:35,0,-1
8/4/2021 7:40,0,-1
8/4/2021 7:45,0,-1
8/4/2021 7:50,0,-1
8/4/2021 7:55,0,-1
8/4/2021 8:00,0,-1
8/4/2021 8:05,0,-1
8/4/2021 8:10,0,-1
8/4/2021 8:15,0,-1
8/4/2021 8:20,0,-1
8/4/2021 8:25,0,-1
8/4/2021 8:30,0,-1
8/4/2021 8:35,0,-1
8/4/2021 8:40,0,-1
8/4/2021 8:45,0,-1
8/4/2021 8:50,0,-1
8/4/2021 8:55,0,-1
8/4/2021 9:00,0,-1
8/4/2021 9:05,0,-1
8/4/2021 9:10,0,-1
8/4/2021 9:15,0,-1
8/4/2021 9:20,0,-1
8/4/2021 9:25,0,-1
8/4/2021 9:30,0,-1
8/4/2021 9:35,0,-1
8/4/2021 9:40,0,-1
8/4/2021 9:45,0,-1
8/4/2021 9:50,0,-1
8/4/2021 9:55,0,-1
8/4/2021 10:00,0,-1
8/4/2021 10:05,0,-1
8/4/2021 10:10,0,-1
8/4/2021 10:15,0,-1
8/4/2021 10:20,0,-1
8/4/2021 10:25,0,-1
8/4/2021 10:30,0,-1
8/4/2021 10:35,0,-1
8/4/2021 10:40,0,-1
8/4/2021 10:45,0,-1
8/4/2021 10:50,0,-1
8/4/2021 10:55,0,-1
8/4/2021 11:00,0,-1
8/4/2021 11:05,0,-1
8/4/2021 11:10,0,-1
8/4/2021 11:15,0,-1
8/4/2021 11:20,0,-1
8/4/2021 11:25,0,-1
8/4/2021 11:30,0,-1
8/4/2021 11:35,0,-1
8/4/2021 11:40,0,-1
8/4/2021 11:45,0,-1
8/4/2021 11:50,0,-1
8/4/2021 11:55,0,-1
8/4/2021 12:00,0,-1
8/4/2021 12:05,0,-1
8/4/2021 12:10,0,-1
8/4/2021 12:15,0,-1
8/4/2021 12:20,0,-1
8/4/2021 12:25,0,-1
8/4/2021 12:30,0,-1
8/4/2021 12:35,0,-1
8/4/2021 12:40,0,-1
8/4/2021 12:45,0,-1
8/4/2021 12:50,0,-1
8/4/2021 12:55,0,-1
8/4/2021 13:00,0,-1
8/4/2021 13:05,0,-1
8/4/2021 13:10,0,-1
8/4/2021 13:15,0,-1
8/4/2021 13:20,0,-1
8/4/2021 13:25,0,-1
8/4/2021 13:30,0,-1
8/4/2021 13:35,0,-1
8/4/2021 13:40,0,-1
8/4/2021 13:45,0,-1
8/4/2021 13:50,0,-1
8/4/2021 13:55,0,-1
8/4/2021 14:00,0,-1
8/4/2021 14:05,0,-1
8/4/2021 14:10,0,-1
8/4/2021 14:15,0,-1
8/4/2021 14:20,0,-1
8/4/2021 14:25,0,-1
8/4/2021 14:30,0,-1
8/4/2021 14:35,0,-1
8/4/2021 14:40,0,-1
8/4/2021 14:45,0,-1
8/4/2021 14:50,0,-1
8/4/2021 14:55,0,-1
8/4/2021 15:00,0,-1
8/4/2021 15:05,0,-1
8/4/2021 15:10,0,-1
8/4/2021 15:15,0,-1
8/4/2021 15:20,0,-1
8/4/2021 15:25,0,-1
8/4/2021 15:30,0,-1
8/4/2021 15:35,0,-1
8/4/2021 15:40,0,-1
8/4/2021 15:45,0,-1
8/4/2021 15:50,0,-1
8/4/2021 15:55,0,-1
8/4/2021 16:00,0,-1
8/4/2021 16:05,0,-1
8/4/2021 16:10,0,-1
8/4/2021 16:15,0,-1
8/4/2021 16:20,0,-1
8/4/2021 16:25,0,-1
8/4/2021 16:30,0,-1
8/4/2021 16:35,0,-1
8/4/2021 16:40,0,-1
8/4/2021 16:45,0,-1
8/4/2021 16:50,0,-1
8/4/2021 16:55,0,-1
8/4/2021 17:00,0,-1
8/4/2021 17:05,0,-1
8/4/2021 17:10,0,-1
8/4/2021 17:15,0,-1
8/4/2021 17:20,0,-1
8/4/2021 17:25,0,-1
8/4/2021 17:30,0,-1
8/4/2021 17:35,0,-1
8/4/2021 17:40,0,-1
8/4/2021 17:45,0,-1
8/4/2021 17:50,0,-1
8/4/2021 17:55,0,-1
8/4/2021 18:00,0,-1
8/4/2021 18:05,0,-1
8/4/2021 18:10,0,-1
8/4/2021 18:15,0,-1
8/4/2021 18:20,0,-1
8/4/2021 18:25,0,-1
8/4/2021 18:30,0,-1
8/4/2021 18:35,0,-1
8/4/2021 18:40,0,-1
8/4/2021 18:45,0,-1
8/4/2021 18:50,0,-1
8/4/2021 18:55,0,-1
8/4/2021 19:00,0,-1
8/4/2021 19:05,0,-1
8/4/2021 19:10,0,-1
8/4/2021 19:15,0,-1
8/4/2021 19:20,0,-1
8/4/2021 19:25,0,-1
8/4/2021 19:30,0,-1
8/4/2021 19:35,0,-1
8/4/2021 19:40,0,-1
8/4/2021 19:45,0,-1
8/4/2021 19:50,0,-1
8/4/2021 19:55,0,-1
8/4/2021 20:00,0,-1
8/4/2021 20:05,0,-1
8/4/2021 20:10,0,-1
8/4/2021 20:15,0,-1
8/4/2021 20:20,0,-1
8/4/2021 20:25,0,-1
8/4/2021 20:30,0,-1
8/4/2021 20:35,0,-1
8/4/2021 20:40,0,-1
8/4/2021 20:45,0,-1
8/4/2021 20:50,0,-1
8/4/2021 20:55,0,-1
8/4/2021 21:00,0,-1
8/4/2021 21:05,0,-1
8/4/2021 21:10,0,-1
8/4/2021 21:15,0,-1
8/4/2021 21:20,0,-1
8/4/2021 21:25,0,-1
8/4/2021 21:30,0,-1
8/4/2021 21:35,0,-1
8/4/2021 21:40,0,-1
8/4/2021 21:45,0,-1
8/4/2021 21:50,0,-1
8/4/2021 21:55,0,-1
8/4/2021 22:00,0,-1
8/4/2021 22:05,0,-1
8/4/2021 22:10,0,-1
8/4/2021 22:15,0,-1
8/4/2021 22:20,0,-1
8/4/2021 22:25,0,-1
8/4/2021 22:30,0,-1
8/4/2021 22:35,0,-1
8/4/2021 22:40,0,-1
8/4/2021 22:45,0,-1
8/4/2021 22:50,0,-1
8/4/2021 22:55,0,-1
8/4/2021 23:00,0,-1
8/4/2021 23:05,0,-1
8/4/2021 23:10,0,-1
8/4/2021 23:15,0,-1
8/4/2021 23:20,0,-1
8/4/2021 23:25,0,-1
8/4/2021 23:30,0,-1
8/4/2021 23:35,0,-1
8/4/2021 23:40,0,-1
8/4/2021 23:45,0,-1
8/4/2021 23:50,0,-1
8/4/2021 23:55,0,-1
